# Object Export From Tinkercad Server 2015

mtllib obj.mtl

o obj_0
v 20.5943 		-34.5199 		2.0233
v 19.1889 		-34.5199 		2.0233
v 19.1889 		-34.1027 		2.1422
v 20.3196 		-34.1027 		2.1422
v 20.5943 		-34.1027 		2.1422
v 19.7628 		-28.9051 		3.6241
v 20.1454 		-28.9051 		3.6241
v 20.1454 		-33.5954 		2.2869
v 19.207 		-29.7461 		3.3843
v 19.2281 		-29.7225 		3.3911
v 19.2496 		-29.699 		3.3978
v 19.0004 		-29.9568 		3.3243
v 19 		-29.9142 		3.3364
v 19.0173 		-29.9043 		3.3393
v 19.0037 		-30.0382 		3.3011
v 19.0016 		-29.9981 		3.3125
v 19.0102 		-30.1146 		3.2793
v 19.0065 		-30.077 		3.29
v 19.0207 		-30.1859 		3.259
v 19.0147 		-30.1509 		3.2689
v 19.0343 		-30.251 		3.2404
v 19.0273 		-30.2192 		3.2495
v 19.0501 		-30.3099 		3.2236
v 19.042 		-30.2812 		3.2318
v 19.0681 		-30.3605 		3.2092
v 19.0589 		-30.337 		3.2159
v 19.0877 		-30.4018 		3.1974
v 19.0777 		-30.3821 		3.203
v 19.1089 		-30.4356 		3.1878
v 19.0981 		-30.4197 		3.1923
v 19.1326 		-30.4618 		3.1803
v 19.1202 		-30.4497 		3.1838
v 19.1582 		-30.4793 		3.1753
v 19.1453 		-30.4716 		3.1775
v 19.1849 		-30.4881 		3.1728
v 19.1714 		-30.4848 		3.1738
v 19.2158 		-30.4876 		3.1729
v 19.1987 		-30.4892 		3.1725
v 19.2496 		-30.4751 		3.1765
v 19.2327 		-30.4829 		3.1743
v 19.2828 		-30.45 		3.1837
v 19.2663 		-30.4641 		3.1796
v 19.3165 		-30.4109 		3.1948
v 19.2992 		-30.4328 		3.1886
v 19.3513 		-30.3595 		3.2095
v 19.3338 		-30.3865 		3.2018
v 19.3868 		-30.2981 		3.227
v 19.369 		-30.3301 		3.2179
v 19.4221 		-30.2269 		3.2473
v 19.4047 		-30.2637 		3.2368
v 19.458 		-30.1467 		3.2701
v 19.4399 		-30.1879 		3.2584
v 19.4956 		-30.0578 		3.2955
v 19.4766 		-30.1033 		3.2825
v 19.5341 		-29.96 		3.3234
v 19.5151 		-30.01 		3.3091
v 19.5739 		-29.8536 		3.3537
v 19.5538 		-29.9079 		3.3382
v 19.6159 		-29.7383 		3.3866
v 19.5946 		-29.797 		3.3698
v 19.466 		-34.1027 		2.1422
v 20.3021 		-34.102 		2.1425
v 20.1456 		-33.6359 		2.2753
v 19.0349 		-29.8935 		3.3423
v 19.6377 		-29.6774 		3.4039
v 19.4804 		-34.1021 		2.1424
v 20.2858 		-34.0996 		2.1431
v 20.1462 		-33.6749 		2.2642
v 19.0527 		-29.8818 		3.3457
v 19.4941 		-34.1002 		2.143
v 20.2705 		-34.0957 		2.1443
v 20.1472 		-33.7124 		2.2535
v 19.0709 		-29.8691 		3.3493
v 19.5071 		-34.0971 		2.1439
v 20.2563 		-34.0902 		2.1458
v 20.1487 		-33.7482 		2.2433
v 19.0893 		-29.8554 		3.3532
v 19.5194 		-34.0927 		2.1451
v 20.2432 		-34.0832 		2.1478
v 20.1505 		-33.7825 		2.2335
v 19.1079 		-29.8409 		3.3573
v 19.5311 		-34.0871 		2.1467
v 20.2313 		-34.0746 		2.1503
v 20.1528 		-33.8152 		2.2242
v 19.1269 		-29.8251 		3.3618
v 19.542 		-34.0802 		2.1487
v 20.2202 		-34.0623 		2.1538
v 19.1463 		-29.8077 		3.3668
v 19.5524 		-34.0717 		2.1511
v 19.1662 		-29.7887 		3.3722
v 19.5622 		-34.0614 		2.154
v 19.5715 		-34.0492 		2.1575
v 19.1864 		-29.7682 		3.3781
v 19.5802 		-34.0351 		2.1615
v 19.5884 		-34.0191 		2.1661
v 19.596 		-34.0013 		2.1712
v 19.2717 		-29.6736 		3.405
v 19.6023 		-33.9797 		2.1773
v 19.2943 		-29.6464 		3.4128
v 19.608 		-33.9562 		2.184
v 19.3175 		-29.6173 		3.4211
v 19.6132 		-33.9308 		2.1913
v 19.3412 		-29.5863 		3.4299
v 19.6178 		-33.9036 		2.199
v 19.3655 		-29.5534 		3.4393
v 19.6219 		-33.8744 		2.2073
v 19.3903 		-29.5185 		3.4493
v 19.6254 		-33.8434 		2.2162
v 19.4156 		-29.4813 		3.4598
v 19.6292 		-33.8099 		2.2257
v 19.4415 		-29.442 		3.4711
v 19.6323 		-33.7733 		2.2362
v 19.4679 		-29.4005 		3.4829
v 19.6346 		-33.7335 		2.2475
v 19.4949 		-29.3568 		3.4953
v 19.6363 		-33.6906 		2.2598
v 19.5224 		-29.311 		3.5084
v 19.6374 		-33.6445 		2.2729
v 19.6377 		-33.5954 		2.2869
v 20.1555 		-33.8462 		2.2154
v 20.21 		-34.0482 		2.1578
v 20.1588 		-33.8754 		2.2071
v 20.2006 		-34.0323 		2.1623
v 20.192 		-34.0144 		2.1674
v 20.1626 		-33.9026 		2.1993
v 20.1842 		-33.9947 		2.173
v 20.1669 		-33.928 		2.1921
v 20.1773 		-33.9731 		2.1792
v 20.1718 		-33.9515 		2.1854
v 19.1889 		-36.5039 		3.829
v 19.1889 		-36.9211 		3.7101
v 20.5943 		-36.9211 		3.7101
v 20.5943 		-36.5039 		3.829
v 20.3196 		-36.5039 		3.829
v 20.1454 		-35.9965 		3.9737
v 20.1454 		-31.3062 		5.3109
v 19.7628 		-31.3062 		5.3109
v 19.2496 		-32.1002 		5.0846
v 19.2281 		-32.1237 		5.0779
v 19.207 		-32.1473 		5.0711
v 19.0173 		-32.3055 		5.026
v 19 		-32.3153 		5.0232
v 19.0004 		-32.3579 		5.0111
v 19.0016 		-32.3993 		4.9993
v 19.0037 		-32.4394 		4.9879
v 19.0065 		-32.4782 		4.9768
v 19.0102 		-32.5158 		4.9661
v 19.0147 		-32.5521 		4.9557
v 19.0207 		-32.587 		4.9458
v 19.0273 		-32.6204 		4.9363
v 19.0343 		-32.6522 		4.9272
v 19.042 		-32.6824 		4.9186
v 19.0501 		-32.7111 		4.9104
v 19.0589 		-32.7381 		4.9027
v 19.0681 		-32.7616 		4.896
v 19.0777 		-32.7832 		4.8898
v 19.0877 		-32.803 		4.8842
v 19.0981 		-32.8208 		4.8791
v 19.1089 		-32.8368 		4.8746
v 19.1202 		-32.8509 		4.8705
v 19.1326 		-32.8629 		4.8671
v 19.1453 		-32.8728 		4.8643
v 19.1582 		-32.8805 		4.8621
v 19.1714 		-32.886 		4.8605
v 19.1849 		-32.8893 		4.8596
v 19.1987 		-32.8904 		4.8593
v 19.2158 		-32.8888 		4.8597
v 19.2327 		-32.8841 		4.8611
v 19.2496 		-32.8763 		4.8633
v 19.2663 		-32.8653 		4.8664
v 19.2828 		-32.8512 		4.8704
v 19.2992 		-32.834 		4.8754
v 19.3165 		-32.8121 		4.8816
v 19.3338 		-32.7876 		4.8886
v 19.3513 		-32.7607 		4.8963
v 19.369 		-32.7313 		4.9046
v 19.3868 		-32.6993 		4.9138
v 19.4047 		-32.6649 		4.9236
v 19.4221 		-32.6281 		4.9341
v 19.4399 		-32.5891 		4.9452
v 19.458 		-32.5479 		4.9569
v 19.4766 		-32.5045 		4.9693
v 19.4956 		-32.4589 		4.9823
v 19.5151 		-32.4112 		4.9959
v 19.5341 		-32.3612 		5.0101
v 19.5538 		-32.3091 		5.025
v 19.5739 		-32.2547 		5.0405
v 19.5946 		-32.1982 		5.0566
v 19.6159 		-32.1395 		5.0734
v 19.466 		-36.5039 		3.829
v 20.3021 		-36.5031 		3.8292
v 20.1456 		-36.0371 		3.9621
v 19.0349 		-32.2947 		5.0291
v 19.6377 		-32.0786 		5.0907
v 19.4804 		-36.5033 		3.8292
v 20.2858 		-36.5008 		3.8299
v 20.1462 		-36.0761 		3.951
v 19.0527 		-32.2829 		5.0325
v 19.4941 		-36.5014 		3.8297
v 20.2705 		-36.4969 		3.831
v 20.1472 		-36.1135 		3.9403
v 19.0709 		-32.2702 		5.0361
v 19.5071 		-36.4983 		3.8306
v 20.2563 		-36.4914 		3.8326
v 20.1487 		-36.1494 		3.9301
v 19.0893 		-32.2566 		5.04
v 19.5194 		-36.4939 		3.8319
v 20.2432 		-36.4843 		3.8346
v 20.1505 		-36.1837 		3.9203
v 19.1079 		-32.2421 		5.0441
v 19.5311 		-36.4883 		3.8335
v 20.2313 		-36.4757 		3.8371
v 20.1528 		-36.2164 		3.911
v 19.1269 		-32.2262 		5.0486
v 19.542 		-36.4814 		3.8355
v 20.2202 		-36.4635 		3.8405
v 19.1463 		-32.2089 		5.0536
v 19.5524 		-36.4729 		3.8379
v 19.1662 		-32.1899 		5.059
v 19.5622 		-36.4626 		3.8408
v 19.5715 		-36.4504 		3.8443
v 19.1864 		-32.1694 		5.0648
v 19.5802 		-36.4363 		3.8483
v 19.5884 		-36.4203 		3.8529
v 19.596 		-36.4024 		3.858
v 19.2717 		-32.0748 		5.0918
v 19.6023 		-36.3808 		3.8641
v 19.2943 		-32.0476 		5.0996
v 19.608 		-36.3573 		3.8708
v 19.3175 		-32.0184 		5.1079
v 19.6132 		-36.332 		3.878
v 19.3412 		-31.9874 		5.1167
v 19.6178 		-36.3047 		3.8858
v 19.3655 		-31.9545 		5.1261
v 19.6219 		-36.2756 		3.8941
v 19.3903 		-31.9196 		5.136
v 19.6254 		-36.2446 		3.903
v 19.4156 		-31.8825 		5.1466
v 19.6292 		-36.2111 		3.9125
v 19.4415 		-31.8432 		5.1578
v 19.6323 		-36.1744 		3.923
v 19.4679 		-31.8017 		5.1697
v 19.6346 		-36.1347 		3.9343
v 19.4949 		-31.758 		5.1821
v 19.6363 		-36.0918 		3.9465
v 19.5224 		-31.7121 		5.1952
v 19.6374 		-36.0457 		3.9597
v 19.6377 		-35.9965 		3.9737
v 20.1555 		-36.2474 		3.9022
v 20.21 		-36.4494 		3.8446
v 20.1588 		-36.2765 		3.8939
v 20.2006 		-36.4334 		3.8491
v 20.192 		-36.4156 		3.8542
v 20.1626 		-36.3038 		3.8861
v 20.1842 		-36.3959 		3.8598
v 20.1669 		-36.3292 		3.8789
v 20.1773 		-36.3743 		3.866
v 20.1718 		-36.3526 		3.8722
v 21.7026 		-34.5719 		2.0085
v 21.6215 		-34.5921 		2.0027
v 21.5361 		-34.5988 		2.0008
v 21.8522 		-34.4911 		2.0315
v 21.7795 		-34.5382 		2.0181
v 21.9849 		-34.3564 		2.0699
v 21.9207 		-34.4305 		2.0488
v 22.1002 		-34.1748 		2.1217
v 22.0444 		-34.2706 		2.0944
v 22.2008 		-33.953 		2.1849
v 22.1523 		-34.0689 		2.1519
v 22.2866 		-33.6912 		2.2596
v 22.2455 		-33.8271 		2.2208
v 22.358 		-33.3931 		2.3446
v 22.3241 		-33.5462 		2.3009
v 22.4152 		-33.0623 		2.4389
v 22.3884 		-33.2318 		2.3906
v 22.4583 		-32.699 		2.5425
v 22.4385 		-32.8848 		2.4895
v 22.4896 		-32.3138 		2.6523
v 22.4755 		-32.5088 		2.5967
v 22.5084 		-31.9098 		2.7675
v 22.5006 		-32.1142 		2.7092
v 22.5147 		-31.487 		2.888
v 22.5131 		-31.7007 		2.8271
v 22.5076 		-31.0498 		3.0127
v 22.5129 		-31.2631 		2.9519
v 22.4864 		-30.6552 		3.1252
v 22.4988 		-30.8472 		3.0704
v 22.4509 		-30.3031 		3.2255
v 22.4704 		-30.4738 		3.1769
v 22.403 		-29.9918 		3.3143
v 22.4283 		-30.1426 		3.2713
v 22.3441 		-29.7194 		3.392
v 22.3749 		-29.8507 		3.3545
v 22.2744 		-29.4857 		3.4586
v 22.3106 		-29.5977 		3.4267
v 22.1929 		-29.2903 		3.5143
v 22.2348 		-29.3833 		3.4878
v 22.1021 		-29.1324 		3.5593
v 22.1487 		-29.2067 		3.5382
v 22.0021 		-29.0122 		3.5936
v 22.0533 		-29.0676 		3.5778
v 21.8955 		-28.9245 		3.6186
v 21.9497 		-28.964 		3.6074
v 21.7819 		-28.8719 		3.6336
v 21.8396 		-28.8938 		3.6274
v 21.6612 		-28.8543 		3.6386
v 21.7224 		-28.8587 		3.6374
v 21.5443 		-28.87 		3.6341
v 21.6017 		-28.8583 		3.6375
v 21.4355 		-28.917 		3.6207
v 21.4889 		-28.8896 		3.6286
v 21.335 		-28.9953 		3.5984
v 21.3842 		-28.9522 		3.6107
v 21.2434 		-29.0986 		3.569
v 21.288 		-29.0437 		3.5846
v 21.1616 		-29.2283 		3.532
v 21.2013 		-29.1602 		3.5514
v 21.0897 		-29.3843 		3.4875
v 21.1244 		-29.303 		3.5107
v 21.0278 		-29.5609 		3.4372
v 21.0575 		-29.4698 		3.4631
v 20.9763 		-29.7601 		3.3804
v 21.0008 		-29.6577 		3.4096
v 20.9352 		-29.9818 		3.3172
v 20.9545 		-29.8681 		3.3496
v 20.9066 		-30.223 		3.2484
v 20.9194 		-30.1004 		3.2834
v 20.8894 		-30.4804 		3.175
v 20.8965 		-30.3497 		3.2123
v 20.8837 		-30.7541 		3.097
v 20.8851 		-30.6152 		3.1366
v 21.3788 		-30.4965 		3.1704
v 21.3767 		-30.709 		3.1098
v 21.3788 		-30.8822 		3.0604
v 20.8889 		-31.0072 		3.0248
v 20.885 		-30.8832 		3.0602
v 20.9044 		-31.2402 		2.9584
v 20.8953 		-31.1262 		2.9909
v 20.9303 		-31.4532 		2.8977
v 20.916 		-31.3492 		2.9273
v 20.9673 		-31.6448 		2.843
v 20.9477 		-31.5518 		2.8695
v 21.0131 		-31.814 		2.7948
v 20.9891 		-31.7322 		2.8181
v 21.0676 		-31.9605 		2.753
v 21.0393 		-31.8901 		2.7731
v 21.1303 		-32.0852 		2.7175
v 21.098 		-32.0255 		2.7345
v 21.2006 		-32.1885 		2.688
v 21.1645 		-32.1395 		2.702
v 21.2786 		-32.2706 		2.6646
v 21.2386 		-32.2322 		2.6755
v 21.3614 		-32.327 		2.6485
v 21.3193 		-32.3016 		2.6558
v 21.4497 		-32.3608 		2.6389
v 21.4049 		-32.3467 		2.6429
v 21.5434 		-32.3721 		2.6357
v 21.4959 		-32.3692 		2.6365
v 21.6007 		-32.3677 		2.6369
v 21.5725 		-32.371 		2.636
v 21.6546 		-32.3545 		2.6407
v 21.6281 		-32.3622 		2.6385
v 21.7053 		-32.3326 		2.6469
v 21.6804 		-32.3447 		2.6435
v 21.753 		-32.3025 		2.6555
v 21.7295 		-32.3185 		2.6509
v 21.798 		-32.265 		2.6662
v 21.7758 		-32.2847 		2.6606
v 21.8402 		-32.2199 		2.6791
v 21.8194 		-32.2433 		2.6724
v 21.8797 		-32.1716 		2.6928
v 21.8603 		-32.1965 		2.6857
v 21.9165 		-32.1171 		2.7084
v 21.8985 		-32.1452 		2.7004
v 21.9506 		-32.0564 		2.7257
v 21.9339 		-32.0875 		2.7168
v 21.9822 		-31.9906 		2.7444
v 21.9667 		-32.024 		2.7349
v 22.0116 		-31.9211 		2.7643
v 21.9972 		-31.9563 		2.7542
v 22.0389 		-31.8478 		2.7851
v 22.0255 		-31.8849 		2.7746
v 21.1163 		-33.2894 		2.3741
v 21.1437 		-33.274 		2.3785
v 21.1521 		-33.3317 		2.3621
v 21.0689 		-33.3332 		2.3616
v 21.0913 		-33.3091 		2.3685
v 21.0312 		-33.3946 		2.3441
v 21.0488 		-33.3617 		2.3535
v 21.0041 		-33.4728 		2.3219
v 21.0161 		-33.4319 		2.3335
v 20.9867 		-33.563 		2.2961
v 20.9943 		-33.5165 		2.3094
v 20.978 		-33.6644 		2.2672
v 20.9812 		-33.6123 		2.2821
v 20.9777 		-33.7755 		2.2356
v 20.9769 		-33.7194 		2.2515
v 20.9842 		-33.8857 		2.2041
v 20.9801 		-33.8309 		2.2197
v 20.9973 		-33.9934 		2.1734
v 20.99 		-33.9399 		2.1887
v 21.0171 		-34.098 		2.1436
v 21.0063 		-34.0464 		2.1583
v 21.0449 		-34.1958 		2.1157
v 21.03 		-34.1478 		2.1294
v 21.0809 		-34.286 		2.09
v 21.0619 		-34.2418 		2.1026
v 21.1251 		-34.368 		2.0666
v 21.102 		-34.3282 		2.078
v 21.178 		-34.4382 		2.0466
v 21.1505 		-34.4047 		2.0562
v 21.2396 		-34.4958 		2.0302
v 21.2077 		-34.4685 		2.0379
v 21.3109 		-34.544 		2.0164
v 21.2737 		-34.5199 		2.0233
v 21.3932 		-34.5791 		2.0064
v 21.3508 		-34.5638 		2.0108
v 21.4859 		-34.5966 		2.0014
v 21.4383 		-34.5901 		2.0033
v 21.3854 		-31.041 		3.0152
v 21.1611 		-33.388 		2.346
v 21.3963 		-31.1854 		2.974
v 21.1706 		-33.4432 		2.3303
v 21.4115 		-31.3154 		2.9369
v 21.1807 		-33.497 		2.3149
v 21.3854 		-30.3025 		3.2257
v 21.4312 		-31.4309 		2.904
v 21.1913 		-33.5496 		2.2999
v 21.3963 		-30.127 		3.2758
v 21.4552 		-31.5321 		2.8752
v 21.2025 		-33.601 		2.2853
v 21.4115 		-29.9699 		3.3205
v 21.4843 		-31.6165 		2.8511
v 21.2151 		-33.6507 		2.2711
v 21.4312 		-29.8313 		3.3601
v 21.5178 		-31.6856 		2.8314
v 21.4552 		-29.7112 		3.3943
v 21.2284 		-33.6981 		2.2576
v 21.4839 		-29.6096 		3.4233
v 21.5557 		-31.7393 		2.8161
v 21.2424 		-33.7434 		2.2447
v 21.5162 		-29.5264 		3.447
v 21.598 		-31.7776 		2.8052
v 21.257 		-33.7864 		2.2324
v 21.552 		-29.4618 		3.4654
v 21.6446 		-31.8007 		2.7986
v 21.2724 		-33.8273 		2.2208
v 21.5914 		-29.4156 		3.4786
v 21.6955 		-31.8083 		2.7964
v 21.2884 		-33.866 		2.2097
v 21.7354 		-31.8044 		2.7975
v 21.3052 		-33.9023 		2.1994
v 21.6343 		-29.3879 		3.4865
v 21.7735 		-31.7927 		2.8009
v 21.323 		-33.9361 		2.1897
v 21.6808 		-29.3786 		3.4891
v 21.8096 		-31.7731 		2.8064
v 21.3417 		-33.9674 		2.1808
v 21.7074 		-29.3817 		3.4882
v 21.8438 		-31.7457 		2.8143
v 21.3614 		-33.9963 		2.1726
v 21.7331 		-29.3911 		3.4856
v 21.8761 		-31.7105 		2.8243
v 21.382 		-34.0226 		2.1651
v 21.7581 		-29.4068 		3.4811
v 21.9064 		-31.6674 		2.8366
v 21.4036 		-34.0464 		2.1583
v 21.7822 		-29.4287 		3.4748
v 21.9349 		-31.6178 		2.8507
v 21.4263 		-34.0653 		2.1529
v 21.8055 		-29.4569 		3.4668
v 21.9612 		-31.5628 		2.8664
v 21.45 		-34.0808 		2.1485
v 21.828 		-29.4914 		3.457
v 21.9855 		-31.5025 		2.8836
v 21.4748 		-34.0929 		2.1451
v 21.8496 		-29.5322 		3.4453
v 22.0078 		-31.4369 		2.9023
v 21.5007 		-34.1015 		2.1426
v 21.8702 		-29.5797 		3.4318
v 21.5276 		-34.1067 		2.1411
v 21.8899 		-29.6337 		3.4164
v 22.0281 		-31.3659 		2.9225
v 21.5557 		-34.1084 		2.1406
v 21.9086 		-29.6943 		3.3991
v 22.0463 		-31.2897 		2.9443
v 21.6304 		-34.0927 		2.1451
v 21.9264 		-29.7615 		3.38
v 22.0354 		-32.2081 		2.6824
v 21.6991 		-34.0457 		2.1585
v 21.9432 		-29.8352 		3.3589
v 21.7617 		-33.9674 		2.1808
v 21.9582 		-29.9159 		3.336
v 21.9721 		-30.0037 		3.3109
v 21.8184 		-33.8578 		2.2121
v 21.9849 		-30.0988 		3.2838
v 21.8691 		-33.7169 		2.2523
v 21.9967 		-30.201 		3.2546
v 21.9138 		-33.5446 		2.3014
v 22.0073 		-30.3105 		3.2234
v 21.952 		-33.3393 		2.3599
v 22.0168 		-30.4272 		3.1902
v 21.9833 		-33.103 		2.4273
v 22.0258 		-30.5513 		3.1548
v 22.0076 		-32.8357 		2.5035
v 22.0332 		-30.6834 		3.1171
v 22.025 		-32.5374 		2.5885
v 22.0389 		-30.8232 		3.0773
v 22.043 		-30.9709 		3.0352
v 22.0454 		-31.1264 		2.9908
v 21.5361 		-37 		3.6876
v 21.6215 		-36.9933 		3.6895
v 21.7026 		-36.9731 		3.6953
v 21.7795 		-36.9394 		3.7049
v 21.8522 		-36.8923 		3.7183
v 21.9207 		-36.8317 		3.7356
v 21.9849 		-36.7576 		3.7567
v 22.0444 		-36.6718 		3.7812
v 22.1002 		-36.5759 		3.8085
v 22.1523 		-36.4701 		3.8387
v 22.2008 		-36.3542 		3.8717
v 22.2455 		-36.2283 		3.9076
v 22.2866 		-36.0924 		3.9464
v 22.3241 		-35.9474 		3.9877
v 22.358 		-35.7942 		4.0314
v 22.3884 		-35.6329 		4.0773
v 22.4152 		-35.4635 		4.1257
v 22.4385 		-35.2859 		4.1763
v 22.4583 		-35.1002 		4.2292
v 22.4755 		-34.9099 		4.2835
v 22.4896 		-34.715 		4.3391
v 22.5006 		-34.5153 		4.396
v 22.5084 		-34.311 		4.4543
v 22.5131 		-34.1019 		4.5139
v 22.5147 		-33.8882 		4.5748
v 22.5129 		-33.6642 		4.6386
v 22.5076 		-33.451 		4.6995
v 22.4988 		-33.2483 		4.7572
v 22.4864 		-33.0563 		4.812
v 22.4704 		-32.875 		4.8637
v 22.4509 		-32.7043 		4.9123
v 22.4283 		-32.5438 		4.9581
v 22.403 		-32.393 		5.0011
v 22.3749 		-32.2519 		5.0413
v 22.3441 		-32.1205 		5.0788
v 22.3106 		-31.9989 		5.1135
v 22.2744 		-31.8869 		5.1454
v 22.2348 		-31.7845 		5.1746
v 22.1929 		-31.6915 		5.2011
v 22.1487 		-31.6078 		5.2249
v 22.1021 		-31.5336 		5.2461
v 22.0533 		-31.4688 		5.2646
v 22.0021 		-31.4134 		5.2804
v 21.9497 		-31.3651 		5.2941
v 21.8955 		-31.3257 		5.3054
v 21.8396 		-31.295 		5.3141
v 21.7819 		-31.273 		5.3204
v 21.7224 		-31.2599 		5.3241
v 21.6612 		-31.2555 		5.3254
v 21.6017 		-31.2594 		5.3243
v 21.5443 		-31.2712 		5.3209
v 21.4889 		-31.2907 		5.3153
v 21.4355 		-31.3181 		5.3075
v 21.3842 		-31.3534 		5.2975
v 21.335 		-31.3964 		5.2852
v 21.288 		-31.4448 		5.2714
v 21.2434 		-31.4998 		5.2557
v 21.2013 		-31.5613 		5.2382
v 21.1616 		-31.6295 		5.2188
v 21.1244 		-31.7042 		5.1975
v 21.0897 		-31.7854 		5.1743
v 21.0575 		-31.8709 		5.1499
v 21.0278 		-31.9621 		5.1239
v 21.0008 		-32.0588 		5.0964
v 20.9763 		-32.1612 		5.0672
v 20.9545 		-32.2693 		5.0364
v 20.9352 		-32.383 		5.0039
v 20.9194 		-32.5015 		4.9701
v 20.9066 		-32.6241 		4.9352
v 20.8965 		-32.7508 		4.8991
v 20.8894 		-32.8816 		4.8618
v 20.8851 		-33.0164 		4.8233
v 20.8837 		-33.1553 		4.7837
v 21.3767 		-33.1102 		4.7966
v 21.3788 		-32.8977 		4.8572
v 21.3788 		-33.2834 		4.7472
v 20.885 		-33.2843 		4.747
v 20.8889 		-33.4084 		4.7116
v 20.8953 		-33.5274 		4.6777
v 20.9044 		-33.6414 		4.6452
v 20.916 		-33.7504 		4.6141
v 20.9303 		-33.8543 		4.5844
v 20.9477 		-33.953 		4.5563
v 20.9673 		-34.046 		4.5298
v 20.9891 		-34.1334 		4.5049
v 21.0131 		-34.2151 		4.4816
v 21.0393 		-34.2912 		4.4599
v 21.0676 		-34.3617 		4.4398
v 21.098 		-34.4267 		4.4213
v 21.1303 		-34.4864 		4.4042
v 21.1645 		-34.5407 		4.3888
v 21.2006 		-34.5897 		4.3748
v 21.2386 		-34.6334 		4.3623
v 21.2786 		-34.6718 		4.3514
v 21.3193 		-34.7028 		4.3425
v 21.3614 		-34.7281 		4.3353
v 21.4049 		-34.7479 		4.3297
v 21.4497 		-34.762 		4.3257
v 21.4959 		-34.7704 		4.3233
v 21.5434 		-34.7732 		4.3225
v 21.5725 		-34.7721 		4.3228
v 21.6007 		-34.7689 		4.3237
v 21.6281 		-34.7634 		4.3253
v 21.6546 		-34.7557 		4.3275
v 21.6804 		-34.7458 		4.3303
v 21.7053 		-34.7338 		4.3337
v 21.7295 		-34.7197 		4.3377
v 21.753 		-34.7037 		4.3423
v 21.7758 		-34.6859 		4.3474
v 21.798 		-34.6661 		4.353
v 21.8194 		-34.6445 		4.3592
v 21.8402 		-34.621 		4.3659
v 21.8603 		-34.5977 		4.3725
v 21.8797 		-34.5728 		4.3796
v 21.8985 		-34.5463 		4.3871
v 21.9165 		-34.5183 		4.3951
v 21.9339 		-34.4887 		4.4036
v 21.9506 		-34.4575 		4.4125
v 21.9667 		-34.4251 		4.4217
v 21.9822 		-34.3918 		4.4312
v 21.9972 		-34.3575 		4.441
v 22.0116 		-34.3222 		4.451
v 22.0255 		-34.2861 		4.4614
v 22.0389 		-34.249 		4.4719
v 21.1521 		-35.7328 		4.0489
v 21.1437 		-35.6752 		4.0653
v 21.1163 		-35.6906 		4.0609
v 21.0913 		-35.7103 		4.0553
v 21.0689 		-35.7344 		4.0484
v 21.0488 		-35.7629 		4.0403
v 21.0312 		-35.7958 		4.0309
v 21.0161 		-35.8331 		4.0203
v 21.0041 		-35.8739 		4.0086
v 20.9943 		-35.9176 		3.9962
v 20.9867 		-35.9641 		3.9829
v 20.9812 		-36.0135 		3.9689
v 20.978 		-36.0656 		3.954
v 20.9769 		-36.1206 		3.9383
v 20.9777 		-36.1766 		3.9223
v 20.9801 		-36.2321 		3.9065
v 20.9842 		-36.2869 		3.8909
v 20.99 		-36.3411 		3.8755
v 20.9973 		-36.3946 		3.8602
v 21.0063 		-36.4475 		3.8451
v 21.0171 		-36.4992 		3.8304
v 21.03 		-36.549 		3.8162
v 21.0449 		-36.5969 		3.8025
v 21.0619 		-36.643 		3.7894
v 21.0809 		-36.6871 		3.7768
v 21.102 		-36.7294 		3.7647
v 21.1251 		-36.7692 		3.7534
v 21.1505 		-36.8058 		3.7429
v 21.178 		-36.8393 		3.7334
v 21.2077 		-36.8697 		3.7247
v 21.2396 		-36.897 		3.717
v 21.2737 		-36.9211 		3.7101
v 21.3109 		-36.9452 		3.7032
v 21.3508 		-36.9649 		3.6976
v 21.3932 		-36.9803 		3.6932
v 21.4383 		-36.9912 		3.6901
v 21.4859 		-36.9978 		3.6882
v 21.3854 		-33.4422 		4.702
v 21.1611 		-35.7892 		4.0328
v 21.3963 		-33.5866 		4.6608
v 21.1706 		-35.8443 		4.0171
v 21.4115 		-33.7165 		4.6237
v 21.1807 		-35.8982 		4.0017
v 21.3854 		-32.7037 		4.9125
v 21.4312 		-33.8321 		4.5908
v 21.1913 		-35.9508 		3.9867
v 21.3963 		-32.5281 		4.9626
v 21.4552 		-33.9333 		4.5619
v 21.2025 		-36.0022 		3.9721
v 21.4115 		-32.3711 		5.0073
v 21.4843 		-34.0177 		4.5379
v 21.2151 		-36.0518 		3.9579
v 21.4312 		-32.2325 		5.0468
v 21.5178 		-34.0867 		4.5182
v 21.4552 		-32.1124 		5.0811
v 21.2284 		-36.0993 		3.9444
v 21.4839 		-32.0108 		5.1101
v 21.5557 		-34.1404 		4.5029
v 21.2424 		-36.1445 		3.9315
v 21.5162 		-31.9276 		5.1338
v 21.598 		-34.1788 		4.4919
v 21.257 		-36.1876 		3.9192
v 21.552 		-31.8629 		5.1522
v 21.6446 		-34.2018 		4.4854
v 21.2724 		-36.2285 		3.9076
v 21.5914 		-31.8167 		5.1654
v 21.6955 		-34.2095 		4.4832
v 21.2884 		-36.2671 		3.8965
v 21.7354 		-34.2056 		4.4843
v 21.3052 		-36.3035 		3.8862
v 21.6343 		-31.789 		5.1733
v 21.7735 		-34.1938 		4.4876
v 21.323 		-36.3373 		3.8765
v 21.6808 		-31.7798 		5.1759
v 21.8096 		-34.1743 		4.4932
v 21.3417 		-36.3686 		3.8676
v 21.7074 		-31.7829 		5.175
v 21.8438 		-34.1469 		4.501
v 21.3614 		-36.3974 		3.8594
v 21.7331 		-31.7923 		5.1723
v 21.8761 		-34.1116 		4.5111
v 21.382 		-36.4237 		3.8519
v 21.7581 		-31.808 		5.1679
v 21.9064 		-34.0686 		4.5234
v 21.4036 		-36.4475 		3.8451
v 21.7822 		-31.8299 		5.1616
v 21.9349 		-34.0189 		4.5375
v 21.4263 		-36.4665 		3.8397
v 21.8055 		-31.8581 		5.1536
v 21.9612 		-33.964 		4.5532
v 21.45 		-36.482 		3.8353
v 21.828 		-31.8925 		5.1438
v 21.9855 		-33.9037 		4.5704
v 21.4748 		-36.494 		3.8318
v 21.8496 		-31.9334 		5.1321
v 22.0078 		-33.8381 		4.5891
v 21.5007 		-36.5027 		3.8294
v 21.8702 		-31.9809 		5.1186
v 21.5276 		-36.5078 		3.8279
v 21.8899 		-32.0349 		5.1032
v 22.0281 		-33.7671 		4.6093
v 21.5557 		-36.5095 		3.8274
v 21.9086 		-32.0955 		5.0859
v 22.0463 		-33.6909 		4.6311
v 21.6304 		-36.4939 		3.8319
v 21.9264 		-32.1627 		5.0668
v 22.0354 		-34.6093 		4.3692
v 21.6991 		-36.4469 		3.8453
v 21.9432 		-32.2364 		5.0457
v 21.7617 		-36.3686 		3.8676
v 21.9582 		-32.3171 		5.0227
v 21.9721 		-32.4049 		4.9977
v 21.8184 		-36.259 		3.8989
v 21.9849 		-32.5 		4.9706
v 21.8691 		-36.1181 		3.939
v 21.9967 		-32.6022 		4.9414
v 21.9138 		-35.9458 		3.9881
v 22.0073 		-32.7117 		4.9102
v 21.952 		-35.7405 		4.0467
v 22.0168 		-32.8283 		4.877
v 21.9833 		-35.5042 		4.114
v 22.0258 		-32.9525 		4.8416
v 22.0076 		-35.2369 		4.1903
v 22.0332 		-33.0845 		4.8039
v 22.025 		-34.9386 		4.2753
v 22.0389 		-33.2244 		4.7641
v 22.043 		-33.372 		4.722
v 22.0454 		-33.5275 		4.6776
v 22.7698 		-33.0993 		2.4283
v 23.2309 		-33.1275 		2.4203
v 23.2317 		-33.2033 		2.3987
v 22.7752 		-33.3022 		2.3705
v 22.7712 		-33.2017 		2.3991
v 22.7916 		-33.4977 		2.3148
v 22.7821 		-33.4009 		2.3423
v 22.8189 		-33.6856 		2.2612
v 22.8039 		-33.5926 		2.2877
v 22.8573 		-33.8616 		2.211
v 22.8366 		-33.7756 		2.2355
v 22.9071 		-34.0213 		2.1655
v 22.8808 		-33.9435 		2.1876
v 22.9685 		-34.1647 		2.1246
v 22.9364 		-34.0951 		2.1444
v 23.0431 		-34.2875 		2.0896
v 23.0043 		-34.2283 		2.1064
v 23.1298 		-34.3928 		2.0596
v 23.085 		-34.3423 		2.0739
v 23.2285 		-34.4804 		2.0346
v 23.1776 		-34.4388 		2.0464
v 23.338 		-34.5462 		2.0158
v 23.2816 		-34.5166 		2.0242
v 23.4606 		-34.5857 		2.0046
v 23.3977 		-34.5692 		2.0092
v 23.5964 		-34.5988 		2.0008
v 23.5269 		-34.5955 		2.0017
v 23.7288 		-34.5876 		2.004
v 23.6638 		-34.596 		2.0016
v 23.8514 		-34.5537 		2.0137
v 23.7913 		-34.5735 		2.008
v 23.9643 		-34.4974 		2.0297
v 23.9091 		-34.5284 		2.0209
v 24.0667 		-34.4159 		2.053
v 24.0169 		-34.4591 		2.0406
v 24.1583 		-34.3145 		2.0819
v 24.1139 		-34.3677 		2.0667
v 24.239 		-34.1929 		2.1165
v 24.2 		-34.2562 		2.0985
v 24.3068 		-34.0514 		2.1569
v 24.2743 		-34.1247 		2.136
v 24.3632 		-33.8898 		2.203
v 24.3365 		-33.9731 		2.1792
v 24.4082 		-33.7081 		2.2548
v 24.3871 		-33.8015 		2.2281
v 24.4423 		-33.5046 		2.3128
v 24.4269 		-33.6084 		2.2832
v 24.4627 		-33.2847 		2.3755
v 24.4542 		-33.3967 		2.3436
v 24.4695 		-33.0485 		2.4428
v 24.4678 		-33.1687 		2.4086
v 24.466 		-32.8938 		2.4869
v 24.4686 		-32.9704 		2.4651
v 24.4553 		-32.7454 		2.5292
v 24.4615 		-32.8188 		2.5083
v 24.4376 		-32.6032 		2.5698
v 24.4474 		-32.6735 		2.5497
v 24.4126 		-32.466 		2.6089
v 24.426 		-32.5341 		2.5895
v 24.3799 		-32.3326 		2.6469
v 24.3972 		-32.3988 		2.628
v 24.3395 		-32.2029 		2.6839
v 24.3606 		-32.2673 		2.6655
v 24.2894 		-32.0802 		2.7189
v 24.3155 		-32.1412 		2.7015
v 24.2305 		-31.9599 		2.7532
v 24.261 		-32.0197 		2.7361
v 24.1629 		-31.8421 		2.7868
v 24.1978 		-31.9007 		2.7701
v 24.0861 		-31.7256 		2.82
v 24.1257 		-31.7839 		2.8034
v 23.9994 		-31.6091 		2.8532
v 24.044 		-31.6674 		2.8366
v 23.9029 		-31.4926 		2.8864
v 23.9524 		-31.5509 		2.8698
v 23.9711 		-31.41 		2.91
v 23.9376 		-31.4513 		2.8982
v 24.0348 		-31.3273 		2.9336
v 24.0035 		-31.3686 		2.9218
v 24.0943 		-31.2446 		2.9571
v 24.0651 		-31.2859 		2.9453
v 24.1474 		-31.1563 		2.9823
v 24.1214 		-31.2009 		2.9696
v 24.1956 		-31.0642 		3.0086
v 24.1721 		-31.1107 		2.9953
v 24.239 		-30.9684 		3.0359
v 24.2179 		-31.0167 		3.0221
v 24.2752 		-30.8669 		3.0648
v 24.2578 		-30.9186 		3.0501
v 24.3055 		-30.7579 		3.0959
v 24.2911 		-30.8133 		3.0801
v 24.3297 		-30.6414 		3.1291
v 24.3183 		-30.7006 		3.1122
v 24.3488 		-30.5155 		3.165
v 24.3402 		-30.5798 		3.1467
v 24.3602 		-30.3783 		3.2041
v 24.3555 		-30.4483 		3.1842
v 24.3641 		-30.2299 		3.2464
v 24.3631 		-30.3055 		3.2249
v 24.3589 		-30.0363 		3.3016
v 24.3628 		-30.1317 		3.2744
v 24.3433 		-29.854 		3.3536
v 24.3524 		-29.9438 		3.328
v 24.3174 		-29.683 		3.4023
v 24.3317 		-29.7671 		3.3784
v 24.2815 		-29.5221 		3.4482
v 24.3007 		-29.6005 		3.4259
v 24.2357 		-29.3774 		3.4895
v 24.2598 		-29.4477 		3.4694
v 24.1801 		-29.249 		3.5261
v 24.2091 		-29.3111 		3.5084
v 24.1147 		-29.1343 		3.5588
v 24.1486 		-29.1893 		3.5431
v 24.0395 		-29.0385 		3.5861
v 24.0783 		-29.0841 		3.5731
v 23.9545 		-28.9614 		3.6081
v 23.9982 		-28.9976 		3.5978
v 23.8582 		-28.9019 		3.625
v 23.9075 		-28.9287 		3.6174
v 23.7528 		-28.8662 		3.6352
v 23.8067 		-28.8811 		3.631
v 23.6381 		-28.8543 		3.6386
v 23.6966 		-28.8573 		3.6378
v 23.4999 		-28.8681 		3.6347
v 23.5671 		-28.8578 		3.6376
v 23.3764 		-28.9095 		3.6229
v 23.4363 		-28.8853 		3.6298
v 23.2677 		-28.9784 		3.6032
v 23.3202 		-28.9405 		3.6141
v 23.1742 		-29.0661 		3.5782
v 23.2194 		-29.02 		3.5914
v 23.0933 		-29.1713 		3.5482
v 23.1322 		-29.1165 		3.5639
v 23.0249 		-29.2941 		3.5132
v 23.0575 		-29.2305 		3.5314
v 22.9685 		-29.435 		3.4731
v 22.9952 		-29.3631 		3.4936
v 22.9235 		-29.5872 		3.4297
v 22.9446 		-29.5097 		3.4518
v 22.89 		-29.7507 		3.3831
v 22.9053 		-29.6675 		3.4068
v 22.8682 		-29.9248 		3.3334
v 22.878 		-29.8374 		3.3583
v 22.8551 		-30.1015 		3.283
v 22.8605 		-30.0128 		3.3083
v 23.329 		-30.1904 		3.2577
v 22.8518 		-30.1907 		3.2576
v 23.3296 		-30.2566 		3.2388
v 22.8537 		-30.4314 		3.189
v 22.8507 		-30.2806 		3.232
v 22.8777 		-30.7133 		3.1086
v 22.8627 		-30.5756 		3.1479
v 22.9257 		-30.9688 		3.0357
v 22.8987 		-30.8443 		3.0712
v 22.9973 		-31.1993 		2.97
v 22.9587 		-31.0867 		3.0021
v 23.0905 		-31.4123 		2.9093
v 23.0412 		-31.3079 		2.9391
v 23.2049 		-31.609 		2.8532
v 23.1451 		-31.5127 		2.8807
v 23.1974 		-31.7889 		2.8019
v 23.2332 		-31.7447 		2.8145
v 23.2701 		-31.7012 		2.8269
v 23.1295 		-31.8791 		2.7762
v 23.1628 		-31.8337 		2.7892
v 23.0666 		-31.9718 		2.7498
v 23.0974 		-31.9251 		2.7631
v 23.0074 		-32.0658 		2.723
v 23.0363 		-32.0178 		2.7367
v 22.9543 		-32.1672 		2.6941
v 22.9801 		-32.1156 		2.7088
v 22.9071 		-32.2762 		2.663
v 22.93 		-32.2208 		2.6788
v 22.8663 		-32.3896 		2.6307
v 22.8859 		-32.3318 		2.6471
v 22.8319 		-32.5117 		2.5958
v 22.8483 		-32.4496 		2.6136
v 22.8041 		-32.6427 		2.5585
v 22.8172 		-32.5761 		2.5775
v 22.7851 		-32.7836 		2.5183
v 22.7936 		-32.7117 		2.5388
v 22.7736 		-32.9358 		2.4749
v 22.7784 		-32.8583 		2.497
v 22.7708 		-33.0161 		2.452
v 23.2314 		-33.0608 		2.4393
v 23.2339 		-33.2765 		2.3778
v 23.3315 		-30.3201 		3.2207
v 23.2331 		-32.9959 		2.4578
v 23.2376 		-33.3473 		2.3576
v 23.3345 		-30.3807 		3.2034
v 23.2358 		-32.933 		2.4758
v 23.2429 		-33.4156 		2.3382
v 23.3295 		-30.1274 		3.2756
v 23.3388 		-30.4384 		3.187
v 23.2496 		-33.4814 		2.3194
v 23.3309 		-30.0664 		3.293
v 23.3443 		-30.4934 		3.1713
v 23.2579 		-33.5446 		2.3014
v 23.3333 		-30.0072 		3.3099
v 23.3511 		-30.5456 		3.1564
v 23.2396 		-32.8719 		2.4932
v 23.2675 		-33.607 		2.2836
v 23.3366 		-29.9499 		3.3263
v 23.3599 		-30.5953 		3.1422
v 23.2445 		-32.8127 		2.51
v 23.2783 		-33.6662 		2.2667
v 23.3409 		-29.8944 		3.3421
v 23.3699 		-30.6433 		3.1286
v 23.2505 		-32.7554 		2.5264
v 23.2904 		-33.7222 		2.2507
v 23.3462 		-29.8409 		3.3573
v 23.3811 		-30.6893 		3.1154
v 23.2575 		-32.7 		2.5422
v 23.3037 		-33.7751 		2.2356
v 23.3532 		-29.7894 		3.372
v 23.3936 		-30.7335 		3.1029
v 23.2655 		-32.6464 		2.5575
v 23.3182 		-33.8249 		2.2214
v 23.3612 		-29.74 		3.3861
v 23.4073 		-30.7757 		3.0908
v 23.2744 		-32.5947 		2.5722
v 23.3339 		-33.8716 		2.2081
v 23.3701 		-29.6929 		3.3995
v 23.4222 		-30.8161 		3.0793
v 23.2843 		-32.5449 		2.5864
v 23.3516 		-33.915 		2.1958
v 23.38 		-29.648 		3.4123
v 23.4384 		-30.8567 		3.0677
v 23.2952 		-32.497 		2.6
v 23.3704 		-33.9549 		2.1844
v 23.3908 		-29.6052 		3.4245
v 23.4557 		-30.8957 		3.0566
v 23.3069 		-32.451 		2.6132
v 23.3903 		-33.9914 		2.174
v 23.4026 		-29.5646 		3.4361
v 23.4743 		-30.9331 		3.0459
v 23.3195 		-32.4067 		2.6258
v 23.4113 		-34.0244 		2.1646
v 23.4942 		-30.969 		3.0357
v 23.3328 		-32.3639 		2.638
v 23.4153 		-29.5266 		3.4469
v 23.5152 		-31.0033 		3.0259
v 23.3468 		-32.3227 		2.6497
v 23.4334 		-34.054 		2.1561
v 23.429 		-29.4914 		3.457
v 23.5375 		-31.036 		3.0166
v 23.3614 		-32.2831 		2.661
v 23.4566 		-34.0802 		2.1487
v 23.4437 		-29.4589 		3.4662
v 23.5609 		-31.0697 		3.007
v 23.3768 		-32.2451 		2.6719
v 23.4807 		-34.1026 		2.1423
v 23.4593 		-29.4294 		3.4747
v 23.5855 		-31.103 		2.9975
v 23.3928 		-32.2086 		2.6823
v 23.5056 		-34.1209 		2.1371
v 23.4758 		-29.4026 		3.4823
v 23.6111 		-31.1361 		2.9881
v 23.4093 		-32.1718 		2.6928
v 23.5314 		-34.1352 		2.133
v 23.4933 		-29.3786 		3.4891
v 23.4263 		-32.1365 		2.7028
v 23.5579 		-34.1453 		2.1301
v 23.5117 		-29.3579 		3.495
v 23.6378 		-31.1688 		2.9787
v 23.4437 		-32.1029 		2.7124
v 23.5853 		-34.1514 		2.1284
v 23.531 		-29.341 		3.4998
v 23.6656 		-31.2012 		2.9695
v 23.4615 		-32.0708 		2.7216
v 23.6135 		-34.1535 		2.1278
v 23.551 		-29.3279 		3.5036
v 23.6945 		-31.2333 		2.9603
v 23.4796 		-32.0402 		2.7303
v 23.6424 		-34.1516 		2.1283
v 23.5718 		-29.3185 		3.5063
v 23.6702 		-34.146 		2.1299
v 23.5935 		-29.3128 		3.5079
v 23.7152 		-31.2048 		2.9685
v 23.6969 		-34.1366 		2.1326
v 23.616 		-29.311 		3.5084
v 23.7348 		-31.1757 		2.9768
v 23.6416 		-29.3132 		3.5078
v 23.7533 		-31.1459 		2.9853
v 23.7225 		-34.1234 		2.1363
v 23.6661 		-29.3197 		3.5059
v 23.7708 		-31.1156 		2.9939
v 23.7471 		-34.1065 		2.1412
v 23.7871 		-31.0845 		3.0028
v 23.7705 		-34.0858 		2.1471
v 23.6896 		-29.3307 		3.5028
v 23.8024 		-31.0529 		3.0118
v 23.7937 		-34.0598 		2.1545
v 23.7119 		-29.346 		3.4984
v 23.8167 		-31.0202 		3.0211
v 23.8157 		-34.0307 		2.1628
v 23.7332 		-29.3658 		3.4928
v 23.8302 		-30.9859 		3.0309
v 23.8367 		-33.9984 		2.172
v 23.7533 		-29.3899 		3.4859
v 23.8429 		-30.95 		3.0411
v 23.8566 		-33.9631 		2.1821
v 23.7724 		-29.4176 		3.478
v 23.4982 		-32.0113 		2.7385
v 23.8754 		-33.9245 		2.1931
v 23.7904 		-29.4481 		3.4693
v 23.5413 		-32.0579 		2.7252
v 23.8931 		-33.8829 		2.2049
v 23.8073 		-29.4815 		3.4598
v 23.8547 		-30.9126 		3.0518
v 23.9089 		-33.8383 		2.2177
v 23.8231 		-29.5177 		3.4495
v 23.8657 		-30.8736 		3.0629
v 23.9234 		-33.7908 		2.2312
v 23.8378 		-29.5567 		3.4384
v 23.5822 		-32.104 		2.7121
v 23.9367 		-33.7405 		2.2455
v 23.8514 		-29.5985 		3.4264
v 23.876 		-30.8331 		3.0745
v 23.9487 		-33.6875 		2.2606
v 23.8647 		-29.6409 		3.4143
v 23.6209 		-32.1494 		2.6992
v 23.9596 		-33.6315 		2.2766
v 23.8768 		-29.6855 		3.4016
v 23.8854 		-30.7911 		3.0864
v 23.9692 		-33.5728 		2.2933
v 23.8876 		-29.7324 		3.3883
v 23.894 		-30.7479 		3.0987
v 23.9774 		-33.5118 		2.3107
v 23.8972 		-29.7814 		3.3743
v 23.6574 		-32.1942 		2.6864
v 23.9842 		-33.4488 		2.3287
v 23.9056 		-29.8326 		3.3597
v 23.9017 		-30.7034 		3.1114
v 23.9894 		-33.384 		2.3472
v 23.9128 		-29.886 		3.3445
v 23.6917 		-32.2383 		2.6738
v 23.9931 		-33.3173 		2.3662
v 23.9195 		-29.9405 		3.3289
v 23.9087 		-30.6577 		3.1245
v 23.9954 		-33.2487 		2.3857
v 23.925 		-29.995 		3.3134
v 23.7239 		-32.2819 		2.6614
v 23.9961 		-33.1782 		2.4058
v 23.9293 		-30.0495 		3.2979
v 23.9148 		-30.6107 		3.1379
v 23.9953 		-33.1154 		2.4237
v 23.9324 		-30.104 		3.2823
v 23.7541 		-32.3235 		2.6495
v 23.9929 		-33.0548 		2.441
v 23.9342 		-30.1585 		3.2668
v 23.9201 		-30.5625 		3.1516
v 23.9348 		-30.2129 		3.2513
v 23.7825 		-32.3658 		2.6375
v 23.9888 		-32.9964 		2.4577
v 23.9344 		-30.2775 		3.2329
v 23.9246 		-30.5105 		3.1664
v 23.9831 		-32.9402 		2.4737
v 23.9332 		-30.3395 		3.2152
v 23.8091 		-32.4087 		2.6252
v 23.9757 		-32.8862 		2.4891
v 23.9283 		-30.456 		3.182
v 23.9667 		-32.8343 		2.5039
v 23.9311 		-30.399 		3.1982
v 23.834 		-32.4522 		2.6128
v 23.9568 		-32.7823 		2.5187
v 23.8571 		-32.4964 		2.6002
v 23.9449 		-32.7316 		2.5332
v 23.9311 		-32.6821 		2.5473
v 23.9155 		-32.6339 		2.561
v 23.8784 		-32.5412 		2.5875
v 23.8979 		-32.5869 		2.5744
v 23.2317 		-35.6044 		4.0855
v 23.2309 		-35.5286 		4.1071
v 22.7698 		-35.5005 		4.1151
v 22.7712 		-35.6029 		4.0859
v 22.7752 		-35.7034 		4.0573
v 22.7821 		-35.8021 		4.0291
v 22.7916 		-35.8988 		4.0015
v 22.8039 		-35.9937 		3.9745
v 22.8189 		-36.0867 		3.948
v 22.8366 		-36.1768 		3.9223
v 22.8573 		-36.2628 		3.8978
v 22.8808 		-36.3447 		3.8744
v 22.9071 		-36.4225 		3.8522
v 22.9364 		-36.4962 		3.8312
v 22.9685 		-36.5659 		3.8113
v 23.0043 		-36.6295 		3.7932
v 23.0431 		-36.6887 		3.7763
v 23.085 		-36.7435 		3.7607
v 23.1298 		-36.7939 		3.7463
v 23.1776 		-36.84 		3.7332
v 23.2285 		-36.8816 		3.7213
v 23.2816 		-36.9178 		3.711
v 23.338 		-36.9474 		3.7026
v 23.3977 		-36.9704 		3.696
v 23.4606 		-36.9868 		3.6913
v 23.5269 		-36.9967 		3.6885
v 23.5964 		-37 		3.6876
v 23.6638 		-36.9972 		3.6884
v 23.7288 		-36.9887 		3.6908
v 23.7913 		-36.9746 		3.6948
v 23.8514 		-36.9549 		3.7004
v 23.9091 		-36.9295 		3.7077
v 23.9643 		-36.8985 		3.7165
v 24.0169 		-36.8603 		3.7274
v 24.0667 		-36.8171 		3.7397
v 24.1139 		-36.7689 		3.7535
v 24.1583 		-36.7156 		3.7687
v 24.2 		-36.6574 		3.7853
v 24.239 		-36.5941 		3.8033
v 24.2743 		-36.5258 		3.8228
v 24.3068 		-36.4525 		3.8437
v 24.3365 		-36.3743 		3.866
v 24.3632 		-36.2909 		3.8897
v 24.3871 		-36.2026 		3.9149
v 24.4082 		-36.1093 		3.9415
v 24.4269 		-36.0095 		3.97
v 24.4423 		-35.9057 		3.9996
v 24.4542 		-35.7978 		4.0303
v 24.4627 		-35.6859 		4.0623
v 24.4678 		-35.5698 		4.0953
v 24.4695 		-35.4497 		4.1296
v 24.4686 		-35.3716 		4.1519
v 24.466 		-35.295 		4.1737
v 24.4615 		-35.22 		4.1951
v 24.4553 		-35.1466 		4.216
v 24.4474 		-35.0747 		4.2365
v 24.4376 		-35.0044 		4.2566
v 24.426 		-34.9353 		4.2762
v 24.4126 		-34.8672 		4.2957
v 24.3972 		-34.8 		4.3148
v 24.3799 		-34.7338 		4.3337
v 24.3606 		-34.6685 		4.3523
v 24.3395 		-34.6041 		4.3707
v 24.3155 		-34.5424 		4.3883
v 24.2894 		-34.4813 		4.4057
v 24.261 		-34.4209 		4.4229
v 24.2305 		-34.3611 		4.44
v 24.1978 		-34.3019 		4.4568
v 24.1629 		-34.2433 		4.4735
v 24.1257 		-34.1851 		4.4901
v 24.0861 		-34.1268 		4.5068
v 24.044 		-34.0686 		4.5234
v 23.9994 		-34.0103 		4.54
v 23.9524 		-33.9521 		4.5566
v 23.9029 		-33.8938 		4.5732
v 23.9376 		-33.8525 		4.585
v 23.9711 		-33.8111 		4.5968
v 24.0035 		-33.7698 		4.6086
v 24.0348 		-33.7284 		4.6203
v 24.0651 		-33.6871 		4.6321
v 24.0943 		-33.6458 		4.6439
v 24.1214 		-33.6021 		4.6564
v 24.1474 		-33.5574 		4.6691
v 24.1721 		-33.5119 		4.6821
v 24.1956 		-33.4654 		4.6953
v 24.2179 		-33.4179 		4.7089
v 24.239 		-33.3695 		4.7227
v 24.2578 		-33.3197 		4.7369
v 24.2752 		-33.2681 		4.7516
v 24.2911 		-33.2145 		4.7669
v 24.3055 		-33.1591 		4.7827
v 24.3183 		-33.1018 		4.799
v 24.3297 		-33.0426 		4.8159
v 24.3402 		-32.981 		4.8334
v 24.3488 		-32.9167 		4.8518
v 24.3555 		-32.8495 		4.8709
v 24.3602 		-32.7795 		4.8909
v 24.3631 		-32.7067 		4.9117
v 24.3641 		-32.631 		4.9332
v 24.3628 		-32.5328 		4.9612
v 24.3589 		-32.4375 		4.9884
v 24.3524 		-32.3449 		5.0148
v 24.3433 		-32.2552 		5.0404
v 24.3317 		-32.1683 		5.0651
v 24.3174 		-32.0842 		5.0891
v 24.3007 		-32.0017 		5.1127
v 24.2815 		-31.9232 		5.135
v 24.2598 		-31.8488 		5.1562
v 24.2357 		-31.7785 		5.1763
v 24.2091 		-31.7123 		5.1952
v 24.1801 		-31.6501 		5.2129
v 24.1486 		-31.5905 		5.2299
v 24.1147 		-31.5355 		5.2456
v 24.0783 		-31.4852 		5.2599
v 24.0395 		-31.4397 		5.2729
v 23.9982 		-31.3988 		5.2845
v 23.9545 		-31.3626 		5.2949
v 23.9075 		-31.3299 		5.3042
v 23.8582 		-31.3031 		5.3118
v 23.8067 		-31.2823 		5.3178
v 23.7528 		-31.2674 		5.322
v 23.6966 		-31.2585 		5.3245
v 23.6381 		-31.2555 		5.3254
v 23.5671 		-31.259 		5.3244
v 23.4999 		-31.2693 		5.3215
v 23.4363 		-31.2865 		5.3166
v 23.3764 		-31.3106 		5.3097
v 23.3202 		-31.3416 		5.3008
v 23.2677 		-31.3795 		5.29
v 23.2194 		-31.4212 		5.2782
v 23.1742 		-31.4672 		5.265
v 23.1322 		-31.5176 		5.2507
v 23.0933 		-31.5725 		5.235
v 23.0575 		-31.6316 		5.2182
v 23.0249 		-31.6952 		5.2
v 22.9952 		-31.7643 		5.1803
v 22.9685 		-31.8362 		5.1598
v 22.9446 		-31.9109 		5.1385
v 22.9235 		-31.9884 		5.1164
v 22.9053 		-32.0687 		5.0935
v 22.89 		-32.1519 		5.0698
v 22.878 		-32.2386 		5.0451
v 22.8682 		-32.326 		5.0202
v 22.8605 		-32.414 		4.9951
v 22.8551 		-32.5026 		4.9698
v 22.8518 		-32.5919 		4.9444
v 23.329 		-32.5916 		4.9445
v 23.3296 		-32.6578 		4.9256
v 22.8507 		-32.6818 		4.9188
v 22.8537 		-32.8326 		4.8758
v 22.8627 		-32.9768 		4.8346
v 22.8777 		-33.1144 		4.7954
v 22.8987 		-33.2455 		4.758
v 22.9257 		-33.37 		4.7225
v 22.9587 		-33.4879 		4.6889
v 22.9973 		-33.6005 		4.6568
v 23.0412 		-33.709 		4.6259
v 23.0905 		-33.8135 		4.5961
v 23.1451 		-33.9138 		4.5675
v 23.2049 		-34.0102 		4.54
v 23.2701 		-34.1024 		4.5137
v 23.2332 		-34.1459 		4.5013
v 23.1974 		-34.1901 		4.4887
v 23.1628 		-34.2349 		4.476
v 23.1295 		-34.2803 		4.463
v 23.0974 		-34.3263 		4.4499
v 23.0666 		-34.373 		4.4366
v 23.0363 		-34.419 		4.4234
v 23.0074 		-34.4669 		4.4098
v 22.9801 		-34.5167 		4.3956
v 22.9543 		-34.5684 		4.3809
v 22.93 		-34.622 		4.3656
v 22.9071 		-34.6774 		4.3498
v 22.8859 		-34.733 		4.3339
v 22.8663 		-34.7908 		4.3175
v 22.8483 		-34.8507 		4.3004
v 22.8319 		-34.9129 		4.2826
v 22.8172 		-34.9773 		4.2643
v 22.8041 		-35.0438 		4.2453
v 22.7936 		-35.1129 		4.2256
v 22.7851 		-35.1848 		4.2051
v 22.7784 		-35.2595 		4.1838
v 22.7736 		-35.337 		4.1617
v 22.7708 		-35.4173 		4.1388
v 23.2314 		-35.4619 		4.1261
v 23.2339 		-35.6777 		4.0646
v 23.3315 		-32.7212 		4.9075
v 23.2331 		-35.3971 		4.1446
v 23.2376 		-35.7485 		4.0444
v 23.3345 		-32.7818 		4.8902
v 23.2358 		-35.3342 		4.1625
v 23.2429 		-35.8168 		4.0249
v 23.3295 		-32.5286 		4.9624
v 23.3388 		-32.8396 		4.8737
v 23.2496 		-35.8825 		4.0062
v 23.3309 		-32.4675 		4.9798
v 23.3443 		-32.8946 		4.8581
v 23.2579 		-35.9458 		3.9881
v 23.3333 		-32.4084 		4.9967
v 23.3511 		-32.9467 		4.8432
v 23.2396 		-35.2731 		4.1799
v 23.2675 		-36.0081 		3.9704
v 23.3366 		-32.351 		5.013
v 23.3599 		-32.9965 		4.829
v 23.2445 		-35.2139 		4.1968
v 23.2783 		-36.0673 		3.9535
v 23.3409 		-32.2956 		5.0289
v 23.3699 		-33.0444 		4.8154
v 23.2505 		-35.1566 		4.2132
v 23.2904 		-36.1234 		3.9375
v 23.3462 		-32.2421 		5.0441
v 23.3811 		-33.0905 		4.8022
v 23.2575 		-35.1011 		4.229
v 23.3037 		-36.1763 		3.9224
v 23.3532 		-32.1905 		5.0588
v 23.3936 		-33.1346 		4.7896
v 23.2655 		-35.0476 		4.2442
v 23.3182 		-36.2261 		3.9082
v 23.3612 		-32.1412 		5.0729
v 23.4073 		-33.1769 		4.7776
v 23.2744 		-34.9959 		4.259
v 23.3339 		-36.2728 		3.8949
v 23.3701 		-32.0941 		5.0863
v 23.4222 		-33.2173 		4.7661
v 23.2843 		-34.9461 		4.2732
v 23.3516 		-36.3162 		3.8826
v 23.38 		-32.0491 		5.0991
v 23.4384 		-33.2579 		4.7545
v 23.2952 		-34.8982 		4.2868
v 23.3704 		-36.3561 		3.8712
v 23.3908 		-32.0064 		5.1113
v 23.4557 		-33.2969 		4.7434
v 23.3069 		-34.8522 		4.3
v 23.3903 		-36.3926 		3.8608
v 23.4026 		-31.9658 		5.1229
v 23.4743 		-33.3343 		4.7327
v 23.3195 		-34.8078 		4.3126
v 23.4113 		-36.4256 		3.8513
v 23.4942 		-33.3702 		4.7225
v 23.3328 		-34.7651 		4.3248
v 23.4153 		-31.9278 		5.1337
v 23.5152 		-33.4044 		4.7127
v 23.3468 		-34.7239 		4.3365
v 23.4334 		-36.4552 		3.8429
v 23.429 		-31.8925 		5.1438
v 23.5375 		-33.4372 		4.7034
v 23.3614 		-34.6843 		4.3478
v 23.4566 		-36.4814 		3.8355
v 23.4437 		-31.8601 		5.153
v 23.5609 		-33.4708 		4.6938
v 23.3768 		-34.6462 		4.3587
v 23.4807 		-36.5038 		3.8291
v 23.4593 		-31.8305 		5.1614
v 23.5855 		-33.5042 		4.6843
v 23.3928 		-34.6098 		4.3691
v 23.5056 		-36.5221 		3.8238
v 23.4758 		-31.8037 		5.1691
v 23.6111 		-33.5372 		4.6748
v 23.4093 		-34.573 		4.3796
v 23.5314 		-36.5363 		3.8198
v 23.4933 		-31.7798 		5.1759
v 23.4263 		-34.5377 		4.3896
v 23.5579 		-36.5465 		3.8169
v 23.5117 		-31.7591 		5.1818
v 23.6378 		-33.57 		4.6655
v 23.4437 		-34.5041 		4.3992
v 23.5853 		-36.5526 		3.8151
v 23.531 		-31.7422 		5.1866
v 23.6656 		-33.6024 		4.6563
v 23.4615 		-34.4719 		4.4084
v 23.6135 		-36.5546 		3.8146
v 23.551 		-31.7291 		5.1904
v 23.6945 		-33.6345 		4.6471
v 23.4796 		-34.4414 		4.4171
v 23.6424 		-36.5528 		3.8151
v 23.5718 		-31.7197 		5.1931
v 23.6702 		-36.5471 		3.8167
v 23.5935 		-31.714 		5.1947
v 23.7152 		-33.606 		4.6553
v 23.6969 		-36.5377 		3.8194
v 23.616 		-31.7121 		5.1952
v 23.7348 		-33.5769 		4.6636
v 23.6416 		-31.7143 		5.1946
v 23.7533 		-33.5471 		4.672
v 23.7225 		-36.5246 		3.8231
v 23.6661 		-31.7209 		5.1927
v 23.7708 		-33.5167 		4.6807
v 23.7471 		-36.5077 		3.828
v 23.7871 		-33.4857 		4.6895
v 23.7705 		-36.487 		3.8338
v 23.6896 		-31.7319 		5.1896
v 23.8024 		-33.4541 		4.6986
v 23.7937 		-36.461 		3.8413
v 23.7119 		-31.7472 		5.1852
v 23.8167 		-33.4214 		4.7079
v 23.8157 		-36.4319 		3.8496
v 23.7332 		-31.7669 		5.1796
v 23.8302 		-33.3871 		4.7177
v 23.8367 		-36.3996 		3.8588
v 23.7533 		-31.7911 		5.1727
v 23.8429 		-33.3512 		4.7279
v 23.8566 		-36.3642 		3.8689
v 23.7724 		-31.8188 		5.1648
v 23.4982 		-34.4124 		4.4253
v 23.8754 		-36.3257 		3.8798
v 23.7904 		-31.8493 		5.1561
v 23.5413 		-34.4591 		4.412
v 23.8931 		-36.2841 		3.8917
v 23.8073 		-31.8827 		5.1466
v 23.8547 		-33.3138 		4.7386
v 23.9089 		-36.2394 		3.9044
v 23.8231 		-31.9188 		5.1363
v 23.8657 		-33.2748 		4.7497
v 23.9234 		-36.192 		3.918
v 23.8378 		-31.9578 		5.1252
v 23.5822 		-34.5051 		4.3989
v 23.9367 		-36.1417 		3.9323
v 23.8514 		-31.9996 		5.1132
v 23.876 		-33.2342 		4.7612
v 23.9487 		-36.0886 		3.9474
v 23.8647 		-32.0421 		5.1011
v 23.6209 		-34.5506 		4.3859
v 23.9596 		-36.0327 		3.9634
v 23.8768 		-32.0867 		5.0884
v 23.8854 		-33.1923 		4.7732
v 23.9692 		-35.974 		3.9801
v 23.8876 		-32.1335 		5.0751
v 23.894 		-33.149 		4.7855
v 23.9774 		-35.9129 		3.9975
v 23.8972 		-32.1825 		5.0611
v 23.6574 		-34.5953 		4.3732
v 23.9842 		-35.85 		4.0155
v 23.9056 		-32.2338 		5.0465
v 23.9017 		-33.1046 		4.7982
v 23.9894 		-35.7851 		4.034
v 23.9128 		-32.2872 		5.0313
v 23.6917 		-34.6395 		4.3606
v 23.9931 		-35.7184 		4.053
v 23.9195 		-32.3416 		5.0157
v 23.9087 		-33.0588 		4.8112
v 23.9954 		-35.6498 		4.0725
v 23.925 		-32.3961 		5.0002
v 23.7239 		-34.683 		4.3482
v 23.9961 		-35.5794 		4.0926
v 23.9293 		-32.4506 		4.9847
v 23.9148 		-33.0119 		4.8246
v 23.9953 		-35.5166 		4.1105
v 23.9324 		-32.5051 		4.9691
v 23.7541 		-34.7247 		4.3363
v 23.9929 		-35.456 		4.1278
v 23.9342 		-32.5596 		4.9536
v 23.9201 		-32.9636 		4.8384
v 23.9348 		-32.6141 		4.938
v 23.7825 		-34.767 		4.3242
v 23.9888 		-35.3976 		4.1445
v 23.9344 		-32.6786 		4.9196
v 23.9246 		-32.9116 		4.8532
v 23.9831 		-35.3414 		4.1605
v 23.9332 		-32.7406 		4.902
v 23.8091 		-34.8099 		4.312
v 23.9757 		-35.2873 		4.1759
v 23.9283 		-32.8572 		4.8687
v 23.9667 		-35.2355 		4.1907
v 23.9311 		-32.8002 		4.885
v 23.834 		-34.8534 		4.2996
v 23.9568 		-35.1835 		4.2055
v 23.8571 		-34.8976 		4.287
v 23.9449 		-35.1328 		4.2199
v 23.9311 		-35.0833 		4.2341
v 23.9155 		-35.0351 		4.2478
v 23.8784 		-34.9424 		4.2742
v 23.8979 		-34.9881 		4.2612
v 25.4236 		-34.5199 		2.0233
v 25.1342 		-34.5199 		2.0233
v 26.0417 		-29.7845 		3.3734
v 26.3655 		-28.9333 		3.6161
v 26.3655 		-29.3166 		3.5068
v 24.9282 		-30.5794 		3.1468
v 24.732 		-30.5794 		3.1468
v 24.732 		-28.9333 		3.6161
v 24.9478 		-30.1848 		3.2593
v 25.144 		-29.7845 		3.3734
v 24.9521 		-30.1217 		3.2773
v 25.1142 		-29.7873 		3.3726
v 24.9584 		-30.0639 		3.2938
v 25.0871 		-29.7958 		3.3702
v 24.9668 		-30.0114 		3.3087
v 25.0625 		-29.8099 		3.3662
v 24.9772 		-29.9643 		3.3222
v 24.9897 		-29.9225 		3.3341
v 25.0405 		-29.8296 		3.3606
v 25.0042 		-29.886 		3.3445
v 25.021 		-29.855 		3.3533
v 26.0417 		-32.1857 		5.0602
v 25.1342 		-36.9211 		3.7101
v 25.4236 		-36.9211 		3.7101
v 26.3655 		-31.7178 		5.1936
v 26.3655 		-31.3344 		5.3029
v 24.732 		-31.3344 		5.3029
v 24.732 		-32.9805 		4.8336
v 24.9282 		-32.9805 		4.8336
v 24.9478 		-32.5859 		4.9461
v 25.144 		-32.1857 		5.0602
v 24.9521 		-32.5228 		4.9641
v 25.1142 		-32.1885 		5.0594
v 24.9584 		-32.465 		4.9805
v 25.0871 		-32.197 		5.057
v 24.9668 		-32.4126 		4.9955
v 25.0625 		-32.211 		5.053
v 24.9772 		-32.3654 		5.0089
v 24.9897 		-32.3236 		5.0209
v 25.0405 		-32.2308 		5.0473
v 25.0042 		-32.2872 		5.0313
v 25.021 		-32.2561 		5.0401
v 29.3676 		-29.7183 		3.3923
v 29.4016 		-29.9085 		3.338
v 29.4221 		-30.1204 		3.2776
v 29.2585 		-29.4026 		3.4823
v 29.3199 		-29.5496 		3.4404
v 29.0952 		-29.1721 		3.548
v 29.1836 		-29.2771 		3.5181
v 28.8782 		-29.0192 		3.5916
v 28.9934 		-29.0861 		3.5725
v 28.6079 		-28.9428 		3.6134
v 28.7497 		-28.9715 		3.6052
v 27.4594 		-28.9333 		3.6161
v 28.4527 		-28.9333 		3.6161
v 27.5992 		-29.3504 		3.4972
v 27.4594 		-29.3504 		3.4972
v 28.3153 		-31.3573 		2.925
v 27.7782 		-33.5954 		2.2869
v 27.7782 		-29.8522 		3.3541
v 28.4453 		-31.3573 		2.925
v 28.3153 		-34.0407 		2.1599
v 27.7084 		-34.0482 		2.1578
v 27.7166 		-34.0342 		2.1618
v 28.541 		-34.0407 		2.1599
v 27.4594 		-34.5199 		2.0233
v 27.4594 		-34.1027 		2.1422
v 27.5992 		-34.1027 		2.1422
v 28.7134 		-34.5094 		2.0263
v 28.5582 		-34.5199 		2.0233
v 28.9837 		-34.4255 		2.0502
v 28.8552 		-34.4779 		2.0353
v 29.2006 		-34.2576 		2.0981
v 29.0988 		-34.352 		2.0712
v 29.364 		-34.0053 		2.17
v 29.2891 		-34.1422 		2.131
v 29.473 		-33.6658 		2.2668
v 29.4253 		-33.8466 		2.2153
v 29.5275 		-33.2387 		2.3886
v 29.5071 		-33.4632 		2.3246
v 29.5332 		-32.8979 		2.4858
v 29.5343 		-32.9922 		2.4589
v 29.5245 		-32.7188 		2.5368
v 29.53 		-32.8068 		2.5117
v 29.5071 		-32.5521 		2.5843
v 29.5169 		-32.6339 		2.561
v 29.4811 		-32.3981 		2.6283
v 29.4951 		-32.4735 		2.6067
v 29.4479 		-32.2565 		2.6686
v 29.4654 		-32.3257 		2.6489
v 29.4075 		-32.1275 		2.7054
v 29.4286 		-32.1904 		2.6875
v 29.3603 		-32.0125 		2.7382
v 29.3847 		-32.0676 		2.7225
v 29.3069 		-31.9098 		2.7675
v 29.3343 		-31.9599 		2.7532
v 29.2474 		-31.8171 		2.7939
v 29.2779 		-31.8622 		2.781
v 29.1829 		-31.7364 		2.8169
v 29.2155 		-31.7745 		2.806
v 29.1137 		-31.6688 		2.8362
v 29.149 		-31.7012 		2.8269
v 29.039 		-31.6124 		2.8523
v 29.077 		-31.6392 		2.8446
v 29.0629 		-31.5001 		2.8843
v 29.0318 		-31.5255 		2.877
v 28.9996 		-31.549 		2.8703
v 29.1217 		-31.4438 		2.9003
v 29.0929 		-31.4729 		2.892
v 29.1762 		-31.3799 		2.9186
v 29.1495 		-31.4128 		2.9092
v 29.2261 		-31.3085 		2.9389
v 29.2018 		-31.3451 		2.9285
v 29.2711 		-31.2296 		2.9614
v 29.2492 		-31.27 		2.9499
v 29.3111 		-31.1431 		2.9861
v 29.2917 		-31.1873 		2.9735
v 29.3458 		-31.0435 		3.0145
v 29.3292 		-31.0947 		2.9999
v 29.3744 		-30.9327 		3.0461
v 29.3608 		-30.9895 		3.0299
v 29.397 		-30.8105 		3.0809
v 29.3864 		-30.873 		3.0631
v 29.4147 		-30.6746 		3.1196
v 29.4067 		-30.7446 		3.0997
v 29.4253 		-30.5224 		3.163
v 29.4209 		-30.6005 		3.1408
v 29.4289 		-30.3539 		3.2111
v 29.428 		-30.4402 		3.1865
v 27.7778 		-29.8013 		3.3686
v 27.7778 		-33.6499 		2.2714
v 27.7242 		-34.0182 		2.1664
v 27.6997 		-34.0605 		2.1543
v 27.612 		-34.1023 		2.1424
v 27.7766 		-29.7538 		3.3822
v 27.7766 		-33.7006 		2.2569
v 27.7321 		-33.9983 		2.172
v 27.6905 		-34.0708 		2.1514
v 27.6245 		-34.1009 		2.1428
v 28.9996 		-31.5885 		2.8591
v 27.6113 		-29.3511 		3.497
v 27.7745 		-29.7098 		3.3947
v 27.7745 		-33.7476 		2.2435
v 27.7395 		-33.9762 		2.1783
v 27.6806 		-34.0792 		2.1489
v 27.6366 		-34.0985 		2.1434
v 27.6231 		-29.3529 		3.4965
v 27.7717 		-29.6693 		3.4063
v 27.7717 		-33.7908 		2.2312
v 27.7463 		-33.9519 		2.1852
v 28.5777 		-34.0392 		2.1604
v 27.6482 		-34.0952 		2.1444
v 27.6347 		-29.3561 		3.4956
v 27.768 		-29.6321 		3.4168
v 27.768 		-33.8303 		2.2199
v 27.7526 		-33.9255 		2.1928
v 27.6703 		-34.0858 		2.1471
v 27.6595 		-34.091 		2.1456
v 27.646 		-29.3604 		3.4943
v 27.7635 		-29.5985 		3.4264
v 27.7635 		-33.866 		2.2097
v 27.7583 		-33.8968 		2.201
v 27.6571 		-29.3661 		3.4927
v 27.7583 		-29.5661 		3.4357
v 27.6678 		-29.373 		3.4907
v 27.7526 		-29.5365 		3.4441
v 28.3153 		-31.8365 		2.7884
v 28.6127 		-34.0345 		2.1617
v 27.6783 		-29.3797 		3.4888
v 27.7463 		-29.5097 		3.4518
v 28.6458 		-34.0266 		2.1639
v 27.6883 		-29.3886 		3.4863
v 27.7395 		-29.4857 		3.4586
v 28.4836 		-31.3558 		2.9254
v 28.6773 		-34.0157 		2.1671
v 27.6979 		-29.3998 		3.4831
v 28.3153 		-29.4124 		3.4795
v 28.5197 		-31.3511 		2.9268
v 28.7069 		-34.0016 		2.1711
v 27.7071 		-29.4131 		3.4793
v 27.7321 		-29.4646 		3.4646
v 28.5539 		-31.3432 		2.929
v 28.7348 		-33.9844 		2.176
v 27.7159 		-29.4286 		3.4749
v 27.7242 		-29.4463 		3.4698
v 28.586 		-31.3323 		2.9321
v 28.7602 		-33.9635 		2.1819
v 28.616 		-31.3182 		2.9361
v 28.7841 		-33.9386 		2.189
v 28.644 		-31.301 		2.9411
v 28.8065 		-33.9097 		2.1973
v 28.438 		-29.4124 		3.4795
v 28.6693 		-31.2804 		2.9469
v 28.8274 		-33.8766 		2.2067
v 28.4754 		-29.4138 		3.4791
v 28.6928 		-31.2565 		2.9537
v 28.8468 		-33.8395 		2.2173
v 28.5107 		-29.4181 		3.4779
v 28.7145 		-31.2291 		2.9615
v 28.8648 		-33.7983 		2.229
v 28.5441 		-29.4251 		3.4759
v 28.5484 		-31.8365 		2.7884
v 28.8804 		-33.7546 		2.2415
v 28.5753 		-29.435 		3.4731
v 28.7345 		-31.1982 		2.9703
v 28.8945 		-33.7062 		2.2553
v 28.6046 		-29.4477 		3.4694
v 28.7527 		-31.1639 		2.9801
v 28.9071 		-33.6532 		2.2704
v 28.6317 		-29.4632 		3.465
v 28.7691 		-31.1262 		2.9909
v 28.9182 		-33.5954 		2.2869
v 28.6578 		-29.4801 		3.4602
v 28.7839 		-31.0847 		3.0027
v 28.9278 		-33.5329 		2.3047
v 28.6822 		-29.5008 		3.4543
v 28.5865 		-31.8385 		2.7878
v 28.9359 		-33.4657 		2.3239
v 28.7047 		-29.5252 		3.4473
v 28.7972 		-31.0391 		3.0157
v 28.9434 		-33.3954 		2.3439
v 28.7255 		-29.5534 		3.4393
v 28.6225 		-31.8447 		2.786
v 28.9495 		-33.3198 		2.3655
v 28.7445 		-29.5853 		3.4302
v 28.809 		-30.9895 		3.0299
v 28.9543 		-33.2388 		2.3886
v 28.7617 		-29.621 		3.42
v 28.6563 		-31.8548 		2.7831
v 28.9577 		-33.1525 		2.4132
v 28.7773 		-29.6603 		3.4088
v 28.8192 		-30.9358 		3.0452
v 28.9597 		-33.0609 		2.4393
v 28.7914 		-29.7031 		3.3966
v 28.6879 		-31.8691 		2.7791
v 28.9604 		-32.964 		2.4669
v 28.804 		-29.7493 		3.3835
v 28.828 		-30.878 		3.0616
v 28.9598 		-32.8702 		2.4937
v 28.8152 		-29.7989 		3.3693
v 28.7173 		-31.8874 		2.7739
v 28.958 		-32.7805 		2.5192
v 28.8248 		-29.852 		3.3542
v 28.8353 		-30.8161 		3.0793
v 28.9549 		-32.6948 		2.5437
v 28.8329 		-29.9085 		3.338
v 28.7446 		-31.9098 		2.7675
v 28.9506 		-32.6132 		2.5669
v 28.8404 		-29.9712 		3.3202
v 28.8421 		-30.7502 		3.0981
v 28.9451 		-32.5357 		2.589
v 28.7699 		-31.9342 		2.7605
v 28.9383 		-32.4623 		2.61
v 28.8476 		-30.6802 		3.118
v 28.931 		-32.3946 		2.6292
v 28.8465 		-30.0388 		3.3009
v 28.7936 		-31.9624 		2.7525
v 28.9223 		-32.3307 		2.6475
v 28.8513 		-30.1115 		3.2802
v 28.8519 		-30.6062 		3.1392
v 28.912 		-32.2706 		2.6646
v 28.8547 		-30.1891 		3.258
v 28.8157 		-31.9944 		2.7434
v 28.9002 		-32.2142 		2.6807
v 28.8567 		-30.2718 		3.2345
v 28.8549 		-30.528 		3.1614
v 28.8869 		-32.1616 		2.6957
v 28.8574 		-30.3595 		3.2095
v 28.8361 		-32.0301 		2.7332
v 28.8568 		-30.4458 		3.1849
v 28.8721 		-32.1127 		2.7096
v 28.8549 		-32.0695 		2.7219
v 29.4221 		-32.5216 		4.9644
v 29.4016 		-32.3097 		5.0248
v 29.3676 		-32.1194 		5.0791
v 29.3199 		-31.9508 		5.1272
v 29.2585 		-31.8037 		5.1691
v 29.1836 		-31.6783 		5.2048
v 29.0952 		-31.5732 		5.2348
v 28.9934 		-31.4873 		5.2593
v 28.8782 		-31.4204 		5.2784
v 28.7497 		-31.3726 		5.292
v 28.6079 		-31.344 		5.3002
v 28.4527 		-31.3344 		5.3029
v 27.4594 		-31.3344 		5.3029
v 27.4594 		-31.7516 		5.184
v 27.5992 		-31.7516 		5.184
v 27.7782 		-32.2533 		5.0409
v 27.7782 		-35.9965 		3.9737
v 28.3153 		-33.7585 		4.6118
v 28.4453 		-33.7585 		4.6118
v 27.7166 		-36.4353 		3.8486
v 27.7084 		-36.4494 		3.8446
v 28.3153 		-36.4419 		3.8467
v 28.541 		-36.4419 		3.8467
v 27.5992 		-36.5039 		3.829
v 27.4594 		-36.5039 		3.829
v 27.4594 		-36.9211 		3.7101
v 28.5582 		-36.9211 		3.7101
v 28.7134 		-36.9106 		3.7131
v 28.8552 		-36.8791 		3.7221
v 28.9837 		-36.8267 		3.737
v 29.0988 		-36.7532 		3.7579
v 29.2006 		-36.6588 		3.7849
v 29.2891 		-36.5434 		3.8178
v 29.364 		-36.4065 		3.8568
v 29.4253 		-36.2477 		3.9021
v 29.473 		-36.067 		3.9536
v 29.5071 		-35.8644 		4.0114
v 29.5275 		-35.6398 		4.0754
v 29.5343 		-35.3933 		4.1457
v 29.5332 		-35.2991 		4.1725
v 29.53 		-35.2079 		4.1985
v 29.5245 		-35.1199 		4.2236
v 29.5169 		-35.0351 		4.2478
v 29.5071 		-34.9533 		4.2711
v 29.4951 		-34.8747 		4.2935
v 29.4811 		-34.7992 		4.315
v 29.4654 		-34.7269 		4.3357
v 29.4479 		-34.6577 		4.3554
v 29.4286 		-34.5916 		4.3742
v 29.4075 		-34.5286 		4.3922
v 29.3847 		-34.4688 		4.4092
v 29.3603 		-34.4137 		4.425
v 29.3343 		-34.3611 		4.44
v 29.3069 		-34.311 		4.4543
v 29.2779 		-34.2634 		4.4678
v 29.2474 		-34.2183 		4.4807
v 29.2155 		-34.1757 		4.4928
v 29.1829 		-34.1376 		4.5037
v 29.149 		-34.1024 		4.5137
v 29.1137 		-34.07 		4.523
v 29.077 		-34.0404 		4.5314
v 29.039 		-34.0136 		4.539
v 28.9996 		-33.9502 		4.5571
v 29.0318 		-33.9267 		4.5638
v 29.0629 		-33.9013 		4.571
v 29.0929 		-33.8741 		4.5788
v 29.1217 		-33.8449 		4.5871
v 29.1495 		-33.8139 		4.596
v 29.1762 		-33.7811 		4.6053
v 29.2018 		-33.7463 		4.6152
v 29.2261 		-33.7096 		4.6257
v 29.2492 		-33.6711 		4.6367
v 29.2711 		-33.6307 		4.6482
v 29.2917 		-33.5884 		4.6603
v 29.3111 		-33.5443 		4.6728
v 29.3292 		-33.4959 		4.6866
v 29.3458 		-33.4447 		4.7012
v 29.3608 		-33.3907 		4.7166
v 29.3744 		-33.3338 		4.7328
v 29.3864 		-33.2742 		4.7499
v 29.397 		-33.2117 		4.7677
v 29.4067 		-33.1458 		4.7865
v 29.4147 		-33.0758 		4.8064
v 29.4209 		-33.0017 		4.8275
v 29.4253 		-32.9235 		4.8498
v 29.428 		-32.8413 		4.8733
v 29.4289 		-32.7551 		4.8979
v 27.7778 		-32.2024 		5.0554
v 27.7778 		-36.051 		3.9581
v 27.7242 		-36.4193 		3.8531
v 27.6997 		-36.4616 		3.8411
v 27.612 		-36.5034 		3.8292
v 27.7766 		-32.155 		5.0689
v 27.7766 		-36.1018 		3.9437
v 27.7321 		-36.3995 		3.8588
v 27.6905 		-36.472 		3.8381
v 27.6245 		-36.502 		3.8296
v 28.9996 		-33.9896 		4.5459
v 27.6113 		-31.7522 		5.1838
v 27.7745 		-32.111 		5.0815
v 27.7745 		-36.1488 		3.9303
v 27.7395 		-36.3774 		3.8651
v 27.6806 		-36.4804 		3.8357
v 27.6366 		-36.4997 		3.8302
v 27.6231 		-31.7541 		5.1832
v 27.7717 		-32.0704 		5.0931
v 27.7717 		-36.192 		3.918
v 27.7463 		-36.3531 		3.872
v 28.5777 		-36.4403 		3.8472
v 27.6482 		-36.4964 		3.8312
v 27.6347 		-31.7572 		5.1823
v 27.768 		-32.0333 		5.1036
v 27.768 		-36.2314 		3.9067
v 27.7526 		-36.3266 		3.8796
v 27.6703 		-36.487 		3.8338
v 27.6595 		-36.4922 		3.8324
v 27.646 		-31.7616 		5.1811
v 27.7635 		-31.9996 		5.1132
v 27.7635 		-36.2671 		3.8965
v 27.7583 		-36.298 		3.8877
v 27.6571 		-31.7673 		5.1795
v 27.7583 		-31.9672 		5.1225
v 27.6678 		-31.7741 		5.1775
v 27.7526 		-31.9376 		5.1309
v 28.3153 		-34.2377 		4.4751
v 28.6127 		-36.4356 		3.8485
v 27.6783 		-31.7809 		5.1756
v 27.7463 		-31.9109 		5.1385
v 28.6458 		-36.4278 		3.8507
v 27.6883 		-31.7898 		5.1731
v 27.7395 		-31.8869 		5.1454
v 28.4836 		-33.7569 		4.6122
v 28.6773 		-36.4168 		3.8538
v 27.6979 		-31.8009 		5.1699
v 28.3153 		-31.8136 		5.1663
v 28.5197 		-33.7522 		4.6136
v 28.7069 		-36.4028 		3.8579
v 27.7071 		-31.8142 		5.1661
v 27.7321 		-31.8658 		5.1514
v 28.5539 		-33.7444 		4.6158
v 28.7348 		-36.3855 		3.8628
v 27.7159 		-31.8297 		5.1617
v 27.7242 		-31.8474 		5.1566
v 28.586 		-33.7335 		4.6189
v 28.7602 		-36.3647 		3.8687
v 28.616 		-33.7194 		4.6229
v 28.7841 		-36.3398 		3.8758
v 28.644 		-33.7021 		4.6278
v 28.8065 		-36.3108 		3.8841
v 28.438 		-31.8136 		5.1663
v 28.6693 		-33.6816 		4.6337
v 28.8274 		-36.2778 		3.8935
v 28.4754 		-31.815 		5.1659
v 28.6928 		-33.6577 		4.6405
v 28.8468 		-36.2407 		3.9041
v 28.5107 		-31.8192 		5.1647
v 28.7145 		-33.6303 		4.6483
v 28.8648 		-36.1995 		3.9158
v 28.5441 		-31.8263 		5.1627
v 28.5484 		-34.2377 		4.4751
v 28.8804 		-36.1558 		3.9283
v 28.5753 		-31.8362 		5.1598
v 28.7345 		-33.5994 		4.6571
v 28.8945 		-36.1074 		3.9421
v 28.6046 		-31.8488 		5.1562
v 28.7527 		-33.5651 		4.6669
v 28.9071 		-36.0543 		3.9572
v 28.6317 		-31.8643 		5.1518
v 28.7691 		-33.5274 		4.6777
v 28.9182 		-35.9965 		3.9737
v 28.6578 		-31.8813 		5.147
v 28.7839 		-33.4859 		4.6895
v 28.9278 		-35.9341 		3.9915
v 28.6822 		-31.9019 		5.1411
v 28.5865 		-34.2397 		4.4746
v 28.9359 		-35.8669 		4.0106
v 28.7047 		-31.9264 		5.1341
v 28.7972 		-33.4403 		4.7025
v 28.9434 		-35.7966 		4.0307
v 28.7255 		-31.9545 		5.1261
v 28.6225 		-34.2458 		4.4728
v 28.9495 		-35.7209 		4.0523
v 28.7445 		-31.9865 		5.117
v 28.809 		-33.3907 		4.7166
v 28.9543 		-35.64 		4.0753
v 28.7617 		-32.0222 		5.1068
v 28.6563 		-34.256 		4.4699
v 28.9577 		-35.5537 		4.0999
v 28.7773 		-32.0615 		5.0956
v 28.8192 		-33.337 		4.732
v 28.9597 		-35.4621 		4.1261
v 28.7914 		-32.1042 		5.0834
v 28.6879 		-34.2703 		4.4659
v 28.9604 		-35.3652 		4.1537
v 28.804 		-32.1504 		5.0702
v 28.828 		-33.2792 		4.7484
v 28.9598 		-35.2714 		4.1804
v 28.8152 		-32.2001 		5.0561
v 28.7173 		-34.2886 		4.4606
v 28.958 		-35.1816 		4.206
v 28.8248 		-32.2532 		5.0409
v 28.8353 		-33.2173 		4.7661
v 28.9549 		-35.096 		4.2304
v 28.8329 		-32.3097 		5.0248
v 28.7446 		-34.311 		4.4543
v 28.9506 		-35.0144 		4.2537
v 28.8404 		-32.3723 		5.007
v 28.8421 		-33.1514 		4.7849
v 28.9451 		-34.9369 		4.2758
v 28.7699 		-34.3354 		4.4473
v 28.9383 		-34.8634 		4.2967
v 28.8476 		-33.0814 		4.8048
v 28.931 		-34.7958 		4.316
v 28.8465 		-32.44 		4.9877
v 28.7936 		-34.3636 		4.4393
v 28.9223 		-34.7319 		4.3342
v 28.8513 		-32.5126 		4.967
v 28.8519 		-33.0073 		4.8259
v 28.912 		-34.6718 		4.3514
v 28.8547 		-32.5903 		4.9448
v 28.8157 		-34.3955 		4.4301
v 28.9002 		-34.6154 		4.3675
v 28.8567 		-32.673 		4.9213
v 28.8549 		-32.9292 		4.8482
v 28.8869 		-34.5628 		4.3825
v 28.8574 		-32.7607 		4.8963
v 28.8361 		-34.4312 		4.42
v 28.8568 		-32.847 		4.8717
v 28.8721 		-34.5139 		4.3964
v 28.8549 		-34.4707 		4.4087
v 32.1465 		-28.9333 		3.6161
v 32.1465 		-29.3448 		3.4988
v 31.9968 		-29.3448 		3.4988
v 31.2537 		-29.3448 		3.4988
v 31.2537 		-28.9333 		3.6161
v 31.4726 		-29.3738 		3.4905
v 31.4622 		-29.3673 		3.4923
v 31.4515 		-29.3604 		3.4943
v 30.6855 		-29.3604 		3.4943
v 30.6748 		-29.3673 		3.4923
v 30.6644 		-29.3739 		3.4905
v 30.8858 		-28.9333 		3.6161
v 30.8858 		-29.3448 		3.4988
v 30.7411 		-29.3448 		3.4988
v 29.7109 		-29.3448 		3.4988
v 29.7109 		-28.9333 		3.6161
v 30.0316 		-32.9749 		2.4638
v 30.0298 		-32.8174 		2.5087
v 30.0298 		-29.824 		3.3622
v 30.0457 		-33.2656 		2.3809
v 30.0369 		-33.1243 		2.4212
v 30.0741 		-33.5237 		2.3073
v 30.0581 		-33.3987 		2.343
v 30.1164 		-33.7498 		2.2429
v 30.0936 		-33.6405 		2.274
v 30.1714 		-33.9477 		2.1864
v 30.1423 		-33.8522 		2.2137
v 30.239 		-34.1181 		2.1379
v 30.2037 		-34.0363 		2.1612
v 30.3198 		-34.2611 		2.0971
v 30.2775 		-34.1929 		2.1165
v 30.413 		-34.3776 		2.0639
v 30.365 		-34.3226 		2.0796
v 30.5177 		-34.4678 		2.0382
v 30.4639 		-34.4259 		2.0501
v 30.6344 		-34.5323 		2.0198
v 30.5743 		-34.503 		2.0281
v 30.7619 		-34.5749 		2.0076
v 30.6969 		-34.5562 		2.0129
v 30.8993 		-34.5962 		2.0016
v 30.8294 		-34.5882 		2.0038
v 31.0443 		-34.5957 		2.0017
v 30.9716 		-34.5988 		2.0008
v 31.1795 		-34.5706 		2.0088
v 31.1136 		-34.5863 		2.0044
v 31.301 		-34.5205 		2.0231
v 31.242 		-34.5487 		2.0151
v 31.409 		-34.4438 		2.045
v 31.3567 		-34.4861 		2.0329
v 31.5039 		-34.3423 		2.0739
v 31.4581 		-34.3959 		2.0587
v 31.5856 		-34.2183 		2.1093
v 31.5464 		-34.2831 		2.0908
v 31.6552 		-34.0736 		2.1505
v 31.6216 		-34.1478 		2.1294
v 31.7129 		-33.9082 		2.1977
v 31.6856 		-33.9937 		2.1733
v 31.7582 		-33.7203 		2.2513
v 31.7371 		-33.8171 		2.2237
v 31.7911 		-33.5122 		2.3106
v 31.7761 		-33.6179 		2.2805
v 31.8129 		-33.2867 		2.3749
v 31.8034 		-33.4018 		2.3421
v 31.8238 		-33.0424 		2.4445
v 31.8197 		-33.1669 		2.409
v 31.8252 		-29.8578 		3.3525
v 31.8252 		-32.9133 		2.4814
v 31.9413 		-29.3604 		3.4943
v 31.9306 		-29.3673 		3.4923
v 31.9202 		-29.3739 		3.4905
v 31.9855 		-29.3454 		3.4986
v 31.3959 		-29.3448 		3.4988
v 30.7297 		-29.3454 		3.4986
v 29.8556 		-29.3448 		3.4988
v 31.9742 		-29.3473 		3.4981
v 31.4073 		-29.3454 		3.4986
v 30.7184 		-29.3473 		3.4981
v 29.867 		-29.3454 		3.4986
v 31.9631 		-29.3504 		3.4972
v 31.4186 		-29.3473 		3.4981
v 30.7073 		-29.3504 		3.4972
v 29.8783 		-29.3473 		3.4981
v 30.0294 		-29.7732 		3.3766
v 31.9522 		-29.3548 		3.4959
v 31.4297 		-29.3504 		3.4972
v 30.6964 		-29.3548 		3.4959
v 29.8894 		-29.3504 		3.4972
v 31.8255 		-29.8033 		3.3681
v 31.4406 		-29.3548 		3.4959
v 29.9003 		-29.3548 		3.4959
v 31.8265 		-29.7526 		3.3825
v 29.9112 		-29.3604 		3.4943
v 31.9102 		-29.3824 		3.4881
v 30.6544 		-29.3824 		3.4881
v 29.9219 		-29.3673 		3.4923
v 31.9006 		-29.3927 		3.4851
v 31.4826 		-29.3817 		3.4882
v 30.6448 		-29.3927 		3.4851
v 29.9315 		-29.3738 		3.4905
v 31.8914 		-29.4049 		3.4816
v 31.4922 		-29.3913 		3.4855
v 30.6356 		-29.4049 		3.4816
v 29.9409 		-29.3817 		3.4882
v 31.8826 		-29.419 		3.4776
v 31.5014 		-29.4024 		3.4823
v 30.6268 		-29.419 		3.4776
v 29.9501 		-29.3913 		3.4855
v 31.8742 		-29.435 		3.4731
v 30.6184 		-29.435 		3.4731
v 31.8664 		-29.4549 		3.4674
v 30.6106 		-29.4549 		3.4674
v 31.8592 		-29.477 		3.4611
v 30.6034 		-29.477 		3.4611
v 31.8528 		-29.5012 		3.4542
v 30.597 		-29.5012 		3.4542
v 31.847 		-29.5277 		3.4466
v 30.5912 		-29.5277 		3.4466
v 31.8419 		-29.5563 		3.4385
v 30.5861 		-29.5563 		3.4385
v 31.8374 		-29.5872 		3.4297
v 30.5816 		-29.5872 		3.4297
v 31.8337 		-29.6229 		3.4195
v 30.5779 		-29.6229 		3.4195
v 31.8306 		-29.6624 		3.4082
v 30.5748 		-29.6624 		3.4082
v 31.8282 		-29.7056 		3.3959
v 30.5724 		-29.7056 		3.3959
v 30.5707 		-29.7526 		3.3825
v 31.5102 		-29.4151 		3.4787
v 30.5697 		-29.8033 		3.3681
v 31.5186 		-29.4294 		3.4747
v 30.5694 		-29.8578 		3.3525
v 31.5264 		-29.4475 		3.4695
v 29.9589 		-29.4024 		3.4823
v 31.5336 		-29.4682 		3.4636
v 29.9675 		-29.4151 		3.4787
v 31.54 		-29.4914 		3.457
v 29.9758 		-29.4294 		3.4747
v 31.5458 		-29.517 		3.4497
v 29.9837 		-29.4475 		3.4695
v 31.5509 		-29.5452 		3.4416
v 29.9911 		-29.4682 		3.4636
v 31.5554 		-29.5759 		3.4329
v 29.9979 		-29.4914 		3.457
v 31.5599 		-29.6094 		3.4233
v 30.0042 		-29.517 		3.4497
v 31.5635 		-29.6461 		3.4129
v 30.0099 		-29.5452 		3.4416
v 31.5664 		-29.6859 		3.4015
v 30.0151 		-29.5759 		3.4329
v 31.5684 		-29.7288 		3.3893
v 30.5694 		-32.8851 		2.4894
v 30.5703 		-32.9912 		2.4591
v 31.5697 		-29.7748 		3.3762
v 30.5732 		-33.0918 		2.4305
v 31.5701 		-29.824 		3.3622
v 30.578 		-33.1867 		2.4034
v 31.5701 		-32.8963 		2.4862
v 30.5846 		-33.2759 		2.378
v 31.5691 		-32.9937 		2.4584
v 30.5932 		-33.3595 		2.3541
v 31.566 		-33.0868 		2.4319
v 30.6037 		-33.4375 		2.3319
v 31.5609 		-33.1754 		2.4066
v 30.0196 		-29.6079 		3.4238
v 31.5537 		-33.2596 		2.3826
v 30.0232 		-29.6436 		3.4136
v 31.5445 		-33.3395 		2.3598
v 30.0261 		-29.683 		3.4023
v 31.5333 		-33.415 		2.3383
v 30.0281 		-29.7263 		3.39
v 31.521 		-33.4861 		2.3181
v 31.5071 		-33.5528 		2.299
v 31.4916 		-33.6151 		2.2813
v 30.6168 		-33.5085 		2.3117
v 31.4744 		-33.673 		2.2648
v 30.6315 		-33.5747 		2.2928
v 31.4556 		-33.7266 		2.2495
v 30.6479 		-33.6362 		2.2752
v 31.4352 		-33.7758 		2.2355
v 30.6658 		-33.6931 		2.259
v 31.4132 		-33.8207 		2.2227
v 30.6855 		-33.7452 		2.2442
v 31.3897 		-33.8616 		2.211
v 30.7067 		-33.7927 		2.2306
v 30.7296 		-33.8357 		2.2184
v 31.3647 		-33.8984 		2.2005
v 30.7539 		-33.8747 		2.2072
v 31.3382 		-33.9311 		2.1912
v 30.7797 		-33.9097 		2.1973
v 31.3102 		-33.9598 		2.183
v 30.807 		-33.9405 		2.1885
v 31.2807 		-33.9844 		2.176
v 30.8358 		-33.9673 		2.1809
v 31.249 		-34.0033 		2.1706
v 30.8662 		-33.99 		2.1744
v 31.2163 		-34.0188 		2.1662
v 30.8978 		-34.0072 		2.1695
v 31.1826 		-34.0309 		2.1627
v 30.9307 		-34.0213 		2.1655
v 31.1477 		-34.0395 		2.1603
v 31.1117 		-34.0446 		2.1588
v 30.9649 		-34.0323 		2.1623
v 31.0746 		-34.0464 		2.1583
v 31.0002 		-34.0401 		2.1601
v 31.0368 		-34.0448 		2.1588
v 31.9968 		-31.746 		5.1856
v 32.1465 		-31.746 		5.1856
v 32.1465 		-31.3344 		5.3029
v 31.2537 		-31.3344 		5.3029
v 31.2537 		-31.746 		5.1856
v 31.4515 		-31.7616 		5.1811
v 31.4622 		-31.7685 		5.1791
v 31.4726 		-31.7749 		5.1773
v 30.6644 		-31.7751 		5.1773
v 30.6748 		-31.7685 		5.1791
v 30.6855 		-31.7616 		5.1811
v 30.7411 		-31.746 		5.1856
v 30.8858 		-31.746 		5.1856
v 30.8858 		-31.3344 		5.3029
v 29.7109 		-31.3344 		5.3029
v 29.7109 		-31.746 		5.1856
v 30.0298 		-32.2251 		5.0489
v 30.0298 		-35.2186 		4.1955
v 30.0316 		-35.3761 		4.1506
v 30.0369 		-35.5255 		4.108
v 30.0457 		-35.6668 		4.0677
v 30.0581 		-35.7999 		4.0298
v 30.0741 		-35.9248 		3.9941
v 30.0936 		-36.0416 		3.9608
v 30.1164 		-36.1509 		3.9297
v 30.1423 		-36.2534 		3.9005
v 30.1714 		-36.3489 		3.8732
v 30.2037 		-36.4375 		3.848
v 30.239 		-36.5193 		3.8247
v 30.2775 		-36.5941 		3.8033
v 30.3198 		-36.6622 		3.7839
v 30.365 		-36.7238 		3.7663
v 30.413 		-36.7787 		3.7507
v 30.4639 		-36.8271 		3.7369
v 30.5177 		-36.8689 		3.725
v 30.5743 		-36.9042 		3.7149
v 30.6344 		-36.9334 		3.7066
v 30.6969 		-36.9574 		3.6997
v 30.7619 		-36.976 		3.6944
v 30.8294 		-36.9894 		3.6906
v 30.8993 		-36.9973 		3.6883
v 30.9716 		-37 		3.6876
v 31.0443 		-36.9969 		3.6885
v 31.1136 		-36.9875 		3.6912
v 31.1795 		-36.9718 		3.6956
v 31.242 		-36.9499 		3.7019
v 31.301 		-36.9217 		3.7099
v 31.3567 		-36.8873 		3.7197
v 31.409 		-36.845 		3.7318
v 31.4581 		-36.7971 		3.7454
v 31.5039 		-36.7435 		3.7607
v 31.5464 		-36.6843 		3.7776
v 31.5856 		-36.6195 		3.7961
v 31.6216 		-36.549 		3.8162
v 31.6552 		-36.4748 		3.8373
v 31.6856 		-36.3949 		3.8601
v 31.7129 		-36.3094 		3.8845
v 31.7371 		-36.2183 		3.9105
v 31.7582 		-36.1215 		3.9381
v 31.7761 		-36.0191 		3.9673
v 31.7911 		-35.9134 		3.9974
v 31.8034 		-35.803 		4.0289
v 31.8129 		-35.6879 		4.0617
v 31.8197 		-35.5681 		4.0958
v 31.8238 		-35.4436 		4.1313
v 31.8252 		-35.3144 		4.1682
v 31.8252 		-32.259 		5.0393
v 31.9202 		-31.7751 		5.1773
v 31.9306 		-31.7685 		5.1791
v 31.9413 		-31.7616 		5.1811
v 31.9855 		-31.7466 		5.1854
v 31.3959 		-31.746 		5.1856
v 30.7297 		-31.7466 		5.1854
v 29.8556 		-31.746 		5.1856
v 31.9742 		-31.7485 		5.1848
v 31.4073 		-31.7466 		5.1854
v 30.7184 		-31.7485 		5.1848
v 29.867 		-31.7466 		5.1854
v 31.9631 		-31.7516 		5.184
v 31.4186 		-31.7485 		5.1848
v 30.7073 		-31.7516 		5.184
v 29.8783 		-31.7485 		5.1848
v 30.0294 		-32.1744 		5.0634
v 31.9522 		-31.756 		5.1827
v 31.4297 		-31.7516 		5.184
v 30.6964 		-31.756 		5.1827
v 29.8894 		-31.7516 		5.184
v 31.8255 		-32.2045 		5.0548
v 31.4406 		-31.756 		5.1827
v 29.9003 		-31.756 		5.1827
v 31.8265 		-32.1537 		5.0693
v 29.9112 		-31.7616 		5.1811
v 31.9102 		-31.7835 		5.1748
v 30.6544 		-31.7835 		5.1748
v 29.9219 		-31.7685 		5.1791
v 31.9006 		-31.7939 		5.1719
v 31.4826 		-31.7829 		5.175
v 30.6448 		-31.7939 		5.1719
v 29.9315 		-31.7749 		5.1773
v 31.8914 		-31.8061 		5.1684
v 31.4922 		-31.7925 		5.1723
v 30.6356 		-31.8061 		5.1684
v 29.9409 		-31.7829 		5.175
v 31.8826 		-31.8202 		5.1644
v 31.5014 		-31.8036 		5.1691
v 30.6268 		-31.8202 		5.1644
v 29.9501 		-31.7925 		5.1723
v 31.8742 		-31.8362 		5.1598
v 30.6184 		-31.8362 		5.1598
v 31.8664 		-31.856 		5.1542
v 30.6106 		-31.856 		5.1542
v 31.8592 		-31.8781 		5.1479
v 30.6034 		-31.8781 		5.1479
v 31.8528 		-31.9024 		5.141
v 30.597 		-31.9024 		5.141
v 31.847 		-31.9289 		5.1334
v 30.5912 		-31.9289 		5.1334
v 31.8419 		-31.9575 		5.1252
v 30.5861 		-31.9575 		5.1252
v 31.8374 		-31.9884 		5.1164
v 30.5816 		-31.9884 		5.1164
v 31.8337 		-32.0241 		5.1063
v 30.5779 		-32.0241 		5.1063
v 31.8306 		-32.0635 		5.095
v 30.5748 		-32.0635 		5.095
v 31.8282 		-32.1068 		5.0827
v 30.5724 		-32.1068 		5.0827
v 30.5707 		-32.1537 		5.0693
v 31.5102 		-31.8163 		5.1655
v 30.5697 		-32.2045 		5.0548
v 31.5186 		-31.8305 		5.1614
v 30.5694 		-32.259 		5.0393
v 31.5264 		-31.8487 		5.1563
v 29.9589 		-31.8036 		5.1691
v 31.5336 		-31.8694 		5.1504
v 29.9675 		-31.8163 		5.1655
v 31.54 		-31.8925 		5.1438
v 29.9758 		-31.8305 		5.1614
v 31.5458 		-31.9182 		5.1364
v 29.9837 		-31.8487 		5.1563
v 31.5509 		-31.9464 		5.1284
v 29.9911 		-31.8694 		5.1504
v 31.5554 		-31.9771 		5.1197
v 29.9979 		-31.8925 		5.1438
v 31.5599 		-32.0106 		5.1101
v 30.0042 		-31.9182 		5.1364
v 31.5635 		-32.0472 		5.0997
v 30.0099 		-31.9464 		5.1284
v 31.5664 		-32.087 		5.0883
v 30.0151 		-31.9771 		5.1197
v 31.5684 		-32.1299 		5.0761
v 30.5694 		-35.2862 		4.1762
v 30.5703 		-35.3924 		4.1459
v 31.5697 		-32.176 		5.063
v 30.5732 		-35.4929 		4.1173
v 31.5701 		-32.2251 		5.0489
v 30.578 		-35.5878 		4.0902
v 31.5701 		-35.2975 		4.173
v 30.5846 		-35.6771 		4.0648
v 31.5691 		-35.3949 		4.1452
v 30.5932 		-35.7607 		4.0409
v 31.566 		-35.4879 		4.1187
v 30.6037 		-35.8387 		4.0187
v 31.5609 		-35.5766 		4.0934
v 30.0196 		-32.009 		5.1106
v 31.5537 		-35.6608 		4.0694
v 30.0232 		-32.0447 		5.1004
v 31.5445 		-35.7407 		4.0466
v 30.0261 		-32.0842 		5.0891
v 31.5333 		-35.8162 		4.0251
v 30.0281 		-32.1274 		5.0768
v 31.521 		-35.8872 		4.0048
v 31.5071 		-35.954 		3.9858
v 31.4916 		-36.0163 		3.9681
v 30.6168 		-35.9096 		3.9985
v 31.4744 		-36.0742 		3.9515
v 30.6315 		-35.9759 		3.9796
v 31.4556 		-36.1278 		3.9363
v 30.6479 		-36.0374 		3.962
v 31.4352 		-36.1769 		3.9222
v 30.6658 		-36.0943 		3.9458
v 31.4132 		-36.2219 		3.9094
v 30.6855 		-36.1464 		3.931
v 31.3897 		-36.2628 		3.8978
v 30.7067 		-36.1939 		3.9174
v 30.7296 		-36.2369 		3.9051
v 31.3647 		-36.2996 		3.8873
v 30.7539 		-36.2759 		3.894
v 31.3382 		-36.3323 		3.878
v 30.7797 		-36.3108 		3.8841
v 31.3102 		-36.3609 		3.8698
v 30.807 		-36.3417 		3.8753
v 31.2807 		-36.3855 		3.8628
v 30.8358 		-36.3685 		3.8676
v 31.249 		-36.4045 		3.8574
v 30.8662 		-36.3912 		3.8612
v 31.2163 		-36.42 		3.853
v 30.8978 		-36.4084 		3.8563
v 31.1826 		-36.432 		3.8495
v 30.9307 		-36.4225 		3.8522
v 31.1477 		-36.4406 		3.8471
v 31.1117 		-36.4458 		3.8456
v 30.9649 		-36.4334 		3.8491
v 31.0746 		-36.4475 		3.8451
v 31.0002 		-36.4413 		3.8469
v 31.0368 		-36.446 		3.8455
v 33.4734 		-34.5199 		2.0233
v 32.2961 		-34.5199 		2.0233
v 32.2961 		-34.1027 		2.1422
v 33.3287 		-34.1027 		2.1422
v 33.4734 		-34.1027 		2.1422
v 33.2708 		-29.3661 		3.4927
v 33.26 		-29.373 		3.4907
v 33.2489 		-29.3796 		3.4889
v 33.4734 		-28.9333 		3.6161
v 33.4734 		-29.3504 		3.4972
v 33.3287 		-29.3504 		3.4972
v 32.2961 		-29.3504 		3.4972
v 32.2961 		-28.9333 		3.6161
v 32.5198 		-29.3796 		3.4889
v 32.5095 		-29.373 		3.4907
v 32.4986 		-29.3661 		3.4927
v 32.4383 		-34.1027 		2.1422
v 33.3165 		-34.1023 		2.1424
v 33.3165 		-29.3511 		3.497
v 32.4383 		-29.3504 		3.4972
v 32.4512 		-34.1023 		2.1424
v 33.3047 		-34.1009 		2.1428
v 33.3047 		-29.3529 		3.4965
v 32.4512 		-29.3511 		3.497
v 32.4637 		-34.1009 		2.1428
v 33.2931 		-34.0985 		2.1434
v 33.2931 		-29.3561 		3.4956
v 32.4637 		-29.3529 		3.4965
v 32.4757 		-34.0985 		2.1434
v 33.2818 		-34.0952 		2.1444
v 33.2818 		-29.3604 		3.4943
v 32.4757 		-29.3561 		3.4956
v 32.4874 		-34.0952 		2.1444
v 33.2708 		-34.091 		2.1456
v 32.4874 		-29.3604 		3.4943
v 32.4986 		-34.091 		2.1456
v 33.26 		-34.0858 		2.1471
v 32.5095 		-34.0858 		2.1471
v 33.2489 		-34.0792 		2.1489
v 33.2385 		-29.388 		3.4865
v 32.5198 		-34.0792 		2.1489
v 33.2385 		-34.0708 		2.1514
v 33.2287 		-29.3983 		3.4835
v 32.5296 		-29.388 		3.4865
v 32.5296 		-34.0708 		2.1514
v 33.2287 		-34.0605 		2.1543
v 33.2197 		-29.4106 		3.48
v 32.5389 		-29.3983 		3.4835
v 32.5389 		-34.0605 		2.1543
v 33.2197 		-34.0482 		2.1578
v 33.2113 		-29.4247 		3.476
v 32.5476 		-29.4106 		3.48
v 32.5476 		-34.0482 		2.1578
v 33.2113 		-34.0342 		2.1618
v 32.5558 		-34.0342 		2.1618
v 33.2036 		-29.4406 		3.4715
v 32.5634 		-34.0182 		2.1664
v 33.1957 		-29.4605 		3.4658
v 32.5713 		-33.9983 		2.172
v 33.1886 		-29.4826 		3.4595
v 32.5784 		-33.9762 		2.1783
v 33.1821 		-29.5069 		3.4526
v 32.5849 		-33.9519 		2.1852
v 33.1763 		-29.5333 		3.445
v 32.5907 		-33.9255 		2.1928
v 33.1712 		-29.562 		3.4369
v 32.5958 		-33.8968 		2.201
v 33.1668 		-29.5928 		3.4281
v 32.6002 		-33.866 		2.2097
v 33.163 		-29.6285 		3.4179
v 32.6047 		-33.8303 		2.2199
v 33.16 		-29.668 		3.4066
v 32.6084 		-33.7908 		2.2312
v 33.1576 		-29.7112 		3.3943
v 32.6112 		-33.7476 		2.2435
v 33.1559 		-29.7582 		3.3809
v 32.6133 		-33.7006 		2.2569
v 33.1549 		-29.8089 		3.3664
v 32.6145 		-33.6499 		2.2714
v 33.1545 		-29.8634 		3.3509
v 32.6149 		-33.5954 		2.2869
v 32.5558 		-29.4247 		3.476
v 32.5634 		-29.4406 		3.4715
v 33.2036 		-34.0182 		2.1664
v 32.5713 		-29.4605 		3.4658
v 33.1957 		-33.9983 		2.172
v 32.5784 		-29.4826 		3.4595
v 33.1886 		-33.9762 		2.1783
v 32.5849 		-29.5069 		3.4526
v 33.1821 		-33.9519 		2.1852
v 32.5907 		-29.5333 		3.445
v 33.1763 		-33.9255 		2.1928
v 32.5958 		-29.562 		3.4369
v 33.1712 		-33.8968 		2.201
v 32.6002 		-29.5928 		3.4281
v 33.1668 		-33.866 		2.2097
v 33.1545 		-33.5954 		2.2869
v 32.6149 		-29.8634 		3.3509
v 33.1549 		-33.6499 		2.2714
v 32.6145 		-29.8089 		3.3664
v 33.1559 		-33.7006 		2.2569
v 32.6133 		-29.7582 		3.3809
v 33.1576 		-33.7476 		2.2435
v 32.6112 		-29.7112 		3.3943
v 33.16 		-33.7908 		2.2312
v 32.6084 		-29.668 		3.4066
v 33.163 		-33.8303 		2.2199
v 32.6047 		-29.6285 		3.4179
v 32.2961 		-36.5039 		3.829
v 32.2961 		-36.9211 		3.7101
v 33.4734 		-36.9211 		3.7101
v 33.4734 		-36.5039 		3.829
v 33.3287 		-36.5039 		3.829
v 33.2489 		-31.7807 		5.1756
v 33.26 		-31.7741 		5.1775
v 33.2708 		-31.7673 		5.1795
v 33.3287 		-31.7516 		5.184
v 33.4734 		-31.7516 		5.184
v 33.4734 		-31.3344 		5.3029
v 32.2961 		-31.3344 		5.3029
v 32.2961 		-31.7516 		5.184
v 32.4986 		-31.7673 		5.1795
v 32.5095 		-31.7741 		5.1775
v 32.5198 		-31.7807 		5.1756
v 32.4383 		-36.5039 		3.829
v 33.3165 		-36.5034 		3.8292
v 33.3165 		-31.7522 		5.1838
v 32.4383 		-31.7516 		5.184
v 32.4512 		-36.5034 		3.8292
v 33.3047 		-36.502 		3.8296
v 33.3047 		-31.7541 		5.1832
v 32.4512 		-31.7522 		5.1838
v 32.4637 		-36.502 		3.8296
v 33.2931 		-36.4997 		3.8302
v 33.2931 		-31.7572 		5.1823
v 32.4637 		-31.7541 		5.1832
v 32.4757 		-36.4997 		3.8302
v 33.2818 		-36.4964 		3.8312
v 33.2818 		-31.7616 		5.1811
v 32.4757 		-31.7572 		5.1823
v 32.4874 		-36.4964 		3.8312
v 33.2708 		-36.4922 		3.8324
v 32.4874 		-31.7616 		5.1811
v 32.4986 		-36.4922 		3.8324
v 33.26 		-36.487 		3.8338
v 32.5095 		-36.487 		3.8338
v 33.2489 		-36.4804 		3.8357
v 33.2385 		-31.7892 		5.1732
v 32.5198 		-36.4804 		3.8357
v 33.2385 		-36.472 		3.8381
v 33.2287 		-31.7995 		5.1703
v 32.5296 		-31.7892 		5.1732
v 32.5296 		-36.472 		3.8381
v 33.2287 		-36.4616 		3.8411
v 33.2197 		-31.8117 		5.1668
v 32.5389 		-31.7995 		5.1703
v 32.5389 		-36.4616 		3.8411
v 33.2197 		-36.4494 		3.8446
v 33.2113 		-31.8258 		5.1628
v 32.5476 		-31.8117 		5.1668
v 32.5476 		-36.4494 		3.8446
v 33.2113 		-36.4353 		3.8486
v 32.5558 		-36.4353 		3.8486
v 33.2036 		-31.8418 		5.1582
v 32.5634 		-36.4193 		3.8531
v 33.1957 		-31.8617 		5.1526
v 32.5713 		-36.3995 		3.8588
v 33.1886 		-31.8838 		5.1463
v 32.5784 		-36.3774 		3.8651
v 33.1821 		-31.908 		5.1393
v 32.5849 		-36.3531 		3.872
v 33.1763 		-31.9345 		5.1318
v 32.5907 		-36.3266 		3.8796
v 33.1712 		-31.9632 		5.1236
v 32.5958 		-36.298 		3.8877
v 33.1668 		-31.994 		5.1148
v 32.6002 		-36.2671 		3.8965
v 33.163 		-32.0297 		5.1047
v 32.6047 		-36.2314 		3.9067
v 33.16 		-32.0692 		5.0934
v 32.6084 		-36.192 		3.918
v 33.1576 		-32.1124 		5.0811
v 32.6112 		-36.1488 		3.9303
v 33.1559 		-32.1594 		5.0677
v 32.6133 		-36.1018 		3.9437
v 33.1549 		-32.2101 		5.0532
v 32.6145 		-36.051 		3.9581
v 33.1545 		-32.2646 		5.0377
v 32.6149 		-35.9965 		3.9737
v 32.5558 		-31.8258 		5.1628
v 32.5634 		-31.8418 		5.1582
v 33.2036 		-36.4193 		3.8531
v 32.5713 		-31.8617 		5.1526
v 33.1957 		-36.3995 		3.8588
v 32.5784 		-31.8838 		5.1463
v 33.1886 		-36.3774 		3.8651
v 32.5849 		-31.908 		5.1393
v 33.1821 		-36.3531 		3.872
v 32.5907 		-31.9345 		5.1318
v 33.1763 		-36.3266 		3.8796
v 32.5958 		-31.9632 		5.1236
v 33.1712 		-36.298 		3.8877
v 32.6002 		-31.994 		5.1148
v 33.1668 		-36.2671 		3.8965
v 33.1545 		-35.9965 		3.9737
v 32.6149 		-32.2646 		5.0377
v 33.1549 		-36.051 		3.9581
v 32.6145 		-32.2101 		5.0532
v 33.1559 		-36.1018 		3.9437
v 32.6133 		-32.1594 		5.0677
v 33.1576 		-36.1488 		3.9303
v 32.6112 		-32.1124 		5.0811
v 33.16 		-36.192 		3.918
v 32.6084 		-32.0692 		5.0934
v 33.163 		-36.2314 		3.9067
v 32.6047 		-32.0297 		5.1047
v 35.3171 		-30.4482 		3.1842
v 35.2835 		-30.4497 		3.1838
v 35.2829 		-30.3841 		3.2025
v 35.3803 		-30.4356 		3.1878
v 35.3494 		-30.4435 		3.1855
v 35.4381 		-30.4106 		3.1949
v 35.4099 		-30.4247 		3.1909
v 35.4912 		-30.3753 		3.205
v 35.465 		-30.3933 		3.1998
v 35.5392 		-30.3327 		3.2171
v 35.5159 		-30.3551 		3.2107
v 35.5811 		-30.2814 		3.2317
v 35.5609 		-30.3082 		3.2241
v 35.6171 		-30.2214 		3.2488
v 35.5999 		-30.2524 		3.24
v 35.6471 		-30.1538 		3.2681
v 35.6328 		-30.1885 		3.2582
v 35.6711 		-30.0786 		3.2896
v 35.6598 		-30.1171 		3.2786
v 35.689 		-29.9962 		3.313
v 35.6808 		-30.0382 		3.3011
v 35.701 		-29.9085 		3.338
v 35.6958 		-29.953 		3.3254
v 35.707 		-29.8158 		3.3645
v 35.7048 		-29.8628 		3.3511
v 35.7064 		-29.7043 		3.3963
v 35.7078 		-29.7676 		3.3782
v 35.6955 		-29.5816 		3.4313
v 35.7023 		-29.6423 		3.4139
v 35.6737 		-29.4638 		3.4648
v 35.686 		-29.5221 		3.4482
v 35.6418 		-29.3534 		3.4963
v 35.6587 		-29.4068 		3.4811
v 35.5992 		-29.2532 		3.5249
v 35.6219 		-29.3022 		3.5109
v 35.5453 		-29.1617 		3.551
v 35.5737 		-29.2064 		3.5382
v 35.4808 		-29.0811 		3.574
v 35.514 		-29.1193 		3.5631
v 35.4061 		-29.0122 		3.5936
v 35.4448 		-29.0454 		3.5841
v 35.3205 		-28.9533 		3.6104
v 35.3647 		-28.9815 		3.6024
v 35.2232 		-28.9052 		3.6241
v 35.2737 		-28.9276 		3.6177
v 35.1142 		-28.8727 		3.6334
v 35.1701 		-28.8869 		3.6293
v 34.9943 		-28.8564 		3.638
v 35.0556 		-28.8625 		3.6363
v 34.8357 		-28.8603 		3.6369
v 34.9303 		-28.8543 		3.6386
v 34.658 		-28.9079 		3.6233
v 34.745 		-28.8781 		3.6318
v 34.4956 		-29.0031 		3.5962
v 34.5749 		-28.9495 		3.6115
v 34.3493 		-29.1428 		3.5564
v 34.4201 		-29.0686 		3.5775
v 34.2196 		-29.3194 		3.506
v 34.2825 		-29.2264 		3.5325
v 34.1057 		-29.5336 		3.4449
v 34.1607 		-29.4218 		3.4768
v 34.0076 		-29.785 		3.3733
v 34.0547 		-29.6548 		3.4104
v 33.9253 		-30.0706 		3.2918
v 33.9645 		-29.9236 		3.3338
v 33.8588 		-30.3901 		3.2008
v 33.8901 		-30.2261 		3.2475
v 33.809 		-30.7404 		3.1009
v 33.8315 		-30.5625 		3.1516
v 33.7763 		-31.1149 		2.9941
v 33.7906 		-30.9245 		3.0484
v 33.7599 		-31.5146 		2.8802
v 33.7661 		-31.3116 		2.938
v 33.7599 		-31.9366 		2.7598
v 33.7579 		-31.7238 		2.8205
v 33.7757 		-32.3425 		2.6441
v 33.7658 		-32.1428 		2.701
v 33.8073 		-32.7221 		2.5359
v 33.7895 		-32.5355 		2.5891
v 33.8556 		-33.0744 		2.4354
v 33.829 		-32.902 		2.4846
v 33.921 		-33.3938 		2.3444
v 33.8862 		-33.2383 		2.3887
v 34.0027 		-33.6795 		2.2629
v 33.9598 		-33.5409 		2.3024
v 34.1009 		-33.9308 		2.1913
v 34.0498 		-33.8096 		2.2258
v 34.2153 		-34.145 		2.1302
v 34.156 		-34.0426 		2.1594
v 34.3461 		-34.3217 		2.0798
v 34.2787 		-34.238 		2.1037
v 34.4934 		-34.4579 		2.041
v 34.4177 		-34.3959 		2.0587
v 34.6574 		-34.5481 		2.0153
v 34.5733 		-34.5086 		2.0265
v 34.8384 		-34.5932 		2.0024
v 34.7458 		-34.5763 		2.0072
v 35.0053 		-34.5962 		2.0016
v 34.9352 		-34.5988 		2.0008
v 35.1345 		-34.5749 		2.0076
v 35.0717 		-34.5882 		2.0038
v 35.2489 		-34.5323 		2.0198
v 35.1935 		-34.5562 		2.0129
v 35.3481 		-34.4678 		2.0382
v 35.3006 		-34.503 		2.0281
v 35.4337 		-34.3888 		2.0607
v 35.3925 		-34.4297 		2.049
v 35.5067 		-34.2986 		2.0864
v 35.4718 		-34.3451 		2.0731
v 35.5666 		-34.1978 		2.1151
v 35.5385 		-34.2493 		2.1005
v 35.6146 		-34.0901 		2.1459
v 35.592 		-34.1447 		2.1303
v 35.6516 		-33.9761 		2.1784
v 35.6345 		-34.0338 		2.1619
v 35.6781 		-33.8553 		2.2128
v 35.6661 		-33.9167 		2.1953
v 35.6955 		-33.7363 		2.2467
v 35.6879 		-33.7952 		2.2299
v 35.7042 		-33.6223 		2.2792
v 35.701 		-33.6787 		2.2631
v 35.7048 		-33.5337 		2.3045
v 35.7053 		-33.5672 		2.2949
v 35.701 		-33.4685 		2.3231
v 35.7034 		-33.5008 		2.3139
v 35.6934 		-33.4059 		2.3409
v 35.6977 		-33.4369 		2.3321
v 35.677 		-33.3166 		2.3664
v 35.6829 		-33.3448 		2.3583
v 35.6882 		-33.3755 		2.3496
v 35.6631 		-33.2678 		2.3803
v 35.6704 		-33.291 		2.3737
v 35.6465 		-33.2289 		2.3914
v 35.6551 		-33.2471 		2.3862
v 35.2813 		-30.3188 		3.2211
v 35.2786 		-30.2538 		3.2396
v 35.6314 		-33.2723 		2.379
v 35.2747 		-30.1891 		3.258
v 35.6157 		-33.316 		2.3665
v 35.2698 		-30.1248 		3.2764
v 35.5992 		-33.36 		2.354
v 35.2638 		-30.0607 		3.2947
v 35.5821 		-33.4043 		2.3414
v 35.2574 		-29.9978 		3.3126
v 35.5644 		-33.449 		2.3286
v 35.2494 		-29.9367 		3.33
v 35.5459 		-33.4939 		2.3158
v 35.5258 		-33.5382 		2.3032
v 35.2399 		-29.8775 		3.3469
v 35.229 		-29.8202 		3.3632
v 35.5048 		-33.581 		2.291
v 35.2165 		-29.7648 		3.379
v 35.4827 		-33.6222 		2.2793
v 35.2025 		-29.7112 		3.3943
v 35.4598 		-33.6618 		2.268
v 35.187 		-29.6603 		3.4088
v 35.4359 		-33.6998 		2.2571
v 35.1698 		-29.6129 		3.4223
v 35.411 		-33.7363 		2.2467
v 35.151 		-29.5689 		3.4349
v 35.385 		-33.7709 		2.2368
v 35.1306 		-29.5283 		3.4465
v 35.3579 		-33.8033 		2.2276
v 35.1085 		-29.4912 		3.457
v 35.3295 		-33.8336 		2.219
v 35.0848 		-29.4575 		3.4666
v 35.2998 		-33.8616 		2.211
v 35.0601 		-29.4265 		3.4755
v 35.269 		-33.8874 		2.2036
v 35.0336 		-29.4012 		3.4827
v 35.2369 		-33.9111 		2.1969
v 35.0051 		-29.3814 		3.4883
v 35.2042 		-33.93 		2.1915
v 34.9747 		-29.3673 		3.4923
v 35.1698 		-33.9455 		2.1871
v 34.9424 		-29.3589 		3.4948
v 35.1338 		-33.9576 		2.1836
v 34.9082 		-29.3561 		3.4956
v 35.0962 		-33.9662 		2.1812
v 34.8556 		-29.3604 		3.4943
v 35.057 		-33.9714 		2.1797
v 35.0161 		-33.9731 		2.1792
v 34.8057 		-29.3736 		3.4906
v 34.9541 		-33.9693 		2.1803
v 34.7586 		-29.3955 		3.4843
v 34.8954 		-33.958 		2.1835
v 34.7142 		-29.4262 		3.4756
v 34.8401 		-33.9393 		2.1889
v 34.6725 		-29.4657 		3.4643
v 34.7883 		-33.9129 		2.1964
v 34.6335 		-29.5139 		3.4506
v 34.5979 		-29.5706 		3.4344
v 34.7398 		-33.8791 		2.206
v 34.5645 		-29.6354 		3.4159
v 34.6948 		-33.8378 		2.2178
v 34.5335 		-29.7084 		3.3951
v 34.6528 		-33.7869 		2.2323
v 34.6136 		-33.7282 		2.249
v 34.5049 		-29.7895 		3.372
v 34.5771 		-33.6616 		2.268
v 34.4785 		-29.8788 		3.3465
v 34.5433 		-33.5872 		2.2892
v 34.4545 		-29.9762 		3.3188
v 34.5122 		-33.505 		2.3127
v 34.4334 		-30.0797 		3.2893
v 34.4839 		-33.415 		2.3383
v 34.4144 		-30.191 		3.2575
v 34.4574 		-33.3171 		2.3662
v 34.3974 		-30.3102 		3.2235
v 34.4335 		-33.2114 		2.3964
v 34.3825 		-30.4372 		3.1873
v 34.3696 		-30.572 		3.1489
v 34.4121 		-33.0979 		2.4287
v 34.3588 		-30.7147 		3.1082
v 34.3934 		-32.9765 		2.4633
v 34.3498 		-30.8664 		3.0649
v 34.3773 		-32.8473 		2.5002
v 34.3424 		-31.0247 		3.0198
v 34.3637 		-32.7103 		2.5392
v 34.3367 		-31.1896 		2.9728
v 34.3532 		-32.5655 		2.5805
v 34.3326 		-31.3611 		2.9239
v 34.3446 		-32.4128 		2.6241
v 34.3302 		-31.5391 		2.8731
v 34.3379 		-32.2523 		2.6698
v 34.3294 		-31.7238 		2.8205
v 34.3332 		-32.0839 		2.7178
v 34.3303 		-31.9078 		2.7681
v 35.2829 		-32.7853 		4.8892
v 35.2835 		-32.8509 		4.8705
v 35.3171 		-32.8493 		4.871
v 35.3494 		-32.8446 		4.8723
v 35.3803 		-32.8368 		4.8746
v 35.4099 		-32.8258 		4.8777
v 35.4381 		-32.8117 		4.8817
v 35.465 		-32.7945 		4.8866
v 35.4912 		-32.7765 		4.8917
v 35.5159 		-32.7563 		4.8975
v 35.5392 		-32.7339 		4.9039
v 35.5609 		-32.7093 		4.9109
v 35.5811 		-32.6826 		4.9185
v 35.5999 		-32.6536 		4.9268
v 35.6171 		-32.6226 		4.9356
v 35.6328 		-32.5897 		4.945
v 35.6471 		-32.5549 		4.9549
v 35.6598 		-32.5183 		4.9654
v 35.6711 		-32.4798 		4.9763
v 35.6808 		-32.4394 		4.9879
v 35.689 		-32.3974 		4.9998
v 35.6958 		-32.3542 		5.0122
v 35.701 		-32.3097 		5.0248
v 35.7048 		-32.264 		5.0379
v 35.707 		-32.217 		5.0513
v 35.7078 		-32.1688 		5.065
v 35.7064 		-32.1055 		5.0831
v 35.7023 		-32.0435 		5.1007
v 35.6955 		-31.9827 		5.1181
v 35.686 		-31.9232 		5.135
v 35.6737 		-31.865 		5.1516
v 35.6587 		-31.808 		5.1679
v 35.6418 		-31.7546 		5.1831
v 35.6219 		-31.7034 		5.1977
v 35.5992 		-31.6544 		5.2117
v 35.5737 		-31.6075 		5.225
v 35.5453 		-31.5629 		5.2378
v 35.514 		-31.5205 		5.2498
v 35.4808 		-31.4823 		5.2607
v 35.4448 		-31.4466 		5.2709
v 35.4061 		-31.4134 		5.2804
v 35.3647 		-31.3827 		5.2891
v 35.3205 		-31.3545 		5.2972
v 35.2737 		-31.3288 		5.3045
v 35.2232 		-31.3064 		5.3109
v 35.1701 		-31.2881 		5.3161
v 35.1142 		-31.2738 		5.3202
v 35.0556 		-31.2637 		5.3231
v 34.9943 		-31.2575 		5.3248
v 34.9303 		-31.2555 		5.3254
v 34.8357 		-31.2615 		5.3237
v 34.745 		-31.2793 		5.3186
v 34.658 		-31.3091 		5.3101
v 34.5749 		-31.3507 		5.2982
v 34.4956 		-31.4043 		5.283
v 34.4201 		-31.4697 		5.2643
v 34.3493 		-31.544 		5.2432
v 34.2825 		-31.6276 		5.2193
v 34.2196 		-31.7206 		5.1928
v 34.1607 		-31.823 		5.1636
v 34.1057 		-31.9348 		5.1317
v 34.0547 		-32.056 		5.0972
v 34.0076 		-32.1861 		5.0601
v 33.9645 		-32.3247 		5.0205
v 33.9253 		-32.4718 		4.9786
v 33.8901 		-32.6273 		4.9343
v 33.8588 		-32.7912 		4.8875
v 33.8315 		-32.9636 		4.8384
v 33.809 		-33.1415 		4.7877
v 33.7906 		-33.3257 		4.7352
v 33.7763 		-33.5161 		4.6809
v 33.7661 		-33.7128 		4.6248
v 33.7599 		-33.9157 		4.5669
v 33.7579 		-34.1249 		4.5073
v 33.7599 		-34.3377 		4.4466
v 33.7658 		-34.544 		4.3878
v 33.7757 		-34.7436 		4.3309
v 33.7895 		-34.9367 		4.2758
v 33.8073 		-35.1232 		4.2227
v 33.829 		-35.3031 		4.1714
v 33.8556 		-35.4756 		4.1222
v 33.8862 		-35.6395 		4.0755
v 33.921 		-35.795 		4.0311
v 33.9598 		-35.9421 		3.9892
v 34.0027 		-36.0806 		3.9497
v 34.0498 		-36.2108 		3.9126
v 34.1009 		-36.332 		3.878
v 34.156 		-36.4438 		3.8462
v 34.2153 		-36.5462 		3.817
v 34.2787 		-36.6392 		3.7905
v 34.3461 		-36.7228 		3.7666
v 34.4177 		-36.7971 		3.7454
v 34.4934 		-36.8591 		3.7278
v 34.5733 		-36.9098 		3.7133
v 34.6574 		-36.9493 		3.7021
v 34.7458 		-36.9775 		3.694
v 34.8384 		-36.9944 		3.6892
v 34.9352 		-37 		3.6876
v 35.0053 		-36.9973 		3.6883
v 35.0717 		-36.9894 		3.6906
v 35.1345 		-36.976 		3.6944
v 35.1935 		-36.9574 		3.6997
v 35.2489 		-36.9334 		3.7066
v 35.3006 		-36.9042 		3.7149
v 35.3481 		-36.8689 		3.725
v 35.3925 		-36.8309 		3.7358
v 35.4337 		-36.79 		3.7475
v 35.4718 		-36.7463 		3.7599
v 35.5067 		-36.6998 		3.7732
v 35.5385 		-36.6505 		3.7872
v 35.5666 		-36.599 		3.8019
v 35.592 		-36.5459 		3.8171
v 35.6146 		-36.4912 		3.8326
v 35.6345 		-36.435 		3.8487
v 35.6516 		-36.3772 		3.8651
v 35.6661 		-36.3179 		3.8821
v 35.6781 		-36.2565 		3.8996
v 35.6879 		-36.1964 		3.9167
v 35.6955 		-36.1375 		3.9335
v 35.701 		-36.0799 		3.9499
v 35.7042 		-36.0235 		3.966
v 35.7053 		-35.9684 		3.9817
v 35.7048 		-35.9348 		3.9913
v 35.7034 		-35.902 		4.0006
v 35.701 		-35.8697 		4.0098
v 35.6977 		-35.8381 		4.0189
v 35.6934 		-35.8071 		4.0277
v 35.6882 		-35.7767 		4.0364
v 35.6829 		-35.746 		4.0451
v 35.677 		-35.7178 		4.0532
v 35.6704 		-35.6921 		4.0605
v 35.6631 		-35.669 		4.0671
v 35.6551 		-35.6483 		4.073
v 35.6465 		-35.6301 		4.0782
v 35.2813 		-32.72 		4.9079
v 35.2786 		-32.655 		4.9264
v 35.6314 		-35.6735 		4.0658
v 35.2747 		-32.5903 		4.9448
v 35.6157 		-35.7172 		4.0533
v 35.2698 		-32.526 		4.9632
v 35.5992 		-35.7612 		4.0408
v 35.2638 		-32.4619 		4.9814
v 35.5821 		-35.8055 		4.0281
v 35.2574 		-32.399 		4.9994
v 35.5644 		-35.8501 		4.0154
v 35.2494 		-32.3379 		5.0168
v 35.5459 		-35.8951 		4.0026
v 35.5258 		-35.9394 		3.99
v 35.2399 		-32.2787 		5.0337
v 35.229 		-32.2214 		5.05
v 35.5048 		-35.9821 		3.9778
v 35.2165 		-32.1659 		5.0658
v 35.4827 		-36.0233 		3.966
v 35.2025 		-32.1124 		5.0811
v 35.4598 		-36.0629 		3.9547
v 35.187 		-32.0615 		5.0956
v 35.4359 		-36.101 		3.9439
v 35.1698 		-32.0141 		5.1091
v 35.411 		-36.1375 		3.9335
v 35.151 		-31.97 		5.1217
v 35.385 		-36.1721 		3.9236
v 35.1306 		-31.9295 		5.1332
v 35.3579 		-36.2045 		3.9144
v 35.1085 		-31.8924 		5.1438
v 35.3295 		-36.2347 		3.9058
v 35.0848 		-31.8587 		5.1534
v 35.2998 		-36.2628 		3.8978
v 35.0601 		-31.8277 		5.1623
v 35.269 		-36.2886 		3.8904
v 35.0336 		-31.8023 		5.1695
v 35.2369 		-36.3122 		3.8837
v 35.0051 		-31.7826 		5.1751
v 35.2042 		-36.3312 		3.8783
v 34.9747 		-31.7685 		5.1791
v 35.1698 		-36.3467 		3.8739
v 34.9424 		-31.7601 		5.1815
v 35.1338 		-36.3587 		3.8704
v 34.9082 		-31.7572 		5.1823
v 35.0962 		-36.3674 		3.868
v 34.8556 		-31.7616 		5.1811
v 35.057 		-36.3725 		3.8665
v 35.0161 		-36.3743 		3.866
v 34.8057 		-31.7748 		5.1773
v 34.9541 		-36.3705 		3.8671
v 34.7586 		-31.7967 		5.1711
v 34.8954 		-36.3592 		3.8703
v 34.7142 		-31.8274 		5.1623
v 34.8401 		-36.3404 		3.8756
v 34.6725 		-31.8669 		5.1511
v 34.7883 		-36.3141 		3.8831
v 34.6335 		-31.9151 		5.1373
v 34.5979 		-31.9718 		5.1212
v 34.7398 		-36.2803 		3.8928
v 34.5645 		-32.0366 		5.1027
v 34.6948 		-36.239 		3.9046
v 34.5335 		-32.1096 		5.0819
v 34.6528 		-36.1881 		3.9191
v 34.6136 		-36.1293 		3.9358
v 34.5049 		-32.1907 		5.0588
v 34.5771 		-36.0628 		3.9548
v 34.4785 		-32.2799 		5.0333
v 34.5433 		-35.9884 		3.976
v 34.4545 		-32.3773 		5.0055
v 34.5122 		-35.9062 		3.9994
v 34.4334 		-32.4809 		4.976
v 34.4839 		-35.8162 		4.0251
v 34.4144 		-32.5922 		4.9443
v 34.4574 		-35.7183 		4.053
v 34.3974 		-32.7114 		4.9103
v 34.4335 		-35.6126 		4.0832
v 34.3825 		-32.8384 		4.8741
v 34.3696 		-32.9732 		4.8357
v 34.4121 		-35.499 		4.1155
v 34.3588 		-33.1158 		4.795
v 34.3934 		-35.3777 		4.1501
v 34.3498 		-33.2676 		4.7517
v 34.3773 		-35.2485 		4.187
v 34.3424 		-33.4259 		4.7066
v 34.3637 		-35.1115 		4.226
v 34.3367 		-33.5908 		4.6596
v 34.3532 		-34.9666 		4.2673
v 34.3326 		-33.7623 		4.6107
v 34.3446 		-34.8139 		4.3108
v 34.3302 		-33.9403 		4.5599
v 34.3379 		-34.6534 		4.3566
v 34.3294 		-34.1249 		4.5073
v 34.3332 		-34.4851 		4.4046
v 34.3303 		-34.3089 		4.4548
v 36.9155 		-29.3604 		3.4943
v 36.9047 		-29.3673 		3.4923
v 36.8936 		-29.3739 		3.4905
v 37.1181 		-28.9333 		3.6161
v 37.1181 		-29.3448 		3.4988
v 36.9734 		-29.3448 		3.4988
v 35.9408 		-29.3448 		3.4988
v 35.9408 		-28.9333 		3.6161
v 36.1621 		-29.3738 		3.4905
v 36.1517 		-29.3673 		3.4923
v 36.141 		-29.3604 		3.4943
v 35.9408 		-34.5199 		2.0233
v 35.9408 		-34.1027 		2.1422
v 36.083 		-34.1027 		2.1422
v 37.1181 		-34.1027 		2.1422
v 37.1181 		-34.5199 		2.0233
v 37.4157 		-33.8447 		2.2158
v 37.405 		-33.804 		2.2274
v 36.9464 		-32.0056 		2.7401
v 37.4369 		-33.9223 		2.1937
v 37.4263 		-33.8841 		2.2046
v 37.4582 		-33.995 		2.173
v 37.4476 		-33.9593 		2.1831
v 37.4804 		-34.0627 		2.1537
v 37.4688 		-34.0295 		2.1631
v 37.5044 		-34.1253 		2.1358
v 37.4923 		-34.0946 		2.1446
v 37.5295 		-34.1829 		2.1194
v 37.5168 		-34.1547 		2.1274
v 37.5559 		-34.2357 		2.1043
v 37.5424 		-34.2098 		2.1117
v 37.5853 		-34.2845 		2.0904
v 37.5702 		-34.2606 		2.0972
v 37.618 		-34.3296 		2.0776
v 37.6013 		-34.3076 		2.0838
v 37.6534 		-34.3691 		2.0663
v 37.6356 		-34.3508 		2.0715
v 37.6932 		-34.4029 		2.0567
v 37.6727 		-34.3865 		2.0613
v 37.7385 		-34.433 		2.0481
v 37.7152 		-34.4184 		2.0522
v 37.7883 		-34.4591 		2.0406
v 37.7631 		-34.4466 		2.0442
v 37.8429 		-34.4804 		2.0346
v 37.8149 		-34.4704 		2.0374
v 37.9028 		-34.4967 		2.0299
v 37.8721 		-34.4892 		2.0321
v 37.9684 		-34.5082 		2.0267
v 37.9348 		-34.503 		2.0281
v 38.0409 		-34.5157 		2.0245
v 38.0038 		-34.5124 		2.0254
v 38.1205 		-34.5194 		2.0234
v 38.0798 		-34.518 		2.0238
v 38.3444 		-34.5199 		2.0233
v 38.1629 		-34.5199 		2.0233
v 38.3322 		-34.1027 		2.1422
v 38.3444 		-34.1027 		2.1422
v 37.7803 		-29.977 		3.3185
v 37.7607 		-30.0269 		3.3043
v 37.3118 		-31.1657 		2.9796
v 38.2512 		-28.9333 		3.6161
v 38.2512 		-29.3392 		3.5004
v 38.2278 		-29.3406 		3.5
v 37.329 		-29.3392 		3.5004
v 37.329 		-28.9333 		3.6161
v 36.9612 		-29.3454 		3.4986
v 36.083 		-29.3448 		3.4988
v 36.0952 		-34.1024 		2.1423
v 36.9734 		-34.1027 		2.1422
v 38.2049 		-29.3448 		3.4988
v 37.3617 		-29.3406 		3.5
v 36.9494 		-29.3473 		3.4981
v 36.0952 		-29.3454 		3.4986
v 36.107 		-34.1015 		2.1426
v 36.9612 		-34.1023 		2.1424
v 38.1826 		-29.3518 		3.4968
v 37.3911 		-29.3448 		3.4988
v 36.9378 		-29.3504 		3.4972
v 36.107 		-29.3473 		3.4981
v 36.1186 		-34.0999 		2.143
v 36.9494 		-34.1009 		2.1428
v 38.3136 		-34.102 		2.1425
v 38.1607 		-29.3617 		3.494
v 37.4173 		-29.3518 		3.4968
v 36.9265 		-29.3548 		3.4959
v 36.1186 		-29.3504 		3.4972
v 36.1299 		-34.0977 		2.1437
v 36.9378 		-34.0985 		2.1434
v 38.2954 		-34.0996 		2.1431
v 38.1395 		-29.3744 		3.4903
v 37.4402 		-29.3617 		3.494
v 36.1299 		-29.3548 		3.4959
v 36.141 		-34.0949 		2.1445
v 36.9265 		-34.0952 		2.1444
v 38.2776 		-34.0957 		2.1443
v 38.1188 		-29.3899 		3.4859
v 37.4598 		-29.3744 		3.4903
v 36.1517 		-34.0915 		2.1455
v 36.9155 		-34.091 		2.1456
v 38.2602 		-34.0902 		2.1458
v 38.0977 		-29.4079 		3.4808
v 37.4762 		-29.3899 		3.4859
v 36.8832 		-29.3824 		3.4881
v 36.1621 		-34.085 		2.1473
v 36.9047 		-34.0858 		2.1471
v 38.2433 		-34.0832 		2.1478
v 38.0768 		-29.4281 		3.475
v 37.4889 		-29.409 		3.4805
v 36.8734 		-29.3927 		3.4851
v 36.1722 		-29.3817 		3.4882
v 36.1722 		-34.0771 		2.1496
v 36.8936 		-34.0792 		2.1489
v 38.2267 		-34.0746 		2.1503
v 38.0562 		-29.4505 		3.4686
v 37.4993 		-29.4325 		3.4738
v 36.8644 		-29.4049 		3.4816
v 36.1818 		-29.3913 		3.4855
v 36.1818 		-34.0675 		2.1523
v 36.8832 		-34.0708 		2.1514
v 38.2104 		-34.0639 		2.1533
v 38.0359 		-29.4751 		3.4616
v 37.5074 		-29.4604 		3.4658
v 36.856 		-29.419 		3.4776
v 36.191 		-29.4024 		3.4823
v 36.191 		-34.0564 		2.1555
v 36.8734 		-34.0605 		2.1543
v 38.1943 		-34.0507 		2.1571
v 38.0159 		-29.5019 		3.454
v 37.5132 		-29.4926 		3.4566
v 36.1997 		-34.0437 		2.1591
v 36.8644 		-34.0482 		2.1578
v 38.1783 		-34.0351 		2.1615
v 37.9961 		-29.5308 		3.4457
v 37.5167 		-29.5293 		3.4462
v 36.8483 		-29.435 		3.4731
v 36.2081 		-34.0295 		2.1631
v 36.856 		-34.0342 		2.1618
v 38.1624 		-34.0169 		2.1667
v 37.9758 		-29.5636 		3.4364
v 37.5179 		-29.5703 		3.4345
v 36.8404 		-29.4549 		3.4674
v 38.1466 		-33.9963 		2.1726
v 37.9558 		-29.5978 		3.4266
v 37.5176 		-29.5968 		3.4269
v 36.833 		-29.477 		3.4611
v 36.216 		-34.0114 		2.1683
v 38.131 		-33.9731 		2.1792
v 37.9361 		-29.6337 		3.4164
v 37.5168 		-29.6235 		3.4193
v 36.8262 		-29.5012 		3.4542
v 36.2231 		-33.9912 		2.174
v 38.1156 		-33.9474 		2.1865
v 37.9166 		-29.6711 		3.4057
v 37.5154 		-29.6506 		3.4116
v 36.8199 		-29.5277 		3.4466
v 36.2296 		-33.9689 		2.1804
v 37.8974 		-29.7101 		3.3946
v 37.5135 		-29.678 		3.4038
v 36.8142 		-29.5563 		3.4385
v 36.2354 		-33.9443 		2.1874
v 38.1002 		-33.9192 		2.1946
v 37.8784 		-29.7507 		3.3831
v 37.5111 		-29.7057 		3.3959
v 36.809 		-29.5872 		3.4297
v 36.2405 		-33.9175 		2.1951
v 38.0851 		-33.8885 		2.2033
v 37.8588 		-29.7928 		3.371
v 37.5081 		-29.7338 		3.3879
v 36.8053 		-29.6229 		3.4195
v 36.2449 		-33.8885 		2.2033
v 38.07 		-33.8553 		2.2128
v 36.8022 		-29.6624 		3.4082
v 36.2494 		-33.855 		2.2129
v 38.0551 		-33.8196 		2.223
v 37.8392 		-29.8365 		3.3586
v 36.7998 		-29.7056 		3.3959
v 36.2531 		-33.8184 		2.2233
v 38.0403 		-33.7814 		2.2339
v 37.8196 		-29.8818 		3.3457
v 36.7981 		-29.7526 		3.3825
v 36.256 		-33.7786 		2.2347
v 38.0247 		-33.7385 		2.2461
v 37.7999 		-29.9286 		3.3323
v 36.7971 		-29.8033 		3.3681
v 36.258 		-33.7357 		2.2469
v 38.009 		-33.6925 		2.2592
v 36.7968 		-29.8578 		3.3525
v 36.2592 		-33.6896 		2.26
v 37.9931 		-33.6433 		2.2732
v 37.5044 		-29.7623 		3.3797
v 36.1997 		-29.4151 		3.4787
v 36.2596 		-33.6405 		2.274
v 37.9771 		-33.591 		2.2881
v 36.2081 		-29.4294 		3.4747
v 36.8483 		-34.0182 		2.1664
v 37.9609 		-33.5356 		2.304
v 37.5002 		-29.7914 		3.3714
v 36.216 		-29.4475 		3.4695
v 36.8404 		-33.9983 		2.172
v 37.9446 		-33.477 		2.3206
v 37.4952 		-29.8211 		3.363
v 36.2231 		-29.4682 		3.4636
v 36.833 		-33.9762 		2.1783
v 37.4895 		-29.8515 		3.3543
v 36.2296 		-29.4914 		3.457
v 36.8262 		-33.9519 		2.1852
v 36.7968 		-32.2762 		2.663
v 37.4832 		-29.8825 		3.3455
v 36.7968 		-31.6843 		2.8318
v 36.8199 		-33.9255 		2.1928
v 37.4762 		-29.9142 		3.3364
v 36.2354 		-29.517 		3.4497
v 36.8142 		-33.8968 		2.201
v 37.4684 		-29.9449 		3.3277
v 36.2405 		-29.5452 		3.4416
v 36.809 		-33.866 		2.2097
v 37.4598 		-29.9768 		3.3186
v 36.2449 		-29.5759 		3.4329
v 36.2596 		-29.824 		3.3622
v 37.4504 		-30.01 		3.3091
v 36.2494 		-29.6079 		3.4238
v 36.2592 		-29.7732 		3.3766
v 36.2531 		-29.6436 		3.4136
v 36.258 		-29.7263 		3.39
v 37.4402 		-30.0445 		3.2993
v 36.256 		-29.683 		3.4023
v 37.4292 		-30.0802 		3.2891
v 36.8053 		-33.8303 		2.2199
v 37.4173 		-30.1171 		3.2786
v 36.8022 		-33.7908 		2.2312
v 37.4038 		-30.1536 		3.2682
v 36.7998 		-33.7476 		2.2435
v 37.3895 		-30.1917 		3.2573
v 36.7981 		-33.7006 		2.2569
v 37.3744 		-30.2313 		3.246
v 36.7971 		-33.6499 		2.2714
v 37.3584 		-30.2725 		3.2343
v 36.7968 		-33.5954 		2.2869
v 37.3417 		-30.3152 		3.2221
v 37.3241 		-30.3595 		3.2095
v 36.8936 		-31.7751 		5.1773
v 36.9047 		-31.7685 		5.1791
v 36.9155 		-31.7616 		5.1811
v 36.9734 		-31.746 		5.1856
v 37.1181 		-31.746 		5.1856
v 37.1181 		-31.3344 		5.3029
v 35.9408 		-31.3344 		5.3029
v 35.9408 		-31.746 		5.1856
v 36.141 		-31.7616 		5.1811
v 36.1517 		-31.7685 		5.1791
v 36.1621 		-31.7749 		5.1773
v 36.083 		-36.5039 		3.829
v 35.9408 		-36.5039 		3.829
v 35.9408 		-36.9211 		3.7101
v 37.1181 		-36.9211 		3.7101
v 37.1181 		-36.5039 		3.829
v 36.9464 		-34.4068 		4.4269
v 37.405 		-36.2051 		3.9142
v 37.4157 		-36.2458 		3.9026
v 37.4263 		-36.2853 		3.8914
v 37.4369 		-36.3235 		3.8805
v 37.4476 		-36.3605 		3.8699
v 37.4582 		-36.3962 		3.8597
v 37.4688 		-36.4306 		3.8499
v 37.4804 		-36.4638 		3.8405
v 37.4923 		-36.4958 		3.8313
v 37.5044 		-36.5265 		3.8226
v 37.5168 		-36.5559 		3.8142
v 37.5295 		-36.5841 		3.8062
v 37.5424 		-36.611 		3.7985
v 37.5559 		-36.6369 		3.7911
v 37.5702 		-36.6618 		3.784
v 37.5853 		-36.6857 		3.7772
v 37.6013 		-36.7087 		3.7706
v 37.618 		-36.7308 		3.7643
v 37.6356 		-36.752 		3.7583
v 37.6534 		-36.7703 		3.7531
v 37.6727 		-36.7877 		3.7481
v 37.6932 		-36.8041 		3.7434
v 37.7152 		-36.8196 		3.739
v 37.7385 		-36.8342 		3.7349
v 37.7631 		-36.8478 		3.731
v 37.7883 		-36.8603 		3.7274
v 37.8149 		-36.8716 		3.7242
v 37.8429 		-36.8816 		3.7213
v 37.8721 		-36.8904 		3.7188
v 37.9028 		-36.8979 		3.7167
v 37.9348 		-36.9042 		3.7149
v 37.9684 		-36.9093 		3.7134
v 38.0038 		-36.9136 		3.7122
v 38.0409 		-36.9168 		3.7113
v 38.0798 		-36.9192 		3.7106
v 38.1205 		-36.9206 		3.7102
v 38.1629 		-36.9211 		3.7101
v 38.3444 		-36.9211 		3.7101
v 38.3444 		-36.5039 		3.829
v 38.3322 		-36.5039 		3.829
v 37.3118 		-33.5668 		4.6664
v 37.7607 		-32.4281 		4.9911
v 37.7803 		-32.3781 		5.0053
v 38.2278 		-31.7417 		5.1868
v 38.2512 		-31.7403 		5.1872
v 38.2512 		-31.3344 		5.3029
v 37.329 		-31.3344 		5.3029
v 37.329 		-31.7403 		5.1872
v 36.9612 		-31.7466 		5.1854
v 36.083 		-31.746 		5.1856
v 36.0952 		-36.5036 		3.8291
v 36.9734 		-36.5039 		3.829
v 38.2049 		-31.746 		5.1856
v 37.3617 		-31.7417 		5.1868
v 36.9494 		-31.7485 		5.1848
v 36.0952 		-31.7466 		5.1854
v 36.107 		-36.5027 		3.8294
v 36.9612 		-36.5034 		3.8292
v 38.1826 		-31.753 		5.1835
v 37.3911 		-31.746 		5.1856
v 36.9378 		-31.7516 		5.184
v 36.107 		-31.7485 		5.1848
v 36.1186 		-36.5011 		3.8298
v 36.9494 		-36.502 		3.8296
v 38.3136 		-36.5031 		3.8292
v 38.1607 		-31.7629 		5.1807
v 37.4173 		-31.753 		5.1835
v 36.9265 		-31.756 		5.1827
v 36.1186 		-31.7516 		5.184
v 36.1299 		-36.4989 		3.8305
v 36.9378 		-36.4997 		3.8302
v 38.2954 		-36.5008 		3.8299
v 38.1395 		-31.7756 		5.1771
v 37.4402 		-31.7629 		5.1807
v 36.1299 		-31.756 		5.1827
v 36.141 		-36.4961 		3.8313
v 36.9265 		-36.4964 		3.8312
v 38.2776 		-36.4969 		3.831
v 38.1188 		-31.7911 		5.1727
v 37.4598 		-31.7756 		5.1771
v 36.1517 		-36.4926 		3.8322
v 36.9155 		-36.4922 		3.8324
v 38.2602 		-36.4914 		3.8326
v 38.0977 		-31.8091 		5.1676
v 37.4762 		-31.7911 		5.1727
v 36.8832 		-31.7835 		5.1748
v 36.1621 		-36.4862 		3.8341
v 36.9047 		-36.487 		3.8338
v 38.2433 		-36.4843 		3.8346
v 38.0768 		-31.8293 		5.1618
v 37.4889 		-31.8102 		5.1673
v 36.8734 		-31.7939 		5.1719
v 36.1722 		-31.7829 		5.175
v 36.1722 		-36.4782 		3.8363
v 36.8936 		-36.4804 		3.8357
v 38.2267 		-36.4757 		3.8371
v 38.0562 		-31.8517 		5.1554
v 37.4993 		-31.8337 		5.1606
v 36.8644 		-31.8061 		5.1684
v 36.1818 		-31.7925 		5.1723
v 36.1818 		-36.4687 		3.8391
v 36.8832 		-36.472 		3.8381
v 38.2104 		-36.4651 		3.8401
v 38.0359 		-31.8762 		5.1484
v 37.5074 		-31.8615 		5.1526
v 36.856 		-31.8202 		5.1644
v 36.191 		-31.8036 		5.1691
v 36.191 		-36.4576 		3.8422
v 36.8734 		-36.4616 		3.8411
v 38.1943 		-36.4519 		3.8438
v 38.0159 		-31.903 		5.1408
v 37.5132 		-31.8938 		5.1434
v 36.1997 		-36.4449 		3.8459
v 36.8644 		-36.4494 		3.8446
v 38.1783 		-36.4363 		3.8483
v 37.9961 		-31.932 		5.1325
v 37.5167 		-31.9304 		5.133
v 36.8483 		-31.8362 		5.1598
v 36.2081 		-36.4306 		3.8499
v 36.856 		-36.4353 		3.8486
v 38.1624 		-36.4181 		3.8535
v 37.9758 		-31.9647 		5.1232
v 37.5179 		-31.9715 		5.1213
v 36.8404 		-31.856 		5.1542
v 38.1466 		-36.3974 		3.8594
v 37.9558 		-31.999 		5.1134
v 37.5176 		-31.9979 		5.1137
v 36.833 		-31.8781 		5.1479
v 36.216 		-36.4126 		3.8551
v 38.131 		-36.3743 		3.866
v 37.9361 		-32.0349 		5.1032
v 37.5168 		-32.0247 		5.1061
v 36.8262 		-31.9024 		5.141
v 36.2231 		-36.3924 		3.8608
v 38.1156 		-36.3486 		3.8733
v 37.9166 		-32.0723 		5.0925
v 37.5154 		-32.0518 		5.0984
v 36.8199 		-31.9289 		5.1334
v 36.2296 		-36.37 		3.8672
v 37.8974 		-32.1113 		5.0814
v 37.5135 		-32.0792 		5.0906
v 36.8142 		-31.9575 		5.1252
v 36.2354 		-36.3454 		3.8742
v 38.1002 		-36.3204 		3.8814
v 37.8784 		-32.1519 		5.0698
v 37.5111 		-32.1069 		5.0826
v 36.809 		-31.9884 		5.1164
v 36.2405 		-36.3187 		3.8818
v 38.0851 		-36.2897 		3.8901
v 37.8588 		-32.194 		5.0578
v 37.5081 		-32.1349 		5.0747
v 36.8053 		-32.0241 		5.1063
v 36.2449 		-36.2897 		3.8901
v 38.07 		-36.2565 		3.8996
v 36.8022 		-32.0635 		5.095
v 36.2494 		-36.2562 		3.8997
v 38.0551 		-36.2208 		3.9097
v 37.8392 		-32.2377 		5.0454
v 36.7998 		-32.1068 		5.0827
v 36.2531 		-36.2195 		3.9101
v 38.0403 		-36.1826 		3.9206
v 37.8196 		-32.2829 		5.0325
v 36.7981 		-32.1537 		5.0693
v 36.256 		-36.1798 		3.9214
v 38.0247 		-36.1397 		3.9329
v 37.7999 		-32.3297 		5.0191
v 36.7971 		-32.2045 		5.0548
v 36.258 		-36.1369 		3.9337
v 38.009 		-36.0936 		3.946
v 36.7968 		-32.259 		5.0393
v 36.2592 		-36.0908 		3.9468
v 37.9931 		-36.0445 		3.96
v 37.5044 		-32.1634 		5.0665
v 36.1997 		-31.8163 		5.1655
v 36.2596 		-36.0416 		3.9608
v 37.9771 		-35.9922 		3.9749
v 36.2081 		-31.8305 		5.1614
v 36.8483 		-36.4193 		3.8531
v 37.9609 		-35.9367 		3.9907
v 37.5002 		-32.1926 		5.0582
v 36.216 		-31.8487 		5.1563
v 36.8404 		-36.3995 		3.8588
v 37.9446 		-35.8782 		4.0074
v 37.4952 		-32.2223 		5.0497
v 36.2231 		-31.8694 		5.1504
v 36.833 		-36.3774 		3.8651
v 37.4895 		-32.2527 		5.0411
v 36.2296 		-31.8925 		5.1438
v 36.8262 		-36.3531 		3.872
v 36.7968 		-34.6774 		4.3498
v 37.4832 		-32.2837 		5.0322
v 36.7968 		-34.0855 		4.5185
v 36.8199 		-36.3266 		3.8796
v 37.4762 		-32.3153 		5.0232
v 36.2354 		-31.9182 		5.1364
v 36.8142 		-36.298 		3.8877
v 37.4684 		-32.346 		5.0145
v 36.2405 		-31.9464 		5.1284
v 36.809 		-36.2671 		3.8965
v 37.4598 		-32.378 		5.0054
v 36.2449 		-31.9771 		5.1197
v 36.2596 		-32.2251 		5.0489
v 37.4504 		-32.4112 		4.9959
v 36.2494 		-32.009 		5.1106
v 36.2592 		-32.1744 		5.0634
v 36.2531 		-32.0447 		5.1004
v 36.258 		-32.1274 		5.0768
v 37.4402 		-32.4456 		4.9861
v 36.256 		-32.0842 		5.0891
v 37.4292 		-32.4813 		4.9759
v 36.8053 		-36.2314 		3.9067
v 37.4173 		-32.5183 		4.9654
v 36.8022 		-36.192 		3.918
v 37.4038 		-32.5548 		4.955
v 36.7998 		-36.1488 		3.9303
v 37.3895 		-32.5928 		4.9441
v 36.7981 		-36.1018 		3.9437
v 37.3744 		-32.6324 		4.9328
v 36.7971 		-36.051 		3.9581
v 37.3584 		-32.6736 		4.9211
v 36.7968 		-35.9965 		3.9737
v 37.3417 		-32.7164 		4.9089
v 37.3241 		-32.7607 		4.8963
v 40.7488 		-34.596 		2.0016
v 40.672 		-34.5988 		2.0008
v 40.5688 		-34.5932 		2.0024
v 40.8971 		-34.5735 		2.008
v 40.8238 		-34.5876 		2.004
v 41.0382 		-34.5284 		2.0209
v 40.9685 		-34.5537 		2.0137
v 41.174 		-34.4588 		2.0407
v 41.1062 		-34.4974 		2.0297
v 41.3091 		-34.3649 		2.0675
v 41.2416 		-34.4147 		2.0533
v 41.4438 		-34.2484 		2.1007
v 41.3765 		-34.3094 		2.0833
v 41.5109 		-32.8963 		2.4862
v 41.5109 		-34.1817 		2.1197
v 41.7586 		-31.8929 		2.7723
v 41.7586 		-32.3044 		2.655
v 41.712 		-32.3044 		2.655
v 40.6868 		-32.3044 		2.655
v 40.6868 		-31.8929 		2.7723
v 41.1365 		-30.4314 		3.189
v 41.1013 		-30.4328 		3.1886
v 41.1006 		-30.355 		3.2108
v 41.2024 		-30.4201 		3.1922
v 41.1702 		-30.4272 		3.1902
v 41.2624 		-30.3976 		3.1986
v 41.2332 		-30.4103 		3.195
v 41.3164 		-30.3639 		3.2082
v 41.2901 		-30.3821 		3.203
v 41.3649 		-30.3201 		3.2207
v 41.3414 		-30.3432 		3.2141
v 41.408 		-30.2662 		3.2361
v 41.3871 		-30.2944 		3.228
v 41.4455 		-30.2046 		3.2536
v 41.4275 		-30.2355 		3.2448
v 41.4771 		-30.1383 		3.2726
v 41.4621 		-30.1722 		3.2629
v 41.5028 		-30.0656 		3.2933
v 41.4907 		-30.1027 		3.2827
v 41.5216 		-29.9853 		3.3162
v 41.5133 		-30.0269 		3.3043
v 41.5335 		-29.9001 		3.3405
v 41.5283 		-29.943 		3.3282
v 41.5395 		-29.8124 		3.3655
v 41.5373 		-29.8565 		3.3529
v 41.5389 		-29.7045 		3.3962
v 41.5403 		-29.7676 		3.3782
v 41.5274 		-29.583 		3.4309
v 41.5346 		-29.6429 		3.4138
v 41.5045 		-29.4677 		3.4637
v 41.5174 		-29.5246 		3.4475
v 41.4693 		-29.3573 		3.4952
v 41.4888 		-29.4124 		3.4795
v 41.4213 		-29.2546 		3.5245
v 41.4468 		-29.3047 		3.5102
v 41.3614 		-29.1619 		3.5509
v 41.3929 		-29.207 		3.5381
v 41.2903 		-29.0811 		3.574
v 41.3269 		-29.1193 		3.5631
v 41.208 		-29.0122 		3.5936
v 41.2506 		-29.0454 		3.5841
v 41.1137 		-28.9533 		3.6104
v 41.1623 		-28.9815 		3.6024
v 41.0074 		-28.9052 		3.6241
v 41.062 		-28.9276 		3.6177
v 40.8891 		-28.8727 		3.6334
v 40.9497 		-28.8869 		3.6293
v 40.7588 		-28.8564 		3.638
v 40.8255 		-28.8625 		3.6363
v 40.5874 		-28.8603 		3.6369
v 40.6892 		-28.8543 		3.6386
v 40.3961 		-28.9079 		3.6233
v 40.4897 		-28.8781 		3.6318
v 40.2212 		-29.0031 		3.5962
v 40.3066 		-28.9495 		3.6115
v 40.0627 		-29.1428 		3.5564
v 40.1398 		-29.0686 		3.5775
v 39.9215 		-29.3194 		3.506
v 39.9899 		-29.2264 		3.5325
v 39.7978 		-29.5336 		3.4449
v 39.8575 		-29.4218 		3.4768
v 39.6915 		-29.785 		3.3733
v 39.7425 		-29.6548 		3.4104
v 39.6027 		-30.0706 		3.2918
v 39.6449 		-29.9236 		3.3338
v 39.5313 		-30.3901 		3.2008
v 39.5648 		-30.2261 		3.2475
v 39.4774 		-30.7404 		3.1009
v 39.5021 		-30.5625 		3.1516
v 39.4414 		-31.1149 		2.9941
v 39.4571 		-30.9245 		3.0484
v 39.4234 		-31.5146 		2.8802
v 39.4302 		-31.3116 		2.938
v 39.4233 		-31.9366 		2.7598
v 39.4212 		-31.7238 		2.8205
v 39.4402 		-32.3425 		2.6441
v 39.4296 		-32.1428 		2.701
v 39.474 		-32.7221 		2.5359
v 39.455 		-32.5355 		2.5891
v 39.5248 		-33.0744 		2.4354
v 39.4972 		-32.902 		2.4846
v 39.5935 		-33.3938 		2.3444
v 39.5569 		-33.2383 		2.3887
v 39.6801 		-33.6795 		2.2629
v 39.6345 		-33.5409 		2.3024
v 39.784 		-33.9308 		2.1913
v 39.7302 		-33.8096 		2.2258
v 39.905 		-34.145 		2.1302
v 39.8422 		-34.0426 		2.1594
v 40.0439 		-34.3217 		2.0798
v 39.9722 		-34.238 		2.1037
v 40.2009 		-34.4579 		2.041
v 40.1202 		-34.3959 		2.0587
v 40.3759 		-34.5481 		2.0153
v 40.2861 		-34.5086 		2.0265
v 40.4701 		-34.5763 		2.0072
v 41.5111 		-32.8415 		2.5018
v 41.6952 		-32.3054 		2.6547
v 40.7309 		-32.3044 		2.655
v 41.0985 		-30.2793 		3.2323
v 41.512 		-32.7899 		2.5166
v 41.679 		-32.3082 		2.6539
v 40.7686 		-32.3079 		2.654
v 41.0951 		-30.2059 		3.2533
v 41.6635 		-32.3129 		2.6526
v 40.8031 		-32.3182 		2.651
v 41.0904 		-30.1347 		3.2736
v 41.5133 		-32.7413 		2.5304
v 41.6488 		-32.3194 		2.6507
v 40.8345 		-32.3354 		2.6461
v 41.0842 		-30.0656 		3.2933
v 41.5152 		-32.6959 		2.5433
v 41.6347 		-32.3279 		2.6483
v 40.8628 		-32.3595 		2.6392
v 41.0767 		-29.9987 		3.3123
v 41.5177 		-32.6536 		2.5554
v 41.6212 		-32.3382 		2.6453
v 40.8879 		-32.3905 		2.6304
v 41.5207 		-32.6145 		2.5666
v 41.6092 		-32.3487 		2.6423
v 40.91 		-32.4284 		2.6196
v 41.0671 		-29.9328 		3.3311
v 41.5251 		-32.5781 		2.5769
v 41.5978 		-32.3614 		2.6387
v 40.9294 		-32.4751 		2.6063
v 41.056 		-29.8703 		3.3489
v 41.5302 		-32.5443 		2.5866
v 41.5869 		-32.3763 		2.6345
v 40.9454 		-32.5324 		2.59
v 41.0436 		-29.8113 		3.3658
v 41.536 		-32.513 		2.5955
v 41.5765 		-32.3934 		2.6296
v 40.9578 		-32.6004 		2.5706
v 41.0299 		-29.7557 		3.3816
v 41.5425 		-32.4842 		2.6037
v 41.5667 		-32.4126 		2.6241
v 40.9666 		-32.679 		2.5482
v 41.0147 		-29.7035 		3.3965
v 41.5496 		-32.4579 		2.6112
v 41.5575 		-32.4341 		2.618
v 40.972 		-32.7682 		2.5227
v 40.9982 		-29.6548 		3.4104
v 40.9803 		-29.6096 		3.4233
v 40.9606 		-29.5678 		3.4352
v 40.9737 		-32.8682 		2.4942
v 40.9394 		-29.5294 		3.4461
v 40.9737 		-34.0182 		2.1664
v 40.9165 		-29.4945 		3.4561
v 40.892 		-29.463 		3.4651
v 40.9532 		-34.0271 		2.1638
v 40.8658 		-29.435 		3.4731
v 40.9326 		-34.0351 		2.1615
v 40.8388 		-29.4109 		3.4799
v 40.9118 		-34.0421 		2.1595
v 40.8102 		-29.3911 		3.4856
v 40.8909 		-34.0482 		2.1578
v 40.78 		-29.3758 		3.4899
v 40.8698 		-34.0534 		2.1563
v 40.7481 		-29.3648 		3.4931
v 40.8486 		-34.0576 		2.1551
v 40.7146 		-29.3583 		3.4949
v 40.8281 		-34.0611 		2.1541
v 40.6794 		-29.3561 		3.4956
v 40.8075 		-34.0639 		2.1533
v 40.6188 		-29.3604 		3.4943
v 40.7867 		-34.0661 		2.1527
v 40.7658 		-34.0677 		2.1522
v 40.5611 		-29.3736 		3.4906
v 40.7447 		-34.0686 		2.152
v 40.5065 		-29.3955 		3.4843
v 40.7235 		-34.0689 		2.1519
v 40.4548 		-29.4262 		3.4756
v 40.6582 		-34.0647 		2.1531
v 40.4062 		-29.4657 		3.4643
v 40.5963 		-34.052 		2.1567
v 40.3605 		-29.5139 		3.4506
v 40.5378 		-34.0309 		2.1627
v 40.3186 		-29.5706 		3.4344
v 40.4826 		-34.0013 		2.1712
v 40.2793 		-29.6354 		3.4159
v 40.2428 		-29.7084 		3.3951
v 40.4309 		-33.9632 		2.182
v 40.209 		-29.7895 		3.372
v 40.3826 		-33.9167 		2.1953
v 40.3382 		-33.8619 		2.2109
v 40.178 		-29.8788 		3.3465
v 40.2965 		-33.7989 		2.2289
v 40.1496 		-29.9762 		3.3188
v 40.2575 		-33.7279 		2.2491
v 40.1231 		-30.0798 		3.2892
v 40.2213 		-33.6486 		2.2717
v 40.0992 		-30.1917 		3.2573
v 40.1878 		-33.5612 		2.2966
v 40.0779 		-30.3116 		3.2231
v 40.157 		-33.4657 		2.3239
v 40.0591 		-30.4397 		3.1866
v 40.1289 		-33.3622 		2.3534
v 40.043 		-30.5759 		3.1478
v 40.1036 		-33.2509 		2.3851
v 40.0294 		-30.7203 		3.1066
v 40.0182 		-30.8703 		3.0638
v 40.0809 		-33.1317 		2.4191
v 40.009 		-31.0272 		3.0191
v 40.061 		-33.0047 		2.4553
v 40.0018 		-31.191 		2.9724
v 40.0439 		-32.8699 		2.4937
v 39.9967 		-31.3617 		2.9237
v 40.0294 		-32.7272 		2.5344
v 39.9937 		-31.5393 		2.8731
v 40.0182 		-32.5788 		2.5767
v 39.9926 		-31.7238 		2.8205
v 40.009 		-32.4228 		2.6212
v 39.9937 		-31.9098 		2.7675
v 40.0018 		-32.2593 		2.6678
v 39.9967 		-32.0883 		2.7166
v 40.5688 		-36.9944 		3.6892
v 40.672 		-37 		3.6876
v 40.7488 		-36.9972 		3.6884
v 40.8238 		-36.9887 		3.6908
v 40.8971 		-36.9746 		3.6948
v 40.9685 		-36.9549 		3.7004
v 41.0382 		-36.9295 		3.7077
v 41.1062 		-36.8985 		3.7165
v 41.174 		-36.86 		3.7275
v 41.2416 		-36.8158 		3.7401
v 41.3091 		-36.766 		3.7543
v 41.3765 		-36.7106 		3.7701
v 41.4438 		-36.6495 		3.7875
v 41.5109 		-36.5828 		3.8065
v 41.5109 		-35.2975 		4.173
v 41.712 		-34.7056 		4.3417
v 41.7586 		-34.7056 		4.3417
v 41.7586 		-34.2941 		4.4591
v 40.6868 		-34.2941 		4.4591
v 40.6868 		-34.7056 		4.3417
v 41.1006 		-32.7561 		4.8975
v 41.1013 		-32.834 		4.8754
v 41.1365 		-32.8326 		4.8758
v 41.1702 		-32.8283 		4.877
v 41.2024 		-32.8213 		4.879
v 41.2332 		-32.8114 		4.8818
v 41.2624 		-32.7987 		4.8854
v 41.2901 		-32.7832 		4.8898
v 41.3164 		-32.7651 		4.895
v 41.3414 		-32.7444 		4.9009
v 41.3649 		-32.7212 		4.9075
v 41.3871 		-32.6955 		4.9148
v 41.408 		-32.6674 		4.9229
v 41.4275 		-32.6367 		4.9316
v 41.4455 		-32.6058 		4.9404
v 41.4621 		-32.5734 		4.9496
v 41.4771 		-32.5394 		4.9593
v 41.4907 		-32.5039 		4.9695
v 41.5028 		-32.4668 		4.9801
v 41.5133 		-32.4281 		4.9911
v 41.5216 		-32.3864 		5.003
v 41.5283 		-32.3442 		5.015
v 41.5335 		-32.3012 		5.0272
v 41.5373 		-32.2577 		5.0397
v 41.5395 		-32.2136 		5.0522
v 41.5403 		-32.1688 		5.065
v 41.5389 		-32.1057 		5.083
v 41.5346 		-32.0441 		5.1006
v 41.5274 		-31.9841 		5.1177
v 41.5174 		-31.9257 		5.1343
v 41.5045 		-31.8689 		5.1505
v 41.4888 		-31.8136 		5.1663
v 41.4693 		-31.7585 		5.182
v 41.4468 		-31.7059 		5.197
v 41.4213 		-31.6558 		5.2113
v 41.3929 		-31.6082 		5.2248
v 41.3614 		-31.5631 		5.2377
v 41.3269 		-31.5205 		5.2498
v 41.2903 		-31.4823 		5.2607
v 41.2506 		-31.4466 		5.2709
v 41.208 		-31.4134 		5.2804
v 41.1623 		-31.3827 		5.2891
v 41.1137 		-31.3545 		5.2972
v 41.062 		-31.3288 		5.3045
v 41.0074 		-31.3064 		5.3109
v 40.9497 		-31.2881 		5.3161
v 40.8891 		-31.2738 		5.3202
v 40.8255 		-31.2637 		5.3231
v 40.7588 		-31.2575 		5.3248
v 40.6892 		-31.2555 		5.3254
v 40.5874 		-31.2615 		5.3237
v 40.4897 		-31.2793 		5.3186
v 40.3961 		-31.3091 		5.3101
v 40.3066 		-31.3507 		5.2982
v 40.2212 		-31.4043 		5.283
v 40.1398 		-31.4697 		5.2643
v 40.0627 		-31.544 		5.2432
v 39.9899 		-31.6276 		5.2193
v 39.9215 		-31.7206 		5.1928
v 39.8575 		-31.823 		5.1636
v 39.7978 		-31.9348 		5.1317
v 39.7425 		-32.056 		5.0972
v 39.6915 		-32.1861 		5.0601
v 39.6449 		-32.3247 		5.0205
v 39.6027 		-32.4718 		4.9786
v 39.5648 		-32.6273 		4.9343
v 39.5313 		-32.7912 		4.8875
v 39.5021 		-32.9636 		4.8384
v 39.4774 		-33.1415 		4.7877
v 39.4571 		-33.3257 		4.7352
v 39.4414 		-33.5161 		4.6809
v 39.4302 		-33.7128 		4.6248
v 39.4234 		-33.9157 		4.5669
v 39.4212 		-34.1249 		4.5073
v 39.4233 		-34.3377 		4.4466
v 39.4296 		-34.544 		4.3878
v 39.4402 		-34.7436 		4.3309
v 39.455 		-34.9367 		4.2758
v 39.474 		-35.1232 		4.2227
v 39.4972 		-35.3031 		4.1714
v 39.5248 		-35.4756 		4.1222
v 39.5569 		-35.6395 		4.0755
v 39.5935 		-35.795 		4.0311
v 39.6345 		-35.9421 		3.9892
v 39.6801 		-36.0806 		3.9497
v 39.7302 		-36.2108 		3.9126
v 39.784 		-36.332 		3.878
v 39.8422 		-36.4438 		3.8462
v 39.905 		-36.5462 		3.817
v 39.9722 		-36.6392 		3.7905
v 40.0439 		-36.7228 		3.7666
v 40.1202 		-36.7971 		3.7454
v 40.2009 		-36.8591 		3.7278
v 40.2861 		-36.9098 		3.7133
v 40.3759 		-36.9493 		3.7021
v 40.4701 		-36.9775 		3.694
v 41.5111 		-35.2427 		4.1886
v 41.6952 		-34.7065 		4.3415
v 40.7309 		-34.7056 		4.3417
v 41.0985 		-32.6805 		4.9191
v 41.512 		-35.191 		4.2033
v 41.679 		-34.7093 		4.3407
v 40.7686 		-34.709 		4.3408
v 41.0951 		-32.6071 		4.94
v 41.6635 		-34.714 		4.3393
v 40.8031 		-34.7194 		4.3378
v 41.0904 		-32.5358 		4.9604
v 41.5133 		-35.1425 		4.2172
v 41.6488 		-34.7206 		4.3375
v 40.8345 		-34.7366 		4.3329
v 41.0842 		-32.4668 		4.9801
v 41.5152 		-35.0971 		4.2301
v 41.6347 		-34.7291 		4.335
v 40.8628 		-34.7607 		4.326
v 41.0767 		-32.3999 		4.9991
v 41.5177 		-35.0548 		4.2422
v 41.6212 		-34.7394 		4.3321
v 40.8879 		-34.7917 		4.3172
v 41.5207 		-35.0156 		4.2533
v 41.6092 		-34.7499 		4.3291
v 40.91 		-34.8296 		4.3064
v 41.0671 		-32.334 		5.0179
v 41.5251 		-34.9793 		4.2637
v 41.5978 		-34.7626 		4.3255
v 40.9294 		-34.8763 		4.2931
v 41.056 		-32.2715 		5.0357
v 41.5302 		-34.9455 		4.2733
v 41.5869 		-34.7775 		4.3213
v 40.9454 		-34.9336 		4.2767
v 41.0436 		-32.2125 		5.0526
v 41.536 		-34.9142 		4.2823
v 41.5765 		-34.7945 		4.3164
v 40.9578 		-35.0015 		4.2574
v 41.0299 		-32.1569 		5.0684
v 41.5425 		-34.8854 		4.2905
v 41.5667 		-34.8138 		4.3109
v 40.9666 		-35.0802 		4.235
v 41.0147 		-32.1047 		5.0833
v 41.5496 		-34.859 		4.298
v 41.5575 		-34.8352 		4.3048
v 40.972 		-35.1694 		4.2095
v 40.9982 		-32.056 		5.0972
v 40.9803 		-32.0108 		5.1101
v 40.9606 		-31.969 		5.122
v 40.9737 		-35.2693 		4.181
v 40.9394 		-31.9306 		5.1329
v 40.9737 		-36.4193 		3.8531
v 40.9165 		-31.8957 		5.1429
v 40.892 		-31.8642 		5.1519
v 40.9532 		-36.4283 		3.8506
v 40.8658 		-31.8362 		5.1598
v 40.9326 		-36.4363 		3.8483
v 40.8388 		-31.812 		5.1667
v 40.9118 		-36.4433 		3.8463
v 40.8102 		-31.7923 		5.1723
v 40.8909 		-36.4494 		3.8446
v 40.78 		-31.777 		5.1767
v 40.8698 		-36.4546 		3.8431
v 40.7481 		-31.766 		5.1798
v 40.8486 		-36.4588 		3.8419
v 40.7146 		-31.7594 		5.1817
v 40.8281 		-36.4623 		3.8409
v 40.6794 		-31.7572 		5.1823
v 40.8075 		-36.4651 		3.8401
v 40.6188 		-31.7616 		5.1811
v 40.7867 		-36.4673 		3.8395
v 40.7658 		-36.4688 		3.839
v 40.5611 		-31.7748 		5.1773
v 40.7447 		-36.4698 		3.8388
v 40.5065 		-31.7967 		5.1711
v 40.7235 		-36.4701 		3.8387
v 40.4548 		-31.8274 		5.1623
v 40.6582 		-36.4659 		3.8399
v 40.4062 		-31.8669 		5.1511
v 40.5963 		-36.4532 		3.8435
v 40.3605 		-31.9151 		5.1373
v 40.5378 		-36.432 		3.8495
v 40.3186 		-31.9718 		5.1212
v 40.4826 		-36.4024 		3.858
v 40.2793 		-32.0366 		5.1027
v 40.2428 		-32.1096 		5.0819
v 40.4309 		-36.3644 		3.8688
v 40.209 		-32.1907 		5.0588
v 40.3826 		-36.3179 		3.8821
v 40.3382 		-36.2631 		3.8977
v 40.178 		-32.2799 		5.0333
v 40.2965 		-36.2001 		3.9156
v 40.1496 		-32.3773 		5.0055
v 40.2575 		-36.129 		3.9359
v 40.1231 		-32.481 		4.976
v 40.2213 		-36.0498 		3.9585
v 40.0992 		-32.5928 		4.9441
v 40.1878 		-35.9624 		3.9834
v 40.0779 		-32.7128 		4.9099
v 40.157 		-35.8669 		4.0106
v 40.0591 		-32.8409 		4.8734
v 40.1289 		-35.7634 		4.0402
v 40.043 		-32.9771 		4.8345
v 40.1036 		-35.652 		4.0719
v 40.0294 		-33.1215 		4.7934
v 40.0182 		-33.2715 		4.7506
v 40.0809 		-35.5329 		4.1059
v 40.009 		-33.4284 		4.7059
v 40.061 		-35.4059 		4.1421
v 40.0018 		-33.5922 		4.6592
v 40.0439 		-35.271 		4.1805
v 39.9967 		-33.7629 		4.6105
v 40.0294 		-35.1284 		4.2212
v 39.9937 		-33.9405 		4.5599
v 40.0182 		-34.9799 		4.2635
v 39.9926 		-34.1249 		4.5073
v 40.009 		-34.824 		4.308
v 39.9937 		-34.311 		4.4543
v 40.0018 		-34.6605 		4.3546
v 39.9967 		-34.4895 		4.4034
v 44.1647 		-34.5199 		2.0233
v 43.8507 		-34.5199 		2.0233
v 42.5214 		-30.2129 		3.2513
v 44.2808 		-29.3604 		3.4943
v 44.2701 		-29.3673 		3.4923
v 44.2597 		-29.3739 		3.4905
v 44.4811 		-28.9333 		3.6161
v 44.4811 		-29.3448 		3.4988
v 44.3364 		-29.3448 		3.4988
v 43.5907 		-29.3448 		3.4988
v 43.5907 		-28.9333 		3.6161
v 43.8097 		-29.3738 		3.4905
v 43.7992 		-29.3673 		3.4923
v 43.7885 		-29.3604 		3.4943
v 41.9499 		-29.3448 		3.4988
v 41.9499 		-28.9333 		3.6161
v 42.7053 		-28.9333 		3.6161
v 41.9499 		-34.5199 		2.0233
v 41.9499 		-34.1027 		2.1422
v 42.0922 		-34.1027 		2.1422
v 42.8402 		-34.1027 		2.1422
v 42.8402 		-34.5199 		2.0233
v 44.325 		-29.3454 		3.4986
v 43.733 		-29.3448 		3.4988
v 42.0922 		-29.3448 		3.4988
v 42.1035 		-34.1023 		2.1424
v 42.6955 		-34.1027 		2.1422
v 44.3138 		-29.3473 		3.4981
v 43.7444 		-29.3454 		3.4986
v 42.1035 		-29.3454 		3.4986
v 42.1148 		-34.1009 		2.1428
v 42.6841 		-34.1023 		2.1424
v 44.3026 		-29.3504 		3.4972
v 43.7556 		-29.3473 		3.4981
v 42.1148 		-29.3473 		3.4981
v 42.1259 		-34.0985 		2.1434
v 42.6726 		-34.1009 		2.1428
v 44.2917 		-29.3548 		3.4959
v 43.7667 		-29.3504 		3.4972
v 42.1259 		-29.3504 		3.4972
v 42.1368 		-34.0952 		2.1444
v 42.6612 		-34.0985 		2.1434
v 43.7777 		-29.3548 		3.4959
v 42.1368 		-29.3548 		3.4959
v 42.1477 		-34.091 		2.1456
v 42.6497 		-34.0952 		2.1444
v 42.1477 		-29.3604 		3.4943
v 42.1584 		-34.0858 		2.1471
v 42.6383 		-34.091 		2.1456
v 44.2497 		-29.3824 		3.4881
v 42.1584 		-29.3673 		3.4923
v 42.1688 		-34.0792 		2.1489
v 42.6268 		-34.0858 		2.1471
v 44.2401 		-29.3927 		3.4851
v 43.8197 		-29.3817 		3.4882
v 42.168 		-29.3738 		3.4905
v 42.1788 		-34.0708 		2.1514
v 42.6165 		-34.0792 		2.1489
v 44.2309 		-29.4049 		3.4816
v 43.8293 		-29.3913 		3.4855
v 42.1775 		-29.3817 		3.4882
v 42.1884 		-34.0605 		2.1543
v 42.6067 		-34.0708 		2.1514
v 44.2221 		-29.419 		3.4776
v 43.8385 		-29.4024 		3.4823
v 42.1866 		-29.3913 		3.4855
v 42.1976 		-34.0482 		2.1578
v 42.5974 		-34.0605 		2.1543
v 42.1954 		-29.4024 		3.4823
v 42.2064 		-34.0342 		2.1618
v 42.5887 		-34.0482 		2.1578
v 44.2137 		-29.435 		3.4731
v 42.204 		-29.4151 		3.4787
v 44.2059 		-29.4549 		3.4674
v 42.2123 		-29.4294 		3.4747
v 42.2148 		-34.0182 		2.1664
v 44.1987 		-29.477 		3.4611
v 43.9096 		-32.84 		2.5023
v 42.2226 		-33.9983 		2.172
v 44.1923 		-29.5012 		3.4542
v 42.2202 		-29.4475 		3.4695
v 42.2298 		-33.9762 		2.1783
v 44.1865 		-29.5277 		3.4466
v 42.2276 		-29.4682 		3.4636
v 42.2362 		-33.9519 		2.1852
v 44.1814 		-29.5563 		3.4385
v 42.2344 		-29.4914 		3.457
v 42.242 		-33.9255 		2.1928
v 44.1769 		-29.5872 		3.4297
v 42.2407 		-29.517 		3.4497
v 42.2471 		-33.8968 		2.201
v 44.1732 		-29.6229 		3.4195
v 42.2464 		-29.5452 		3.4416
v 42.2516 		-33.866 		2.2097
v 44.1701 		-29.6624 		3.4082
v 42.2516 		-29.5759 		3.4329
v 42.2561 		-33.8303 		2.2199
v 44.1677 		-29.7056 		3.3959
v 42.2561 		-29.6079 		3.4238
v 42.2598 		-33.7908 		2.2312
v 44.166 		-29.7526 		3.3825
v 42.2598 		-29.6436 		3.4136
v 42.2626 		-33.7476 		2.2435
v 44.165 		-29.8033 		3.3681
v 42.2626 		-29.683 		3.4023
v 42.2647 		-33.7006 		2.2569
v 44.1647 		-29.8578 		3.3525
v 42.2647 		-29.7263 		3.39
v 42.2659 		-33.6499 		2.2714
v 43.8473 		-29.4151 		3.4787
v 42.2663 		-33.5954 		2.2869
v 43.8556 		-29.4294 		3.4747
v 42.5805 		-34.0342 		2.1618
v 43.8635 		-29.4475 		3.4695
v 42.5729 		-34.0182 		2.1664
v 43.8709 		-29.4682 		3.4636
v 42.565 		-33.9983 		2.172
v 43.8777 		-29.4914 		3.457
v 42.5576 		-33.9762 		2.1783
v 43.884 		-29.517 		3.4497
v 42.5508 		-33.9519 		2.1852
v 43.8897 		-29.5452 		3.4416
v 42.5445 		-33.9255 		2.1928
v 43.8949 		-29.5759 		3.4329
v 42.5388 		-33.8968 		2.201
v 43.8994 		-29.6079 		3.4238
v 42.5336 		-33.866 		2.2097
v 43.9031 		-29.6436 		3.4136
v 42.5299 		-33.8303 		2.2199
v 43.9059 		-29.683 		3.4023
v 42.5268 		-33.7908 		2.2312
v 42.2663 		-29.824 		3.3622
v 43.908 		-29.7263 		3.39
v 42.2659 		-29.7732 		3.3766
v 43.9092 		-29.7732 		3.3766
v 43.9096 		-29.824 		3.3622
v 42.5244 		-33.7476 		2.2435
v 42.5227 		-33.7006 		2.2569
v 42.5217 		-33.6499 		2.2714
v 42.5214 		-33.5954 		2.2869
v 42.5214 		-32.6141 		4.938
v 43.8507 		-36.9211 		3.7101
v 44.1647 		-36.9211 		3.7101
v 44.2597 		-31.7751 		5.1773
v 44.2701 		-31.7685 		5.1791
v 44.2808 		-31.7616 		5.1811
v 44.3364 		-31.746 		5.1856
v 44.4811 		-31.746 		5.1856
v 44.4811 		-31.3344 		5.3029
v 43.5907 		-31.3344 		5.3029
v 43.5907 		-31.746 		5.1856
v 43.7885 		-31.7616 		5.1811
v 43.7992 		-31.7685 		5.1791
v 43.8097 		-31.7749 		5.1773
v 42.7053 		-31.3344 		5.3029
v 41.9499 		-31.3344 		5.3029
v 41.9499 		-31.746 		5.1856
v 42.0922 		-36.5039 		3.829
v 41.9499 		-36.5039 		3.829
v 41.9499 		-36.9211 		3.7101
v 42.8402 		-36.9211 		3.7101
v 42.8402 		-36.5039 		3.829
v 44.325 		-31.7466 		5.1854
v 43.733 		-31.746 		5.1856
v 42.0922 		-31.746 		5.1856
v 42.1035 		-36.5034 		3.8292
v 42.6955 		-36.5039 		3.829
v 44.3138 		-31.7485 		5.1848
v 43.7444 		-31.7466 		5.1854
v 42.1035 		-31.7466 		5.1854
v 42.1148 		-36.502 		3.8296
v 42.6841 		-36.5034 		3.8292
v 44.3026 		-31.7516 		5.184
v 43.7556 		-31.7485 		5.1848
v 42.1148 		-31.7485 		5.1848
v 42.1259 		-36.4997 		3.8302
v 42.6726 		-36.502 		3.8296
v 44.2917 		-31.756 		5.1827
v 43.7667 		-31.7516 		5.184
v 42.1259 		-31.7516 		5.184
v 42.1368 		-36.4964 		3.8312
v 42.6612 		-36.4997 		3.8302
v 43.7777 		-31.756 		5.1827
v 42.1368 		-31.756 		5.1827
v 42.1477 		-36.4922 		3.8324
v 42.6497 		-36.4964 		3.8312
v 42.1477 		-31.7616 		5.1811
v 42.1584 		-36.487 		3.8338
v 42.6383 		-36.4922 		3.8324
v 44.2497 		-31.7835 		5.1748
v 42.1584 		-31.7685 		5.1791
v 42.1688 		-36.4804 		3.8357
v 42.6268 		-36.487 		3.8338
v 44.2401 		-31.7939 		5.1719
v 43.8197 		-31.7829 		5.175
v 42.168 		-31.7749 		5.1773
v 42.1788 		-36.472 		3.8381
v 42.6165 		-36.4804 		3.8357
v 44.2309 		-31.8061 		5.1684
v 43.8293 		-31.7925 		5.1723
v 42.1775 		-31.7829 		5.175
v 42.1884 		-36.4616 		3.8411
v 42.6067 		-36.472 		3.8381
v 44.2221 		-31.8202 		5.1644
v 43.8385 		-31.8036 		5.1691
v 42.1866 		-31.7925 		5.1723
v 42.1976 		-36.4494 		3.8446
v 42.5974 		-36.4616 		3.8411
v 42.1954 		-31.8036 		5.1691
v 42.2064 		-36.4353 		3.8486
v 42.5887 		-36.4494 		3.8446
v 44.2137 		-31.8362 		5.1598
v 42.204 		-31.8163 		5.1655
v 44.2059 		-31.856 		5.1542
v 42.2123 		-31.8305 		5.1614
v 42.2148 		-36.4193 		3.8531
v 44.1987 		-31.8781 		5.1479
v 43.9096 		-35.2411 		4.1891
v 42.2226 		-36.3995 		3.8588
v 44.1923 		-31.9024 		5.141
v 42.2202 		-31.8487 		5.1563
v 42.2298 		-36.3774 		3.8651
v 44.1865 		-31.9289 		5.1334
v 42.2276 		-31.8694 		5.1504
v 42.2362 		-36.3531 		3.872
v 44.1814 		-31.9575 		5.1252
v 42.2344 		-31.8925 		5.1438
v 42.242 		-36.3266 		3.8796
v 44.1769 		-31.9884 		5.1164
v 42.2407 		-31.9182 		5.1364
v 42.2471 		-36.298 		3.8877
v 44.1732 		-32.0241 		5.1063
v 42.2464 		-31.9464 		5.1284
v 42.2516 		-36.2671 		3.8965
v 44.1701 		-32.0635 		5.095
v 42.2516 		-31.9771 		5.1197
v 42.2561 		-36.2314 		3.9067
v 44.1677 		-32.1068 		5.0827
v 42.2561 		-32.009 		5.1106
v 42.2598 		-36.192 		3.918
v 44.166 		-32.1537 		5.0693
v 42.2598 		-32.0447 		5.1004
v 42.2626 		-36.1488 		3.9303
v 44.165 		-32.2045 		5.0548
v 42.2626 		-32.0842 		5.0891
v 42.2647 		-36.1018 		3.9437
v 44.1647 		-32.259 		5.0393
v 42.2647 		-32.1274 		5.0768
v 42.2659 		-36.051 		3.9581
v 43.8473 		-31.8163 		5.1655
v 42.2663 		-35.9965 		3.9737
v 43.8556 		-31.8305 		5.1614
v 42.5805 		-36.4353 		3.8486
v 43.8635 		-31.8487 		5.1563
v 42.5729 		-36.4193 		3.8531
v 43.8709 		-31.8694 		5.1504
v 42.565 		-36.3995 		3.8588
v 43.8777 		-31.8925 		5.1438
v 42.5576 		-36.3774 		3.8651
v 43.884 		-31.9182 		5.1364
v 42.5508 		-36.3531 		3.872
v 43.8897 		-31.9464 		5.1284
v 42.5445 		-36.3266 		3.8796
v 43.8949 		-31.9771 		5.1197
v 42.5388 		-36.298 		3.8877
v 43.8994 		-32.009 		5.1106
v 42.5336 		-36.2671 		3.8965
v 43.9031 		-32.0447 		5.1004
v 42.5299 		-36.2314 		3.9067
v 43.9059 		-32.0842 		5.0891
v 42.5268 		-36.192 		3.918
v 42.2663 		-32.2251 		5.0489
v 43.908 		-32.1274 		5.0768
v 42.2659 		-32.1744 		5.0634
v 43.9092 		-32.1744 		5.0634
v 43.9096 		-32.2251 		5.0489
v 42.5244 		-36.1488 		3.9303
v 42.5227 		-36.1018 		3.9437
v 42.5217 		-36.051 		3.9581
v 42.5214 		-35.9965 		3.9737
v 45.6793 		-29.3604 		3.4943
v 45.6657 		-29.3673 		3.4923
v 45.6531 		-29.3733 		3.4907
v 45.7737 		-28.9333 		3.6161
v 45.7737 		-29.3448 		3.4988
v 45.7614 		-29.3448 		3.4988
v 44.6454 		-29.3448 		3.4988
v 44.6454 		-28.9333 		3.6161
v 45.5455 		-31.7745 		2.806
v 44.9814 		-29.762 		3.3798
v 44.9724 		-29.7288 		3.3893
v 44.8562 		-33.8199 		2.2229
v 44.8686 		-33.787 		2.2323
v 44.8818 		-33.7526 		2.2421
v 44.5743 		-34.5199 		2.0233
v 44.5743 		-34.1027 		2.1422
v 44.5939 		-34.1027 		2.1422
v 45.4278 		-34.1027 		2.1422
v 45.4278 		-34.5199 		2.0233
v 45.8767 		-34.5199 		2.0233
v 45.8767 		-34.1027 		2.1422
v 45.8914 		-34.1027 		2.1422
v 47 		-34.1027 		2.1422
v 47 		-34.5199 		2.0233
v 46.5672 		-29.8612 		3.3515
v 46.5512 		-29.9142 		3.3364
v 46.0557 		-31.4588 		2.8961
v 46.9215 		-28.9333 		3.6161
v 46.9215 		-29.3448 		3.4988
v 46.8896 		-29.3448 		3.4988
v 46.1268 		-29.3448 		3.4988
v 46.1268 		-28.9333 		3.6161
v 45.7431 		-29.3454 		3.4986
v 44.6896 		-29.3448 		3.4988
v 44.6139 		-34.1018 		2.1425
v 45.3906 		-34.101 		2.1427
v 45.9543 		-34.0957 		2.1443
v 46.9534 		-34.1027 		2.1422
v 46.5828 		-29.8114 		3.3657
v 46.8728 		-29.3457 		3.4985
v 46.1399 		-29.3451 		3.4987
v 45.7257 		-29.3473 		3.4981
v 44.7087 		-29.3456 		3.4986
v 44.6331 		-34.099 		2.1433
v 45.3572 		-34.0958 		2.1442
v 46.0058 		-34.0746 		2.1503
v 46.9319 		-34.1004 		2.1429
v 46.8567 		-29.3485 		3.4977
v 46.1527 		-29.346 		3.4984
v 45.7093 		-29.3504 		3.4972
v 44.7269 		-29.3479 		3.4979
v 44.6515 		-34.0943 		2.1447
v 45.3279 		-34.0872 		2.1467
v 46.0459 		-34.0393 		2.1603
v 46.9101 		-34.0933 		2.1449
v 46.8412 		-29.3532 		3.4964
v 46.1655 		-29.3476 		3.498
v 45.6938 		-29.3548 		3.4959
v 44.7441 		-29.3518 		3.4968
v 44.6691 		-34.0877 		2.1465
v 45.3025 		-34.0752 		2.1501
v 46.0745 		-33.99 		2.1744
v 46.8878 		-34.0816 		2.1483
v 46.8264 		-29.3598 		3.4945
v 46.1781 		-29.3498 		3.4973
v 44.7604 		-29.3573 		3.4952
v 44.6859 		-34.0792 		2.1489
v 45.281 		-34.0597 		2.1545
v 46.8123 		-29.3683 		3.4921
v 46.1905 		-29.3526 		3.4965
v 44.7757 		-29.3644 		3.4932
v 44.7018 		-34.0689 		2.1519
v 45.2635 		-34.0407 		2.1599
v 46.0917 		-33.9266 		2.1925
v 46.7989 		-29.3786 		3.4891
v 46.2029 		-29.3561 		3.4956
v 45.6412 		-29.3799 		3.4888
v 44.7901 		-29.373 		3.4907
v 44.7172 		-34.0548 		2.1559
v 45.2485 		-34.0165 		2.1668
v 46.0974 		-33.8491 		2.2146
v 46.7858 		-29.3891 		3.4861
v 46.2148 		-29.3601 		3.4944
v 45.6302 		-29.3871 		3.4867
v 44.8037 		-29.383 		3.4879
v 44.7323 		-34.0388 		2.1605
v 45.2362 		-33.9887 		2.1747
v 46.0973 		-33.834 		2.2189
v 46.7727 		-29.4018 		3.4825
v 46.226 		-29.3648 		3.4931
v 45.6199 		-29.3949 		3.4845
v 44.8168 		-29.3943 		3.4847
v 44.7472 		-34.021 		2.1655
v 45.2267 		-33.9576 		2.1836
v 46.0971 		-33.819 		2.2231
v 46.7596 		-29.4167 		3.4783
v 46.2366 		-29.3702 		3.4915
v 45.6105 		-29.4034 		3.4821
v 44.8294 		-29.4068 		3.4811
v 44.7618 		-34.0013 		2.1712
v 45.2199 		-33.923 		2.1935
v 46.0968 		-33.804 		2.2274
v 46.7466 		-29.4337 		3.4734
v 46.2465 		-29.3761 		3.4898
v 45.602 		-29.4124 		3.4795
v 44.8414 		-29.4206 		3.4772
v 44.7761 		-33.9797 		2.1773
v 45.2158 		-33.8849 		2.2043
v 46.0963 		-33.7889 		2.2317
v 46.7335 		-29.453 		3.4679
v 46.2557 		-29.3827 		3.488
v 45.5949 		-29.424 		3.4762
v 44.8528 		-29.4356 		3.4729
v 44.7901 		-33.9562 		2.184
v 45.2144 		-33.8434 		2.2162
v 46.0957 		-33.7739 		2.236
v 46.7204 		-29.4745 		3.4618
v 46.2642 		-29.3899 		3.4859
v 45.5886 		-29.4362 		3.4727
v 44.8637 		-29.4519 		3.4682
v 44.8039 		-33.9327 		2.1907
v 45.2153 		-33.8019 		2.228
v 46.095 		-33.7589 		2.2403
v 46.7072 		-29.4964 		3.4556
v 46.2728 		-29.3998 		3.4831
v 45.583 		-29.4491 		3.469
v 44.875 		-29.4696 		3.4632
v 44.8174 		-33.9073 		2.198
v 45.2177 		-33.7601 		2.2399
v 46.0931 		-33.7452 		2.2442
v 46.694 		-29.5208 		3.4486
v 46.2808 		-29.4106 		3.48
v 44.8306 		-33.8801 		2.2057
v 45.2218 		-33.718 		2.2519
v 46.0909 		-33.7307 		2.2483
v 46.6805 		-29.5477 		3.4409
v 46.2881 		-29.4223 		3.4767
v 45.578 		-29.4625 		3.4652
v 44.8435 		-33.8509 		2.214
v 45.2275 		-33.6756 		2.264
v 46.0882 		-33.7152 		2.2527
v 46.667 		-29.5772 		3.4325
v 46.2947 		-29.435 		3.4731
v 45.5737 		-29.4766 		3.4612
v 45.2349 		-33.6328 		2.2762
v 46.0851 		-33.6987 		2.2574
v 46.6533 		-29.6091 		3.4234
v 46.3006 		-29.4486 		3.4692
v 45.5701 		-29.4914 		3.457
v 46.0817 		-33.6813 		2.2624
v 46.6395 		-29.6436 		3.4136
v 46.3059 		-29.4632 		3.465
v 45.5671 		-29.5047 		3.4532
v 46.0778 		-33.663 		2.2676
v 45.5646 		-29.5183 		3.4493
v 44.895 		-33.7169 		2.2523
v 46.0734 		-33.6434 		2.2732
v 46.6261 		-29.6808 		3.403
v 45.5627 		-29.5322 		3.4453
v 44.9085 		-33.6799 		2.2628
v 46.0685 		-33.6223 		2.2792
v 46.6122 		-29.7212 		3.3914
v 45.5614 		-29.5465 		3.4413
v 44.922 		-33.6417 		2.2737
v 46.0631 		-33.5996 		2.2857
v 46.5978 		-29.7648 		3.379
v 45.5605 		-29.561 		3.4371
v 44.9357 		-33.6023 		2.2849
v 46.0571 		-33.5753 		2.2926
v 45.5603 		-29.5759 		3.4329
v 44.9495 		-33.5616 		2.2965
v 46.0505 		-33.5495 		2.3
v 46.3111 		-29.4788 		3.4606
v 45.561 		-29.6035 		3.425
v 46.0434 		-33.5221 		2.3078
v 46.3154 		-29.4957 		3.4557
v 45.5633 		-29.6335 		3.4164
v 45.2439 		-33.5897 		2.2885
v 46.0357 		-33.4926 		2.3162
v 46.3188 		-29.5139 		3.4506
v 45.567 		-29.6661 		3.4072
v 45.253 		-33.549 		2.3001
v 46.0271 		-33.4607 		2.3253
v 46.3211 		-29.5333 		3.445
v 45.5723 		-29.7012 		3.3972
v 45.2624 		-33.5096 		2.3114
v 46.8651 		-34.0652 		2.153
v 46.3226 		-29.554 		3.4391
v 45.579 		-29.7388 		3.3864
v 45.2721 		-33.4714 		2.3223
v 46.0177 		-33.4263 		2.3351
v 46.3231 		-29.5759 		3.4329
v 45.5872 		-29.7789 		3.375
v 45.282 		-33.4344 		2.3328
v 46.0075 		-33.3893 		2.3457
v 46.3222 		-29.6124 		3.4225
v 45.5958 		-29.8205 		3.3631
v 45.2922 		-33.3987 		2.343
v 45.9964 		-33.3498 		2.3569
v 46.3195 		-29.6505 		3.4116
v 45.6052 		-29.8628 		3.3511
v 45.3027 		-33.3642 		2.3528
v 45.9846 		-33.3079 		2.3689
v 46.3151 		-29.6901 		3.4003
v 45.6155 		-29.9057 		3.3389
v 45.6706 		-32.2199 		2.6791
v 46.842 		-34.044 		2.159
v 45.6265 		-29.9492 		3.3264
v 46.8185 		-34.0182 		2.1664
v 46.3089 		-29.7313 		3.3886
v 45.6383 		-29.9934 		3.3139
v 46.7949 		-33.9856 		2.1756
v 46.3009 		-29.774 		3.3764
v 45.651 		-30.0382 		3.3011
v 44.9634 		-29.6968 		3.3984
v 46.7716 		-33.9443 		2.1874
v 46.2912 		-29.8183 		3.3638
v 45.9331 		-31.0078 		3.0246
v 46.7486 		-33.8942 		2.2017
v 46.2813 		-29.8609 		3.3516
v 44.886 		-29.4889 		3.4577
v 46.2713 		-29.9023 		3.3398
v 44.8968 		-29.5097 		3.4518
v 44.9545 		-29.6661 		3.4072
v 46.2611 		-29.9424 		3.3284
v 44.9073 		-29.5321 		3.4454
v 44.9455 		-29.6367 		3.4156
v 46.2508 		-29.9812 		3.3173
v 44.9175 		-29.556 		3.4385
v 44.9365 		-29.6085 		3.4236
v 46.2404 		-30.0188 		3.3066
v 44.9275 		-29.5816 		3.4313
v 46.2299 		-30.0551 		3.2963
v 46.7258 		-33.8353 		2.2185
v 46.7034 		-33.7676 		2.2378
v 46.6812 		-33.6912 		2.2596
v 45.6531 		-31.7745 		5.1774
v 45.6657 		-31.7685 		5.1791
v 45.6793 		-31.7616 		5.1811
v 45.7614 		-31.746 		5.1856
v 45.7737 		-31.746 		5.1856
v 45.7737 		-31.3344 		5.3029
v 44.6454 		-31.3344 		5.3029
v 44.6454 		-31.746 		5.1856
v 44.9724 		-32.1299 		5.0761
v 44.9814 		-32.1631 		5.0666
v 45.5455 		-34.1757 		4.4928
v 44.8818 		-36.1538 		3.9289
v 44.8686 		-36.1882 		3.919
v 44.8562 		-36.2211 		3.9097
v 44.5939 		-36.5039 		3.829
v 44.5743 		-36.5039 		3.829
v 44.5743 		-36.9211 		3.7101
v 45.4278 		-36.9211 		3.7101
v 45.4278 		-36.5039 		3.829
v 45.8914 		-36.5039 		3.829
v 45.8767 		-36.5039 		3.829
v 45.8767 		-36.9211 		3.7101
v 47 		-36.9211 		3.7101
v 47 		-36.5039 		3.829
v 46.0557 		-33.86 		4.5828
v 46.5512 		-32.3153 		5.0232
v 46.5672 		-32.2624 		5.0383
v 46.8896 		-31.746 		5.1856
v 46.9215 		-31.746 		5.1856
v 46.9215 		-31.3344 		5.3029
v 46.1268 		-31.3344 		5.3029
v 46.1268 		-31.746 		5.1856
v 45.7431 		-31.7466 		5.1854
v 44.6896 		-31.746 		5.1856
v 44.6139 		-36.503 		3.8293
v 45.3906 		-36.5022 		3.8295
v 45.9543 		-36.4969 		3.831
v 46.9534 		-36.5039 		3.829
v 46.5828 		-32.2126 		5.0525
v 46.8728 		-31.7469 		5.1853
v 46.1399 		-31.7463 		5.1855
v 45.7257 		-31.7485 		5.1848
v 44.7087 		-31.7467 		5.1853
v 44.6331 		-36.5002 		3.8301
v 45.3572 		-36.497 		3.831
v 46.0058 		-36.4757 		3.8371
v 46.9319 		-36.5016 		3.8297
v 46.8567 		-31.7497 		5.1845
v 46.1527 		-31.7472 		5.1852
v 45.7093 		-31.7516 		5.184
v 44.7269 		-31.7491 		5.1847
v 44.6515 		-36.4955 		3.8314
v 45.3279 		-36.4884 		3.8334
v 46.0459 		-36.4405 		3.8471
v 46.9101 		-36.4945 		3.8317
v 46.8412 		-31.7544 		5.1831
v 46.1655 		-31.7488 		5.1848
v 45.6938 		-31.756 		5.1827
v 44.7441 		-31.753 		5.1835
v 44.6691 		-36.4889 		3.8333
v 45.3025 		-36.4764 		3.8369
v 46.0745 		-36.3912 		3.8612
v 46.8878 		-36.4828 		3.8351
v 46.8264 		-31.761 		5.1813
v 46.1781 		-31.751 		5.1841
v 44.7604 		-31.7585 		5.182
v 44.6859 		-36.4804 		3.8357
v 45.281 		-36.4608 		3.8413
v 46.8123 		-31.7695 		5.1789
v 46.1905 		-31.7538 		5.1833
v 44.7757 		-31.7655 		5.18
v 44.7018 		-36.4701 		3.8387
v 45.2635 		-36.4419 		3.8467
v 46.0917 		-36.3277 		3.8793
v 46.7989 		-31.7798 		5.1759
v 46.2029 		-31.7572 		5.1823
v 45.6412 		-31.781 		5.1756
v 44.7901 		-31.7741 		5.1775
v 44.7172 		-36.456 		3.8427
v 45.2485 		-36.4176 		3.8536
v 46.0974 		-36.2502 		3.9014
v 46.7858 		-31.7903 		5.1729
v 46.2148 		-31.7613 		5.1812
v 45.6302 		-31.7882 		5.1735
v 44.8037 		-31.7842 		5.1747
v 44.7323 		-36.44 		3.8472
v 45.2362 		-36.3899 		3.8615
v 46.0973 		-36.2352 		3.9056
v 46.7727 		-31.803 		5.1693
v 46.226 		-31.766 		5.1798
v 45.6199 		-31.7961 		5.1713
v 44.8168 		-31.7954 		5.1715
v 44.7472 		-36.4222 		3.8523
v 45.2267 		-36.3587 		3.8704
v 46.0971 		-36.2202 		3.9099
v 46.7596 		-31.8178 		5.1651
v 46.2366 		-31.7713 		5.1783
v 45.6105 		-31.8045 		5.1689
v 44.8294 		-31.808 		5.1679
v 44.7618 		-36.4024 		3.858
v 45.2199 		-36.3241 		3.8803
v 46.0968 		-36.2051 		3.9142
v 46.7466 		-31.8349 		5.1602
v 46.2465 		-31.7773 		5.1766
v 45.602 		-31.8136 		5.1663
v 44.8414 		-31.8218 		5.1639
v 44.7761 		-36.3808 		3.8641
v 45.2158 		-36.2861 		3.8911
v 46.0963 		-36.1901 		3.9185
v 46.7335 		-31.8542 		5.1547
v 46.2557 		-31.7839 		5.1748
v 45.5949 		-31.8252 		5.163
v 44.8528 		-31.8368 		5.1597
v 44.7901 		-36.3573 		3.8708
v 45.2144 		-36.2446 		3.903
v 46.0957 		-36.1751 		3.9228
v 46.7204 		-31.8756 		5.1486
v 46.2642 		-31.7911 		5.1727
v 45.5886 		-31.8374 		5.1595
v 44.8637 		-31.8531 		5.155
v 44.8039 		-36.3338 		3.8775
v 45.2153 		-36.2031 		3.9148
v 46.095 		-36.16 		3.9271
v 46.7072 		-31.8975 		5.1423
v 46.2728 		-31.8009 		5.1699
v 45.583 		-31.8503 		5.1558
v 44.875 		-31.8708 		5.15
v 44.8174 		-36.3085 		3.8847
v 45.2177 		-36.1613 		3.9267
v 46.0931 		-36.1464 		3.931
v 46.694 		-31.922 		5.1354
v 46.2808 		-31.8117 		5.1668
v 44.8306 		-36.2812 		3.8925
v 45.2218 		-36.1192 		3.9387
v 46.0909 		-36.1318 		3.9351
v 46.6805 		-31.9489 		5.1277
v 46.2881 		-31.8235 		5.1635
v 45.578 		-31.8637 		5.152
v 44.8435 		-36.2521 		3.9008
v 45.2275 		-36.0767 		3.9508
v 46.0882 		-36.1163 		3.9395
v 46.667 		-31.9783 		5.1193
v 46.2947 		-31.8362 		5.1598
v 45.5737 		-31.8778 		5.148
v 45.2349 		-36.034 		3.963
v 46.0851 		-36.0999 		3.9442
v 46.6533 		-32.0103 		5.1102
v 46.3006 		-31.8498 		5.156
v 45.5701 		-31.8925 		5.1438
v 46.0817 		-36.0825 		3.9492
v 46.6395 		-32.0447 		5.1004
v 46.3059 		-31.8643 		5.1518
v 45.5671 		-31.9058 		5.14
v 46.0778 		-36.0642 		3.9544
v 45.5646 		-31.9195 		5.1361
v 44.895 		-36.1181 		3.939
v 46.0734 		-36.0446 		3.96
v 46.6261 		-32.082 		5.0897
v 45.5627 		-31.9334 		5.1321
v 44.9085 		-36.0811 		3.9496
v 46.0685 		-36.0235 		3.966
v 46.6122 		-32.1224 		5.0782
v 45.5614 		-31.9477 		5.1281
v 44.922 		-36.0429 		3.9605
v 46.0631 		-36.0008 		3.9725
v 46.5978 		-32.1659 		5.0658
v 45.5605 		-31.9622 		5.1239
v 44.9357 		-36.0034 		3.9717
v 46.0571 		-35.9765 		3.9794
v 45.5603 		-31.9771 		5.1197
v 44.9495 		-35.9627 		3.9833
v 46.0505 		-35.9507 		3.9868
v 46.3111 		-31.88 		5.1473
v 45.561 		-32.0047 		5.1118
v 46.0434 		-35.9233 		3.9946
v 46.3154 		-31.8969 		5.1425
v 45.5633 		-32.0347 		5.1032
v 45.2439 		-35.9909 		3.9753
v 46.0357 		-35.8938 		4.003
v 46.3188 		-31.9151 		5.1373
v 45.567 		-32.0673 		5.0939
v 45.253 		-35.9502 		3.9869
v 46.0271 		-35.8619 		4.0121
v 46.3211 		-31.9345 		5.1318
v 45.5723 		-32.1024 		5.0839
v 45.2624 		-35.9107 		3.9981
v 46.8651 		-36.4663 		3.8397
v 46.3226 		-31.9552 		5.1259
v 45.579 		-32.14 		5.0732
v 45.2721 		-35.8725 		4.009
v 46.0177 		-35.8274 		4.0219
v 46.3231 		-31.9771 		5.1197
v 45.5872 		-32.18 		5.0618
v 45.282 		-35.8356 		4.0196
v 46.0075 		-35.7905 		4.0324
v 46.3222 		-32.0136 		5.1093
v 45.5958 		-32.2217 		5.0499
v 45.2922 		-35.7999 		4.0298
v 45.9964 		-35.751 		4.0437
v 46.3195 		-32.0516 		5.0984
v 45.6052 		-32.264 		5.0379
v 45.3027 		-35.7654 		4.0396
v 45.9846 		-35.709 		4.0557
v 46.3151 		-32.0913 		5.0871
v 45.6155 		-32.3069 		5.0256
v 45.6706 		-34.621 		4.3659
v 46.842 		-36.4452 		3.8458
v 45.6265 		-32.3504 		5.0132
v 46.8185 		-36.4193 		3.8531
v 46.3089 		-32.1324 		5.0754
v 45.6383 		-32.3946 		5.0006
v 46.7949 		-36.3868 		3.8624
v 46.3009 		-32.1752 		5.0632
v 45.651 		-32.4394 		4.9879
v 44.9634 		-32.098 		5.0852
v 46.7716 		-36.3454 		3.8742
v 46.2912 		-32.2195 		5.0505
v 45.9331 		-33.409 		4.7114
v 46.7486 		-36.2953 		3.8885
v 46.2813 		-32.2621 		5.0384
v 44.886 		-31.89 		5.1445
v 46.2713 		-32.3034 		5.0266
v 44.8968 		-31.9109 		5.1385
v 44.9545 		-32.0673 		5.0939
v 46.2611 		-32.3435 		5.0152
v 44.9073 		-31.9332 		5.1322
v 44.9455 		-32.0379 		5.1023
v 46.2508 		-32.3824 		5.0041
v 44.9175 		-31.9572 		5.1253
v 44.9365 		-32.0097 		5.1104
v 46.2404 		-32.4199 		4.9934
v 44.9275 		-31.9827 		5.1181
v 46.2299 		-32.4563 		4.983
v 46.7258 		-36.2364 		3.9053
v 46.7034 		-36.1688 		3.9246
v 46.6812 		-36.0924 		3.9464
# 4794 vertices

g group_0_16768282

usemtl color_16768282
s 0

f 1 	2 	3
f 4 	5 	1
f 6 	7 	8
f 9 	10 	11
f 12 	13 	14
f 15 	16 	12
f 17 	18 	15
f 19 	20 	17
f 21 	22 	19
f 23 	24 	21
f 25 	26 	23
f 27 	28 	25
f 29 	30 	27
f 31 	32 	29
f 33 	34 	31
f 35 	36 	33
f 37 	38 	35
f 39 	40 	37
f 41 	42 	39
f 43 	44 	41
f 45 	46 	43
f 47 	48 	45
f 49 	50 	47
f 51 	52 	49
f 53 	54 	51
f 55 	56 	53
f 57 	58 	55
f 59 	60 	57
f 1 	3 	61
f 62 	4 	1
f 6 	8 	63
f 12 	14 	64
f 17 	15 	12
f 21 	19 	17
f 25 	23 	21
f 29 	27 	25
f 33 	31 	29
f 37 	35 	33
f 41 	39 	37
f 45 	43 	41
f 49 	47 	45
f 53 	51 	49
f 57 	55 	53
f 65 	59 	57
f 1 	61 	66
f 67 	62 	1
f 6 	63 	68
f 12 	64 	69
f 21 	17 	12
f 29 	25 	21
f 37 	33 	29
f 45 	41 	37
f 53 	49 	45
f 65 	57 	53
f 1 	66 	70
f 71 	67 	1
f 6 	68 	72
f 12 	69 	73
f 29 	21 	12
f 45 	37 	29
f 65 	53 	45
f 1 	70 	74
f 75 	71 	1
f 6 	72 	76
f 12 	73 	77
f 45 	29 	12
f 1 	74 	78
f 79 	75 	1
f 6 	76 	80
f 12 	77 	81
f 65 	45 	12
f 1 	78 	82
f 83 	79 	1
f 6 	80 	84
f 12 	81 	85
f 1 	82 	86
f 87 	83 	1
f 12 	85 	88
f 1 	86 	89
f 12 	88 	90
f 1 	89 	91
f 65 	12 	90
f 1 	91 	92
f 65 	90 	93
f 1 	92 	94
f 65 	93 	9
f 1 	94 	95
f 65 	9 	11
f 1 	95 	96
f 65 	11 	97
f 1 	96 	98
f 65 	97 	99
f 1 	98 	100
f 65 	99 	101
f 1 	100 	102
f 65 	101 	103
f 1 	102 	104
f 65 	103 	105
f 1 	104 	106
f 65 	105 	107
f 1 	106 	108
f 65 	107 	109
f 1 	108 	110
f 65 	109 	111
f 1 	110 	112
f 65 	111 	113
f 1 	112 	114
f 65 	113 	115
f 1 	114 	116
f 65 	115 	117
f 1 	116 	118
f 65 	117 	6
f 1 	118 	119
f 65 	6 	84
f 87 	1 	119
f 65 	84 	120
f 121 	87 	119
f 65 	120 	122
f 123 	121 	119
f 119 	65 	122
f 124 	123 	119
f 119 	122 	125
f 126 	124 	119
f 119 	125 	127
f 128 	126 	119
f 119 	127 	129
f 129 	128 	119
f 130 	131 	132
f 132 	133 	134
f 135 	136 	137
f 138 	139 	140
f 141 	142 	143
f 143 	144 	145
f 145 	146 	147
f 147 	148 	149
f 149 	150 	151
f 151 	152 	153
f 153 	154 	155
f 155 	156 	157
f 157 	158 	159
f 159 	160 	161
f 161 	162 	163
f 163 	164 	165
f 165 	166 	167
f 167 	168 	169
f 169 	170 	171
f 171 	172 	173
f 173 	174 	175
f 175 	176 	177
f 177 	178 	179
f 179 	180 	181
f 181 	182 	183
f 183 	184 	185
f 185 	186 	187
f 187 	188 	189
f 190 	130 	132
f 132 	134 	191
f 192 	135 	137
f 193 	141 	143
f 143 	145 	147
f 147 	149 	151
f 151 	153 	155
f 155 	157 	159
f 159 	161 	163
f 163 	165 	167
f 167 	169 	171
f 171 	173 	175
f 175 	177 	179
f 179 	181 	183
f 183 	185 	187
f 187 	189 	194
f 195 	190 	132
f 132 	191 	196
f 197 	192 	137
f 198 	193 	143
f 143 	147 	151
f 151 	155 	159
f 159 	163 	167
f 167 	171 	175
f 175 	179 	183
f 183 	187 	194
f 199 	195 	132
f 132 	196 	200
f 201 	197 	137
f 202 	198 	143
f 143 	151 	159
f 159 	167 	175
f 175 	183 	194
f 203 	199 	132
f 132 	200 	204
f 205 	201 	137
f 206 	202 	143
f 143 	159 	175
f 207 	203 	132
f 132 	204 	208
f 209 	205 	137
f 210 	206 	143
f 143 	175 	194
f 211 	207 	132
f 132 	208 	212
f 213 	209 	137
f 214 	210 	143
f 215 	211 	132
f 132 	212 	216
f 217 	214 	143
f 218 	215 	132
f 219 	217 	143
f 220 	218 	132
f 219 	143 	194
f 221 	220 	132
f 222 	219 	194
f 223 	221 	132
f 140 	222 	194
f 224 	223 	132
f 138 	140 	194
f 225 	224 	132
f 226 	138 	194
f 227 	225 	132
f 228 	226 	194
f 229 	227 	132
f 230 	228 	194
f 231 	229 	132
f 232 	230 	194
f 233 	231 	132
f 234 	232 	194
f 235 	233 	132
f 236 	234 	194
f 237 	235 	132
f 238 	236 	194
f 239 	237 	132
f 240 	238 	194
f 241 	239 	132
f 242 	240 	194
f 243 	241 	132
f 244 	242 	194
f 245 	243 	132
f 246 	244 	194
f 247 	245 	132
f 137 	246 	194
f 248 	247 	132
f 213 	137 	194
f 248 	132 	216
f 249 	213 	194
f 248 	216 	250
f 251 	249 	194
f 248 	250 	252
f 251 	194 	248
f 248 	252 	253
f 254 	251 	248
f 248 	253 	255
f 256 	254 	248
f 248 	255 	257
f 258 	256 	248
f 248 	257 	258
f 1 	5 	132
f 5 	133 	132
f 5 	4 	133
f 4 	134 	133
f 4 	62 	134
f 62 	191 	134
f 62 	67 	191
f 67 	196 	191
f 67 	71 	196
f 71 	200 	196
f 71 	75 	200
f 75 	204 	200
f 75 	79 	204
f 79 	208 	204
f 79 	83 	208
f 83 	212 	208
f 83 	87 	212
f 87 	216 	212
f 87 	121 	216
f 121 	250 	216
f 121 	123 	250
f 123 	252 	250
f 123 	124 	252
f 124 	253 	252
f 124 	126 	253
f 126 	255 	253
f 126 	128 	255
f 128 	257 	255
f 128 	129 	257
f 129 	258 	257
f 129 	127 	258
f 127 	256 	258
f 127 	125 	256
f 125 	254 	256
f 125 	122 	254
f 122 	251 	254
f 122 	120 	251
f 120 	249 	251
f 120 	84 	249
f 84 	213 	249
f 84 	80 	213
f 80 	209 	213
f 80 	76 	209
f 76 	205 	209
f 76 	72 	205
f 72 	201 	205
f 72 	68 	201
f 68 	197 	201
f 68 	63 	197
f 63 	192 	197
f 63 	8 	192
f 8 	135 	192
f 8 	7 	135
f 7 	136 	135
f 7 	6 	136
f 6 	137 	136
f 6 	117 	137
f 117 	246 	137
f 117 	115 	246
f 115 	244 	246
f 115 	113 	244
f 113 	242 	244
f 113 	111 	242
f 111 	240 	242
f 111 	109 	240
f 109 	238 	240
f 109 	107 	238
f 107 	236 	238
f 107 	105 	236
f 105 	234 	236
f 105 	103 	234
f 103 	232 	234
f 103 	101 	232
f 101 	230 	232
f 101 	99 	230
f 99 	228 	230
f 99 	97 	228
f 97 	226 	228
f 97 	11 	226
f 11 	138 	226
f 11 	10 	138
f 10 	139 	138
f 10 	9 	139
f 9 	140 	139
f 9 	93 	140
f 93 	222 	140
f 93 	90 	222
f 90 	219 	222
f 90 	88 	219
f 88 	217 	219
f 88 	85 	217
f 85 	214 	217
f 85 	81 	214
f 81 	210 	214
f 81 	77 	210
f 77 	206 	210
f 77 	73 	206
f 73 	202 	206
f 73 	69 	202
f 69 	198 	202
f 69 	64 	198
f 64 	193 	198
f 64 	14 	193
f 14 	141 	193
f 14 	13 	141
f 13 	142 	141
f 13 	12 	142
f 12 	143 	142
f 12 	16 	143
f 16 	144 	143
f 16 	15 	144
f 15 	145 	144
f 15 	18 	145
f 18 	146 	145
f 18 	17 	146
f 17 	147 	146
f 17 	20 	147
f 20 	148 	147
f 20 	19 	148
f 19 	149 	148
f 19 	22 	149
f 22 	150 	149
f 22 	21 	150
f 21 	151 	150
f 21 	24 	151
f 24 	152 	151
f 24 	23 	152
f 23 	153 	152
f 23 	26 	153
f 26 	154 	153
f 26 	25 	154
f 25 	155 	154
f 25 	28 	155
f 28 	156 	155
f 28 	27 	156
f 27 	157 	156
f 27 	30 	157
f 30 	158 	157
f 30 	29 	158
f 29 	159 	158
f 29 	32 	159
f 32 	160 	159
f 32 	31 	160
f 31 	161 	160
f 31 	34 	161
f 34 	162 	161
f 34 	33 	162
f 33 	163 	162
f 33 	36 	163
f 36 	164 	163
f 36 	35 	164
f 35 	165 	164
f 35 	38 	165
f 38 	166 	165
f 38 	37 	166
f 37 	167 	166
f 37 	40 	167
f 40 	168 	167
f 40 	39 	168
f 39 	169 	168
f 39 	42 	169
f 42 	170 	169
f 42 	41 	170
f 41 	171 	170
f 41 	44 	171
f 44 	172 	171
f 44 	43 	172
f 43 	173 	172
f 43 	46 	173
f 46 	174 	173
f 46 	45 	174
f 45 	175 	174
f 45 	48 	175
f 48 	176 	175
f 48 	47 	176
f 47 	177 	176
f 47 	50 	177
f 50 	178 	177
f 50 	49 	178
f 49 	179 	178
f 49 	52 	179
f 52 	180 	179
f 52 	51 	180
f 51 	181 	180
f 51 	54 	181
f 54 	182 	181
f 54 	53 	182
f 53 	183 	182
f 53 	56 	183
f 56 	184 	183
f 56 	55 	184
f 55 	185 	184
f 55 	58 	185
f 58 	186 	185
f 58 	57 	186
f 57 	187 	186
f 57 	60 	187
f 60 	188 	187
f 60 	59 	188
f 59 	189 	188
f 59 	65 	189
f 65 	194 	189
f 65 	119 	194
f 119 	248 	194
f 119 	118 	248
f 118 	247 	248
f 118 	116 	247
f 116 	245 	247
f 116 	114 	245
f 114 	243 	245
f 114 	112 	243
f 112 	241 	243
f 112 	110 	241
f 110 	239 	241
f 110 	108 	239
f 108 	237 	239
f 108 	106 	237
f 106 	235 	237
f 106 	104 	235
f 104 	233 	235
f 104 	102 	233
f 102 	231 	233
f 102 	100 	231
f 100 	229 	231
f 100 	98 	229
f 98 	227 	229
f 98 	96 	227
f 96 	225 	227
f 96 	95 	225
f 95 	224 	225
f 95 	94 	224
f 94 	223 	224
f 94 	92 	223
f 92 	221 	223
f 92 	91 	221
f 91 	220 	221
f 91 	89 	220
f 89 	218 	220
f 89 	86 	218
f 86 	215 	218
f 86 	82 	215
f 82 	211 	215
f 82 	78 	211
f 78 	207 	211
f 78 	74 	207
f 74 	203 	207
f 74 	70 	203
f 70 	199 	203
f 70 	66 	199
f 66 	195 	199
f 66 	61 	195
f 61 	190 	195
f 61 	3 	190
f 3 	130 	190
f 3 	2 	130
f 2 	131 	130
f 2 	1 	131
f 1 	132 	131
f 259 	260 	261
f 262 	263 	259
f 264 	265 	262
f 266 	267 	264
f 268 	269 	266
f 270 	271 	268
f 272 	273 	270
f 274 	275 	272
f 276 	277 	274
f 278 	279 	276
f 280 	281 	278
f 282 	283 	280
f 284 	285 	282
f 286 	287 	284
f 288 	289 	286
f 290 	291 	288
f 292 	293 	290
f 294 	295 	292
f 296 	297 	294
f 298 	299 	296
f 300 	301 	298
f 302 	303 	300
f 304 	305 	302
f 306 	307 	304
f 308 	309 	306
f 310 	311 	308
f 312 	313 	310
f 314 	315 	312
f 316 	317 	314
f 318 	319 	316
f 320 	321 	318
f 322 	323 	320
f 324 	325 	322
f 326 	327 	324
f 328 	329 	326
f 330 	331 	328
f 332 	333 	330
f 330 	333 	334
f 335 	336 	330
f 337 	338 	335
f 339 	340 	337
f 341 	342 	339
f 343 	344 	341
f 345 	346 	343
f 347 	348 	345
f 349 	350 	347
f 351 	352 	349
f 353 	354 	351
f 355 	356 	353
f 357 	358 	355
f 359 	360 	357
f 361 	362 	359
f 363 	364 	361
f 365 	366 	363
f 367 	368 	365
f 369 	370 	367
f 371 	372 	369
f 373 	374 	371
f 375 	376 	373
f 377 	378 	375
f 379 	380 	377
f 381 	382 	379
f 383 	384 	385
f 386 	387 	383
f 388 	389 	386
f 390 	391 	388
f 392 	393 	390
f 394 	395 	392
f 396 	397 	394
f 398 	399 	396
f 400 	401 	398
f 402 	403 	400
f 404 	405 	402
f 406 	407 	404
f 408 	409 	406
f 410 	411 	408
f 412 	413 	410
f 414 	415 	412
f 416 	417 	414
f 418 	419 	416
f 259 	261 	418
f 264 	262 	259
f 268 	266 	264
f 272 	270 	268
f 276 	274 	272
f 280 	278 	276
f 284 	282 	280
f 288 	286 	284
f 292 	290 	288
f 296 	294 	292
f 300 	298 	296
f 304 	302 	300
f 308 	306 	304
f 312 	310 	308
f 316 	314 	312
f 320 	318 	316
f 324 	322 	320
f 328 	326 	324
f 332 	330 	328
f 330 	334 	420
f 337 	335 	330
f 341 	339 	337
f 345 	343 	341
f 349 	347 	345
f 353 	351 	349
f 357 	355 	353
f 361 	359 	357
f 365 	363 	361
f 369 	367 	365
f 373 	371 	369
f 377 	375 	373
f 381 	379 	377
f 383 	385 	421
f 388 	386 	383
f 392 	390 	388
f 396 	394 	392
f 400 	398 	396
f 404 	402 	400
f 408 	406 	404
f 412 	410 	408
f 416 	414 	412
f 259 	418 	416
f 268 	264 	259
f 276 	272 	268
f 284 	280 	276
f 292 	288 	284
f 300 	296 	292
f 308 	304 	300
f 316 	312 	308
f 324 	320 	316
f 332 	328 	324
f 330 	420 	422
f 341 	337 	330
f 349 	345 	341
f 357 	353 	349
f 365 	361 	357
f 373 	369 	365
f 381 	377 	373
f 383 	421 	423
f 392 	388 	383
f 400 	396 	392
f 408 	404 	400
f 416 	412 	408
f 268 	259 	416
f 284 	276 	268
f 300 	292 	284
f 316 	308 	300
f 332 	324 	316
f 330 	422 	424
f 349 	341 	330
f 365 	357 	349
f 381 	373 	365
f 383 	423 	425
f 400 	392 	383
f 416 	408 	400
f 300 	284 	268
f 426 	332 	316
f 330 	424 	427
f 365 	349 	330
f 383 	425 	428
f 416 	400 	383
f 429 	426 	316
f 330 	427 	430
f 383 	428 	431
f 432 	429 	316
f 330 	430 	433
f 383 	431 	434
f 435 	432 	316
f 330 	433 	436
f 416 	383 	434
f 437 	435 	316
f 365 	330 	436
f 416 	434 	438
f 439 	437 	316
f 365 	436 	440
f 416 	438 	441
f 442 	439 	316
f 365 	440 	443
f 416 	441 	444
f 445 	442 	316
f 365 	443 	446
f 416 	444 	447
f 448 	445 	316
f 365 	446 	449
f 416 	447 	450
f 448 	316 	300
f 365 	449 	451
f 416 	450 	452
f 453 	448 	300
f 365 	451 	454
f 416 	452 	455
f 456 	453 	300
f 365 	454 	457
f 416 	455 	458
f 459 	456 	300
f 365 	457 	460
f 416 	458 	461
f 462 	459 	300
f 365 	460 	463
f 416 	461 	464
f 465 	462 	300
f 365 	463 	466
f 416 	464 	467
f 468 	465 	300
f 365 	466 	469
f 416 	467 	470
f 471 	468 	300
f 365 	469 	472
f 416 	470 	473
f 474 	471 	300
f 365 	472 	475
f 416 	473 	476
f 477 	474 	300
f 365 	475 	478
f 416 	476 	479
f 480 	477 	300
f 381 	365 	478
f 416 	479 	481
f 482 	480 	300
f 381 	478 	483
f 416 	481 	484
f 485 	482 	300
f 381 	483 	486
f 416 	484 	487
f 488 	485 	300
f 489 	381 	486
f 416 	487 	490
f 491 	488 	300
f 416 	490 	492
f 493 	491 	300
f 268 	416 	492
f 494 	493 	300
f 268 	492 	495
f 496 	494 	300
f 268 	495 	497
f 498 	496 	300
f 268 	497 	499
f 500 	498 	300
f 268 	499 	501
f 502 	500 	300
f 268 	501 	503
f 504 	502 	300
f 268 	503 	505
f 506 	504 	300
f 268 	505 	507
f 506 	300 	268
f 268 	507 	489
f 508 	506 	268
f 268 	489 	486
f 509 	508 	268
f 268 	486 	510
f 510 	509 	268
f 511 	512 	513
f 513 	514 	515
f 515 	516 	517
f 517 	518 	519
f 519 	520 	521
f 521 	522 	523
f 523 	524 	525
f 525 	526 	527
f 527 	528 	529
f 529 	530 	531
f 531 	532 	533
f 533 	534 	535
f 535 	536 	537
f 537 	538 	539
f 539 	540 	541
f 541 	542 	543
f 543 	544 	545
f 545 	546 	547
f 547 	548 	549
f 549 	550 	551
f 551 	552 	553
f 553 	554 	555
f 555 	556 	557
f 557 	558 	559
f 559 	560 	561
f 561 	562 	563
f 563 	564 	565
f 565 	566 	567
f 567 	568 	569
f 569 	570 	571
f 571 	572 	573
f 573 	574 	575
f 575 	576 	577
f 577 	578 	579
f 579 	580 	581
f 581 	582 	583
f 583 	584 	585
f 586 	584 	583
f 583 	587 	588
f 588 	589 	590
f 590 	591 	592
f 592 	593 	594
f 594 	595 	596
f 596 	597 	598
f 598 	599 	600
f 600 	601 	602
f 602 	603 	604
f 604 	605 	606
f 606 	607 	608
f 608 	609 	610
f 610 	611 	612
f 612 	613 	614
f 614 	615 	616
f 616 	617 	618
f 618 	619 	620
f 620 	621 	622
f 622 	623 	624
f 624 	625 	626
f 626 	627 	628
f 628 	629 	630
f 630 	631 	632
f 632 	633 	634
f 635 	636 	637
f 637 	638 	639
f 639 	640 	641
f 641 	642 	643
f 643 	644 	645
f 645 	646 	647
f 647 	648 	649
f 649 	650 	651
f 651 	652 	653
f 653 	654 	655
f 655 	656 	657
f 657 	658 	659
f 659 	660 	661
f 661 	662 	663
f 663 	664 	665
f 665 	666 	667
f 667 	668 	669
f 669 	670 	671
f 671 	511 	513
f 513 	515 	517
f 517 	519 	521
f 521 	523 	525
f 525 	527 	529
f 529 	531 	533
f 533 	535 	537
f 537 	539 	541
f 541 	543 	545
f 545 	547 	549
f 549 	551 	553
f 553 	555 	557
f 557 	559 	561
f 561 	563 	565
f 565 	567 	569
f 569 	571 	573
f 573 	575 	577
f 577 	579 	581
f 581 	583 	585
f 672 	586 	583
f 583 	588 	590
f 590 	592 	594
f 594 	596 	598
f 598 	600 	602
f 602 	604 	606
f 606 	608 	610
f 610 	612 	614
f 614 	616 	618
f 618 	620 	622
f 622 	624 	626
f 626 	628 	630
f 630 	632 	634
f 673 	635 	637
f 637 	639 	641
f 641 	643 	645
f 645 	647 	649
f 649 	651 	653
f 653 	655 	657
f 657 	659 	661
f 661 	663 	665
f 665 	667 	669
f 669 	671 	513
f 513 	517 	521
f 521 	525 	529
f 529 	533 	537
f 537 	541 	545
f 545 	549 	553
f 553 	557 	561
f 561 	565 	569
f 569 	573 	577
f 577 	581 	585
f 674 	672 	583
f 583 	590 	594
f 594 	598 	602
f 602 	606 	610
f 610 	614 	618
f 618 	622 	626
f 626 	630 	634
f 675 	673 	637
f 637 	641 	645
f 645 	649 	653
f 653 	657 	661
f 661 	665 	669
f 669 	513 	521
f 521 	529 	537
f 537 	545 	553
f 553 	561 	569
f 569 	577 	585
f 676 	674 	583
f 583 	594 	602
f 602 	610 	618
f 618 	626 	634
f 677 	675 	637
f 637 	645 	653
f 653 	661 	669
f 521 	537 	553
f 569 	585 	678
f 679 	676 	583
f 583 	602 	618
f 680 	677 	637
f 637 	653 	669
f 569 	678 	681
f 682 	679 	583
f 683 	680 	637
f 569 	681 	684
f 685 	682 	583
f 686 	683 	637
f 569 	684 	687
f 688 	685 	583
f 686 	637 	669
f 569 	687 	689
f 688 	583 	618
f 690 	686 	669
f 569 	689 	691
f 692 	688 	618
f 693 	690 	669
f 569 	691 	694
f 695 	692 	618
f 696 	693 	669
f 569 	694 	697
f 698 	695 	618
f 699 	696 	669
f 569 	697 	700
f 701 	698 	618
f 702 	699 	669
f 553 	569 	700
f 703 	701 	618
f 704 	702 	669
f 553 	700 	705
f 706 	703 	618
f 707 	704 	669
f 553 	705 	708
f 709 	706 	618
f 710 	707 	669
f 553 	708 	711
f 712 	709 	618
f 713 	710 	669
f 553 	711 	714
f 715 	712 	618
f 716 	713 	669
f 553 	714 	717
f 718 	715 	618
f 719 	716 	669
f 553 	717 	720
f 721 	718 	618
f 722 	719 	669
f 553 	720 	723
f 724 	721 	618
f 725 	722 	669
f 553 	723 	726
f 727 	724 	618
f 728 	725 	669
f 553 	726 	729
f 730 	727 	618
f 731 	728 	669
f 553 	729 	732
f 730 	618 	634
f 733 	731 	669
f 553 	732 	734
f 735 	730 	634
f 736 	733 	669
f 553 	734 	737
f 738 	735 	634
f 739 	736 	669
f 553 	737 	740
f 738 	634 	741
f 742 	739 	669
f 553 	740 	743
f 744 	742 	669
f 553 	743 	745
f 744 	669 	521
f 553 	745 	746
f 747 	744 	521
f 553 	746 	748
f 749 	747 	521
f 553 	748 	750
f 751 	749 	521
f 553 	750 	752
f 753 	751 	521
f 553 	752 	754
f 755 	753 	521
f 553 	754 	756
f 757 	755 	521
f 553 	756 	758
f 759 	757 	521
f 521 	553 	758
f 741 	759 	521
f 521 	758 	760
f 738 	741 	521
f 521 	760 	761
f 762 	738 	521
f 521 	761 	762
f 260 	259 	512
f 259 	513 	512
f 259 	263 	513
f 263 	514 	513
f 263 	262 	514
f 262 	515 	514
f 262 	265 	515
f 265 	516 	515
f 265 	264 	516
f 264 	517 	516
f 264 	267 	517
f 267 	518 	517
f 267 	266 	518
f 266 	519 	518
f 266 	269 	519
f 269 	520 	519
f 269 	268 	520
f 268 	521 	520
f 268 	271 	521
f 271 	522 	521
f 271 	270 	522
f 270 	523 	522
f 270 	273 	523
f 273 	524 	523
f 273 	272 	524
f 272 	525 	524
f 272 	275 	525
f 275 	526 	525
f 275 	274 	526
f 274 	527 	526
f 274 	277 	527
f 277 	528 	527
f 277 	276 	528
f 276 	529 	528
f 276 	279 	529
f 279 	530 	529
f 279 	278 	530
f 278 	531 	530
f 278 	281 	531
f 281 	532 	531
f 281 	280 	532
f 280 	533 	532
f 280 	283 	533
f 283 	534 	533
f 283 	282 	534
f 282 	535 	534
f 282 	285 	535
f 285 	536 	535
f 285 	284 	536
f 284 	537 	536
f 284 	287 	537
f 287 	538 	537
f 287 	286 	538
f 286 	539 	538
f 286 	289 	539
f 289 	540 	539
f 289 	288 	540
f 288 	541 	540
f 288 	291 	541
f 291 	542 	541
f 291 	290 	542
f 290 	543 	542
f 290 	293 	543
f 293 	544 	543
f 293 	292 	544
f 292 	545 	544
f 292 	295 	545
f 295 	546 	545
f 295 	294 	546
f 294 	547 	546
f 294 	297 	547
f 297 	548 	547
f 297 	296 	548
f 296 	549 	548
f 296 	299 	549
f 299 	550 	549
f 299 	298 	550
f 298 	551 	550
f 298 	301 	551
f 301 	552 	551
f 301 	300 	552
f 300 	553 	552
f 300 	303 	553
f 303 	554 	553
f 303 	302 	554
f 302 	555 	554
f 302 	305 	555
f 305 	556 	555
f 305 	304 	556
f 304 	557 	556
f 304 	307 	557
f 307 	558 	557
f 307 	306 	558
f 306 	559 	558
f 306 	309 	559
f 309 	560 	559
f 309 	308 	560
f 308 	561 	560
f 308 	311 	561
f 311 	562 	561
f 311 	310 	562
f 310 	563 	562
f 310 	313 	563
f 313 	564 	563
f 313 	312 	564
f 312 	565 	564
f 312 	315 	565
f 315 	566 	565
f 315 	314 	566
f 314 	567 	566
f 314 	317 	567
f 317 	568 	567
f 317 	316 	568
f 316 	569 	568
f 316 	319 	569
f 319 	570 	569
f 319 	318 	570
f 318 	571 	570
f 318 	321 	571
f 321 	572 	571
f 321 	320 	572
f 320 	573 	572
f 320 	323 	573
f 323 	574 	573
f 323 	322 	574
f 322 	575 	574
f 322 	325 	575
f 325 	576 	575
f 325 	324 	576
f 324 	577 	576
f 324 	327 	577
f 327 	578 	577
f 327 	326 	578
f 326 	579 	578
f 326 	329 	579
f 329 	580 	579
f 329 	328 	580
f 328 	581 	580
f 328 	331 	581
f 331 	582 	581
f 331 	330 	582
f 330 	583 	582
f 330 	336 	583
f 336 	587 	583
f 336 	335 	587
f 335 	588 	587
f 335 	338 	588
f 338 	589 	588
f 338 	337 	589
f 337 	590 	589
f 337 	340 	590
f 340 	591 	590
f 340 	339 	591
f 339 	592 	591
f 339 	342 	592
f 342 	593 	592
f 342 	341 	593
f 341 	594 	593
f 341 	344 	594
f 344 	595 	594
f 344 	343 	595
f 343 	596 	595
f 343 	346 	596
f 346 	597 	596
f 346 	345 	597
f 345 	598 	597
f 345 	348 	598
f 348 	599 	598
f 348 	347 	599
f 347 	600 	599
f 347 	350 	600
f 350 	601 	600
f 350 	349 	601
f 349 	602 	601
f 349 	352 	602
f 352 	603 	602
f 352 	351 	603
f 351 	604 	603
f 351 	354 	604
f 354 	605 	604
f 354 	353 	605
f 353 	606 	605
f 353 	356 	606
f 356 	607 	606
f 356 	355 	607
f 355 	608 	607
f 355 	358 	608
f 358 	609 	608
f 358 	357 	609
f 357 	610 	609
f 357 	360 	610
f 360 	611 	610
f 360 	359 	611
f 359 	612 	611
f 359 	362 	612
f 362 	613 	612
f 362 	361 	613
f 361 	614 	613
f 361 	364 	614
f 364 	615 	614
f 364 	363 	615
f 363 	616 	615
f 363 	366 	616
f 366 	617 	616
f 366 	365 	617
f 365 	618 	617
f 365 	368 	618
f 368 	619 	618
f 368 	367 	619
f 367 	620 	619
f 367 	370 	620
f 370 	621 	620
f 370 	369 	621
f 369 	622 	621
f 369 	372 	622
f 372 	623 	622
f 372 	371 	623
f 371 	624 	623
f 371 	374 	624
f 374 	625 	624
f 374 	373 	625
f 373 	626 	625
f 373 	376 	626
f 376 	627 	626
f 376 	375 	627
f 375 	628 	627
f 375 	378 	628
f 378 	629 	628
f 378 	377 	629
f 377 	630 	629
f 377 	380 	630
f 380 	631 	630
f 380 	379 	631
f 379 	632 	631
f 379 	382 	632
f 382 	633 	632
f 382 	381 	633
f 381 	634 	633
f 381 	489 	634
f 489 	741 	634
f 489 	507 	741
f 507 	759 	741
f 507 	505 	759
f 505 	757 	759
f 505 	503 	757
f 503 	755 	757
f 503 	501 	755
f 501 	753 	755
f 501 	499 	753
f 499 	751 	753
f 499 	497 	751
f 497 	749 	751
f 497 	495 	749
f 495 	747 	749
f 495 	492 	747
f 492 	744 	747
f 492 	490 	744
f 490 	742 	744
f 490 	487 	742
f 487 	739 	742
f 487 	484 	739
f 484 	736 	739
f 484 	481 	736
f 481 	733 	736
f 481 	479 	733
f 479 	731 	733
f 479 	476 	731
f 476 	728 	731
f 476 	473 	728
f 473 	725 	728
f 473 	470 	725
f 470 	722 	725
f 470 	467 	722
f 467 	719 	722
f 467 	464 	719
f 464 	716 	719
f 464 	461 	716
f 461 	713 	716
f 461 	458 	713
f 458 	710 	713
f 458 	455 	710
f 455 	707 	710
f 455 	452 	707
f 452 	704 	707
f 452 	450 	704
f 450 	702 	704
f 450 	447 	702
f 447 	699 	702
f 447 	444 	699
f 444 	696 	699
f 444 	441 	696
f 441 	693 	696
f 441 	438 	693
f 438 	690 	693
f 438 	434 	690
f 434 	686 	690
f 434 	431 	686
f 431 	683 	686
f 431 	428 	683
f 428 	680 	683
f 428 	425 	680
f 425 	677 	680
f 425 	423 	677
f 423 	675 	677
f 423 	421 	675
f 421 	673 	675
f 421 	385 	673
f 385 	635 	673
f 385 	384 	635
f 384 	636 	635
f 384 	383 	636
f 383 	637 	636
f 383 	387 	637
f 387 	638 	637
f 387 	386 	638
f 386 	639 	638
f 386 	389 	639
f 389 	640 	639
f 389 	388 	640
f 388 	641 	640
f 388 	391 	641
f 391 	642 	641
f 391 	390 	642
f 390 	643 	642
f 390 	393 	643
f 393 	644 	643
f 393 	392 	644
f 392 	645 	644
f 392 	395 	645
f 395 	646 	645
f 395 	394 	646
f 394 	647 	646
f 394 	397 	647
f 397 	648 	647
f 397 	396 	648
f 396 	649 	648
f 396 	399 	649
f 399 	650 	649
f 399 	398 	650
f 398 	651 	650
f 398 	401 	651
f 401 	652 	651
f 401 	400 	652
f 400 	653 	652
f 400 	403 	653
f 403 	654 	653
f 403 	402 	654
f 402 	655 	654
f 402 	405 	655
f 405 	656 	655
f 405 	404 	656
f 404 	657 	656
f 404 	407 	657
f 407 	658 	657
f 407 	406 	658
f 406 	659 	658
f 406 	409 	659
f 409 	660 	659
f 409 	408 	660
f 408 	661 	660
f 408 	411 	661
f 411 	662 	661
f 411 	410 	662
f 410 	663 	662
f 410 	413 	663
f 413 	664 	663
f 413 	412 	664
f 412 	665 	664
f 412 	415 	665
f 415 	666 	665
f 415 	414 	666
f 414 	667 	666
f 414 	417 	667
f 417 	668 	667
f 417 	416 	668
f 416 	669 	668
f 416 	419 	669
f 419 	670 	669
f 419 	418 	670
f 418 	671 	670
f 418 	261 	671
f 261 	511 	671
f 261 	260 	511
f 260 	512 	511
f 446 	443 	698
f 443 	695 	698
f 443 	440 	695
f 440 	692 	695
f 440 	436 	692
f 436 	688 	692
f 436 	433 	688
f 433 	685 	688
f 433 	430 	685
f 430 	682 	685
f 430 	427 	682
f 427 	679 	682
f 427 	424 	679
f 424 	676 	679
f 424 	422 	676
f 422 	674 	676
f 422 	420 	674
f 420 	672 	674
f 420 	334 	672
f 334 	586 	672
f 334 	333 	586
f 333 	584 	586
f 333 	332 	584
f 332 	585 	584
f 332 	426 	585
f 426 	678 	585
f 426 	429 	678
f 429 	681 	678
f 429 	432 	681
f 432 	684 	681
f 432 	435 	684
f 435 	687 	684
f 435 	437 	687
f 437 	689 	687
f 437 	439 	689
f 439 	691 	689
f 439 	442 	691
f 442 	694 	691
f 442 	445 	694
f 445 	697 	694
f 445 	448 	697
f 448 	700 	697
f 448 	453 	700
f 453 	705 	700
f 453 	456 	705
f 456 	708 	705
f 456 	459 	708
f 459 	711 	708
f 459 	462 	711
f 462 	714 	711
f 462 	465 	714
f 465 	717 	714
f 465 	468 	717
f 468 	720 	717
f 468 	471 	720
f 471 	723 	720
f 471 	474 	723
f 474 	726 	723
f 474 	477 	726
f 477 	729 	726
f 477 	480 	729
f 480 	732 	729
f 480 	482 	732
f 482 	734 	732
f 482 	485 	734
f 485 	737 	734
f 485 	488 	737
f 488 	740 	737
f 488 	491 	740
f 491 	743 	740
f 491 	493 	743
f 493 	745 	743
f 493 	494 	745
f 494 	746 	745
f 494 	496 	746
f 496 	748 	746
f 496 	498 	748
f 498 	750 	748
f 498 	500 	750
f 500 	752 	750
f 500 	502 	752
f 502 	754 	752
f 502 	504 	754
f 504 	756 	754
f 504 	506 	756
f 506 	758 	756
f 506 	508 	758
f 508 	760 	758
f 508 	509 	760
f 509 	761 	760
f 509 	510 	761
f 510 	762 	761
f 510 	486 	762
f 486 	738 	762
f 486 	483 	738
f 483 	735 	738
f 483 	478 	735
f 478 	730 	735
f 478 	475 	730
f 475 	727 	730
f 475 	472 	727
f 472 	724 	727
f 472 	469 	724
f 469 	721 	724
f 469 	466 	721
f 466 	718 	721
f 466 	463 	718
f 463 	715 	718
f 463 	460 	715
f 460 	712 	715
f 460 	457 	712
f 457 	709 	712
f 457 	454 	709
f 454 	706 	709
f 454 	451 	706
f 451 	703 	706
f 451 	449 	703
f 449 	701 	703
f 449 	446 	701
f 446 	698 	701
f 763 	764 	765
f 766 	767 	763
f 768 	769 	766
f 770 	771 	768
f 772 	773 	770
f 774 	775 	772
f 776 	777 	774
f 778 	779 	776
f 780 	781 	778
f 782 	783 	780
f 784 	785 	782
f 786 	787 	784
f 788 	789 	786
f 790 	791 	788
f 792 	793 	790
f 794 	795 	792
f 796 	797 	794
f 798 	799 	796
f 800 	801 	798
f 802 	803 	800
f 804 	805 	802
f 806 	807 	804
f 808 	809 	806
f 810 	811 	808
f 812 	813 	810
f 814 	815 	812
f 816 	817 	814
f 818 	819 	816
f 820 	821 	818
f 822 	823 	820
f 824 	825 	822
f 826 	827 	824
f 828 	829 	826
f 830 	831 	828
f 832 	833 	830
f 834 	835 	832
f 836 	837 	834
f 838 	839 	836
f 840 	841 	838
f 842 	843 	840
f 844 	845 	842
f 846 	847 	844
f 848 	849 	846
f 850 	851 	848
f 852 	853 	850
f 854 	855 	852
f 856 	857 	854
f 858 	859 	856
f 860 	861 	858
f 862 	863 	860
f 864 	865 	862
f 866 	867 	864
f 868 	869 	866
f 870 	871 	868
f 872 	873 	870
f 874 	875 	872
f 876 	877 	874
f 878 	879 	876
f 880 	881 	878
f 882 	883 	880
f 884 	885 	882
f 886 	887 	884
f 888 	889 	886
f 890 	891 	888
f 892 	893 	890
f 894 	895 	892
f 896 	897 	894
f 898 	899 	896
f 900 	901 	898
f 902 	903 	900
f 904 	905 	902
f 906 	907 	904
f 908 	909 	906
f 909 	908 	910
f 911 	912 	909
f 913 	914 	911
f 915 	916 	913
f 917 	918 	915
f 919 	920 	917
f 921 	922 	919
f 923 	924 	925
f 926 	927 	923
f 928 	929 	926
f 930 	931 	928
f 932 	933 	930
f 934 	935 	932
f 936 	937 	934
f 938 	939 	936
f 940 	941 	938
f 942 	943 	940
f 944 	945 	942
f 763 	946 	944
f 947 	764 	763
f 763 	765 	948
f 768 	766 	763
f 772 	770 	768
f 776 	774 	772
f 780 	778 	776
f 784 	782 	780
f 788 	786 	784
f 792 	790 	788
f 796 	794 	792
f 800 	798 	796
f 804 	802 	800
f 808 	806 	804
f 812 	810 	808
f 816 	814 	812
f 820 	818 	816
f 824 	822 	820
f 828 	826 	824
f 832 	830 	828
f 836 	834 	832
f 840 	838 	836
f 844 	842 	840
f 848 	846 	844
f 852 	850 	848
f 856 	854 	852
f 860 	858 	856
f 864 	862 	860
f 868 	866 	864
f 872 	870 	868
f 876 	874 	872
f 880 	878 	876
f 884 	882 	880
f 888 	886 	884
f 892 	890 	888
f 896 	894 	892
f 900 	898 	896
f 904 	902 	900
f 908 	906 	904
f 909 	910 	949
f 913 	911 	909
f 917 	915 	913
f 921 	919 	917
f 926 	923 	925
f 930 	928 	926
f 934 	932 	930
f 938 	936 	934
f 942 	940 	938
f 763 	944 	942
f 950 	947 	763
f 763 	948 	951
f 772 	768 	763
f 780 	776 	772
f 788 	784 	780
f 796 	792 	788
f 804 	800 	796
f 812 	808 	804
f 820 	816 	812
f 828 	824 	820
f 836 	832 	828
f 844 	840 	836
f 852 	848 	844
f 860 	856 	852
f 868 	864 	860
f 876 	872 	868
f 884 	880 	876
f 892 	888 	884
f 900 	896 	892
f 908 	904 	900
f 909 	949 	952
f 917 	913 	909
f 925 	921 	917
f 930 	926 	925
f 938 	934 	930
f 763 	942 	938
f 953 	950 	763
f 763 	951 	954
f 780 	772 	763
f 796 	788 	780
f 812 	804 	796
f 828 	820 	812
f 852 	844 	836
f 868 	860 	852
f 884 	876 	868
f 900 	892 	884
f 955 	908 	900
f 909 	952 	956
f 925 	917 	909
f 938 	930 	925
f 953 	763 	938
f 763 	954 	957
f 828 	812 	796
f 868 	852 	836
f 958 	955 	900
f 909 	956 	959
f 953 	938 	925
f 763 	957 	960
f 961 	958 	900
f 909 	959 	962
f 963 	953 	925
f 763 	960 	964
f 965 	961 	900
f 909 	962 	966
f 967 	963 	925
f 763 	964 	968
f 969 	965 	900
f 909 	966 	970
f 971 	967 	925
f 763 	968 	972
f 973 	969 	900
f 909 	970 	974
f 975 	971 	925
f 763 	972 	976
f 977 	973 	900
f 909 	974 	978
f 979 	975 	925
f 763 	976 	980
f 981 	977 	900
f 909 	978 	982
f 983 	979 	925
f 763 	980 	984
f 985 	981 	900
f 909 	982 	986
f 987 	983 	925
f 763 	984 	988
f 989 	985 	900
f 909 	986 	990
f 991 	987 	925
f 763 	988 	992
f 993 	989 	900
f 909 	990 	994
f 995 	991 	925
f 763 	992 	996
f 997 	993 	900
f 909 	994 	998
f 999 	995 	925
f 763 	996 	1000
f 997 	900 	884
f 909 	998 	1001
f 1002 	999 	925
f 780 	763 	1000
f 1003 	997 	884
f 909 	1001 	1004
f 1005 	1002 	925
f 780 	1000 	1006
f 1007 	1003 	884
f 909 	1004 	1008
f 1009 	1005 	925
f 780 	1006 	1010
f 1011 	1007 	884
f 909 	1008 	1012
f 1013 	1009 	925
f 780 	1010 	1014
f 1015 	1011 	884
f 909 	1012 	1016
f 1017 	1013 	925
f 780 	1014 	1018
f 1019 	1015 	884
f 909 	1016 	1020
f 1021 	1017 	925
f 780 	1018 	1022
f 1023 	1019 	884
f 925 	909 	1020
f 1024 	1021 	925
f 780 	1022 	1025
f 1026 	1023 	884
f 925 	1020 	1027
f 1028 	1024 	925
f 780 	1025 	1029
f 1030 	1026 	884
f 925 	1027 	1031
f 1032 	1028 	925
f 780 	1029 	1033
f 1034 	1030 	884
f 925 	1031 	1035
f 1036 	1032 	925
f 780 	1033 	1037
f 1038 	1034 	884
f 1036 	925 	1035
f 780 	1037 	1039
f 1040 	1038 	884
f 1036 	1035 	1041
f 780 	1039 	1042
f 1043 	1040 	884
f 1036 	1041 	1044
f 796 	780 	1042
f 1045 	1043 	884
f 1036 	1044 	1046
f 796 	1042 	1047
f 1048 	1045 	884
f 1036 	1046 	1049
f 796 	1047 	1050
f 1048 	884 	868
f 1036 	1049 	1051
f 796 	1050 	1052
f 1053 	1048 	868
f 1036 	1051 	1054
f 796 	1052 	1055
f 1056 	1053 	868
f 1036 	1054 	1057
f 796 	1055 	1058
f 1059 	1056 	868
f 1036 	1057 	1060
f 796 	1058 	1061
f 1062 	1059 	868
f 1036 	1060 	1063
f 796 	1061 	1064
f 1065 	1062 	868
f 1066 	1036 	1063
f 796 	1064 	1067
f 1068 	1065 	868
f 1069 	1066 	1063
f 796 	1067 	1070
f 1071 	1068 	868
f 1069 	1063 	1072
f 796 	1070 	1073
f 1074 	1071 	868
f 1069 	1072 	1075
f 796 	1073 	1076
f 1077 	1074 	868
f 1078 	1069 	1075
f 796 	1076 	1079
f 1080 	1077 	868
f 1078 	1075 	1081
f 796 	1079 	1082
f 1083 	1080 	868
f 1084 	1078 	1081
f 796 	1082 	1085
f 1086 	1083 	868
f 1084 	1081 	1087
f 796 	1085 	1088
f 1089 	1086 	868
f 1084 	1087 	1090
f 796 	1088 	1091
f 1092 	1089 	868
f 1093 	1084 	1090
f 796 	1091 	1094
f 1095 	1092 	868
f 1093 	1090 	1096
f 796 	1094 	1097
f 1098 	1095 	868
f 1099 	1093 	1096
f 796 	1097 	1100
f 1101 	1098 	868
f 1099 	1096 	1102
f 796 	1100 	1103
f 1104 	1101 	868
f 1105 	1099 	1102
f 796 	1103 	1106
f 1107 	1104 	868
f 1105 	1102 	1108
f 796 	1106 	1109
f 1110 	1107 	868
f 1111 	1105 	1108
f 796 	1109 	1112
f 1113 	1110 	868
f 1111 	1108 	1114
f 828 	796 	1112
f 1115 	1113 	868
f 1116 	1111 	1114
f 828 	1112 	1117
f 1118 	1115 	868
f 1116 	1114 	1119
f 828 	1117 	1120
f 1121 	1118 	868
f 1122 	1116 	1119
f 828 	1120 	1123
f 1121 	868 	836
f 1122 	1119 	1124
f 828 	1123 	1125
f 1126 	1121 	836
f 1127 	1122 	1124
f 828 	1125 	1128
f 1124 	1126 	836
f 1129 	1127 	1124
f 828 	1128 	1130
f 1129 	1124 	836
f 828 	1130 	1131
f 1129 	836 	828
f 828 	1131 	1132
f 1133 	1129 	828
f 828 	1132 	1134
f 1134 	1133 	828
f 1135 	1136 	1137
f 1137 	1138 	1139
f 1139 	1140 	1141
f 1141 	1142 	1143
f 1143 	1144 	1145
f 1145 	1146 	1147
f 1147 	1148 	1149
f 1149 	1150 	1151
f 1151 	1152 	1153
f 1153 	1154 	1155
f 1155 	1156 	1157
f 1157 	1158 	1159
f 1159 	1160 	1161
f 1161 	1162 	1163
f 1163 	1164 	1165
f 1165 	1166 	1167
f 1167 	1168 	1169
f 1169 	1170 	1171
f 1171 	1172 	1173
f 1173 	1174 	1175
f 1175 	1176 	1177
f 1177 	1178 	1179
f 1179 	1180 	1181
f 1181 	1182 	1183
f 1183 	1184 	1185
f 1185 	1186 	1187
f 1187 	1188 	1189
f 1189 	1190 	1191
f 1191 	1192 	1193
f 1193 	1194 	1195
f 1195 	1196 	1197
f 1197 	1198 	1199
f 1199 	1200 	1201
f 1201 	1202 	1203
f 1203 	1204 	1205
f 1205 	1206 	1207
f 1207 	1208 	1209
f 1209 	1210 	1211
f 1211 	1212 	1213
f 1213 	1214 	1215
f 1215 	1216 	1217
f 1217 	1218 	1219
f 1219 	1220 	1221
f 1221 	1222 	1223
f 1223 	1224 	1225
f 1225 	1226 	1227
f 1227 	1228 	1229
f 1229 	1230 	1231
f 1231 	1232 	1233
f 1233 	1234 	1235
f 1235 	1236 	1237
f 1237 	1238 	1239
f 1239 	1240 	1241
f 1241 	1242 	1243
f 1243 	1244 	1245
f 1245 	1246 	1247
f 1247 	1248 	1249
f 1249 	1250 	1251
f 1251 	1252 	1253
f 1253 	1254 	1255
f 1255 	1256 	1257
f 1257 	1258 	1259
f 1259 	1260 	1261
f 1261 	1262 	1263
f 1263 	1264 	1265
f 1265 	1266 	1267
f 1267 	1268 	1269
f 1269 	1270 	1271
f 1271 	1272 	1273
f 1273 	1274 	1275
f 1275 	1276 	1277
f 1277 	1278 	1279
f 1279 	1280 	1281
f 1282 	1281 	1280
f 1280 	1283 	1284
f 1284 	1285 	1286
f 1286 	1287 	1288
f 1288 	1289 	1290
f 1290 	1291 	1292
f 1292 	1293 	1294
f 1295 	1296 	1297
f 1297 	1298 	1299
f 1299 	1300 	1301
f 1301 	1302 	1303
f 1303 	1304 	1305
f 1305 	1306 	1307
f 1307 	1308 	1309
f 1309 	1310 	1311
f 1311 	1312 	1313
f 1313 	1314 	1315
f 1315 	1316 	1317
f 1317 	1318 	1137
f 1137 	1136 	1319
f 1320 	1135 	1137
f 1137 	1139 	1141
f 1141 	1143 	1145
f 1145 	1147 	1149
f 1149 	1151 	1153
f 1153 	1155 	1157
f 1157 	1159 	1161
f 1161 	1163 	1165
f 1165 	1167 	1169
f 1169 	1171 	1173
f 1173 	1175 	1177
f 1177 	1179 	1181
f 1181 	1183 	1185
f 1185 	1187 	1189
f 1189 	1191 	1193
f 1193 	1195 	1197
f 1197 	1199 	1201
f 1201 	1203 	1205
f 1205 	1207 	1209
f 1209 	1211 	1213
f 1213 	1215 	1217
f 1217 	1219 	1221
f 1221 	1223 	1225
f 1225 	1227 	1229
f 1229 	1231 	1233
f 1233 	1235 	1237
f 1237 	1239 	1241
f 1241 	1243 	1245
f 1245 	1247 	1249
f 1249 	1251 	1253
f 1253 	1255 	1257
f 1257 	1259 	1261
f 1261 	1263 	1265
f 1265 	1267 	1269
f 1269 	1271 	1273
f 1273 	1275 	1277
f 1277 	1279 	1281
f 1321 	1282 	1280
f 1280 	1284 	1286
f 1286 	1288 	1290
f 1290 	1292 	1294
f 1295 	1297 	1299
f 1299 	1301 	1303
f 1303 	1305 	1307
f 1307 	1309 	1311
f 1311 	1313 	1315
f 1315 	1317 	1137
f 1137 	1319 	1322
f 1323 	1320 	1137
f 1137 	1141 	1145
f 1145 	1149 	1153
f 1153 	1157 	1161
f 1161 	1165 	1169
f 1169 	1173 	1177
f 1177 	1181 	1185
f 1185 	1189 	1193
f 1193 	1197 	1201
f 1201 	1205 	1209
f 1209 	1213 	1217
f 1217 	1221 	1225
f 1225 	1229 	1233
f 1233 	1237 	1241
f 1241 	1245 	1249
f 1249 	1253 	1257
f 1257 	1261 	1265
f 1265 	1269 	1273
f 1273 	1277 	1281
f 1324 	1321 	1280
f 1280 	1286 	1290
f 1290 	1294 	1295
f 1295 	1299 	1303
f 1303 	1307 	1311
f 1311 	1315 	1137
f 1137 	1322 	1325
f 1326 	1323 	1137
f 1137 	1145 	1153
f 1153 	1161 	1169
f 1169 	1177 	1185
f 1185 	1193 	1201
f 1209 	1217 	1225
f 1225 	1233 	1241
f 1241 	1249 	1257
f 1257 	1265 	1273
f 1273 	1281 	1327
f 1328 	1324 	1280
f 1280 	1290 	1295
f 1295 	1303 	1311
f 1311 	1137 	1325
f 1329 	1326 	1137
f 1169 	1185 	1201
f 1209 	1225 	1241
f 1273 	1327 	1330
f 1331 	1328 	1280
f 1295 	1311 	1325
f 1332 	1329 	1137
f 1273 	1330 	1333
f 1334 	1331 	1280
f 1295 	1325 	1335
f 1336 	1332 	1137
f 1273 	1333 	1337
f 1338 	1334 	1280
f 1295 	1335 	1339
f 1340 	1336 	1137
f 1273 	1337 	1341
f 1342 	1338 	1280
f 1295 	1339 	1343
f 1344 	1340 	1137
f 1273 	1341 	1345
f 1346 	1342 	1280
f 1295 	1343 	1347
f 1348 	1344 	1137
f 1273 	1345 	1349
f 1350 	1346 	1280
f 1295 	1347 	1351
f 1352 	1348 	1137
f 1273 	1349 	1353
f 1354 	1350 	1280
f 1295 	1351 	1355
f 1356 	1352 	1137
f 1273 	1353 	1357
f 1358 	1354 	1280
f 1295 	1355 	1359
f 1360 	1356 	1137
f 1273 	1357 	1361
f 1362 	1358 	1280
f 1295 	1359 	1363
f 1364 	1360 	1137
f 1273 	1361 	1365
f 1366 	1362 	1280
f 1295 	1363 	1367
f 1368 	1364 	1137
f 1273 	1365 	1369
f 1370 	1366 	1280
f 1295 	1367 	1371
f 1372 	1368 	1137
f 1257 	1273 	1369
f 1373 	1370 	1280
f 1295 	1371 	1374
f 1372 	1137 	1153
f 1257 	1369 	1375
f 1376 	1373 	1280
f 1295 	1374 	1377
f 1378 	1372 	1153
f 1257 	1375 	1379
f 1380 	1376 	1280
f 1295 	1377 	1381
f 1382 	1378 	1153
f 1257 	1379 	1383
f 1384 	1380 	1280
f 1295 	1381 	1385
f 1386 	1382 	1153
f 1257 	1383 	1387
f 1388 	1384 	1280
f 1295 	1385 	1389
f 1390 	1386 	1153
f 1257 	1387 	1391
f 1392 	1388 	1280
f 1295 	1389 	1393
f 1394 	1390 	1153
f 1257 	1391 	1395
f 1392 	1280 	1295
f 1295 	1393 	1396
f 1397 	1394 	1153
f 1257 	1395 	1398
f 1399 	1392 	1295
f 1295 	1396 	1400
f 1401 	1397 	1153
f 1257 	1398 	1402
f 1403 	1399 	1295
f 1295 	1400 	1404
f 1405 	1401 	1153
f 1257 	1402 	1406
f 1407 	1403 	1295
f 1295 	1404 	1408
f 1409 	1405 	1153
f 1257 	1406 	1410
f 1407 	1295 	1408
f 1411 	1409 	1153
f 1257 	1410 	1412
f 1413 	1407 	1408
f 1414 	1411 	1153
f 1257 	1412 	1415
f 1416 	1413 	1408
f 1414 	1153 	1169
f 1257 	1415 	1417
f 1418 	1416 	1408
f 1419 	1414 	1169
f 1257 	1417 	1420
f 1421 	1418 	1408
f 1422 	1419 	1169
f 1241 	1257 	1420
f 1423 	1421 	1408
f 1424 	1422 	1169
f 1241 	1420 	1425
f 1426 	1423 	1408
f 1427 	1424 	1169
f 1241 	1425 	1428
f 1429 	1426 	1408
f 1430 	1427 	1169
f 1241 	1428 	1431
f 1432 	1429 	1408
f 1433 	1430 	1169
f 1241 	1431 	1434
f 1435 	1432 	1408
f 1436 	1433 	1169
f 1241 	1434 	1437
f 1435 	1408 	1438
f 1439 	1436 	1169
f 1241 	1437 	1440
f 1435 	1438 	1441
f 1442 	1439 	1169
f 1241 	1440 	1443
f 1444 	1435 	1441
f 1445 	1442 	1169
f 1241 	1443 	1446
f 1447 	1444 	1441
f 1448 	1445 	1169
f 1241 	1446 	1449
f 1447 	1441 	1450
f 1451 	1448 	1169
f 1241 	1449 	1452
f 1453 	1447 	1450
f 1454 	1451 	1169
f 1241 	1452 	1455
f 1453 	1450 	1456
f 1457 	1454 	1169
f 1241 	1455 	1458
f 1459 	1453 	1456
f 1460 	1457 	1169
f 1241 	1458 	1461
f 1462 	1459 	1456
f 1463 	1460 	1169
f 1241 	1461 	1464
f 1462 	1456 	1465
f 1466 	1463 	1169
f 1241 	1464 	1467
f 1468 	1462 	1465
f 1469 	1466 	1169
f 1241 	1467 	1470
f 1468 	1465 	1471
f 1472 	1469 	1169
f 1241 	1470 	1473
f 1474 	1468 	1471
f 1475 	1472 	1169
f 1241 	1473 	1476
f 1474 	1471 	1477
f 1478 	1475 	1169
f 1241 	1476 	1479
f 1480 	1474 	1477
f 1481 	1478 	1169
f 1241 	1479 	1482
f 1480 	1477 	1483
f 1484 	1481 	1169
f 1241 	1482 	1485
f 1486 	1480 	1483
f 1484 	1169 	1201
f 1241 	1485 	1487
f 1486 	1483 	1488
f 1489 	1484 	1201
f 1241 	1487 	1490
f 1491 	1486 	1488
f 1492 	1489 	1201
f 1241 	1490 	1493
f 1491 	1488 	1494
f 1495 	1492 	1201
f 1209 	1241 	1493
f 1496 	1491 	1494
f 1497 	1495 	1201
f 1209 	1493 	1498
f 1496 	1494 	1499
f 1500 	1497 	1201
f 1209 	1498 	1496
f 1496 	1499 	1501
f 1502 	1500 	1201
f 1209 	1496 	1501
f 1503 	1502 	1201
f 1201 	1209 	1501
f 1504 	1503 	1201
f 1201 	1501 	1505
f 1506 	1504 	1201
f 1201 	1505 	1506
f 767 	766 	1138
f 766 	1139 	1138
f 766 	769 	1139
f 769 	1140 	1139
f 769 	768 	1140
f 768 	1141 	1140
f 768 	771 	1141
f 771 	1142 	1141
f 771 	770 	1142
f 770 	1143 	1142
f 770 	773 	1143
f 773 	1144 	1143
f 773 	772 	1144
f 772 	1145 	1144
f 772 	775 	1145
f 775 	1146 	1145
f 775 	774 	1146
f 774 	1147 	1146
f 774 	777 	1147
f 777 	1148 	1147
f 777 	776 	1148
f 776 	1149 	1148
f 776 	779 	1149
f 779 	1150 	1149
f 779 	778 	1150
f 778 	1151 	1150
f 778 	781 	1151
f 781 	1152 	1151
f 781 	780 	1152
f 780 	1153 	1152
f 780 	783 	1153
f 783 	1154 	1153
f 783 	782 	1154
f 782 	1155 	1154
f 782 	785 	1155
f 785 	1156 	1155
f 785 	784 	1156
f 784 	1157 	1156
f 784 	787 	1157
f 787 	1158 	1157
f 787 	786 	1158
f 786 	1159 	1158
f 786 	789 	1159
f 789 	1160 	1159
f 789 	788 	1160
f 788 	1161 	1160
f 788 	791 	1161
f 791 	1162 	1161
f 791 	790 	1162
f 790 	1163 	1162
f 790 	793 	1163
f 793 	1164 	1163
f 793 	792 	1164
f 792 	1165 	1164
f 792 	795 	1165
f 795 	1166 	1165
f 795 	794 	1166
f 794 	1167 	1166
f 794 	797 	1167
f 797 	1168 	1167
f 797 	796 	1168
f 796 	1169 	1168
f 796 	799 	1169
f 799 	1170 	1169
f 799 	798 	1170
f 798 	1171 	1170
f 798 	801 	1171
f 801 	1172 	1171
f 801 	800 	1172
f 800 	1173 	1172
f 800 	803 	1173
f 803 	1174 	1173
f 803 	802 	1174
f 802 	1175 	1174
f 802 	805 	1175
f 805 	1176 	1175
f 805 	804 	1176
f 804 	1177 	1176
f 804 	807 	1177
f 807 	1178 	1177
f 807 	806 	1178
f 806 	1179 	1178
f 806 	809 	1179
f 809 	1180 	1179
f 809 	808 	1180
f 808 	1181 	1180
f 808 	811 	1181
f 811 	1182 	1181
f 811 	810 	1182
f 810 	1183 	1182
f 810 	813 	1183
f 813 	1184 	1183
f 813 	812 	1184
f 812 	1185 	1184
f 812 	815 	1185
f 815 	1186 	1185
f 815 	814 	1186
f 814 	1187 	1186
f 814 	817 	1187
f 817 	1188 	1187
f 817 	816 	1188
f 816 	1189 	1188
f 816 	819 	1189
f 819 	1190 	1189
f 819 	818 	1190
f 818 	1191 	1190
f 818 	821 	1191
f 821 	1192 	1191
f 821 	820 	1192
f 820 	1193 	1192
f 820 	823 	1193
f 823 	1194 	1193
f 823 	822 	1194
f 822 	1195 	1194
f 822 	825 	1195
f 825 	1196 	1195
f 825 	824 	1196
f 824 	1197 	1196
f 824 	827 	1197
f 827 	1198 	1197
f 827 	826 	1198
f 826 	1199 	1198
f 826 	829 	1199
f 829 	1200 	1199
f 829 	828 	1200
f 828 	1201 	1200
f 828 	831 	1201
f 831 	1202 	1201
f 831 	830 	1202
f 830 	1203 	1202
f 830 	833 	1203
f 833 	1204 	1203
f 833 	832 	1204
f 832 	1205 	1204
f 832 	835 	1205
f 835 	1206 	1205
f 835 	834 	1206
f 834 	1207 	1206
f 834 	837 	1207
f 837 	1208 	1207
f 837 	836 	1208
f 836 	1209 	1208
f 836 	839 	1209
f 839 	1210 	1209
f 839 	838 	1210
f 838 	1211 	1210
f 838 	841 	1211
f 841 	1212 	1211
f 841 	840 	1212
f 840 	1213 	1212
f 840 	843 	1213
f 843 	1214 	1213
f 843 	842 	1214
f 842 	1215 	1214
f 842 	845 	1215
f 845 	1216 	1215
f 845 	844 	1216
f 844 	1217 	1216
f 844 	847 	1217
f 847 	1218 	1217
f 847 	846 	1218
f 846 	1219 	1218
f 846 	849 	1219
f 849 	1220 	1219
f 849 	848 	1220
f 848 	1221 	1220
f 848 	851 	1221
f 851 	1222 	1221
f 851 	850 	1222
f 850 	1223 	1222
f 850 	853 	1223
f 853 	1224 	1223
f 853 	852 	1224
f 852 	1225 	1224
f 852 	855 	1225
f 855 	1226 	1225
f 855 	854 	1226
f 854 	1227 	1226
f 854 	857 	1227
f 857 	1228 	1227
f 857 	856 	1228
f 856 	1229 	1228
f 856 	859 	1229
f 859 	1230 	1229
f 859 	858 	1230
f 858 	1231 	1230
f 858 	861 	1231
f 861 	1232 	1231
f 861 	860 	1232
f 860 	1233 	1232
f 860 	863 	1233
f 863 	1234 	1233
f 863 	862 	1234
f 862 	1235 	1234
f 862 	865 	1235
f 865 	1236 	1235
f 865 	864 	1236
f 864 	1237 	1236
f 864 	867 	1237
f 867 	1238 	1237
f 867 	866 	1238
f 866 	1239 	1238
f 866 	869 	1239
f 869 	1240 	1239
f 869 	868 	1240
f 868 	1241 	1240
f 868 	871 	1241
f 871 	1242 	1241
f 871 	870 	1242
f 870 	1243 	1242
f 870 	873 	1243
f 873 	1244 	1243
f 873 	872 	1244
f 872 	1245 	1244
f 872 	875 	1245
f 875 	1246 	1245
f 875 	874 	1246
f 874 	1247 	1246
f 874 	877 	1247
f 877 	1248 	1247
f 877 	876 	1248
f 876 	1249 	1248
f 876 	879 	1249
f 879 	1250 	1249
f 879 	878 	1250
f 878 	1251 	1250
f 878 	881 	1251
f 881 	1252 	1251
f 881 	880 	1252
f 880 	1253 	1252
f 880 	883 	1253
f 883 	1254 	1253
f 883 	882 	1254
f 882 	1255 	1254
f 882 	885 	1255
f 885 	1256 	1255
f 885 	884 	1256
f 884 	1257 	1256
f 884 	887 	1257
f 887 	1258 	1257
f 887 	886 	1258
f 886 	1259 	1258
f 886 	889 	1259
f 889 	1260 	1259
f 889 	888 	1260
f 888 	1261 	1260
f 888 	891 	1261
f 891 	1262 	1261
f 891 	890 	1262
f 890 	1263 	1262
f 890 	893 	1263
f 893 	1264 	1263
f 893 	892 	1264
f 892 	1265 	1264
f 892 	895 	1265
f 895 	1266 	1265
f 895 	894 	1266
f 894 	1267 	1266
f 894 	897 	1267
f 897 	1268 	1267
f 897 	896 	1268
f 896 	1269 	1268
f 896 	899 	1269
f 899 	1270 	1269
f 899 	898 	1270
f 898 	1271 	1270
f 898 	901 	1271
f 901 	1272 	1271
f 901 	900 	1272
f 900 	1273 	1272
f 900 	903 	1273
f 903 	1274 	1273
f 903 	902 	1274
f 902 	1275 	1274
f 902 	905 	1275
f 905 	1276 	1275
f 905 	904 	1276
f 904 	1277 	1276
f 904 	907 	1277
f 907 	1278 	1277
f 907 	906 	1278
f 906 	1279 	1278
f 906 	909 	1279
f 909 	1280 	1279
f 909 	912 	1280
f 912 	1283 	1280
f 912 	911 	1283
f 911 	1284 	1283
f 911 	914 	1284
f 914 	1285 	1284
f 914 	913 	1285
f 913 	1286 	1285
f 913 	916 	1286
f 916 	1287 	1286
f 916 	915 	1287
f 915 	1288 	1287
f 915 	918 	1288
f 918 	1289 	1288
f 918 	917 	1289
f 917 	1290 	1289
f 917 	920 	1290
f 920 	1291 	1290
f 920 	919 	1291
f 919 	1292 	1291
f 919 	922 	1292
f 922 	1293 	1292
f 922 	921 	1293
f 921 	1294 	1293
f 921 	925 	1294
f 925 	1295 	1294
f 925 	924 	1295
f 924 	1296 	1295
f 924 	923 	1296
f 923 	1297 	1296
f 923 	927 	1297
f 927 	1298 	1297
f 927 	926 	1298
f 926 	1299 	1298
f 926 	929 	1299
f 929 	1300 	1299
f 929 	928 	1300
f 928 	1301 	1300
f 928 	931 	1301
f 931 	1302 	1301
f 931 	930 	1302
f 930 	1303 	1302
f 930 	933 	1303
f 933 	1304 	1303
f 933 	932 	1304
f 932 	1305 	1304
f 932 	935 	1305
f 935 	1306 	1305
f 935 	934 	1306
f 934 	1307 	1306
f 934 	937 	1307
f 937 	1308 	1307
f 937 	936 	1308
f 936 	1309 	1308
f 936 	939 	1309
f 939 	1310 	1309
f 939 	938 	1310
f 938 	1311 	1310
f 938 	941 	1311
f 941 	1312 	1311
f 941 	940 	1312
f 940 	1313 	1312
f 940 	943 	1313
f 943 	1314 	1313
f 943 	942 	1314
f 942 	1315 	1314
f 942 	945 	1315
f 945 	1316 	1315
f 945 	944 	1316
f 944 	1317 	1316
f 944 	946 	1317
f 946 	1318 	1317
f 946 	763 	1318
f 763 	1137 	1318
f 763 	767 	1137
f 767 	1138 	1137
f 1029 	1025 	1401
f 1025 	1397 	1401
f 1025 	1022 	1397
f 1022 	1394 	1397
f 1022 	1018 	1394
f 1018 	1390 	1394
f 1018 	1014 	1390
f 1014 	1386 	1390
f 1014 	1010 	1386
f 1010 	1382 	1386
f 1010 	1006 	1382
f 1006 	1378 	1382
f 1006 	1000 	1378
f 1000 	1372 	1378
f 1000 	996 	1372
f 996 	1368 	1372
f 996 	992 	1368
f 992 	1364 	1368
f 992 	988 	1364
f 988 	1360 	1364
f 988 	984 	1360
f 984 	1356 	1360
f 984 	980 	1356
f 980 	1352 	1356
f 980 	976 	1352
f 976 	1348 	1352
f 976 	972 	1348
f 972 	1344 	1348
f 972 	968 	1344
f 968 	1340 	1344
f 968 	964 	1340
f 964 	1336 	1340
f 964 	960 	1336
f 960 	1332 	1336
f 960 	957 	1332
f 957 	1329 	1332
f 957 	954 	1329
f 954 	1326 	1329
f 954 	951 	1326
f 951 	1323 	1326
f 951 	948 	1323
f 948 	1320 	1323
f 948 	765 	1320
f 765 	1135 	1320
f 765 	764 	1135
f 764 	1136 	1135
f 764 	947 	1136
f 947 	1319 	1136
f 947 	950 	1319
f 950 	1322 	1319
f 950 	953 	1322
f 953 	1325 	1322
f 953 	963 	1325
f 963 	1335 	1325
f 963 	967 	1335
f 967 	1339 	1335
f 967 	971 	1339
f 971 	1343 	1339
f 971 	975 	1343
f 975 	1347 	1343
f 975 	979 	1347
f 979 	1351 	1347
f 979 	983 	1351
f 983 	1355 	1351
f 983 	987 	1355
f 987 	1359 	1355
f 987 	991 	1359
f 991 	1363 	1359
f 991 	995 	1363
f 995 	1367 	1363
f 995 	999 	1367
f 999 	1371 	1367
f 999 	1002 	1371
f 1002 	1374 	1371
f 1002 	1005 	1374
f 1005 	1377 	1374
f 1005 	1009 	1377
f 1009 	1381 	1377
f 1009 	1013 	1381
f 1013 	1385 	1381
f 1013 	1017 	1385
f 1017 	1389 	1385
f 1017 	1021 	1389
f 1021 	1393 	1389
f 1021 	1024 	1393
f 1024 	1396 	1393
f 1024 	1028 	1396
f 1028 	1400 	1396
f 1028 	1032 	1400
f 1032 	1404 	1400
f 1032 	1036 	1404
f 1036 	1408 	1404
f 1036 	1066 	1408
f 1066 	1438 	1408
f 1066 	1069 	1438
f 1069 	1441 	1438
f 1069 	1078 	1441
f 1078 	1450 	1441
f 1078 	1084 	1450
f 1084 	1456 	1450
f 1084 	1093 	1456
f 1093 	1465 	1456
f 1093 	1099 	1465
f 1099 	1471 	1465
f 1099 	1105 	1471
f 1105 	1477 	1471
f 1105 	1111 	1477
f 1111 	1483 	1477
f 1111 	1116 	1483
f 1116 	1488 	1483
f 1116 	1122 	1488
f 1122 	1494 	1488
f 1122 	1127 	1494
f 1127 	1499 	1494
f 1127 	1129 	1499
f 1129 	1501 	1499
f 1129 	1133 	1501
f 1133 	1505 	1501
f 1133 	1134 	1505
f 1134 	1506 	1505
f 1134 	1132 	1506
f 1132 	1504 	1506
f 1132 	1131 	1504
f 1131 	1503 	1504
f 1131 	1130 	1503
f 1130 	1502 	1503
f 1130 	1128 	1502
f 1128 	1500 	1502
f 1128 	1125 	1500
f 1125 	1497 	1500
f 1125 	1123 	1497
f 1123 	1495 	1497
f 1123 	1120 	1495
f 1120 	1492 	1495
f 1120 	1117 	1492
f 1117 	1489 	1492
f 1117 	1112 	1489
f 1112 	1484 	1489
f 1112 	1109 	1484
f 1109 	1481 	1484
f 1109 	1106 	1481
f 1106 	1478 	1481
f 1106 	1103 	1478
f 1103 	1475 	1478
f 1103 	1100 	1475
f 1100 	1472 	1475
f 1100 	1097 	1472
f 1097 	1469 	1472
f 1097 	1094 	1469
f 1094 	1466 	1469
f 1094 	1091 	1466
f 1091 	1463 	1466
f 1091 	1088 	1463
f 1088 	1460 	1463
f 1088 	1085 	1460
f 1085 	1457 	1460
f 1085 	1082 	1457
f 1082 	1454 	1457
f 1082 	1079 	1454
f 1079 	1451 	1454
f 1079 	1076 	1451
f 1076 	1448 	1451
f 1076 	1073 	1448
f 1073 	1445 	1448
f 1073 	1070 	1445
f 1070 	1442 	1445
f 1070 	1067 	1442
f 1067 	1439 	1442
f 1067 	1064 	1439
f 1064 	1436 	1439
f 1064 	1061 	1436
f 1061 	1433 	1436
f 1061 	1058 	1433
f 1058 	1430 	1433
f 1058 	1055 	1430
f 1055 	1427 	1430
f 1055 	1052 	1427
f 1052 	1424 	1427
f 1052 	1050 	1424
f 1050 	1422 	1424
f 1050 	1047 	1422
f 1047 	1419 	1422
f 1047 	1042 	1419
f 1042 	1414 	1419
f 1042 	1039 	1414
f 1039 	1411 	1414
f 1039 	1037 	1411
f 1037 	1409 	1411
f 1037 	1033 	1409
f 1033 	1405 	1409
f 1033 	1029 	1405
f 1029 	1401 	1405
f 1118 	1121 	1490
f 1121 	1493 	1490
f 1121 	1126 	1493
f 1126 	1498 	1493
f 1126 	1124 	1498
f 1124 	1496 	1498
f 1124 	1119 	1496
f 1119 	1491 	1496
f 1119 	1114 	1491
f 1114 	1486 	1491
f 1114 	1108 	1486
f 1108 	1480 	1486
f 1108 	1102 	1480
f 1102 	1474 	1480
f 1102 	1096 	1474
f 1096 	1468 	1474
f 1096 	1090 	1468
f 1090 	1462 	1468
f 1090 	1087 	1462
f 1087 	1459 	1462
f 1087 	1081 	1459
f 1081 	1453 	1459
f 1081 	1075 	1453
f 1075 	1447 	1453
f 1075 	1072 	1447
f 1072 	1444 	1447
f 1072 	1063 	1444
f 1063 	1435 	1444
f 1063 	1060 	1435
f 1060 	1432 	1435
f 1060 	1057 	1432
f 1057 	1429 	1432
f 1057 	1054 	1429
f 1054 	1426 	1429
f 1054 	1051 	1426
f 1051 	1423 	1426
f 1051 	1049 	1423
f 1049 	1421 	1423
f 1049 	1046 	1421
f 1046 	1418 	1421
f 1046 	1044 	1418
f 1044 	1416 	1418
f 1044 	1041 	1416
f 1041 	1413 	1416
f 1041 	1035 	1413
f 1035 	1407 	1413
f 1035 	1031 	1407
f 1031 	1403 	1407
f 1031 	1027 	1403
f 1027 	1399 	1403
f 1027 	1020 	1399
f 1020 	1392 	1399
f 1020 	1016 	1392
f 1016 	1388 	1392
f 1016 	1012 	1388
f 1012 	1384 	1388
f 1012 	1008 	1384
f 1008 	1380 	1384
f 1008 	1004 	1380
f 1004 	1376 	1380
f 1004 	1001 	1376
f 1001 	1373 	1376
f 1001 	998 	1373
f 998 	1370 	1373
f 998 	994 	1370
f 994 	1366 	1370
f 994 	990 	1366
f 990 	1362 	1366
f 990 	986 	1362
f 986 	1358 	1362
f 986 	982 	1358
f 982 	1354 	1358
f 982 	978 	1354
f 978 	1350 	1354
f 978 	974 	1350
f 974 	1346 	1350
f 974 	970 	1346
f 970 	1342 	1346
f 970 	966 	1342
f 966 	1338 	1342
f 966 	962 	1338
f 962 	1334 	1338
f 962 	959 	1334
f 959 	1331 	1334
f 959 	956 	1331
f 956 	1328 	1331
f 956 	952 	1328
f 952 	1324 	1328
f 952 	949 	1324
f 949 	1321 	1324
f 949 	910 	1321
f 910 	1282 	1321
f 910 	908 	1282
f 908 	1281 	1282
f 908 	955 	1281
f 955 	1327 	1281
f 955 	958 	1327
f 958 	1330 	1327
f 958 	961 	1330
f 961 	1333 	1330
f 961 	965 	1333
f 965 	1337 	1333
f 965 	969 	1337
f 969 	1341 	1337
f 969 	973 	1341
f 973 	1345 	1341
f 973 	977 	1345
f 977 	1349 	1345
f 977 	981 	1349
f 981 	1353 	1349
f 981 	985 	1353
f 985 	1357 	1353
f 985 	989 	1357
f 989 	1361 	1357
f 989 	993 	1361
f 993 	1365 	1361
f 993 	997 	1365
f 997 	1369 	1365
f 997 	1003 	1369
f 1003 	1375 	1369
f 1003 	1007 	1375
f 1007 	1379 	1375
f 1007 	1011 	1379
f 1011 	1383 	1379
f 1011 	1015 	1383
f 1015 	1387 	1383
f 1015 	1019 	1387
f 1019 	1391 	1387
f 1019 	1023 	1391
f 1023 	1395 	1391
f 1023 	1026 	1395
f 1026 	1398 	1395
f 1026 	1030 	1398
f 1030 	1402 	1398
f 1030 	1034 	1402
f 1034 	1406 	1402
f 1034 	1038 	1406
f 1038 	1410 	1406
f 1038 	1040 	1410
f 1040 	1412 	1410
f 1040 	1043 	1412
f 1043 	1415 	1412
f 1043 	1045 	1415
f 1045 	1417 	1415
f 1045 	1048 	1417
f 1048 	1420 	1417
f 1048 	1053 	1420
f 1053 	1425 	1420
f 1053 	1056 	1425
f 1056 	1428 	1425
f 1056 	1059 	1428
f 1059 	1431 	1428
f 1059 	1062 	1431
f 1062 	1434 	1431
f 1062 	1065 	1434
f 1065 	1437 	1434
f 1065 	1068 	1437
f 1068 	1440 	1437
f 1068 	1071 	1440
f 1071 	1443 	1440
f 1071 	1074 	1443
f 1074 	1446 	1443
f 1074 	1077 	1446
f 1077 	1449 	1446
f 1077 	1080 	1449
f 1080 	1452 	1449
f 1080 	1083 	1452
f 1083 	1455 	1452
f 1083 	1086 	1455
f 1086 	1458 	1455
f 1086 	1089 	1458
f 1089 	1461 	1458
f 1089 	1092 	1461
f 1092 	1464 	1461
f 1092 	1095 	1464
f 1095 	1467 	1464
f 1095 	1098 	1467
f 1098 	1470 	1467
f 1098 	1101 	1470
f 1101 	1473 	1470
f 1101 	1104 	1473
f 1104 	1476 	1473
f 1104 	1107 	1476
f 1107 	1479 	1476
f 1107 	1110 	1479
f 1110 	1482 	1479
f 1110 	1113 	1482
f 1113 	1485 	1482
f 1113 	1115 	1485
f 1115 	1487 	1485
f 1115 	1118 	1487
f 1118 	1490 	1487
f 1507 	1508 	1509
f 1510 	1511 	1507
f 1512 	1513 	1514
f 1510 	1507 	1509
f 1515 	1512 	1514
f 1510 	1509 	1516
f 1517 	1515 	1514
f 1510 	1516 	1518
f 1519 	1517 	1514
f 1510 	1518 	1520
f 1521 	1519 	1514
f 1510 	1520 	1522
f 1523 	1521 	1514
f 1514 	1510 	1522
f 1524 	1523 	1514
f 1514 	1522 	1525
f 1526 	1524 	1514
f 1514 	1525 	1527
f 1527 	1526 	1514
f 1528 	1529 	1530
f 1530 	1531 	1532
f 1533 	1534 	1535
f 1528 	1530 	1532
f 1533 	1535 	1536
f 1537 	1528 	1532
f 1533 	1536 	1538
f 1539 	1537 	1532
f 1533 	1538 	1540
f 1541 	1539 	1532
f 1533 	1540 	1542
f 1543 	1541 	1532
f 1533 	1542 	1544
f 1543 	1532 	1533
f 1533 	1544 	1545
f 1546 	1543 	1533
f 1533 	1545 	1547
f 1548 	1546 	1533
f 1533 	1547 	1548
f 1507 	1511 	1530
f 1511 	1531 	1530
f 1511 	1510 	1531
f 1510 	1532 	1531
f 1510 	1514 	1532
f 1514 	1533 	1532
f 1514 	1513 	1533
f 1513 	1534 	1533
f 1513 	1512 	1534
f 1512 	1535 	1534
f 1512 	1515 	1535
f 1515 	1536 	1535
f 1515 	1517 	1536
f 1517 	1538 	1536
f 1517 	1519 	1538
f 1519 	1540 	1538
f 1519 	1521 	1540
f 1521 	1542 	1540
f 1521 	1523 	1542
f 1523 	1544 	1542
f 1523 	1524 	1544
f 1524 	1545 	1544
f 1524 	1526 	1545
f 1526 	1547 	1545
f 1526 	1527 	1547
f 1527 	1548 	1547
f 1527 	1525 	1548
f 1525 	1546 	1548
f 1525 	1522 	1546
f 1522 	1543 	1546
f 1522 	1520 	1543
f 1520 	1541 	1543
f 1520 	1518 	1541
f 1518 	1539 	1541
f 1518 	1516 	1539
f 1516 	1537 	1539
f 1516 	1509 	1537
f 1509 	1528 	1537
f 1509 	1508 	1528
f 1508 	1529 	1528
f 1508 	1507 	1529
f 1507 	1530 	1529
f 1549 	1550 	1551
f 1552 	1553 	1549
f 1554 	1555 	1552
f 1556 	1557 	1554
f 1558 	1559 	1556
f 1560 	1561 	1558
f 1562 	1563 	1560
f 1564 	1565 	1566
f 1565 	1564 	1567
f 1568 	1569 	1570
f 1569 	1568 	1571
f 1572 	1573 	1574
f 1575 	1576 	1572
f 1577 	1578 	1575
f 1579 	1580 	1577
f 1581 	1582 	1579
f 1583 	1584 	1581
f 1585 	1586 	1583
f 1587 	1588 	1585
f 1589 	1590 	1587
f 1591 	1592 	1589
f 1593 	1594 	1591
f 1595 	1596 	1593
f 1597 	1598 	1595
f 1599 	1600 	1597
f 1601 	1602 	1599
f 1603 	1604 	1601
f 1605 	1606 	1603
f 1607 	1608 	1605
f 1609 	1610 	1607
f 1611 	1612 	1613
f 1614 	1615 	1611
f 1616 	1617 	1614
f 1618 	1619 	1616
f 1620 	1621 	1618
f 1622 	1623 	1620
f 1624 	1625 	1622
f 1626 	1627 	1624
f 1628 	1629 	1626
f 1630 	1631 	1628
f 1632 	1633 	1630
f 1634 	1635 	1632
f 1549 	1551 	1634
f 1554 	1552 	1549
f 1558 	1556 	1554
f 1562 	1560 	1558
f 1564 	1566 	1636
f 1637 	1565 	1567
f 1568 	1570 	1638
f 1639 	1569 	1571
f 1572 	1574 	1640
f 1577 	1575 	1572
f 1581 	1579 	1577
f 1585 	1583 	1581
f 1589 	1587 	1585
f 1593 	1591 	1589
f 1597 	1595 	1593
f 1601 	1599 	1597
f 1605 	1603 	1601
f 1609 	1607 	1605
f 1614 	1611 	1613
f 1618 	1616 	1614
f 1622 	1620 	1618
f 1626 	1624 	1622
f 1630 	1628 	1626
f 1634 	1632 	1630
f 1554 	1549 	1634
f 1562 	1558 	1554
f 1564 	1636 	1641
f 1642 	1637 	1567
f 1568 	1638 	1643
f 1644 	1639 	1571
f 1572 	1640 	1645
f 1581 	1577 	1572
f 1589 	1585 	1581
f 1597 	1593 	1589
f 1605 	1601 	1597
f 1646 	1609 	1605
f 1618 	1614 	1613
f 1626 	1622 	1618
f 1634 	1630 	1626
f 1647 	1562 	1554
f 1564 	1641 	1648
f 1649 	1642 	1567
f 1568 	1643 	1650
f 1651 	1644 	1571
f 1572 	1645 	1652
f 1597 	1589 	1581
f 1646 	1605 	1597
f 1626 	1618 	1613
f 1554 	1634 	1626
f 1653 	1647 	1554
f 1564 	1648 	1654
f 1655 	1649 	1567
f 1568 	1650 	1656
f 1651 	1571 	1657
f 1572 	1652 	1658
f 1646 	1597 	1581
f 1554 	1626 	1613
f 1659 	1653 	1554
f 1564 	1654 	1660
f 1661 	1655 	1567
f 1568 	1656 	1662
f 1663 	1651 	1657
f 1572 	1658 	1664
f 1665 	1659 	1554
f 1564 	1660 	1666
f 1667 	1661 	1567
f 1568 	1662 	1668
f 1664 	1663 	1657
f 1581 	1572 	1664
f 1669 	1665 	1554
f 1564 	1666 	1670
f 1568 	1668 	1667
f 1581 	1664 	1657
f 1671 	1669 	1554
f 1564 	1670 	1672
f 1673 	1568 	1667
f 1581 	1657 	1674
f 1675 	1671 	1554
f 1564 	1672 	1676
f 1673 	1667 	1567
f 1581 	1674 	1677
f 1678 	1675 	1554
f 1564 	1676 	1679
f 1673 	1567 	1680
f 1581 	1677 	1681
f 1682 	1678 	1554
f 1683 	1564 	1679
f 1673 	1680 	1684
f 1581 	1681 	1685
f 1686 	1682 	1554
f 1683 	1679 	1687
f 1673 	1684 	1688
f 1581 	1685 	1689
f 1690 	1686 	1554
f 1683 	1687 	1691
f 1673 	1688 	1692
f 1581 	1689 	1693
f 1691 	1690 	1554
f 1673 	1692 	1694
f 1581 	1693 	1695
f 1683 	1691 	1554
f 1673 	1694 	1696
f 1581 	1695 	1697
f 1698 	1683 	1554
f 1673 	1696 	1699
f 1581 	1697 	1700
f 1701 	1698 	1554
f 1673 	1699 	1702
f 1581 	1700 	1703
f 1704 	1701 	1554
f 1673 	1702 	1705
f 1581 	1703 	1706
f 1707 	1704 	1554
f 1708 	1673 	1705
f 1581 	1706 	1709
f 1710 	1707 	1554
f 1708 	1705 	1711
f 1581 	1709 	1712
f 1713 	1710 	1554
f 1708 	1711 	1714
f 1581 	1712 	1715
f 1716 	1713 	1554
f 1708 	1714 	1717
f 1581 	1715 	1718
f 1719 	1716 	1554
f 1708 	1717 	1720
f 1581 	1718 	1721
f 1722 	1719 	1554
f 1723 	1708 	1720
f 1581 	1721 	1724
f 1725 	1722 	1554
f 1723 	1720 	1726
f 1581 	1724 	1727
f 1728 	1725 	1554
f 1729 	1723 	1726
f 1581 	1727 	1730
f 1731 	1728 	1554
f 1729 	1726 	1732
f 1581 	1730 	1733
f 1734 	1731 	1554
f 1735 	1729 	1732
f 1581 	1733 	1736
f 1737 	1734 	1554
f 1735 	1732 	1738
f 1581 	1736 	1739
f 1740 	1737 	1554
f 1741 	1735 	1738
f 1581 	1739 	1742
f 1743 	1740 	1554
f 1741 	1738 	1744
f 1581 	1742 	1745
f 1746 	1743 	1554
f 1747 	1741 	1744
f 1581 	1745 	1748
f 1749 	1746 	1554
f 1747 	1744 	1750
f 1581 	1748 	1751
f 1752 	1749 	1554
f 1753 	1747 	1750
f 1581 	1751 	1754
f 1755 	1752 	1554
f 1753 	1750 	1756
f 1581 	1754 	1757
f 1755 	1554 	1613
f 1758 	1753 	1756
f 1581 	1757 	1759
f 1755 	1613 	1646
f 1758 	1756 	1760
f 1581 	1759 	1761
f 1762 	1755 	1646
f 1763 	1758 	1760
f 1581 	1761 	1764
f 1765 	1762 	1646
f 1763 	1760 	1766
f 1581 	1764 	1767
f 1768 	1765 	1646
f 1769 	1763 	1766
f 1581 	1767 	1770
f 1771 	1768 	1646
f 1769 	1766 	1772
f 1581 	1770 	1773
f 1774 	1771 	1646
f 1775 	1769 	1772
f 1646 	1581 	1773
f 1776 	1774 	1646
f 1775 	1772 	1776
f 1646 	1773 	1777
f 1775 	1776 	1646
f 1646 	1777 	1778
f 1778 	1775 	1646
f 1779 	1780 	1781
f 1781 	1782 	1783
f 1783 	1784 	1785
f 1785 	1786 	1787
f 1787 	1788 	1789
f 1789 	1790 	1791
f 1791 	1792 	1793
f 1794 	1795 	1796
f 1797 	1796 	1795
f 1798 	1799 	1800
f 1801 	1800 	1799
f 1802 	1803 	1804
f 1804 	1805 	1806
f 1806 	1807 	1808
f 1808 	1809 	1810
f 1810 	1811 	1812
f 1812 	1813 	1814
f 1814 	1815 	1816
f 1816 	1817 	1818
f 1818 	1819 	1820
f 1820 	1821 	1822
f 1822 	1823 	1824
f 1824 	1825 	1826
f 1826 	1827 	1828
f 1828 	1829 	1830
f 1830 	1831 	1832
f 1832 	1833 	1834
f 1834 	1835 	1836
f 1836 	1837 	1838
f 1838 	1839 	1840
f 1841 	1842 	1843
f 1843 	1844 	1845
f 1845 	1846 	1847
f 1847 	1848 	1849
f 1849 	1850 	1851
f 1851 	1852 	1853
f 1853 	1854 	1855
f 1855 	1856 	1857
f 1857 	1858 	1859
f 1859 	1860 	1861
f 1861 	1862 	1863
f 1863 	1864 	1865
f 1865 	1779 	1781
f 1781 	1783 	1785
f 1785 	1787 	1789
f 1789 	1791 	1793
f 1866 	1794 	1796
f 1797 	1795 	1867
f 1868 	1798 	1800
f 1801 	1799 	1869
f 1870 	1802 	1804
f 1804 	1806 	1808
f 1808 	1810 	1812
f 1812 	1814 	1816
f 1816 	1818 	1820
f 1820 	1822 	1824
f 1824 	1826 	1828
f 1828 	1830 	1832
f 1832 	1834 	1836
f 1836 	1838 	1840
f 1841 	1843 	1845
f 1845 	1847 	1849
f 1849 	1851 	1853
f 1853 	1855 	1857
f 1857 	1859 	1861
f 1861 	1863 	1865
f 1865 	1781 	1785
f 1785 	1789 	1793
f 1871 	1866 	1796
f 1797 	1867 	1872
f 1873 	1868 	1800
f 1801 	1869 	1874
f 1875 	1870 	1804
f 1804 	1808 	1812
f 1812 	1816 	1820
f 1820 	1824 	1828
f 1828 	1832 	1836
f 1836 	1840 	1876
f 1841 	1845 	1849
f 1849 	1853 	1857
f 1857 	1861 	1865
f 1785 	1793 	1877
f 1878 	1871 	1796
f 1797 	1872 	1879
f 1880 	1873 	1800
f 1801 	1874 	1881
f 1882 	1875 	1804
f 1812 	1820 	1828
f 1828 	1836 	1876
f 1841 	1849 	1857
f 1857 	1865 	1785
f 1785 	1877 	1883
f 1884 	1878 	1796
f 1797 	1879 	1885
f 1886 	1880 	1800
f 1887 	1801 	1881
f 1888 	1882 	1804
f 1812 	1828 	1876
f 1841 	1857 	1785
f 1785 	1883 	1889
f 1890 	1884 	1796
f 1797 	1885 	1891
f 1892 	1886 	1800
f 1887 	1881 	1893
f 1894 	1888 	1804
f 1785 	1889 	1895
f 1896 	1890 	1796
f 1797 	1891 	1897
f 1898 	1892 	1800
f 1887 	1893 	1894
f 1894 	1804 	1812
f 1785 	1895 	1899
f 1900 	1896 	1796
f 1897 	1898 	1800
f 1887 	1894 	1812
f 1785 	1899 	1901
f 1902 	1900 	1796
f 1897 	1800 	1903
f 1904 	1887 	1812
f 1785 	1901 	1905
f 1906 	1902 	1796
f 1797 	1897 	1903
f 1907 	1904 	1812
f 1785 	1905 	1908
f 1909 	1906 	1796
f 1910 	1797 	1903
f 1911 	1907 	1812
f 1785 	1908 	1912
f 1909 	1796 	1913
f 1914 	1910 	1903
f 1915 	1911 	1812
f 1785 	1912 	1916
f 1917 	1909 	1913
f 1918 	1914 	1903
f 1919 	1915 	1812
f 1785 	1916 	1920
f 1921 	1917 	1913
f 1922 	1918 	1903
f 1923 	1919 	1812
f 1785 	1920 	1921
f 1924 	1922 	1903
f 1925 	1923 	1812
f 1785 	1921 	1913
f 1926 	1924 	1903
f 1927 	1925 	1812
f 1785 	1913 	1928
f 1929 	1926 	1903
f 1930 	1927 	1812
f 1785 	1928 	1931
f 1932 	1929 	1903
f 1933 	1930 	1812
f 1785 	1931 	1934
f 1935 	1932 	1903
f 1936 	1933 	1812
f 1785 	1934 	1937
f 1935 	1903 	1938
f 1939 	1936 	1812
f 1785 	1937 	1940
f 1941 	1935 	1938
f 1942 	1939 	1812
f 1785 	1940 	1943
f 1944 	1941 	1938
f 1945 	1942 	1812
f 1785 	1943 	1946
f 1947 	1944 	1938
f 1948 	1945 	1812
f 1785 	1946 	1949
f 1950 	1947 	1938
f 1951 	1948 	1812
f 1785 	1949 	1952
f 1950 	1938 	1953
f 1954 	1951 	1812
f 1785 	1952 	1955
f 1956 	1950 	1953
f 1957 	1954 	1812
f 1785 	1955 	1958
f 1956 	1953 	1959
f 1960 	1957 	1812
f 1785 	1958 	1961
f 1962 	1956 	1959
f 1963 	1960 	1812
f 1785 	1961 	1964
f 1962 	1959 	1965
f 1966 	1963 	1812
f 1785 	1964 	1967
f 1968 	1962 	1965
f 1969 	1966 	1812
f 1785 	1967 	1970
f 1968 	1965 	1971
f 1972 	1969 	1812
f 1785 	1970 	1973
f 1974 	1968 	1971
f 1975 	1972 	1812
f 1785 	1973 	1976
f 1974 	1971 	1977
f 1978 	1975 	1812
f 1785 	1976 	1979
f 1980 	1974 	1977
f 1981 	1978 	1812
f 1785 	1979 	1982
f 1980 	1977 	1983
f 1984 	1981 	1812
f 1785 	1982 	1985
f 1986 	1980 	1983
f 1987 	1984 	1812
f 1841 	1785 	1985
f 1986 	1983 	1988
f 1989 	1987 	1812
f 1876 	1841 	1985
f 1990 	1986 	1988
f 1991 	1989 	1812
f 1876 	1985 	1992
f 1990 	1988 	1993
f 1994 	1991 	1812
f 1876 	1992 	1995
f 1996 	1990 	1993
f 1997 	1994 	1812
f 1876 	1995 	1998
f 1996 	1993 	1999
f 2000 	1997 	1812
f 1876 	1998 	2001
f 2002 	1996 	1999
f 2003 	2000 	1812
f 1876 	2001 	2004
f 2002 	1999 	2005
f 2003 	1812 	1876
f 1876 	2004 	2006
f 2006 	2002 	2005
f 2007 	2003 	1876
f 1876 	2006 	2005
f 2008 	2007 	1876
f 1876 	2005 	2008
f 1551 	1550 	1779
f 1550 	1780 	1779
f 1550 	1549 	1780
f 1549 	1781 	1780
f 1549 	1553 	1781
f 1553 	1782 	1781
f 1553 	1552 	1782
f 1552 	1783 	1782
f 1552 	1555 	1783
f 1555 	1784 	1783
f 1555 	1554 	1784
f 1554 	1785 	1784
f 1554 	1557 	1785
f 1557 	1786 	1785
f 1557 	1556 	1786
f 1556 	1787 	1786
f 1556 	1559 	1787
f 1559 	1788 	1787
f 1559 	1558 	1788
f 1558 	1789 	1788
f 1558 	1561 	1789
f 1561 	1790 	1789
f 1561 	1560 	1790
f 1560 	1791 	1790
f 1560 	1563 	1791
f 1563 	1792 	1791
f 1563 	1562 	1792
f 1562 	1793 	1792
f 1562 	1647 	1793
f 1647 	1877 	1793
f 1647 	1653 	1877
f 1653 	1883 	1877
f 1653 	1659 	1883
f 1659 	1889 	1883
f 1659 	1665 	1889
f 1665 	1895 	1889
f 1665 	1669 	1895
f 1669 	1899 	1895
f 1669 	1671 	1899
f 1671 	1901 	1899
f 1671 	1675 	1901
f 1675 	1905 	1901
f 1675 	1678 	1905
f 1678 	1908 	1905
f 1678 	1682 	1908
f 1682 	1912 	1908
f 1682 	1686 	1912
f 1686 	1916 	1912
f 1686 	1690 	1916
f 1690 	1920 	1916
f 1690 	1691 	1920
f 1691 	1921 	1920
f 1691 	1687 	1921
f 1687 	1917 	1921
f 1687 	1679 	1917
f 1679 	1909 	1917
f 1679 	1676 	1909
f 1676 	1906 	1909
f 1676 	1672 	1906
f 1672 	1902 	1906
f 1672 	1670 	1902
f 1670 	1900 	1902
f 1670 	1666 	1900
f 1666 	1896 	1900
f 1666 	1660 	1896
f 1660 	1890 	1896
f 1660 	1654 	1890
f 1654 	1884 	1890
f 1654 	1648 	1884
f 1648 	1878 	1884
f 1648 	1641 	1878
f 1641 	1871 	1878
f 1641 	1636 	1871
f 1636 	1866 	1871
f 1636 	1566 	1866
f 1566 	1794 	1866
f 1566 	1565 	1794
f 1565 	1795 	1794
f 1565 	1637 	1795
f 1637 	1867 	1795
f 1637 	1642 	1867
f 1642 	1872 	1867
f 1642 	1649 	1872
f 1649 	1879 	1872
f 1649 	1655 	1879
f 1655 	1885 	1879
f 1655 	1661 	1885
f 1661 	1891 	1885
f 1661 	1667 	1891
f 1667 	1897 	1891
f 1667 	1668 	1897
f 1668 	1898 	1897
f 1668 	1662 	1898
f 1662 	1892 	1898
f 1662 	1656 	1892
f 1656 	1886 	1892
f 1656 	1650 	1886
f 1650 	1880 	1886
f 1650 	1643 	1880
f 1643 	1873 	1880
f 1643 	1638 	1873
f 1638 	1868 	1873
f 1638 	1570 	1868
f 1570 	1798 	1868
f 1570 	1569 	1798
f 1569 	1799 	1798
f 1569 	1639 	1799
f 1639 	1869 	1799
f 1639 	1644 	1869
f 1644 	1874 	1869
f 1644 	1651 	1874
f 1651 	1881 	1874
f 1651 	1663 	1881
f 1663 	1893 	1881
f 1663 	1664 	1893
f 1664 	1894 	1893
f 1664 	1658 	1894
f 1658 	1888 	1894
f 1658 	1652 	1888
f 1652 	1882 	1888
f 1652 	1645 	1882
f 1645 	1875 	1882
f 1645 	1640 	1875
f 1640 	1870 	1875
f 1640 	1574 	1870
f 1574 	1802 	1870
f 1574 	1573 	1802
f 1573 	1803 	1802
f 1573 	1572 	1803
f 1572 	1804 	1803
f 1572 	1576 	1804
f 1576 	1805 	1804
f 1576 	1575 	1805
f 1575 	1806 	1805
f 1575 	1578 	1806
f 1578 	1807 	1806
f 1578 	1577 	1807
f 1577 	1808 	1807
f 1577 	1580 	1808
f 1580 	1809 	1808
f 1580 	1579 	1809
f 1579 	1810 	1809
f 1579 	1582 	1810
f 1582 	1811 	1810
f 1582 	1581 	1811
f 1581 	1812 	1811
f 1581 	1584 	1812
f 1584 	1813 	1812
f 1584 	1583 	1813
f 1583 	1814 	1813
f 1583 	1586 	1814
f 1586 	1815 	1814
f 1586 	1585 	1815
f 1585 	1816 	1815
f 1585 	1588 	1816
f 1588 	1817 	1816
f 1588 	1587 	1817
f 1587 	1818 	1817
f 1587 	1590 	1818
f 1590 	1819 	1818
f 1590 	1589 	1819
f 1589 	1820 	1819
f 1589 	1592 	1820
f 1592 	1821 	1820
f 1592 	1591 	1821
f 1591 	1822 	1821
f 1591 	1594 	1822
f 1594 	1823 	1822
f 1594 	1593 	1823
f 1593 	1824 	1823
f 1593 	1596 	1824
f 1596 	1825 	1824
f 1596 	1595 	1825
f 1595 	1826 	1825
f 1595 	1598 	1826
f 1598 	1827 	1826
f 1598 	1597 	1827
f 1597 	1828 	1827
f 1597 	1600 	1828
f 1600 	1829 	1828
f 1600 	1599 	1829
f 1599 	1830 	1829
f 1599 	1602 	1830
f 1602 	1831 	1830
f 1602 	1601 	1831
f 1601 	1832 	1831
f 1601 	1604 	1832
f 1604 	1833 	1832
f 1604 	1603 	1833
f 1603 	1834 	1833
f 1603 	1606 	1834
f 1606 	1835 	1834
f 1606 	1605 	1835
f 1605 	1836 	1835
f 1605 	1608 	1836
f 1608 	1837 	1836
f 1608 	1607 	1837
f 1607 	1838 	1837
f 1607 	1610 	1838
f 1610 	1839 	1838
f 1610 	1609 	1839
f 1609 	1840 	1839
f 1609 	1646 	1840
f 1646 	1876 	1840
f 1646 	1613 	1876
f 1613 	1841 	1876
f 1613 	1612 	1841
f 1612 	1842 	1841
f 1612 	1611 	1842
f 1611 	1843 	1842
f 1611 	1615 	1843
f 1615 	1844 	1843
f 1615 	1614 	1844
f 1614 	1845 	1844
f 1614 	1617 	1845
f 1617 	1846 	1845
f 1617 	1616 	1846
f 1616 	1847 	1846
f 1616 	1619 	1847
f 1619 	1848 	1847
f 1619 	1618 	1848
f 1618 	1849 	1848
f 1618 	1621 	1849
f 1621 	1850 	1849
f 1621 	1620 	1850
f 1620 	1851 	1850
f 1620 	1623 	1851
f 1623 	1852 	1851
f 1623 	1622 	1852
f 1622 	1853 	1852
f 1622 	1625 	1853
f 1625 	1854 	1853
f 1625 	1624 	1854
f 1624 	1855 	1854
f 1624 	1627 	1855
f 1627 	1856 	1855
f 1627 	1626 	1856
f 1626 	1857 	1856
f 1626 	1629 	1857
f 1629 	1858 	1857
f 1629 	1628 	1858
f 1628 	1859 	1858
f 1628 	1631 	1859
f 1631 	1860 	1859
f 1631 	1630 	1860
f 1630 	1861 	1860
f 1630 	1633 	1861
f 1633 	1862 	1861
f 1633 	1632 	1862
f 1632 	1863 	1862
f 1632 	1635 	1863
f 1635 	1864 	1863
f 1635 	1634 	1864
f 1634 	1865 	1864
f 1634 	1551 	1865
f 1551 	1779 	1865
f 1673 	1708 	1903
f 1708 	1938 	1903
f 1708 	1723 	1938
f 1723 	1953 	1938
f 1723 	1729 	1953
f 1729 	1959 	1953
f 1729 	1735 	1959
f 1735 	1965 	1959
f 1735 	1741 	1965
f 1741 	1971 	1965
f 1741 	1747 	1971
f 1747 	1977 	1971
f 1747 	1753 	1977
f 1753 	1983 	1977
f 1753 	1758 	1983
f 1758 	1988 	1983
f 1758 	1763 	1988
f 1763 	1993 	1988
f 1763 	1769 	1993
f 1769 	1999 	1993
f 1769 	1775 	1999
f 1775 	2005 	1999
f 1775 	1778 	2005
f 1778 	2008 	2005
f 1778 	1777 	2008
f 1777 	2007 	2008
f 1777 	1773 	2007
f 1773 	2003 	2007
f 1773 	1770 	2003
f 1770 	2000 	2003
f 1770 	1767 	2000
f 1767 	1997 	2000
f 1767 	1764 	1997
f 1764 	1994 	1997
f 1764 	1761 	1994
f 1761 	1991 	1994
f 1761 	1759 	1991
f 1759 	1989 	1991
f 1759 	1757 	1989
f 1757 	1987 	1989
f 1757 	1754 	1987
f 1754 	1984 	1987
f 1754 	1751 	1984
f 1751 	1981 	1984
f 1751 	1748 	1981
f 1748 	1978 	1981
f 1748 	1745 	1978
f 1745 	1975 	1978
f 1745 	1742 	1975
f 1742 	1972 	1975
f 1742 	1739 	1972
f 1739 	1969 	1972
f 1739 	1736 	1969
f 1736 	1966 	1969
f 1736 	1733 	1966
f 1733 	1963 	1966
f 1733 	1730 	1963
f 1730 	1960 	1963
f 1730 	1727 	1960
f 1727 	1957 	1960
f 1727 	1724 	1957
f 1724 	1954 	1957
f 1724 	1721 	1954
f 1721 	1951 	1954
f 1721 	1718 	1951
f 1718 	1948 	1951
f 1718 	1715 	1948
f 1715 	1945 	1948
f 1715 	1712 	1945
f 1712 	1942 	1945
f 1712 	1709 	1942
f 1709 	1939 	1942
f 1709 	1706 	1939
f 1706 	1936 	1939
f 1706 	1703 	1936
f 1703 	1933 	1936
f 1703 	1700 	1933
f 1700 	1930 	1933
f 1700 	1697 	1930
f 1697 	1927 	1930
f 1697 	1695 	1927
f 1695 	1925 	1927
f 1695 	1693 	1925
f 1693 	1923 	1925
f 1693 	1689 	1923
f 1689 	1919 	1923
f 1689 	1685 	1919
f 1685 	1915 	1919
f 1685 	1681 	1915
f 1681 	1911 	1915
f 1681 	1677 	1911
f 1677 	1907 	1911
f 1677 	1674 	1907
f 1674 	1904 	1907
f 1674 	1657 	1904
f 1657 	1887 	1904
f 1657 	1571 	1887
f 1571 	1801 	1887
f 1571 	1568 	1801
f 1568 	1800 	1801
f 1568 	1673 	1800
f 1673 	1903 	1800
f 1683 	1698 	1913
f 1698 	1928 	1913
f 1698 	1701 	1928
f 1701 	1931 	1928
f 1701 	1704 	1931
f 1704 	1934 	1931
f 1704 	1707 	1934
f 1707 	1937 	1934
f 1707 	1710 	1937
f 1710 	1940 	1937
f 1710 	1713 	1940
f 1713 	1943 	1940
f 1713 	1716 	1943
f 1716 	1946 	1943
f 1716 	1719 	1946
f 1719 	1949 	1946
f 1719 	1722 	1949
f 1722 	1952 	1949
f 1722 	1725 	1952
f 1725 	1955 	1952
f 1725 	1728 	1955
f 1728 	1958 	1955
f 1728 	1731 	1958
f 1731 	1961 	1958
f 1731 	1734 	1961
f 1734 	1964 	1961
f 1734 	1737 	1964
f 1737 	1967 	1964
f 1737 	1740 	1967
f 1740 	1970 	1967
f 1740 	1743 	1970
f 1743 	1973 	1970
f 1743 	1746 	1973
f 1746 	1976 	1973
f 1746 	1749 	1976
f 1749 	1979 	1976
f 1749 	1752 	1979
f 1752 	1982 	1979
f 1752 	1755 	1982
f 1755 	1985 	1982
f 1755 	1762 	1985
f 1762 	1992 	1985
f 1762 	1765 	1992
f 1765 	1995 	1992
f 1765 	1768 	1995
f 1768 	1998 	1995
f 1768 	1771 	1998
f 1771 	2001 	1998
f 1771 	1774 	2001
f 1774 	2004 	2001
f 1774 	1776 	2004
f 1776 	2006 	2004
f 1776 	1772 	2006
f 1772 	2002 	2006
f 1772 	1766 	2002
f 1766 	1996 	2002
f 1766 	1760 	1996
f 1760 	1990 	1996
f 1760 	1756 	1990
f 1756 	1986 	1990
f 1756 	1750 	1986
f 1750 	1980 	1986
f 1750 	1744 	1980
f 1744 	1974 	1980
f 1744 	1738 	1974
f 1738 	1968 	1974
f 1738 	1732 	1968
f 1732 	1962 	1968
f 1732 	1726 	1962
f 1726 	1956 	1962
f 1726 	1720 	1956
f 1720 	1950 	1956
f 1720 	1717 	1950
f 1717 	1947 	1950
f 1717 	1714 	1947
f 1714 	1944 	1947
f 1714 	1711 	1944
f 1711 	1941 	1944
f 1711 	1705 	1941
f 1705 	1935 	1941
f 1705 	1702 	1935
f 1702 	1932 	1935
f 1702 	1699 	1932
f 1699 	1929 	1932
f 1699 	1696 	1929
f 1696 	1926 	1929
f 1696 	1694 	1926
f 1694 	1924 	1926
f 1694 	1692 	1924
f 1692 	1922 	1924
f 1692 	1688 	1922
f 1688 	1918 	1922
f 1688 	1684 	1918
f 1684 	1914 	1918
f 1684 	1680 	1914
f 1680 	1910 	1914
f 1680 	1567 	1910
f 1567 	1797 	1910
f 1567 	1564 	1797
f 1564 	1796 	1797
f 1564 	1683 	1796
f 1683 	1913 	1796
f 2009 	2010 	2011
f 2012 	2013 	2009
f 2014 	2015 	2016
f 2017 	2018 	2019
f 2020 	2021 	2022
f 2023 	2024 	2020
f 2025 	2026 	2027
f 2028 	2029 	2025
f 2030 	2031 	2028
f 2032 	2033 	2030
f 2034 	2035 	2032
f 2036 	2037 	2034
f 2038 	2039 	2036
f 2040 	2041 	2038
f 2042 	2043 	2040
f 2044 	2045 	2042
f 2046 	2047 	2044
f 2048 	2049 	2046
f 2050 	2051 	2048
f 2052 	2053 	2050
f 2054 	2055 	2052
f 2056 	2057 	2054
f 2058 	2059 	2056
f 2060 	2061 	2058
f 2062 	2063 	2060
f 2064 	2065 	2062
f 2066 	2067 	2064
f 2068 	2069 	2066
f 2070 	2071 	2068
f 2072 	2073 	2070
f 2074 	2075 	2072
f 2076 	2077 	2078
f 2009 	2011 	2079
f 2080 	2012 	2009
f 2020 	2022 	2081
f 2082 	2023 	2020
f 2028 	2025 	2027
f 2032 	2030 	2028
f 2036 	2034 	2032
f 2040 	2038 	2036
f 2044 	2042 	2040
f 2048 	2046 	2044
f 2052 	2050 	2048
f 2056 	2054 	2052
f 2060 	2058 	2056
f 2064 	2062 	2060
f 2068 	2066 	2064
f 2072 	2070 	2068
f 2009 	2079 	2083
f 2084 	2080 	2009
f 2020 	2081 	2085
f 2086 	2082 	2020
f 2032 	2028 	2027
f 2040 	2036 	2032
f 2048 	2044 	2040
f 2056 	2052 	2048
f 2064 	2060 	2056
f 2072 	2068 	2064
f 2009 	2083 	2087
f 2088 	2084 	2009
f 2020 	2085 	2089
f 2090 	2086 	2020
f 2032 	2027 	2091
f 2048 	2040 	2032
f 2064 	2056 	2048
f 2074 	2072 	2064
f 2009 	2087 	2092
f 2093 	2088 	2009
f 2020 	2089 	2094
f 2095 	2090 	2020
f 2096 	2074 	2064
f 2009 	2092 	2076
f 2097 	2093 	2009
f 2020 	2094 	2017
f 2098 	2095 	2020
f 2099 	2096 	2064
f 2009 	2076 	2078
f 2016 	2097 	2009
f 2020 	2017 	2019
f 2100 	2098 	2020
f 2009 	2078 	2101
f 2014 	2016 	2009
f 2020 	2019 	2102
f 2103 	2100 	2020
f 2009 	2101 	2104
f 2105 	2014 	2009
f 2020 	2102 	2106
f 2107 	2103 	2020
f 2009 	2104 	2108
f 2109 	2105 	2009
f 2020 	2106 	2110
f 2111 	2107 	2020
f 2009 	2108 	2112
f 2113 	2109 	2009
f 2020 	2110 	2114
f 2115 	2111 	2020
f 2113 	2009 	2112
f 2115 	2020 	2114
f 2113 	2112 	2116
f 2115 	2114 	2117
f 2113 	2116 	2118
f 2115 	2117 	2119
f 2113 	2118 	2120
f 2115 	2119 	2121
f 2113 	2120 	2122
f 2115 	2121 	2123
f 2113 	2122 	2124
f 2115 	2123 	2125
f 2113 	2124 	2126
f 2115 	2125 	2127
f 2113 	2126 	2128
f 2115 	2127 	2129
f 2113 	2128 	2130
f 2115 	2129 	2131
f 2113 	2130 	2132
f 2115 	2131 	2133
f 2113 	2132 	2134
f 2115 	2133 	2135
f 2113 	2134 	2099
f 2115 	2135 	2136
f 2137 	2113 	2099
f 2115 	2136 	2138
f 2139 	2137 	2099
f 2115 	2138 	2140
f 2141 	2139 	2099
f 2142 	2115 	2140
f 2143 	2141 	2099
f 2144 	2142 	2140
f 2145 	2143 	2099
f 2146 	2144 	2140
f 2147 	2145 	2099
f 2148 	2146 	2140
f 2149 	2147 	2099
f 2150 	2148 	2140
f 2151 	2149 	2099
f 2152 	2150 	2140
f 2153 	2151 	2099
f 2154 	2152 	2140
f 2155 	2153 	2099
f 2156 	2154 	2140
f 2157 	2155 	2099
f 2158 	2156 	2140
f 2159 	2157 	2099
f 2158 	2140 	2160
f 2159 	2099 	2064
f 2158 	2160 	2161
f 2162 	2159 	2064
f 2158 	2161 	2163
f 2164 	2162 	2064
f 2158 	2163 	2165
f 2166 	2164 	2064
f 2158 	2165 	2167
f 2168 	2166 	2064
f 2158 	2167 	2169
f 2170 	2168 	2064
f 2158 	2169 	2171
f 2172 	2170 	2064
f 2173 	2158 	2171
f 2174 	2172 	2064
f 2175 	2173 	2171
f 2176 	2174 	2064
f 2177 	2175 	2171
f 2178 	2176 	2064
f 2179 	2177 	2171
f 2180 	2178 	2064
f 2091 	2179 	2171
f 2181 	2180 	2064
f 2032 	2091 	2171
f 2182 	2181 	2064
f 2032 	2171 	2183
f 2184 	2182 	2064
f 2032 	2183 	2185
f 2186 	2184 	2064
f 2032 	2185 	2187
f 2188 	2186 	2064
f 2032 	2187 	2189
f 2190 	2188 	2064
f 2032 	2189 	2191
f 2192 	2190 	2064
f 2032 	2191 	2193
f 2192 	2064 	2048
f 2032 	2193 	2194
f 2195 	2192 	2048
f 2032 	2194 	2196
f 2197 	2195 	2048
f 2032 	2196 	2198
f 2199 	2197 	2048
f 2032 	2198 	2200
f 2201 	2199 	2048
f 2032 	2200 	2202
f 2203 	2201 	2048
f 2032 	2202 	2204
f 2205 	2203 	2048
f 2032 	2204 	2206
f 2207 	2205 	2048
f 2032 	2206 	2208
f 2209 	2207 	2048
f 2048 	2032 	2208
f 2210 	2209 	2048
f 2048 	2208 	2211
f 2212 	2210 	2048
f 2048 	2211 	2213
f 2214 	2212 	2048
f 2048 	2213 	2214
f 2215 	2216 	2217
f 2217 	2218 	2219
f 2220 	2221 	2222
f 2223 	2224 	2225
f 2226 	2227 	2228
f 2228 	2229 	2230
f 2231 	2232 	2233
f 2233 	2234 	2235
f 2235 	2236 	2237
f 2237 	2238 	2239
f 2239 	2240 	2241
f 2241 	2242 	2243
f 2243 	2244 	2245
f 2245 	2246 	2247
f 2247 	2248 	2249
f 2249 	2250 	2251
f 2251 	2252 	2253
f 2253 	2254 	2255
f 2255 	2256 	2257
f 2257 	2258 	2259
f 2259 	2260 	2261
f 2261 	2262 	2263
f 2263 	2264 	2265
f 2265 	2266 	2267
f 2267 	2268 	2269
f 2269 	2270 	2271
f 2271 	2272 	2273
f 2273 	2274 	2275
f 2275 	2276 	2277
f 2277 	2278 	2279
f 2279 	2280 	2281
f 2282 	2283 	2284
f 2285 	2215 	2217
f 2217 	2219 	2286
f 2287 	2226 	2228
f 2228 	2230 	2288
f 2231 	2233 	2235
f 2235 	2237 	2239
f 2239 	2241 	2243
f 2243 	2245 	2247
f 2247 	2249 	2251
f 2251 	2253 	2255
f 2255 	2257 	2259
f 2259 	2261 	2263
f 2263 	2265 	2267
f 2267 	2269 	2271
f 2271 	2273 	2275
f 2275 	2277 	2279
f 2289 	2285 	2217
f 2217 	2286 	2290
f 2291 	2287 	2228
f 2228 	2288 	2292
f 2231 	2235 	2239
f 2239 	2243 	2247
f 2247 	2251 	2255
f 2255 	2259 	2263
f 2263 	2267 	2271
f 2271 	2275 	2279
f 2293 	2289 	2217
f 2217 	2290 	2294
f 2295 	2291 	2228
f 2228 	2292 	2296
f 2297 	2231 	2239
f 2239 	2247 	2255
f 2255 	2263 	2271
f 2271 	2279 	2281
f 2298 	2293 	2217
f 2217 	2294 	2299
f 2300 	2295 	2228
f 2228 	2296 	2301
f 2271 	2281 	2302
f 2284 	2298 	2217
f 2217 	2299 	2303
f 2225 	2300 	2228
f 2228 	2301 	2304
f 2271 	2302 	2305
f 2282 	2284 	2217
f 2217 	2303 	2220
f 2223 	2225 	2228
f 2228 	2304 	2306
f 2307 	2282 	2217
f 2217 	2220 	2222
f 2308 	2223 	2228
f 2228 	2306 	2309
f 2310 	2307 	2217
f 2217 	2222 	2311
f 2312 	2308 	2228
f 2228 	2309 	2313
f 2314 	2310 	2217
f 2217 	2311 	2315
f 2316 	2312 	2228
f 2228 	2313 	2317
f 2318 	2314 	2217
f 2217 	2315 	2319
f 2320 	2316 	2228
f 2228 	2317 	2321
f 2318 	2217 	2319
f 2320 	2228 	2321
f 2322 	2318 	2319
f 2323 	2320 	2321
f 2324 	2322 	2319
f 2325 	2323 	2321
f 2326 	2324 	2319
f 2327 	2325 	2321
f 2328 	2326 	2319
f 2329 	2327 	2321
f 2330 	2328 	2319
f 2331 	2329 	2321
f 2332 	2330 	2319
f 2333 	2331 	2321
f 2334 	2332 	2319
f 2335 	2333 	2321
f 2336 	2334 	2319
f 2337 	2335 	2321
f 2338 	2336 	2319
f 2339 	2337 	2321
f 2340 	2338 	2319
f 2341 	2339 	2321
f 2305 	2340 	2319
f 2342 	2341 	2321
f 2305 	2319 	2343
f 2344 	2342 	2321
f 2305 	2343 	2345
f 2346 	2344 	2321
f 2305 	2345 	2347
f 2346 	2321 	2348
f 2305 	2347 	2349
f 2346 	2348 	2350
f 2305 	2349 	2351
f 2346 	2350 	2352
f 2305 	2351 	2353
f 2346 	2352 	2354
f 2305 	2353 	2355
f 2346 	2354 	2356
f 2305 	2355 	2357
f 2346 	2356 	2358
f 2305 	2357 	2359
f 2346 	2358 	2360
f 2305 	2359 	2361
f 2346 	2360 	2362
f 2305 	2361 	2363
f 2346 	2362 	2364
f 2305 	2363 	2365
f 2366 	2346 	2364
f 2271 	2305 	2365
f 2367 	2366 	2364
f 2271 	2365 	2368
f 2369 	2367 	2364
f 2271 	2368 	2370
f 2371 	2369 	2364
f 2271 	2370 	2372
f 2373 	2371 	2364
f 2271 	2372 	2374
f 2375 	2373 	2364
f 2271 	2374 	2376
f 2377 	2375 	2364
f 2271 	2376 	2378
f 2377 	2364 	2379
f 2271 	2378 	2380
f 2377 	2379 	2381
f 2271 	2380 	2382
f 2377 	2381 	2383
f 2271 	2382 	2384
f 2377 	2383 	2385
f 2271 	2384 	2386
f 2377 	2385 	2297
f 2271 	2386 	2387
f 2377 	2297 	2239
f 2271 	2387 	2388
f 2389 	2377 	2239
f 2271 	2388 	2390
f 2391 	2389 	2239
f 2271 	2390 	2392
f 2393 	2391 	2239
f 2271 	2392 	2394
f 2395 	2393 	2239
f 2271 	2394 	2396
f 2397 	2395 	2239
f 2271 	2396 	2398
f 2399 	2397 	2239
f 2255 	2271 	2398
f 2400 	2399 	2239
f 2255 	2398 	2401
f 2402 	2400 	2239
f 2255 	2401 	2403
f 2404 	2402 	2239
f 2255 	2403 	2405
f 2406 	2404 	2239
f 2255 	2405 	2407
f 2408 	2406 	2239
f 2255 	2407 	2409
f 2410 	2408 	2239
f 2255 	2409 	2411
f 2412 	2410 	2239
f 2255 	2411 	2413
f 2414 	2412 	2239
f 2255 	2413 	2415
f 2414 	2239 	2255
f 2255 	2415 	2416
f 2417 	2414 	2255
f 2255 	2416 	2418
f 2419 	2417 	2255
f 2255 	2418 	2420
f 2420 	2419 	2255
f 2009 	2013 	2217
f 2013 	2218 	2217
f 2013 	2012 	2218
f 2012 	2219 	2218
f 2012 	2080 	2219
f 2080 	2286 	2219
f 2080 	2084 	2286
f 2084 	2290 	2286
f 2084 	2088 	2290
f 2088 	2294 	2290
f 2088 	2093 	2294
f 2093 	2299 	2294
f 2093 	2097 	2299
f 2097 	2303 	2299
f 2097 	2016 	2303
f 2016 	2220 	2303
f 2016 	2015 	2220
f 2015 	2221 	2220
f 2015 	2014 	2221
f 2014 	2222 	2221
f 2014 	2105 	2222
f 2105 	2311 	2222
f 2105 	2109 	2311
f 2109 	2315 	2311
f 2109 	2113 	2315
f 2113 	2319 	2315
f 2113 	2137 	2319
f 2137 	2343 	2319
f 2137 	2139 	2343
f 2139 	2345 	2343
f 2139 	2141 	2345
f 2141 	2347 	2345
f 2141 	2143 	2347
f 2143 	2349 	2347
f 2143 	2145 	2349
f 2145 	2351 	2349
f 2145 	2147 	2351
f 2147 	2353 	2351
f 2147 	2149 	2353
f 2149 	2355 	2353
f 2149 	2151 	2355
f 2151 	2357 	2355
f 2151 	2153 	2357
f 2153 	2359 	2357
f 2153 	2155 	2359
f 2155 	2361 	2359
f 2155 	2157 	2361
f 2157 	2363 	2361
f 2157 	2159 	2363
f 2159 	2365 	2363
f 2159 	2162 	2365
f 2162 	2368 	2365
f 2162 	2164 	2368
f 2164 	2370 	2368
f 2164 	2166 	2370
f 2166 	2372 	2370
f 2166 	2168 	2372
f 2168 	2374 	2372
f 2168 	2170 	2374
f 2170 	2376 	2374
f 2170 	2172 	2376
f 2172 	2378 	2376
f 2172 	2174 	2378
f 2174 	2380 	2378
f 2174 	2176 	2380
f 2176 	2382 	2380
f 2176 	2178 	2382
f 2178 	2384 	2382
f 2178 	2180 	2384
f 2180 	2386 	2384
f 2180 	2181 	2386
f 2181 	2387 	2386
f 2181 	2182 	2387
f 2182 	2388 	2387
f 2182 	2184 	2388
f 2184 	2390 	2388
f 2184 	2186 	2390
f 2186 	2392 	2390
f 2186 	2188 	2392
f 2188 	2394 	2392
f 2188 	2190 	2394
f 2190 	2396 	2394
f 2190 	2192 	2396
f 2192 	2398 	2396
f 2192 	2195 	2398
f 2195 	2401 	2398
f 2195 	2197 	2401
f 2197 	2403 	2401
f 2197 	2199 	2403
f 2199 	2405 	2403
f 2199 	2201 	2405
f 2201 	2407 	2405
f 2201 	2203 	2407
f 2203 	2409 	2407
f 2203 	2205 	2409
f 2205 	2411 	2409
f 2205 	2207 	2411
f 2207 	2413 	2411
f 2207 	2209 	2413
f 2209 	2415 	2413
f 2209 	2210 	2415
f 2210 	2416 	2415
f 2210 	2212 	2416
f 2212 	2418 	2416
f 2212 	2214 	2418
f 2214 	2420 	2418
f 2214 	2213 	2420
f 2213 	2419 	2420
f 2213 	2211 	2419
f 2211 	2417 	2419
f 2211 	2208 	2417
f 2208 	2414 	2417
f 2208 	2206 	2414
f 2206 	2412 	2414
f 2206 	2204 	2412
f 2204 	2410 	2412
f 2204 	2202 	2410
f 2202 	2408 	2410
f 2202 	2200 	2408
f 2200 	2406 	2408
f 2200 	2198 	2406
f 2198 	2404 	2406
f 2198 	2196 	2404
f 2196 	2402 	2404
f 2196 	2194 	2402
f 2194 	2400 	2402
f 2194 	2193 	2400
f 2193 	2399 	2400
f 2193 	2191 	2399
f 2191 	2397 	2399
f 2191 	2189 	2397
f 2189 	2395 	2397
f 2189 	2187 	2395
f 2187 	2393 	2395
f 2187 	2185 	2393
f 2185 	2391 	2393
f 2185 	2183 	2391
f 2183 	2389 	2391
f 2183 	2171 	2389
f 2171 	2377 	2389
f 2171 	2169 	2377
f 2169 	2375 	2377
f 2169 	2167 	2375
f 2167 	2373 	2375
f 2167 	2165 	2373
f 2165 	2371 	2373
f 2165 	2163 	2371
f 2163 	2369 	2371
f 2163 	2161 	2369
f 2161 	2367 	2369
f 2161 	2160 	2367
f 2160 	2366 	2367
f 2160 	2140 	2366
f 2140 	2346 	2366
f 2140 	2138 	2346
f 2138 	2344 	2346
f 2138 	2136 	2344
f 2136 	2342 	2344
f 2136 	2135 	2342
f 2135 	2341 	2342
f 2135 	2133 	2341
f 2133 	2339 	2341
f 2133 	2131 	2339
f 2131 	2337 	2339
f 2131 	2129 	2337
f 2129 	2335 	2337
f 2129 	2127 	2335
f 2127 	2333 	2335
f 2127 	2125 	2333
f 2125 	2331 	2333
f 2125 	2123 	2331
f 2123 	2329 	2331
f 2123 	2121 	2329
f 2121 	2327 	2329
f 2121 	2119 	2327
f 2119 	2325 	2327
f 2119 	2117 	2325
f 2117 	2323 	2325
f 2117 	2114 	2323
f 2114 	2320 	2323
f 2114 	2110 	2320
f 2110 	2316 	2320
f 2110 	2106 	2316
f 2106 	2312 	2316
f 2106 	2102 	2312
f 2102 	2308 	2312
f 2102 	2019 	2308
f 2019 	2223 	2308
f 2019 	2018 	2223
f 2018 	2224 	2223
f 2018 	2017 	2224
f 2017 	2225 	2224
f 2017 	2094 	2225
f 2094 	2300 	2225
f 2094 	2089 	2300
f 2089 	2295 	2300
f 2089 	2085 	2295
f 2085 	2291 	2295
f 2085 	2081 	2291
f 2081 	2287 	2291
f 2081 	2022 	2287
f 2022 	2226 	2287
f 2022 	2021 	2226
f 2021 	2227 	2226
f 2021 	2020 	2227
f 2020 	2228 	2227
f 2020 	2024 	2228
f 2024 	2229 	2228
f 2024 	2023 	2229
f 2023 	2230 	2229
f 2023 	2082 	2230
f 2082 	2288 	2230
f 2082 	2086 	2288
f 2086 	2292 	2288
f 2086 	2090 	2292
f 2090 	2296 	2292
f 2090 	2095 	2296
f 2095 	2301 	2296
f 2095 	2098 	2301
f 2098 	2304 	2301
f 2098 	2100 	2304
f 2100 	2306 	2304
f 2100 	2103 	2306
f 2103 	2309 	2306
f 2103 	2107 	2309
f 2107 	2313 	2309
f 2107 	2111 	2313
f 2111 	2317 	2313
f 2111 	2115 	2317
f 2115 	2321 	2317
f 2115 	2142 	2321
f 2142 	2348 	2321
f 2142 	2144 	2348
f 2144 	2350 	2348
f 2144 	2146 	2350
f 2146 	2352 	2350
f 2146 	2148 	2352
f 2148 	2354 	2352
f 2148 	2150 	2354
f 2150 	2356 	2354
f 2150 	2152 	2356
f 2152 	2358 	2356
f 2152 	2154 	2358
f 2154 	2360 	2358
f 2154 	2156 	2360
f 2156 	2362 	2360
f 2156 	2158 	2362
f 2158 	2364 	2362
f 2158 	2173 	2364
f 2173 	2379 	2364
f 2173 	2175 	2379
f 2175 	2381 	2379
f 2175 	2177 	2381
f 2177 	2383 	2381
f 2177 	2179 	2383
f 2179 	2385 	2383
f 2179 	2091 	2385
f 2091 	2297 	2385
f 2091 	2027 	2297
f 2027 	2231 	2297
f 2027 	2026 	2231
f 2026 	2232 	2231
f 2026 	2025 	2232
f 2025 	2233 	2232
f 2025 	2029 	2233
f 2029 	2234 	2233
f 2029 	2028 	2234
f 2028 	2235 	2234
f 2028 	2031 	2235
f 2031 	2236 	2235
f 2031 	2030 	2236
f 2030 	2237 	2236
f 2030 	2033 	2237
f 2033 	2238 	2237
f 2033 	2032 	2238
f 2032 	2239 	2238
f 2032 	2035 	2239
f 2035 	2240 	2239
f 2035 	2034 	2240
f 2034 	2241 	2240
f 2034 	2037 	2241
f 2037 	2242 	2241
f 2037 	2036 	2242
f 2036 	2243 	2242
f 2036 	2039 	2243
f 2039 	2244 	2243
f 2039 	2038 	2244
f 2038 	2245 	2244
f 2038 	2041 	2245
f 2041 	2246 	2245
f 2041 	2040 	2246
f 2040 	2247 	2246
f 2040 	2043 	2247
f 2043 	2248 	2247
f 2043 	2042 	2248
f 2042 	2249 	2248
f 2042 	2045 	2249
f 2045 	2250 	2249
f 2045 	2044 	2250
f 2044 	2251 	2250
f 2044 	2047 	2251
f 2047 	2252 	2251
f 2047 	2046 	2252
f 2046 	2253 	2252
f 2046 	2049 	2253
f 2049 	2254 	2253
f 2049 	2048 	2254
f 2048 	2255 	2254
f 2048 	2051 	2255
f 2051 	2256 	2255
f 2051 	2050 	2256
f 2050 	2257 	2256
f 2050 	2053 	2257
f 2053 	2258 	2257
f 2053 	2052 	2258
f 2052 	2259 	2258
f 2052 	2055 	2259
f 2055 	2260 	2259
f 2055 	2054 	2260
f 2054 	2261 	2260
f 2054 	2057 	2261
f 2057 	2262 	2261
f 2057 	2056 	2262
f 2056 	2263 	2262
f 2056 	2059 	2263
f 2059 	2264 	2263
f 2059 	2058 	2264
f 2058 	2265 	2264
f 2058 	2061 	2265
f 2061 	2266 	2265
f 2061 	2060 	2266
f 2060 	2267 	2266
f 2060 	2063 	2267
f 2063 	2268 	2267
f 2063 	2062 	2268
f 2062 	2269 	2268
f 2062 	2065 	2269
f 2065 	2270 	2269
f 2065 	2064 	2270
f 2064 	2271 	2270
f 2064 	2067 	2271
f 2067 	2272 	2271
f 2067 	2066 	2272
f 2066 	2273 	2272
f 2066 	2069 	2273
f 2069 	2274 	2273
f 2069 	2068 	2274
f 2068 	2275 	2274
f 2068 	2071 	2275
f 2071 	2276 	2275
f 2071 	2070 	2276
f 2070 	2277 	2276
f 2070 	2073 	2277
f 2073 	2278 	2277
f 2073 	2072 	2278
f 2072 	2279 	2278
f 2072 	2075 	2279
f 2075 	2280 	2279
f 2075 	2074 	2280
f 2074 	2281 	2280
f 2074 	2096 	2281
f 2096 	2302 	2281
f 2096 	2099 	2302
f 2099 	2305 	2302
f 2099 	2134 	2305
f 2134 	2340 	2305
f 2134 	2132 	2340
f 2132 	2338 	2340
f 2132 	2130 	2338
f 2130 	2336 	2338
f 2130 	2128 	2336
f 2128 	2334 	2336
f 2128 	2126 	2334
f 2126 	2332 	2334
f 2126 	2124 	2332
f 2124 	2330 	2332
f 2124 	2122 	2330
f 2122 	2328 	2330
f 2122 	2120 	2328
f 2120 	2326 	2328
f 2120 	2118 	2326
f 2118 	2324 	2326
f 2118 	2116 	2324
f 2116 	2322 	2324
f 2116 	2112 	2322
f 2112 	2318 	2322
f 2112 	2108 	2318
f 2108 	2314 	2318
f 2108 	2104 	2314
f 2104 	2310 	2314
f 2104 	2101 	2310
f 2101 	2307 	2310
f 2101 	2078 	2307
f 2078 	2282 	2307
f 2078 	2077 	2282
f 2077 	2283 	2282
f 2077 	2076 	2283
f 2076 	2284 	2283
f 2076 	2092 	2284
f 2092 	2298 	2284
f 2092 	2087 	2298
f 2087 	2293 	2298
f 2087 	2083 	2293
f 2083 	2289 	2293
f 2083 	2079 	2289
f 2079 	2285 	2289
f 2079 	2011 	2285
f 2011 	2215 	2285
f 2011 	2010 	2215
f 2010 	2216 	2215
f 2010 	2009 	2216
f 2009 	2217 	2216
f 2421 	2422 	2423
f 2424 	2425 	2421
f 2426 	2427 	2428
f 2429 	2430 	2431
f 2432 	2433 	2429
f 2434 	2435 	2436
f 2421 	2423 	2437
f 2438 	2424 	2421
f 2429 	2431 	2439
f 2440 	2432 	2429
f 2421 	2437 	2441
f 2442 	2438 	2421
f 2429 	2439 	2443
f 2444 	2440 	2429
f 2421 	2441 	2445
f 2446 	2442 	2421
f 2429 	2443 	2447
f 2448 	2444 	2429
f 2421 	2445 	2449
f 2450 	2446 	2421
f 2429 	2447 	2451
f 2452 	2448 	2429
f 2421 	2449 	2453
f 2454 	2450 	2421
f 2429 	2451 	2426
f 2455 	2452 	2429
f 2421 	2453 	2456
f 2457 	2454 	2421
f 2429 	2426 	2428
f 2436 	2455 	2429
f 2421 	2456 	2458
f 2459 	2457 	2421
f 2429 	2428 	2460
f 2434 	2436 	2429
f 2421 	2458 	2461
f 2462 	2459 	2421
f 2429 	2460 	2463
f 2464 	2434 	2429
f 2421 	2461 	2465
f 2466 	2462 	2421
f 2429 	2463 	2467
f 2468 	2464 	2429
f 2421 	2465 	2469
f 2470 	2466 	2421
f 2429 	2467 	2471
f 2472 	2468 	2429
f 2421 	2469 	2473
f 2474 	2470 	2421
f 2472 	2429 	2471
f 2421 	2473 	2475
f 2472 	2471 	2476
f 2421 	2475 	2477
f 2472 	2476 	2478
f 2421 	2477 	2479
f 2472 	2478 	2480
f 2421 	2479 	2481
f 2472 	2480 	2482
f 2421 	2481 	2483
f 2472 	2482 	2484
f 2421 	2483 	2485
f 2472 	2484 	2486
f 2421 	2485 	2487
f 2472 	2486 	2488
f 2421 	2487 	2489
f 2472 	2488 	2490
f 2421 	2489 	2491
f 2472 	2490 	2492
f 2421 	2491 	2493
f 2472 	2492 	2494
f 2421 	2493 	2495
f 2472 	2494 	2496
f 2421 	2495 	2497
f 2472 	2496 	2498
f 2421 	2497 	2499
f 2472 	2498 	2500
f 2421 	2499 	2501
f 2502 	2472 	2500
f 2474 	2421 	2501
f 2503 	2502 	2500
f 2504 	2474 	2501
f 2505 	2503 	2500
f 2506 	2504 	2501
f 2507 	2505 	2500
f 2508 	2506 	2501
f 2509 	2507 	2500
f 2510 	2508 	2501
f 2511 	2509 	2500
f 2512 	2510 	2501
f 2513 	2511 	2500
f 2514 	2512 	2501
f 2515 	2513 	2500
f 2516 	2514 	2501
f 2515 	2500 	2517
f 2516 	2501 	2518
f 2515 	2517 	2519
f 2516 	2518 	2520
f 2515 	2519 	2521
f 2516 	2520 	2522
f 2515 	2521 	2523
f 2516 	2522 	2524
f 2515 	2523 	2525
f 2516 	2524 	2526
f 2515 	2525 	2527
f 2516 	2526 	2528
f 2515 	2527 	2516
f 2516 	2528 	2515
f 2529 	2530 	2531
f 2531 	2532 	2533
f 2534 	2535 	2536
f 2537 	2538 	2539
f 2539 	2540 	2541
f 2542 	2543 	2544
f 2545 	2529 	2531
f 2531 	2533 	2546
f 2547 	2537 	2539
f 2539 	2541 	2548
f 2549 	2545 	2531
f 2531 	2546 	2550
f 2551 	2547 	2539
f 2539 	2548 	2552
f 2553 	2549 	2531
f 2531 	2550 	2554
f 2555 	2551 	2539
f 2539 	2552 	2556
f 2557 	2553 	2531
f 2531 	2554 	2558
f 2559 	2555 	2539
f 2539 	2556 	2560
f 2561 	2557 	2531
f 2531 	2558 	2562
f 2536 	2559 	2539
f 2539 	2560 	2563
f 2564 	2561 	2531
f 2531 	2562 	2565
f 2534 	2536 	2539
f 2539 	2563 	2542
f 2566 	2564 	2531
f 2531 	2565 	2567
f 2568 	2534 	2539
f 2539 	2542 	2544
f 2569 	2566 	2531
f 2531 	2567 	2570
f 2571 	2568 	2539
f 2539 	2544 	2572
f 2573 	2569 	2531
f 2531 	2570 	2574
f 2575 	2571 	2539
f 2539 	2572 	2576
f 2577 	2573 	2531
f 2531 	2574 	2578
f 2579 	2575 	2539
f 2539 	2576 	2580
f 2581 	2577 	2531
f 2531 	2578 	2582
f 2579 	2539 	2580
f 2583 	2581 	2531
f 2584 	2579 	2580
f 2585 	2583 	2531
f 2586 	2584 	2580
f 2587 	2585 	2531
f 2588 	2586 	2580
f 2589 	2587 	2531
f 2590 	2588 	2580
f 2591 	2589 	2531
f 2592 	2590 	2580
f 2593 	2591 	2531
f 2594 	2592 	2580
f 2595 	2593 	2531
f 2596 	2594 	2580
f 2597 	2595 	2531
f 2598 	2596 	2580
f 2599 	2597 	2531
f 2600 	2598 	2580
f 2601 	2599 	2531
f 2602 	2600 	2580
f 2603 	2601 	2531
f 2604 	2602 	2580
f 2605 	2603 	2531
f 2606 	2604 	2580
f 2607 	2605 	2531
f 2608 	2606 	2580
f 2609 	2607 	2531
f 2608 	2580 	2610
f 2609 	2531 	2582
f 2608 	2610 	2611
f 2609 	2582 	2612
f 2608 	2611 	2613
f 2609 	2612 	2614
f 2608 	2613 	2615
f 2609 	2614 	2616
f 2608 	2615 	2617
f 2609 	2616 	2618
f 2608 	2617 	2619
f 2609 	2618 	2620
f 2608 	2619 	2621
f 2609 	2620 	2622
f 2608 	2621 	2623
f 2609 	2622 	2624
f 2625 	2608 	2623
f 2626 	2609 	2624
f 2627 	2625 	2623
f 2628 	2626 	2624
f 2629 	2627 	2623
f 2630 	2628 	2624
f 2631 	2629 	2623
f 2632 	2630 	2624
f 2633 	2631 	2623
f 2634 	2632 	2624
f 2635 	2633 	2623
f 2636 	2634 	2624
f 2624 	2635 	2623
f 2623 	2636 	2624
f 2421 	2425 	2531
f 2425 	2532 	2531
f 2425 	2424 	2532
f 2424 	2533 	2532
f 2424 	2438 	2533
f 2438 	2546 	2533
f 2438 	2442 	2546
f 2442 	2550 	2546
f 2442 	2446 	2550
f 2446 	2554 	2550
f 2446 	2450 	2554
f 2450 	2558 	2554
f 2450 	2454 	2558
f 2454 	2562 	2558
f 2454 	2457 	2562
f 2457 	2565 	2562
f 2457 	2459 	2565
f 2459 	2567 	2565
f 2459 	2462 	2567
f 2462 	2570 	2567
f 2462 	2466 	2570
f 2466 	2574 	2570
f 2466 	2470 	2574
f 2470 	2578 	2574
f 2470 	2474 	2578
f 2474 	2582 	2578
f 2474 	2504 	2582
f 2504 	2612 	2582
f 2504 	2506 	2612
f 2506 	2614 	2612
f 2506 	2508 	2614
f 2508 	2616 	2614
f 2508 	2510 	2616
f 2510 	2618 	2616
f 2510 	2512 	2618
f 2512 	2620 	2618
f 2512 	2514 	2620
f 2514 	2622 	2620
f 2514 	2516 	2622
f 2516 	2624 	2622
f 2516 	2527 	2624
f 2527 	2635 	2624
f 2527 	2525 	2635
f 2525 	2633 	2635
f 2525 	2523 	2633
f 2523 	2631 	2633
f 2523 	2521 	2631
f 2521 	2629 	2631
f 2521 	2519 	2629
f 2519 	2627 	2629
f 2519 	2517 	2627
f 2517 	2625 	2627
f 2517 	2500 	2625
f 2500 	2608 	2625
f 2500 	2498 	2608
f 2498 	2606 	2608
f 2498 	2496 	2606
f 2496 	2604 	2606
f 2496 	2494 	2604
f 2494 	2602 	2604
f 2494 	2492 	2602
f 2492 	2600 	2602
f 2492 	2490 	2600
f 2490 	2598 	2600
f 2490 	2488 	2598
f 2488 	2596 	2598
f 2488 	2486 	2596
f 2486 	2594 	2596
f 2486 	2484 	2594
f 2484 	2592 	2594
f 2484 	2482 	2592
f 2482 	2590 	2592
f 2482 	2480 	2590
f 2480 	2588 	2590
f 2480 	2478 	2588
f 2478 	2586 	2588
f 2478 	2476 	2586
f 2476 	2584 	2586
f 2476 	2471 	2584
f 2471 	2579 	2584
f 2471 	2467 	2579
f 2467 	2575 	2579
f 2467 	2463 	2575
f 2463 	2571 	2575
f 2463 	2460 	2571
f 2460 	2568 	2571
f 2460 	2428 	2568
f 2428 	2534 	2568
f 2428 	2427 	2534
f 2427 	2535 	2534
f 2427 	2426 	2535
f 2426 	2536 	2535
f 2426 	2451 	2536
f 2451 	2559 	2536
f 2451 	2447 	2559
f 2447 	2555 	2559
f 2447 	2443 	2555
f 2443 	2551 	2555
f 2443 	2439 	2551
f 2439 	2547 	2551
f 2439 	2431 	2547
f 2431 	2537 	2547
f 2431 	2430 	2537
f 2430 	2538 	2537
f 2430 	2429 	2538
f 2429 	2539 	2538
f 2429 	2433 	2539
f 2433 	2540 	2539
f 2433 	2432 	2540
f 2432 	2541 	2540
f 2432 	2440 	2541
f 2440 	2548 	2541
f 2440 	2444 	2548
f 2444 	2552 	2548
f 2444 	2448 	2552
f 2448 	2556 	2552
f 2448 	2452 	2556
f 2452 	2560 	2556
f 2452 	2455 	2560
f 2455 	2563 	2560
f 2455 	2436 	2563
f 2436 	2542 	2563
f 2436 	2435 	2542
f 2435 	2543 	2542
f 2435 	2434 	2543
f 2434 	2544 	2543
f 2434 	2464 	2544
f 2464 	2572 	2544
f 2464 	2468 	2572
f 2468 	2576 	2572
f 2468 	2472 	2576
f 2472 	2580 	2576
f 2472 	2502 	2580
f 2502 	2610 	2580
f 2502 	2503 	2610
f 2503 	2611 	2610
f 2503 	2505 	2611
f 2505 	2613 	2611
f 2505 	2507 	2613
f 2507 	2615 	2613
f 2507 	2509 	2615
f 2509 	2617 	2615
f 2509 	2511 	2617
f 2511 	2619 	2617
f 2511 	2513 	2619
f 2513 	2621 	2619
f 2513 	2515 	2621
f 2515 	2623 	2621
f 2515 	2528 	2623
f 2528 	2636 	2623
f 2528 	2526 	2636
f 2526 	2634 	2636
f 2526 	2524 	2634
f 2524 	2632 	2634
f 2524 	2522 	2632
f 2522 	2630 	2632
f 2522 	2520 	2630
f 2520 	2628 	2630
f 2520 	2518 	2628
f 2518 	2626 	2628
f 2518 	2501 	2626
f 2501 	2609 	2626
f 2501 	2499 	2609
f 2499 	2607 	2609
f 2499 	2497 	2607
f 2497 	2605 	2607
f 2497 	2495 	2605
f 2495 	2603 	2605
f 2495 	2493 	2603
f 2493 	2601 	2603
f 2493 	2491 	2601
f 2491 	2599 	2601
f 2491 	2489 	2599
f 2489 	2597 	2599
f 2489 	2487 	2597
f 2487 	2595 	2597
f 2487 	2485 	2595
f 2485 	2593 	2595
f 2485 	2483 	2593
f 2483 	2591 	2593
f 2483 	2481 	2591
f 2481 	2589 	2591
f 2481 	2479 	2589
f 2479 	2587 	2589
f 2479 	2477 	2587
f 2477 	2585 	2587
f 2477 	2475 	2585
f 2475 	2583 	2585
f 2475 	2473 	2583
f 2473 	2581 	2583
f 2473 	2469 	2581
f 2469 	2577 	2581
f 2469 	2465 	2577
f 2465 	2573 	2577
f 2465 	2461 	2573
f 2461 	2569 	2573
f 2461 	2458 	2569
f 2458 	2566 	2569
f 2458 	2456 	2566
f 2456 	2564 	2566
f 2456 	2453 	2564
f 2453 	2561 	2564
f 2453 	2449 	2561
f 2449 	2557 	2561
f 2449 	2445 	2557
f 2445 	2553 	2557
f 2445 	2441 	2553
f 2441 	2549 	2553
f 2441 	2437 	2549
f 2437 	2545 	2549
f 2437 	2423 	2545
f 2423 	2529 	2545
f 2423 	2422 	2529
f 2422 	2530 	2529
f 2422 	2421 	2530
f 2421 	2531 	2530
f 2637 	2638 	2639
f 2640 	2641 	2637
f 2642 	2643 	2640
f 2644 	2645 	2642
f 2646 	2647 	2644
f 2648 	2649 	2646
f 2650 	2651 	2648
f 2652 	2653 	2650
f 2654 	2655 	2652
f 2656 	2657 	2654
f 2658 	2659 	2656
f 2660 	2661 	2658
f 2662 	2663 	2660
f 2664 	2665 	2662
f 2666 	2667 	2664
f 2668 	2669 	2666
f 2670 	2671 	2668
f 2672 	2673 	2670
f 2674 	2675 	2672
f 2676 	2677 	2674
f 2678 	2679 	2676
f 2680 	2681 	2678
f 2682 	2683 	2680
f 2684 	2685 	2682
f 2686 	2687 	2684
f 2688 	2689 	2686
f 2690 	2691 	2688
f 2692 	2693 	2690
f 2694 	2695 	2692
f 2696 	2697 	2694
f 2698 	2699 	2696
f 2700 	2701 	2698
f 2702 	2703 	2700
f 2704 	2705 	2702
f 2706 	2707 	2704
f 2708 	2709 	2706
f 2710 	2711 	2708
f 2712 	2713 	2710
f 2714 	2715 	2712
f 2716 	2717 	2714
f 2718 	2719 	2716
f 2720 	2721 	2718
f 2722 	2723 	2720
f 2724 	2725 	2722
f 2726 	2727 	2724
f 2728 	2729 	2726
f 2730 	2731 	2728
f 2732 	2733 	2730
f 2734 	2735 	2732
f 2736 	2737 	2734
f 2738 	2739 	2736
f 2740 	2741 	2738
f 2742 	2743 	2740
f 2744 	2745 	2742
f 2746 	2747 	2744
f 2748 	2749 	2746
f 2750 	2751 	2748
f 2752 	2753 	2750
f 2754 	2755 	2752
f 2756 	2757 	2754
f 2758 	2759 	2756
f 2760 	2761 	2758
f 2762 	2763 	2760
f 2764 	2765 	2766
f 2767 	2768 	2764
f 2769 	2770 	2767
f 2637 	2639 	2771
f 2642 	2640 	2637
f 2646 	2644 	2642
f 2650 	2648 	2646
f 2654 	2652 	2650
f 2658 	2656 	2654
f 2662 	2660 	2658
f 2666 	2664 	2662
f 2670 	2668 	2666
f 2674 	2672 	2670
f 2678 	2676 	2674
f 2682 	2680 	2678
f 2686 	2684 	2682
f 2690 	2688 	2686
f 2694 	2692 	2690
f 2698 	2696 	2694
f 2702 	2700 	2698
f 2706 	2704 	2702
f 2710 	2708 	2706
f 2714 	2712 	2710
f 2718 	2716 	2714
f 2722 	2720 	2718
f 2726 	2724 	2722
f 2730 	2728 	2726
f 2734 	2732 	2730
f 2738 	2736 	2734
f 2742 	2740 	2738
f 2746 	2744 	2742
f 2750 	2748 	2746
f 2754 	2752 	2750
f 2758 	2756 	2754
f 2762 	2760 	2758
f 2764 	2766 	2762
f 2769 	2767 	2764
f 2637 	2771 	2772
f 2646 	2642 	2637
f 2654 	2650 	2646
f 2662 	2658 	2654
f 2670 	2666 	2662
f 2678 	2674 	2670
f 2686 	2682 	2678
f 2694 	2690 	2686
f 2702 	2698 	2694
f 2710 	2706 	2702
f 2718 	2714 	2710
f 2726 	2722 	2718
f 2734 	2730 	2726
f 2742 	2738 	2734
f 2750 	2746 	2742
f 2758 	2754 	2750
f 2764 	2762 	2758
f 2773 	2769 	2764
f 2637 	2772 	2774
f 2654 	2646 	2637
f 2670 	2662 	2654
f 2686 	2678 	2670
f 2702 	2694 	2686
f 2718 	2710 	2702
f 2734 	2726 	2718
f 2750 	2742 	2734
f 2764 	2758 	2750
f 2775 	2773 	2764
f 2637 	2774 	2776
f 2670 	2654 	2637
f 2764 	2750 	2734
f 2777 	2775 	2764
f 2637 	2776 	2778
f 2779 	2777 	2764
f 2637 	2778 	2780
f 2781 	2779 	2764
f 2637 	2780 	2782
f 2783 	2781 	2764
f 2670 	2637 	2782
f 2784 	2783 	2764
f 2670 	2782 	2785
f 2784 	2764 	2734
f 2670 	2785 	2786
f 2787 	2784 	2734
f 2670 	2786 	2788
f 2789 	2787 	2734
f 2670 	2788 	2790
f 2791 	2789 	2734
f 2670 	2790 	2792
f 2793 	2791 	2734
f 2670 	2792 	2794
f 2795 	2793 	2734
f 2670 	2794 	2796
f 2797 	2795 	2734
f 2670 	2796 	2798
f 2799 	2797 	2734
f 2670 	2798 	2800
f 2801 	2799 	2734
f 2670 	2800 	2802
f 2803 	2801 	2734
f 2670 	2802 	2804
f 2805 	2803 	2734
f 2670 	2804 	2806
f 2807 	2805 	2734
f 2670 	2806 	2808
f 2809 	2807 	2734
f 2670 	2808 	2810
f 2811 	2809 	2734
f 2670 	2810 	2812
f 2813 	2811 	2734
f 2670 	2812 	2814
f 2815 	2813 	2734
f 2670 	2814 	2816
f 2817 	2815 	2734
f 2686 	2670 	2816
f 2818 	2817 	2734
f 2686 	2816 	2819
f 2820 	2818 	2734
f 2686 	2819 	2821
f 2822 	2820 	2734
f 2686 	2821 	2823
f 2824 	2822 	2734
f 2686 	2823 	2825
f 2826 	2824 	2734
f 2686 	2825 	2827
f 2826 	2734 	2718
f 2686 	2827 	2828
f 2829 	2826 	2718
f 2686 	2828 	2830
f 2831 	2829 	2718
f 2686 	2830 	2832
f 2833 	2831 	2718
f 2702 	2686 	2832
f 2834 	2833 	2718
f 2702 	2832 	2835
f 2836 	2834 	2718
f 2702 	2835 	2837
f 2838 	2836 	2718
f 2702 	2837 	2839
f 2840 	2838 	2718
f 2702 	2839 	2841
f 2842 	2840 	2718
f 2702 	2841 	2843
f 2844 	2842 	2718
f 2702 	2843 	2845
f 2846 	2844 	2718
f 2702 	2845 	2847
f 2846 	2718 	2702
f 2702 	2847 	2848
f 2849 	2846 	2702
f 2702 	2848 	2850
f 2851 	2849 	2702
f 2702 	2850 	2852
f 2853 	2851 	2702
f 2702 	2852 	2854
f 2855 	2853 	2702
f 2702 	2854 	2856
f 2857 	2855 	2702
f 2702 	2856 	2858
f 2859 	2857 	2702
f 2702 	2858 	2860
f 2861 	2859 	2702
f 2702 	2860 	2862
f 2863 	2861 	2702
f 2702 	2862 	2864
f 2864 	2863 	2702
f 2865 	2866 	2867
f 2867 	2868 	2869
f 2869 	2870 	2871
f 2871 	2872 	2873
f 2873 	2874 	2875
f 2875 	2876 	2877
f 2877 	2878 	2879
f 2879 	2880 	2881
f 2881 	2882 	2883
f 2883 	2884 	2885
f 2885 	2886 	2887
f 2887 	2888 	2889
f 2889 	2890 	2891
f 2891 	2892 	2893
f 2893 	2894 	2895
f 2895 	2896 	2897
f 2897 	2898 	2899
f 2899 	2900 	2901
f 2901 	2902 	2903
f 2903 	2904 	2905
f 2905 	2906 	2907
f 2907 	2908 	2909
f 2909 	2910 	2911
f 2911 	2912 	2913
f 2913 	2914 	2915
f 2915 	2916 	2917
f 2917 	2918 	2919
f 2919 	2920 	2921
f 2921 	2922 	2923
f 2923 	2924 	2925
f 2925 	2926 	2927
f 2927 	2928 	2929
f 2929 	2930 	2931
f 2931 	2932 	2933
f 2933 	2934 	2935
f 2935 	2936 	2937
f 2937 	2938 	2939
f 2939 	2940 	2941
f 2941 	2942 	2943
f 2943 	2944 	2945
f 2945 	2946 	2947
f 2947 	2948 	2949
f 2949 	2950 	2951
f 2951 	2952 	2953
f 2953 	2954 	2955
f 2955 	2956 	2957
f 2957 	2958 	2959
f 2959 	2960 	2961
f 2961 	2962 	2963
f 2963 	2964 	2965
f 2965 	2966 	2967
f 2967 	2968 	2969
f 2969 	2970 	2971
f 2971 	2972 	2973
f 2973 	2974 	2975
f 2975 	2976 	2977
f 2977 	2978 	2979
f 2979 	2980 	2981
f 2981 	2982 	2983
f 2983 	2984 	2985
f 2985 	2986 	2987
f 2987 	2988 	2989
f 2989 	2990 	2991
f 2992 	2993 	2994
f 2994 	2995 	2996
f 2996 	2997 	2998
f 2999 	2865 	2867
f 2867 	2869 	2871
f 2871 	2873 	2875
f 2875 	2877 	2879
f 2879 	2881 	2883
f 2883 	2885 	2887
f 2887 	2889 	2891
f 2891 	2893 	2895
f 2895 	2897 	2899
f 2899 	2901 	2903
f 2903 	2905 	2907
f 2907 	2909 	2911
f 2911 	2913 	2915
f 2915 	2917 	2919
f 2919 	2921 	2923
f 2923 	2925 	2927
f 2927 	2929 	2931
f 2931 	2933 	2935
f 2935 	2937 	2939
f 2939 	2941 	2943
f 2943 	2945 	2947
f 2947 	2949 	2951
f 2951 	2953 	2955
f 2955 	2957 	2959
f 2959 	2961 	2963
f 2963 	2965 	2967
f 2967 	2969 	2971
f 2971 	2973 	2975
f 2975 	2977 	2979
f 2979 	2981 	2983
f 2983 	2985 	2987
f 2987 	2989 	2991
f 2991 	2992 	2994
f 2994 	2996 	2998
f 3000 	2999 	2867
f 2867 	2871 	2875
f 2875 	2879 	2883
f 2883 	2887 	2891
f 2891 	2895 	2899
f 2899 	2903 	2907
f 2907 	2911 	2915
f 2915 	2919 	2923
f 2923 	2927 	2931
f 2931 	2935 	2939
f 2939 	2943 	2947
f 2947 	2951 	2955
f 2955 	2959 	2963
f 2963 	2967 	2971
f 2971 	2975 	2979
f 2979 	2983 	2987
f 2987 	2991 	2994
f 2994 	2998 	3001
f 3002 	3000 	2867
f 2867 	2875 	2883
f 2883 	2891 	2899
f 2899 	2907 	2915
f 2915 	2923 	2931
f 2931 	2939 	2947
f 2947 	2955 	2963
f 2963 	2971 	2979
f 2979 	2987 	2994
f 2994 	3001 	3003
f 3004 	3002 	2867
f 2867 	2883 	2899
f 2963 	2979 	2994
f 2994 	3003 	3005
f 3006 	3004 	2867
f 2994 	3005 	3007
f 3008 	3006 	2867
f 2994 	3007 	3009
f 3010 	3008 	2867
f 2994 	3009 	3011
f 3010 	2867 	2899
f 2994 	3011 	3012
f 3013 	3010 	2899
f 2963 	2994 	3012
f 3014 	3013 	2899
f 2963 	3012 	3015
f 3016 	3014 	2899
f 2963 	3015 	3017
f 3018 	3016 	2899
f 2963 	3017 	3019
f 3020 	3018 	2899
f 2963 	3019 	3021
f 3022 	3020 	2899
f 2963 	3021 	3023
f 3024 	3022 	2899
f 2963 	3023 	3025
f 3026 	3024 	2899
f 2963 	3025 	3027
f 3028 	3026 	2899
f 2963 	3027 	3029
f 3030 	3028 	2899
f 2963 	3029 	3031
f 3032 	3030 	2899
f 2963 	3031 	3033
f 3034 	3032 	2899
f 2963 	3033 	3035
f 3036 	3034 	2899
f 2963 	3035 	3037
f 3038 	3036 	2899
f 2963 	3037 	3039
f 3040 	3038 	2899
f 2963 	3039 	3041
f 3042 	3040 	2899
f 2963 	3041 	3043
f 3044 	3042 	2899
f 2963 	3043 	3045
f 3044 	2899 	2915
f 2963 	3045 	3046
f 3047 	3044 	2915
f 2963 	3046 	3048
f 3049 	3047 	2915
f 2963 	3048 	3050
f 3051 	3049 	2915
f 2963 	3050 	3052
f 3053 	3051 	2915
f 2963 	3052 	3054
f 3055 	3053 	2915
f 2947 	2963 	3054
f 3056 	3055 	2915
f 2947 	3054 	3057
f 3058 	3056 	2915
f 2947 	3057 	3059
f 3060 	3058 	2915
f 2947 	3059 	3061
f 3060 	2915 	2931
f 2947 	3061 	3062
f 3063 	3060 	2931
f 2947 	3062 	3064
f 3065 	3063 	2931
f 2947 	3064 	3066
f 3067 	3065 	2931
f 2947 	3066 	3068
f 3069 	3067 	2931
f 2947 	3068 	3070
f 3071 	3069 	2931
f 2947 	3070 	3072
f 3073 	3071 	2931
f 2947 	3072 	3074
f 3075 	3073 	2931
f 2931 	2947 	3074
f 3076 	3075 	2931
f 2931 	3074 	3077
f 3078 	3076 	2931
f 2931 	3077 	3079
f 3080 	3078 	2931
f 2931 	3079 	3081
f 3082 	3080 	2931
f 2931 	3081 	3083
f 3084 	3082 	2931
f 2931 	3083 	3085
f 3086 	3084 	2931
f 2931 	3085 	3087
f 3088 	3086 	2931
f 2931 	3087 	3089
f 3090 	3088 	2931
f 2931 	3089 	3091
f 3092 	3090 	2931
f 2931 	3091 	3092
f 2820 	2822 	3048
f 2822 	3050 	3048
f 2822 	2824 	3050
f 2824 	3052 	3050
f 2824 	2826 	3052
f 2826 	3054 	3052
f 2826 	2829 	3054
f 2829 	3057 	3054
f 2829 	2831 	3057
f 2831 	3059 	3057
f 2831 	2833 	3059
f 2833 	3061 	3059
f 2833 	2834 	3061
f 2834 	3062 	3061
f 2834 	2836 	3062
f 2836 	3064 	3062
f 2836 	2838 	3064
f 2838 	3066 	3064
f 2838 	2840 	3066
f 2840 	3068 	3066
f 2840 	2842 	3068
f 2842 	3070 	3068
f 2842 	2844 	3070
f 2844 	3072 	3070
f 2844 	2846 	3072
f 2846 	3074 	3072
f 2846 	2849 	3074
f 2849 	3077 	3074
f 2849 	2851 	3077
f 2851 	3079 	3077
f 2851 	2853 	3079
f 2853 	3081 	3079
f 2853 	2855 	3081
f 2855 	3083 	3081
f 2855 	2857 	3083
f 2857 	3085 	3083
f 2857 	2859 	3085
f 2859 	3087 	3085
f 2859 	2861 	3087
f 2861 	3089 	3087
f 2861 	2863 	3089
f 2863 	3091 	3089
f 2863 	2864 	3091
f 2864 	3092 	3091
f 2864 	2862 	3092
f 2862 	3090 	3092
f 2862 	2860 	3090
f 2860 	3088 	3090
f 2860 	2858 	3088
f 2858 	3086 	3088
f 2858 	2856 	3086
f 2856 	3084 	3086
f 2856 	2854 	3084
f 2854 	3082 	3084
f 2854 	2852 	3082
f 2852 	3080 	3082
f 2852 	2850 	3080
f 2850 	3078 	3080
f 2850 	2848 	3078
f 2848 	3076 	3078
f 2848 	2847 	3076
f 2847 	3075 	3076
f 2847 	2845 	3075
f 2845 	3073 	3075
f 2845 	2843 	3073
f 2843 	3071 	3073
f 2843 	2841 	3071
f 2841 	3069 	3071
f 2841 	2839 	3069
f 2839 	3067 	3069
f 2839 	2837 	3067
f 2837 	3065 	3067
f 2837 	2835 	3065
f 2835 	3063 	3065
f 2835 	2832 	3063
f 2832 	3060 	3063
f 2832 	2830 	3060
f 2830 	3058 	3060
f 2830 	2828 	3058
f 2828 	3056 	3058
f 2828 	2827 	3056
f 2827 	3055 	3056
f 2827 	2825 	3055
f 2825 	3053 	3055
f 2825 	2823 	3053
f 2823 	3051 	3053
f 2823 	2821 	3051
f 2821 	3049 	3051
f 2821 	2819 	3049
f 2819 	3047 	3049
f 2819 	2816 	3047
f 2816 	3044 	3047
f 2816 	2814 	3044
f 2814 	3042 	3044
f 2814 	2812 	3042
f 2812 	3040 	3042
f 2812 	2810 	3040
f 2810 	3038 	3040
f 2810 	2808 	3038
f 2808 	3036 	3038
f 2808 	2806 	3036
f 2806 	3034 	3036
f 2806 	2804 	3034
f 2804 	3032 	3034
f 2804 	2802 	3032
f 2802 	3030 	3032
f 2802 	2800 	3030
f 2800 	3028 	3030
f 2800 	2798 	3028
f 2798 	3026 	3028
f 2798 	2796 	3026
f 2796 	3024 	3026
f 2796 	2794 	3024
f 2794 	3022 	3024
f 2794 	2792 	3022
f 2792 	3020 	3022
f 2792 	2790 	3020
f 2790 	3018 	3020
f 2790 	2788 	3018
f 2788 	3016 	3018
f 2788 	2786 	3016
f 2786 	3014 	3016
f 2786 	2785 	3014
f 2785 	3013 	3014
f 2785 	2782 	3013
f 2782 	3010 	3013
f 2782 	2780 	3010
f 2780 	3008 	3010
f 2780 	2778 	3008
f 2778 	3006 	3008
f 2778 	2776 	3006
f 2776 	3004 	3006
f 2776 	2774 	3004
f 2774 	3002 	3004
f 2774 	2772 	3002
f 2772 	3000 	3002
f 2772 	2771 	3000
f 2771 	2999 	3000
f 2771 	2639 	2999
f 2639 	2865 	2999
f 2639 	2638 	2865
f 2638 	2866 	2865
f 2638 	2637 	2866
f 2637 	2867 	2866
f 2637 	2641 	2867
f 2641 	2868 	2867
f 2641 	2640 	2868
f 2640 	2869 	2868
f 2640 	2643 	2869
f 2643 	2870 	2869
f 2643 	2642 	2870
f 2642 	2871 	2870
f 2642 	2645 	2871
f 2645 	2872 	2871
f 2645 	2644 	2872
f 2644 	2873 	2872
f 2644 	2647 	2873
f 2647 	2874 	2873
f 2647 	2646 	2874
f 2646 	2875 	2874
f 2646 	2649 	2875
f 2649 	2876 	2875
f 2649 	2648 	2876
f 2648 	2877 	2876
f 2648 	2651 	2877
f 2651 	2878 	2877
f 2651 	2650 	2878
f 2650 	2879 	2878
f 2650 	2653 	2879
f 2653 	2880 	2879
f 2653 	2652 	2880
f 2652 	2881 	2880
f 2652 	2655 	2881
f 2655 	2882 	2881
f 2655 	2654 	2882
f 2654 	2883 	2882
f 2654 	2657 	2883
f 2657 	2884 	2883
f 2657 	2656 	2884
f 2656 	2885 	2884
f 2656 	2659 	2885
f 2659 	2886 	2885
f 2659 	2658 	2886
f 2658 	2887 	2886
f 2658 	2661 	2887
f 2661 	2888 	2887
f 2661 	2660 	2888
f 2660 	2889 	2888
f 2660 	2663 	2889
f 2663 	2890 	2889
f 2663 	2662 	2890
f 2662 	2891 	2890
f 2662 	2665 	2891
f 2665 	2892 	2891
f 2665 	2664 	2892
f 2664 	2893 	2892
f 2664 	2667 	2893
f 2667 	2894 	2893
f 2667 	2666 	2894
f 2666 	2895 	2894
f 2666 	2669 	2895
f 2669 	2896 	2895
f 2669 	2668 	2896
f 2668 	2897 	2896
f 2668 	2671 	2897
f 2671 	2898 	2897
f 2671 	2670 	2898
f 2670 	2899 	2898
f 2670 	2673 	2899
f 2673 	2900 	2899
f 2673 	2672 	2900
f 2672 	2901 	2900
f 2672 	2675 	2901
f 2675 	2902 	2901
f 2675 	2674 	2902
f 2674 	2903 	2902
f 2674 	2677 	2903
f 2677 	2904 	2903
f 2677 	2676 	2904
f 2676 	2905 	2904
f 2676 	2679 	2905
f 2679 	2906 	2905
f 2679 	2678 	2906
f 2678 	2907 	2906
f 2678 	2681 	2907
f 2681 	2908 	2907
f 2681 	2680 	2908
f 2680 	2909 	2908
f 2680 	2683 	2909
f 2683 	2910 	2909
f 2683 	2682 	2910
f 2682 	2911 	2910
f 2682 	2685 	2911
f 2685 	2912 	2911
f 2685 	2684 	2912
f 2684 	2913 	2912
f 2684 	2687 	2913
f 2687 	2914 	2913
f 2687 	2686 	2914
f 2686 	2915 	2914
f 2686 	2689 	2915
f 2689 	2916 	2915
f 2689 	2688 	2916
f 2688 	2917 	2916
f 2688 	2691 	2917
f 2691 	2918 	2917
f 2691 	2690 	2918
f 2690 	2919 	2918
f 2690 	2693 	2919
f 2693 	2920 	2919
f 2693 	2692 	2920
f 2692 	2921 	2920
f 2692 	2695 	2921
f 2695 	2922 	2921
f 2695 	2694 	2922
f 2694 	2923 	2922
f 2694 	2697 	2923
f 2697 	2924 	2923
f 2697 	2696 	2924
f 2696 	2925 	2924
f 2696 	2699 	2925
f 2699 	2926 	2925
f 2699 	2698 	2926
f 2698 	2927 	2926
f 2698 	2701 	2927
f 2701 	2928 	2927
f 2701 	2700 	2928
f 2700 	2929 	2928
f 2700 	2703 	2929
f 2703 	2930 	2929
f 2703 	2702 	2930
f 2702 	2931 	2930
f 2702 	2705 	2931
f 2705 	2932 	2931
f 2705 	2704 	2932
f 2704 	2933 	2932
f 2704 	2707 	2933
f 2707 	2934 	2933
f 2707 	2706 	2934
f 2706 	2935 	2934
f 2706 	2709 	2935
f 2709 	2936 	2935
f 2709 	2708 	2936
f 2708 	2937 	2936
f 2708 	2711 	2937
f 2711 	2938 	2937
f 2711 	2710 	2938
f 2710 	2939 	2938
f 2710 	2713 	2939
f 2713 	2940 	2939
f 2713 	2712 	2940
f 2712 	2941 	2940
f 2712 	2715 	2941
f 2715 	2942 	2941
f 2715 	2714 	2942
f 2714 	2943 	2942
f 2714 	2717 	2943
f 2717 	2944 	2943
f 2717 	2716 	2944
f 2716 	2945 	2944
f 2716 	2719 	2945
f 2719 	2946 	2945
f 2719 	2718 	2946
f 2718 	2947 	2946
f 2718 	2721 	2947
f 2721 	2948 	2947
f 2721 	2720 	2948
f 2720 	2949 	2948
f 2720 	2723 	2949
f 2723 	2950 	2949
f 2723 	2722 	2950
f 2722 	2951 	2950
f 2722 	2725 	2951
f 2725 	2952 	2951
f 2725 	2724 	2952
f 2724 	2953 	2952
f 2724 	2727 	2953
f 2727 	2954 	2953
f 2727 	2726 	2954
f 2726 	2955 	2954
f 2726 	2729 	2955
f 2729 	2956 	2955
f 2729 	2728 	2956
f 2728 	2957 	2956
f 2728 	2731 	2957
f 2731 	2958 	2957
f 2731 	2730 	2958
f 2730 	2959 	2958
f 2730 	2733 	2959
f 2733 	2960 	2959
f 2733 	2732 	2960
f 2732 	2961 	2960
f 2732 	2735 	2961
f 2735 	2962 	2961
f 2735 	2734 	2962
f 2734 	2963 	2962
f 2734 	2737 	2963
f 2737 	2964 	2963
f 2737 	2736 	2964
f 2736 	2965 	2964
f 2736 	2739 	2965
f 2739 	2966 	2965
f 2739 	2738 	2966
f 2738 	2967 	2966
f 2738 	2741 	2967
f 2741 	2968 	2967
f 2741 	2740 	2968
f 2740 	2969 	2968
f 2740 	2743 	2969
f 2743 	2970 	2969
f 2743 	2742 	2970
f 2742 	2971 	2970
f 2742 	2745 	2971
f 2745 	2972 	2971
f 2745 	2744 	2972
f 2744 	2973 	2972
f 2744 	2747 	2973
f 2747 	2974 	2973
f 2747 	2746 	2974
f 2746 	2975 	2974
f 2746 	2749 	2975
f 2749 	2976 	2975
f 2749 	2748 	2976
f 2748 	2977 	2976
f 2748 	2751 	2977
f 2751 	2978 	2977
f 2751 	2750 	2978
f 2750 	2979 	2978
f 2750 	2753 	2979
f 2753 	2980 	2979
f 2753 	2752 	2980
f 2752 	2981 	2980
f 2752 	2755 	2981
f 2755 	2982 	2981
f 2755 	2754 	2982
f 2754 	2983 	2982
f 2754 	2757 	2983
f 2757 	2984 	2983
f 2757 	2756 	2984
f 2756 	2985 	2984
f 2756 	2759 	2985
f 2759 	2986 	2985
f 2759 	2758 	2986
f 2758 	2987 	2986
f 2758 	2761 	2987
f 2761 	2988 	2987
f 2761 	2760 	2988
f 2760 	2989 	2988
f 2760 	2763 	2989
f 2763 	2990 	2989
f 2763 	2762 	2990
f 2762 	2991 	2990
f 2762 	2766 	2991
f 2766 	2992 	2991
f 2766 	2765 	2992
f 2765 	2993 	2992
f 2765 	2764 	2993
f 2764 	2994 	2993
f 2764 	2768 	2994
f 2768 	2995 	2994
f 2768 	2767 	2995
f 2767 	2996 	2995
f 2767 	2770 	2996
f 2770 	2997 	2996
f 2770 	2769 	2997
f 2769 	2998 	2997
f 2769 	2773 	2998
f 2773 	3001 	2998
f 2773 	2775 	3001
f 2775 	3003 	3001
f 2775 	2777 	3003
f 2777 	3005 	3003
f 2777 	2779 	3005
f 2779 	3007 	3005
f 2779 	2781 	3007
f 2781 	3009 	3007
f 2781 	2783 	3009
f 2783 	3011 	3009
f 2783 	2784 	3011
f 2784 	3012 	3011
f 2784 	2787 	3012
f 2787 	3015 	3012
f 2787 	2789 	3015
f 2789 	3017 	3015
f 2789 	2791 	3017
f 2791 	3019 	3017
f 2791 	2793 	3019
f 2793 	3021 	3019
f 2793 	2795 	3021
f 2795 	3023 	3021
f 2795 	2797 	3023
f 2797 	3025 	3023
f 2797 	2799 	3025
f 2799 	3027 	3025
f 2799 	2801 	3027
f 2801 	3029 	3027
f 2801 	2803 	3029
f 2803 	3031 	3029
f 2803 	2805 	3031
f 2805 	3033 	3031
f 2805 	2807 	3033
f 2807 	3035 	3033
f 2807 	2809 	3035
f 2809 	3037 	3035
f 2809 	2811 	3037
f 2811 	3039 	3037
f 2811 	2813 	3039
f 2813 	3041 	3039
f 2813 	2815 	3041
f 2815 	3043 	3041
f 2815 	2817 	3043
f 2817 	3045 	3043
f 2817 	2818 	3045
f 2818 	3046 	3045
f 2818 	2820 	3046
f 2820 	3048 	3046
f 3093 	3094 	3095
f 3096 	3097 	3098
f 3099 	3100 	3096
f 3101 	3102 	3103
f 3104 	3105 	3106
f 3107 	3108 	3104
f 3109 	3110 	3111
f 3112 	3113 	3109
f 3114 	3115 	3112
f 3116 	3117 	3114
f 3118 	3119 	3116
f 3120 	3121 	3118
f 3122 	3123 	3120
f 3124 	3125 	3122
f 3126 	3127 	3124
f 3128 	3129 	3126
f 3130 	3131 	3128
f 3132 	3133 	3130
f 3134 	3135 	3132
f 3136 	3137 	3134
f 3138 	3139 	3136
f 3140 	3141 	3138
f 3142 	3143 	3140
f 3144 	3145 	3142
f 3146 	3147 	3144
f 3148 	3149 	3146
f 3150 	3151 	3152
f 3153 	3154 	3155
f 3156 	3157 	3153
f 3096 	3098 	3158
f 3159 	3099 	3096
f 3104 	3106 	3160
f 3161 	3107 	3104
f 3112 	3109 	3111
f 3116 	3114 	3112
f 3120 	3118 	3116
f 3124 	3122 	3120
f 3128 	3126 	3124
f 3132 	3130 	3128
f 3136 	3134 	3132
f 3140 	3138 	3136
f 3144 	3142 	3140
f 3148 	3146 	3144
f 3153 	3155 	3162
f 3163 	3156 	3153
f 3096 	3158 	3164
f 3165 	3159 	3096
f 3104 	3160 	3166
f 3167 	3161 	3104
f 3116 	3112 	3111
f 3124 	3120 	3116
f 3132 	3128 	3124
f 3140 	3136 	3132
f 3148 	3144 	3140
f 3153 	3162 	3168
f 3169 	3163 	3153
f 3096 	3164 	3170
f 3171 	3165 	3096
f 3104 	3166 	3172
f 3173 	3167 	3104
f 3124 	3116 	3111
f 3140 	3132 	3124
f 3174 	3148 	3140
f 3153 	3168 	3175
f 3176 	3169 	3153
f 3096 	3170 	3177
f 3178 	3171 	3096
f 3104 	3172 	3179
f 3180 	3173 	3104
f 3140 	3124 	3111
f 3181 	3174 	3140
f 3153 	3175 	3182
f 3183 	3176 	3153
f 3096 	3177 	3093
f 3184 	3178 	3096
f 3104 	3179 	3185
f 3186 	3180 	3104
f 3187 	3181 	3140
f 3153 	3182 	3188
f 3189 	3183 	3153
f 3096 	3093 	3095
f 3103 	3184 	3096
f 3104 	3185 	3190
f 3191 	3186 	3104
f 3192 	3187 	3140
f 3153 	3188 	3193
f 3194 	3189 	3153
f 3096 	3095 	3195
f 3101 	3103 	3096
f 3104 	3190 	3196
f 3197 	3191 	3104
f 3198 	3192 	3140
f 3153 	3193 	3199
f 3200 	3194 	3153
f 3096 	3195 	3201
f 3202 	3101 	3096
f 3104 	3196 	3203
f 3204 	3197 	3104
f 3205 	3198 	3140
f 3153 	3199 	3206
f 3207 	3200 	3153
f 3096 	3201 	3208
f 3209 	3202 	3096
f 3104 	3203 	3210
f 3211 	3204 	3104
f 3212 	3205 	3140
f 3153 	3206 	3213
f 3214 	3207 	3153
f 3096 	3208 	3215
f 3216 	3209 	3096
f 3104 	3210 	3217
f 3218 	3211 	3104
f 3219 	3212 	3140
f 3153 	3213 	3220
f 3221 	3214 	3153
f 3216 	3096 	3215
f 3104 	3217 	3222
f 3223 	3218 	3104
f 3224 	3219 	3140
f 3153 	3220 	3225
f 3226 	3221 	3153
f 3216 	3215 	3227
f 3104 	3222 	3228
f 3229 	3223 	3104
f 3230 	3224 	3140
f 3153 	3225 	3231
f 3232 	3226 	3153
f 3216 	3227 	3233
f 3229 	3104 	3228
f 3234 	3230 	3140
f 3153 	3231 	3235
f 3236 	3232 	3153
f 3216 	3233 	3237
f 3229 	3228 	3238
f 3239 	3234 	3140
f 3153 	3235 	3240
f 3241 	3236 	3153
f 3216 	3237 	3242
f 3229 	3238 	3243
f 3244 	3239 	3140
f 3153 	3240 	3245
f 3246 	3241 	3153
f 3216 	3242 	3247
f 3229 	3243 	3248
f 3244 	3140 	3111
f 3153 	3245 	3249
f 3250 	3246 	3153
f 3216 	3247 	3251
f 3229 	3248 	3252
f 3253 	3244 	3111
f 3153 	3249 	3254
f 3255 	3250 	3153
f 3216 	3251 	3256
f 3229 	3252 	3257
f 3258 	3253 	3111
f 3153 	3254 	3259
f 3260 	3255 	3153
f 3216 	3256 	3261
f 3229 	3257 	3262
f 3263 	3258 	3111
f 3260 	3153 	3259
f 3216 	3261 	3264
f 3229 	3262 	3265
f 3266 	3263 	3111
f 3260 	3259 	3267
f 3216 	3264 	3268
f 3229 	3265 	3269
f 3270 	3266 	3111
f 3260 	3267 	3271
f 3216 	3268 	3272
f 3229 	3269 	3273
f 3274 	3270 	3111
f 3260 	3271 	3275
f 3216 	3272 	3276
f 3229 	3273 	3277
f 3278 	3274 	3111
f 3260 	3275 	3150
f 3216 	3276 	3279
f 3229 	3277 	3280
f 3281 	3278 	3111
f 3282 	3260 	3150
f 3283 	3216 	3279
f 3229 	3280 	3284
f 3285 	3281 	3111
f 3282 	3150 	3152
f 3286 	3283 	3279
f 3287 	3229 	3284
f 3288 	3285 	3111
f 3289 	3282 	3152
f 3290 	3286 	3279
f 3291 	3287 	3284
f 3292 	3288 	3111
f 3293 	3289 	3152
f 3294 	3290 	3279
f 3295 	3291 	3284
f 3152 	3292 	3111
f 3296 	3293 	3152
f 3297 	3294 	3279
f 3298 	3295 	3284
f 3152 	3111 	3299
f 3300 	3296 	3152
f 3297 	3279 	3301
f 3302 	3298 	3284
f 3303 	3300 	3152
f 3304 	3297 	3301
f 3305 	3302 	3284
f 3306 	3303 	3152
f 3307 	3304 	3301
f 3308 	3305 	3284
f 3309 	3306 	3152
f 3310 	3307 	3301
f 3308 	3284 	3311
f 3312 	3309 	3152
f 3313 	3310 	3301
f 3308 	3311 	3314
f 3312 	3152 	3299
f 3315 	3313 	3301
f 3308 	3314 	3316
f 3317 	3312 	3299
f 3318 	3315 	3301
f 3308 	3316 	3318
f 3319 	3317 	3299
f 3320 	3308 	3318
f 3321 	3319 	3299
f 3322 	3320 	3318
f 3323 	3321 	3299
f 3324 	3322 	3318
f 3325 	3323 	3299
f 3326 	3324 	3318
f 3327 	3325 	3299
f 3328 	3326 	3318
f 3329 	3327 	3299
f 3330 	3328 	3318
f 3331 	3329 	3299
f 3299 	3330 	3318
f 3332 	3331 	3299
f 3299 	3318 	3301
f 3301 	3332 	3299
f 3333 	3334 	3335
f 3336 	3337 	3338
f 3338 	3339 	3340
f 3341 	3342 	3343
f 3344 	3345 	3346
f 3346 	3347 	3348
f 3349 	3350 	3351
f 3351 	3352 	3353
f 3353 	3354 	3355
f 3355 	3356 	3357
f 3357 	3358 	3359
f 3359 	3360 	3361
f 3361 	3362 	3363
f 3363 	3364 	3365
f 3365 	3366 	3367
f 3367 	3368 	3369
f 3369 	3370 	3371
f 3371 	3372 	3373
f 3373 	3374 	3375
f 3375 	3376 	3377
f 3377 	3378 	3379
f 3379 	3380 	3381
f 3381 	3382 	3383
f 3383 	3384 	3385
f 3385 	3386 	3387
f 3387 	3388 	3389
f 3390 	3391 	3392
f 3393 	3394 	3395
f 3395 	3396 	3397
f 3398 	3336 	3338
f 3338 	3340 	3399
f 3400 	3344 	3346
f 3346 	3348 	3401
f 3349 	3351 	3353
f 3353 	3355 	3357
f 3357 	3359 	3361
f 3361 	3363 	3365
f 3365 	3367 	3369
f 3369 	3371 	3373
f 3373 	3375 	3377
f 3377 	3379 	3381
f 3381 	3383 	3385
f 3385 	3387 	3389
f 3402 	3393 	3395
f 3395 	3397 	3403
f 3404 	3398 	3338
f 3338 	3399 	3405
f 3406 	3400 	3346
f 3346 	3401 	3407
f 3349 	3353 	3357
f 3357 	3361 	3365
f 3365 	3369 	3373
f 3373 	3377 	3381
f 3381 	3385 	3389
f 3408 	3402 	3395
f 3395 	3403 	3409
f 3410 	3404 	3338
f 3338 	3405 	3411
f 3412 	3406 	3346
f 3346 	3407 	3413
f 3349 	3357 	3365
f 3365 	3373 	3381
f 3381 	3389 	3414
f 3415 	3408 	3395
f 3395 	3409 	3416
f 3417 	3410 	3338
f 3338 	3411 	3418
f 3419 	3412 	3346
f 3346 	3413 	3420
f 3349 	3365 	3381
f 3381 	3414 	3421
f 3422 	3415 	3395
f 3395 	3416 	3423
f 3335 	3417 	3338
f 3338 	3418 	3424
f 3425 	3419 	3346
f 3346 	3420 	3426
f 3381 	3421 	3427
f 3428 	3422 	3395
f 3395 	3423 	3429
f 3333 	3335 	3338
f 3338 	3424 	3341
f 3430 	3425 	3346
f 3346 	3426 	3431
f 3381 	3427 	3432
f 3433 	3428 	3395
f 3395 	3429 	3434
f 3435 	3333 	3338
f 3338 	3341 	3343
f 3436 	3430 	3346
f 3346 	3431 	3437
f 3381 	3432 	3438
f 3439 	3433 	3395
f 3395 	3434 	3440
f 3441 	3435 	3338
f 3338 	3343 	3442
f 3443 	3436 	3346
f 3346 	3437 	3444
f 3381 	3438 	3445
f 3446 	3439 	3395
f 3395 	3440 	3447
f 3448 	3441 	3338
f 3338 	3442 	3449
f 3450 	3443 	3346
f 3346 	3444 	3451
f 3381 	3445 	3452
f 3453 	3446 	3395
f 3395 	3447 	3454
f 3455 	3448 	3338
f 3338 	3449 	3456
f 3457 	3450 	3346
f 3346 	3451 	3458
f 3381 	3452 	3459
f 3460 	3453 	3395
f 3395 	3454 	3461
f 3455 	3338 	3456
f 3462 	3457 	3346
f 3346 	3458 	3463
f 3381 	3459 	3464
f 3465 	3460 	3395
f 3395 	3461 	3466
f 3467 	3455 	3456
f 3468 	3462 	3346
f 3346 	3463 	3469
f 3381 	3464 	3470
f 3471 	3465 	3395
f 3395 	3466 	3472
f 3473 	3467 	3456
f 3468 	3346 	3469
f 3381 	3470 	3474
f 3475 	3471 	3395
f 3395 	3472 	3476
f 3477 	3473 	3456
f 3478 	3468 	3469
f 3381 	3474 	3479
f 3480 	3475 	3395
f 3395 	3476 	3481
f 3482 	3477 	3456
f 3483 	3478 	3469
f 3381 	3479 	3484
f 3485 	3480 	3395
f 3395 	3481 	3486
f 3487 	3482 	3456
f 3488 	3483 	3469
f 3349 	3381 	3484
f 3489 	3485 	3395
f 3395 	3486 	3490
f 3491 	3487 	3456
f 3492 	3488 	3469
f 3349 	3484 	3493
f 3494 	3489 	3395
f 3395 	3490 	3495
f 3496 	3491 	3456
f 3497 	3492 	3469
f 3349 	3493 	3498
f 3499 	3494 	3395
f 3395 	3495 	3500
f 3501 	3496 	3456
f 3502 	3497 	3469
f 3349 	3498 	3503
f 3499 	3395 	3500
f 3504 	3501 	3456
f 3505 	3502 	3469
f 3349 	3503 	3506
f 3507 	3499 	3500
f 3508 	3504 	3456
f 3509 	3505 	3469
f 3349 	3506 	3510
f 3511 	3507 	3500
f 3512 	3508 	3456
f 3513 	3509 	3469
f 3349 	3510 	3514
f 3515 	3511 	3500
f 3516 	3512 	3456
f 3517 	3513 	3469
f 3349 	3514 	3518
f 3392 	3515 	3500
f 3519 	3516 	3456
f 3520 	3517 	3469
f 3349 	3518 	3521
f 3392 	3500 	3522
f 3519 	3456 	3523
f 3524 	3520 	3469
f 3349 	3521 	3525
f 3390 	3392 	3522
f 3519 	3523 	3526
f 3524 	3469 	3527
f 3349 	3525 	3528
f 3390 	3522 	3529
f 3519 	3526 	3530
f 3524 	3527 	3531
f 3349 	3528 	3532
f 3390 	3529 	3533
f 3519 	3530 	3534
f 3524 	3531 	3535
f 3349 	3532 	3390
f 3390 	3533 	3536
f 3519 	3534 	3537
f 3524 	3535 	3538
f 3539 	3349 	3390
f 3390 	3536 	3540
f 3541 	3519 	3537
f 3524 	3538 	3542
f 3390 	3540 	3543
f 3541 	3537 	3544
f 3524 	3542 	3545
f 3390 	3543 	3546
f 3541 	3544 	3547
f 3524 	3545 	3548
f 3390 	3546 	3549
f 3541 	3547 	3550
f 3551 	3524 	3548
f 3390 	3549 	3552
f 3541 	3550 	3553
f 3554 	3551 	3548
f 3539 	3390 	3552
f 3541 	3553 	3555
f 3556 	3554 	3548
f 3539 	3552 	3557
f 3541 	3555 	3558
f 3558 	3556 	3548
f 3539 	3557 	3559
f 3558 	3548 	3560
f 3539 	3559 	3561
f 3558 	3560 	3562
f 3539 	3561 	3563
f 3558 	3562 	3564
f 3539 	3563 	3565
f 3558 	3564 	3566
f 3539 	3565 	3567
f 3558 	3566 	3568
f 3539 	3567 	3569
f 3558 	3568 	3570
f 3539 	3569 	3571
f 3558 	3570 	3539
f 3539 	3571 	3572
f 3541 	3558 	3539
f 3539 	3572 	3541
f 3301 	3279 	3541
f 3279 	3519 	3541
f 3279 	3276 	3519
f 3276 	3516 	3519
f 3276 	3272 	3516
f 3272 	3512 	3516
f 3272 	3268 	3512
f 3268 	3508 	3512
f 3268 	3264 	3508
f 3264 	3504 	3508
f 3264 	3261 	3504
f 3261 	3501 	3504
f 3261 	3256 	3501
f 3256 	3496 	3501
f 3256 	3251 	3496
f 3251 	3491 	3496
f 3251 	3247 	3491
f 3247 	3487 	3491
f 3247 	3242 	3487
f 3242 	3482 	3487
f 3242 	3237 	3482
f 3237 	3477 	3482
f 3237 	3233 	3477
f 3233 	3473 	3477
f 3233 	3227 	3473
f 3227 	3467 	3473
f 3227 	3215 	3467
f 3215 	3455 	3467
f 3215 	3208 	3455
f 3208 	3448 	3455
f 3208 	3201 	3448
f 3201 	3441 	3448
f 3201 	3195 	3441
f 3195 	3435 	3441
f 3195 	3095 	3435
f 3095 	3333 	3435
f 3095 	3094 	3333
f 3094 	3334 	3333
f 3094 	3093 	3334
f 3093 	3335 	3334
f 3093 	3177 	3335
f 3177 	3417 	3335
f 3177 	3170 	3417
f 3170 	3410 	3417
f 3170 	3164 	3410
f 3164 	3404 	3410
f 3164 	3158 	3404
f 3158 	3398 	3404
f 3158 	3098 	3398
f 3098 	3336 	3398
f 3098 	3097 	3336
f 3097 	3337 	3336
f 3097 	3096 	3337
f 3096 	3338 	3337
f 3096 	3100 	3338
f 3100 	3339 	3338
f 3100 	3099 	3339
f 3099 	3340 	3339
f 3099 	3159 	3340
f 3159 	3399 	3340
f 3159 	3165 	3399
f 3165 	3405 	3399
f 3165 	3171 	3405
f 3171 	3411 	3405
f 3171 	3178 	3411
f 3178 	3418 	3411
f 3178 	3184 	3418
f 3184 	3424 	3418
f 3184 	3103 	3424
f 3103 	3341 	3424
f 3103 	3102 	3341
f 3102 	3342 	3341
f 3102 	3101 	3342
f 3101 	3343 	3342
f 3101 	3202 	3343
f 3202 	3442 	3343
f 3202 	3209 	3442
f 3209 	3449 	3442
f 3209 	3216 	3449
f 3216 	3456 	3449
f 3216 	3283 	3456
f 3283 	3523 	3456
f 3283 	3286 	3523
f 3286 	3526 	3523
f 3286 	3290 	3526
f 3290 	3530 	3526
f 3290 	3294 	3530
f 3294 	3534 	3530
f 3294 	3297 	3534
f 3297 	3537 	3534
f 3297 	3304 	3537
f 3304 	3544 	3537
f 3304 	3307 	3544
f 3307 	3547 	3544
f 3307 	3310 	3547
f 3310 	3550 	3547
f 3310 	3313 	3550
f 3313 	3553 	3550
f 3313 	3315 	3553
f 3315 	3555 	3553
f 3315 	3318 	3555
f 3318 	3558 	3555
f 3318 	3316 	3558
f 3316 	3556 	3558
f 3316 	3314 	3556
f 3314 	3554 	3556
f 3314 	3311 	3554
f 3311 	3551 	3554
f 3311 	3284 	3551
f 3284 	3524 	3551
f 3284 	3280 	3524
f 3280 	3520 	3524
f 3280 	3277 	3520
f 3277 	3517 	3520
f 3277 	3273 	3517
f 3273 	3513 	3517
f 3273 	3269 	3513
f 3269 	3509 	3513
f 3269 	3265 	3509
f 3265 	3505 	3509
f 3265 	3262 	3505
f 3262 	3502 	3505
f 3262 	3257 	3502
f 3257 	3497 	3502
f 3257 	3252 	3497
f 3252 	3492 	3497
f 3252 	3248 	3492
f 3248 	3488 	3492
f 3248 	3243 	3488
f 3243 	3483 	3488
f 3243 	3238 	3483
f 3238 	3478 	3483
f 3238 	3228 	3478
f 3228 	3468 	3478
f 3228 	3222 	3468
f 3222 	3462 	3468
f 3222 	3217 	3462
f 3217 	3457 	3462
f 3217 	3210 	3457
f 3210 	3450 	3457
f 3210 	3203 	3450
f 3203 	3443 	3450
f 3203 	3196 	3443
f 3196 	3436 	3443
f 3196 	3190 	3436
f 3190 	3430 	3436
f 3190 	3185 	3430
f 3185 	3425 	3430
f 3185 	3179 	3425
f 3179 	3419 	3425
f 3179 	3172 	3419
f 3172 	3412 	3419
f 3172 	3166 	3412
f 3166 	3406 	3412
f 3166 	3160 	3406
f 3160 	3400 	3406
f 3160 	3106 	3400
f 3106 	3344 	3400
f 3106 	3105 	3344
f 3105 	3345 	3344
f 3105 	3104 	3345
f 3104 	3346 	3345
f 3104 	3108 	3346
f 3108 	3347 	3346
f 3108 	3107 	3347
f 3107 	3348 	3347
f 3107 	3161 	3348
f 3161 	3401 	3348
f 3161 	3167 	3401
f 3167 	3407 	3401
f 3167 	3173 	3407
f 3173 	3413 	3407
f 3173 	3180 	3413
f 3180 	3420 	3413
f 3180 	3186 	3420
f 3186 	3426 	3420
f 3186 	3191 	3426
f 3191 	3431 	3426
f 3191 	3197 	3431
f 3197 	3437 	3431
f 3197 	3204 	3437
f 3204 	3444 	3437
f 3204 	3211 	3444
f 3211 	3451 	3444
f 3211 	3218 	3451
f 3218 	3458 	3451
f 3218 	3223 	3458
f 3223 	3463 	3458
f 3223 	3229 	3463
f 3229 	3469 	3463
f 3229 	3287 	3469
f 3287 	3527 	3469
f 3287 	3291 	3527
f 3291 	3531 	3527
f 3291 	3295 	3531
f 3295 	3535 	3531
f 3295 	3298 	3535
f 3298 	3538 	3535
f 3298 	3302 	3538
f 3302 	3542 	3538
f 3302 	3305 	3542
f 3305 	3545 	3542
f 3305 	3308 	3545
f 3308 	3548 	3545
f 3308 	3320 	3548
f 3320 	3560 	3548
f 3320 	3322 	3560
f 3322 	3562 	3560
f 3322 	3324 	3562
f 3324 	3564 	3562
f 3324 	3326 	3564
f 3326 	3566 	3564
f 3326 	3328 	3566
f 3328 	3568 	3566
f 3328 	3330 	3568
f 3330 	3570 	3568
f 3330 	3299 	3570
f 3299 	3539 	3570
f 3299 	3111 	3539
f 3111 	3349 	3539
f 3111 	3110 	3349
f 3110 	3350 	3349
f 3110 	3109 	3350
f 3109 	3351 	3350
f 3109 	3113 	3351
f 3113 	3352 	3351
f 3113 	3112 	3352
f 3112 	3353 	3352
f 3112 	3115 	3353
f 3115 	3354 	3353
f 3115 	3114 	3354
f 3114 	3355 	3354
f 3114 	3117 	3355
f 3117 	3356 	3355
f 3117 	3116 	3356
f 3116 	3357 	3356
f 3116 	3119 	3357
f 3119 	3358 	3357
f 3119 	3118 	3358
f 3118 	3359 	3358
f 3118 	3121 	3359
f 3121 	3360 	3359
f 3121 	3120 	3360
f 3120 	3361 	3360
f 3120 	3123 	3361
f 3123 	3362 	3361
f 3123 	3122 	3362
f 3122 	3363 	3362
f 3122 	3125 	3363
f 3125 	3364 	3363
f 3125 	3124 	3364
f 3124 	3365 	3364
f 3124 	3127 	3365
f 3127 	3366 	3365
f 3127 	3126 	3366
f 3126 	3367 	3366
f 3126 	3129 	3367
f 3129 	3368 	3367
f 3129 	3128 	3368
f 3128 	3369 	3368
f 3128 	3131 	3369
f 3131 	3370 	3369
f 3131 	3130 	3370
f 3130 	3371 	3370
f 3130 	3133 	3371
f 3133 	3372 	3371
f 3133 	3132 	3372
f 3132 	3373 	3372
f 3132 	3135 	3373
f 3135 	3374 	3373
f 3135 	3134 	3374
f 3134 	3375 	3374
f 3134 	3137 	3375
f 3137 	3376 	3375
f 3137 	3136 	3376
f 3136 	3377 	3376
f 3136 	3139 	3377
f 3139 	3378 	3377
f 3139 	3138 	3378
f 3138 	3379 	3378
f 3138 	3141 	3379
f 3141 	3380 	3379
f 3141 	3140 	3380
f 3140 	3381 	3380
f 3140 	3143 	3381
f 3143 	3382 	3381
f 3143 	3142 	3382
f 3142 	3383 	3382
f 3142 	3145 	3383
f 3145 	3384 	3383
f 3145 	3144 	3384
f 3144 	3385 	3384
f 3144 	3147 	3385
f 3147 	3386 	3385
f 3147 	3146 	3386
f 3146 	3387 	3386
f 3146 	3149 	3387
f 3149 	3388 	3387
f 3149 	3148 	3388
f 3148 	3389 	3388
f 3148 	3174 	3389
f 3174 	3414 	3389
f 3174 	3181 	3414
f 3181 	3421 	3414
f 3181 	3187 	3421
f 3187 	3427 	3421
f 3187 	3192 	3427
f 3192 	3432 	3427
f 3192 	3198 	3432
f 3198 	3438 	3432
f 3198 	3205 	3438
f 3205 	3445 	3438
f 3205 	3212 	3445
f 3212 	3452 	3445
f 3212 	3219 	3452
f 3219 	3459 	3452
f 3219 	3224 	3459
f 3224 	3464 	3459
f 3224 	3230 	3464
f 3230 	3470 	3464
f 3230 	3234 	3470
f 3234 	3474 	3470
f 3234 	3239 	3474
f 3239 	3479 	3474
f 3239 	3244 	3479
f 3244 	3484 	3479
f 3244 	3253 	3484
f 3253 	3493 	3484
f 3253 	3258 	3493
f 3258 	3498 	3493
f 3258 	3263 	3498
f 3263 	3503 	3498
f 3263 	3266 	3503
f 3266 	3506 	3503
f 3266 	3270 	3506
f 3270 	3510 	3506
f 3270 	3274 	3510
f 3274 	3514 	3510
f 3274 	3278 	3514
f 3278 	3518 	3514
f 3278 	3281 	3518
f 3281 	3521 	3518
f 3281 	3285 	3521
f 3285 	3525 	3521
f 3285 	3288 	3525
f 3288 	3528 	3525
f 3288 	3292 	3528
f 3292 	3532 	3528
f 3292 	3152 	3532
f 3152 	3390 	3532
f 3152 	3151 	3390
f 3151 	3391 	3390
f 3151 	3150 	3391
f 3150 	3392 	3391
f 3150 	3275 	3392
f 3275 	3515 	3392
f 3275 	3271 	3515
f 3271 	3511 	3515
f 3271 	3267 	3511
f 3267 	3507 	3511
f 3267 	3259 	3507
f 3259 	3499 	3507
f 3259 	3254 	3499
f 3254 	3494 	3499
f 3254 	3249 	3494
f 3249 	3489 	3494
f 3249 	3245 	3489
f 3245 	3485 	3489
f 3245 	3240 	3485
f 3240 	3480 	3485
f 3240 	3235 	3480
f 3235 	3475 	3480
f 3235 	3231 	3475
f 3231 	3471 	3475
f 3231 	3225 	3471
f 3225 	3465 	3471
f 3225 	3220 	3465
f 3220 	3460 	3465
f 3220 	3213 	3460
f 3213 	3453 	3460
f 3213 	3206 	3453
f 3206 	3446 	3453
f 3206 	3199 	3446
f 3199 	3439 	3446
f 3199 	3193 	3439
f 3193 	3433 	3439
f 3193 	3188 	3433
f 3188 	3428 	3433
f 3188 	3182 	3428
f 3182 	3422 	3428
f 3182 	3175 	3422
f 3175 	3415 	3422
f 3175 	3168 	3415
f 3168 	3408 	3415
f 3168 	3162 	3408
f 3162 	3402 	3408
f 3162 	3155 	3402
f 3155 	3393 	3402
f 3155 	3154 	3393
f 3154 	3394 	3393
f 3154 	3153 	3394
f 3153 	3395 	3394
f 3153 	3157 	3395
f 3157 	3396 	3395
f 3157 	3156 	3396
f 3156 	3397 	3396
f 3156 	3163 	3397
f 3163 	3403 	3397
f 3163 	3169 	3403
f 3169 	3409 	3403
f 3169 	3176 	3409
f 3176 	3416 	3409
f 3176 	3183 	3416
f 3183 	3423 	3416
f 3183 	3189 	3423
f 3189 	3429 	3423
f 3189 	3194 	3429
f 3194 	3434 	3429
f 3194 	3200 	3434
f 3200 	3440 	3434
f 3200 	3207 	3440
f 3207 	3447 	3440
f 3207 	3214 	3447
f 3214 	3454 	3447
f 3214 	3221 	3454
f 3221 	3461 	3454
f 3221 	3226 	3461
f 3226 	3466 	3461
f 3226 	3232 	3466
f 3232 	3472 	3466
f 3232 	3236 	3472
f 3236 	3476 	3472
f 3236 	3241 	3476
f 3241 	3481 	3476
f 3241 	3246 	3481
f 3246 	3486 	3481
f 3246 	3250 	3486
f 3250 	3490 	3486
f 3250 	3255 	3490
f 3255 	3495 	3490
f 3255 	3260 	3495
f 3260 	3500 	3495
f 3260 	3282 	3500
f 3282 	3522 	3500
f 3282 	3289 	3522
f 3289 	3529 	3522
f 3289 	3293 	3529
f 3293 	3533 	3529
f 3293 	3296 	3533
f 3296 	3536 	3533
f 3296 	3300 	3536
f 3300 	3540 	3536
f 3300 	3303 	3540
f 3303 	3543 	3540
f 3303 	3306 	3543
f 3306 	3546 	3543
f 3306 	3309 	3546
f 3309 	3549 	3546
f 3309 	3312 	3549
f 3312 	3552 	3549
f 3312 	3317 	3552
f 3317 	3557 	3552
f 3317 	3319 	3557
f 3319 	3559 	3557
f 3319 	3321 	3559
f 3321 	3561 	3559
f 3321 	3323 	3561
f 3323 	3563 	3561
f 3323 	3325 	3563
f 3325 	3565 	3563
f 3325 	3327 	3565
f 3327 	3567 	3565
f 3327 	3329 	3567
f 3329 	3569 	3567
f 3329 	3331 	3569
f 3331 	3571 	3569
f 3331 	3332 	3571
f 3332 	3572 	3571
f 3332 	3301 	3572
f 3301 	3541 	3572
f 3573 	3574 	3575
f 3576 	3577 	3573
f 3578 	3579 	3576
f 3580 	3581 	3578
f 3582 	3583 	3580
f 3584 	3585 	3582
f 3586 	3587 	3584
f 3588 	3589 	3590
f 3591 	3592 	3588
f 3593 	3594 	3595
f 3596 	3597 	3593
f 3598 	3599 	3596
f 3600 	3601 	3598
f 3602 	3603 	3600
f 3604 	3605 	3602
f 3606 	3607 	3604
f 3608 	3609 	3606
f 3610 	3611 	3608
f 3612 	3613 	3610
f 3614 	3615 	3612
f 3616 	3617 	3614
f 3618 	3619 	3616
f 3620 	3621 	3618
f 3622 	3623 	3620
f 3624 	3625 	3622
f 3626 	3627 	3624
f 3628 	3629 	3626
f 3630 	3631 	3628
f 3632 	3633 	3630
f 3634 	3635 	3632
f 3636 	3637 	3634
f 3638 	3639 	3636
f 3640 	3641 	3638
f 3642 	3643 	3640
f 3644 	3645 	3642
f 3646 	3647 	3644
f 3648 	3649 	3646
f 3650 	3651 	3648
f 3652 	3653 	3650
f 3654 	3655 	3652
f 3656 	3657 	3654
f 3658 	3659 	3656
f 3660 	3661 	3658
f 3662 	3663 	3660
f 3664 	3665 	3662
f 3666 	3667 	3664
f 3668 	3669 	3666
f 3670 	3671 	3668
f 3672 	3673 	3670
f 3674 	3675 	3672
f 3676 	3677 	3674
f 3678 	3679 	3676
f 3680 	3681 	3678
f 3682 	3683 	3680
f 3684 	3685 	3682
f 3686 	3687 	3684
f 3575 	3688 	3686
f 3576 	3573 	3575
f 3580 	3578 	3576
f 3584 	3582 	3580
f 3689 	3586 	3584
f 3588 	3590 	3690
f 3691 	3591 	3588
f 3593 	3595 	3692
f 3598 	3596 	3593
f 3602 	3600 	3598
f 3606 	3604 	3602
f 3610 	3608 	3606
f 3614 	3612 	3610
f 3618 	3616 	3614
f 3622 	3620 	3618
f 3626 	3624 	3622
f 3630 	3628 	3626
f 3634 	3632 	3630
f 3638 	3636 	3634
f 3642 	3640 	3638
f 3646 	3644 	3642
f 3650 	3648 	3646
f 3654 	3652 	3650
f 3658 	3656 	3654
f 3662 	3660 	3658
f 3666 	3664 	3662
f 3670 	3668 	3666
f 3674 	3672 	3670
f 3678 	3676 	3674
f 3682 	3680 	3678
f 3686 	3684 	3682
f 3576 	3575 	3686
f 3584 	3580 	3576
f 3693 	3689 	3584
f 3588 	3690 	3694
f 3695 	3691 	3588
f 3593 	3692 	3696
f 3602 	3598 	3593
f 3610 	3606 	3602
f 3618 	3614 	3610
f 3626 	3622 	3618
f 3634 	3630 	3626
f 3642 	3638 	3634
f 3650 	3646 	3642
f 3658 	3654 	3650
f 3666 	3662 	3658
f 3674 	3670 	3666
f 3682 	3678 	3674
f 3576 	3686 	3682
f 3693 	3584 	3576
f 3588 	3694 	3697
f 3698 	3695 	3588
f 3593 	3696 	3699
f 3610 	3602 	3593
f 3626 	3618 	3610
f 3642 	3634 	3626
f 3658 	3650 	3642
f 3674 	3666 	3658
f 3576 	3682 	3674
f 3700 	3693 	3576
f 3588 	3697 	3701
f 3702 	3698 	3588
f 3593 	3699 	3703
f 3626 	3610 	3593
f 3704 	3700 	3576
f 3588 	3701 	3705
f 3706 	3702 	3588
f 3593 	3703 	3707
f 3708 	3704 	3576
f 3588 	3705 	3709
f 3710 	3706 	3588
f 3626 	3593 	3707
f 3711 	3708 	3576
f 3588 	3709 	3712
f 3713 	3710 	3588
f 3626 	3707 	3714
f 3715 	3711 	3576
f 3588 	3712 	3716
f 3717 	3713 	3588
f 3626 	3714 	3718
f 3719 	3715 	3576
f 3588 	3716 	3720
f 3721 	3717 	3588
f 3626 	3718 	3722
f 3723 	3719 	3576
f 3588 	3720 	3724
f 3725 	3721 	3588
f 3626 	3722 	3726
f 3727 	3723 	3576
f 3588 	3724 	3728
f 3729 	3725 	3588
f 3626 	3726 	3730
f 3731 	3727 	3576
f 3588 	3728 	3732
f 3733 	3729 	3588
f 3626 	3730 	3734
f 3733 	3588 	3732
f 3626 	3734 	3735
f 3733 	3732 	3731
f 3626 	3735 	3736
f 3737 	3733 	3731
f 3626 	3736 	3738
f 3739 	3737 	3731
f 3626 	3738 	3740
f 3739 	3731 	3576
f 3626 	3740 	3741
f 3742 	3739 	3576
f 3626 	3741 	3743
f 3744 	3742 	3576
f 3626 	3743 	3745
f 3746 	3744 	3576
f 3626 	3745 	3747
f 3748 	3746 	3576
f 3626 	3747 	3749
f 3750 	3748 	3576
f 3626 	3749 	3751
f 3752 	3750 	3576
f 3626 	3751 	3753
f 3754 	3752 	3576
f 3626 	3753 	3755
f 3756 	3754 	3576
f 3626 	3755 	3757
f 3758 	3756 	3576
f 3642 	3626 	3757
f 3759 	3758 	3576
f 3642 	3757 	3760
f 3761 	3759 	3576
f 3642 	3760 	3762
f 3763 	3761 	3576
f 3642 	3762 	3764
f 3765 	3763 	3576
f 3642 	3764 	3766
f 3767 	3765 	3576
f 3642 	3766 	3768
f 3769 	3767 	3576
f 3642 	3768 	3770
f 3771 	3769 	3576
f 3642 	3770 	3772
f 3771 	3576 	3674
f 3642 	3772 	3773
f 3774 	3771 	3674
f 3642 	3773 	3775
f 3776 	3774 	3674
f 3658 	3642 	3775
f 3777 	3776 	3674
f 3658 	3775 	3778
f 3779 	3777 	3674
f 3658 	3778 	3780
f 3781 	3779 	3674
f 3658 	3780 	3782
f 3783 	3781 	3674
f 3658 	3782 	3784
f 3785 	3783 	3674
f 3658 	3784 	3786
f 3787 	3785 	3674
f 3658 	3786 	3788
f 3789 	3787 	3674
f 3658 	3788 	3790
f 3791 	3789 	3674
f 3658 	3790 	3792
f 3791 	3674 	3658
f 3658 	3792 	3793
f 3794 	3791 	3658
f 3658 	3793 	3795
f 3796 	3794 	3658
f 3658 	3795 	3797
f 3798 	3796 	3658
f 3658 	3797 	3799
f 3800 	3798 	3658
f 3658 	3799 	3801
f 3802 	3800 	3658
f 3658 	3801 	3803
f 3804 	3802 	3658
f 3658 	3803 	3805
f 3806 	3804 	3658
f 3658 	3805 	3807
f 3807 	3806 	3658
f 3808 	3809 	3810
f 3810 	3811 	3812
f 3812 	3813 	3814
f 3814 	3815 	3816
f 3816 	3817 	3818
f 3818 	3819 	3820
f 3820 	3821 	3822
f 3823 	3824 	3825
f 3825 	3826 	3827
f 3828 	3829 	3830
f 3830 	3831 	3832
f 3832 	3833 	3834
f 3834 	3835 	3836
f 3836 	3837 	3838
f 3838 	3839 	3840
f 3840 	3841 	3842
f 3842 	3843 	3844
f 3844 	3845 	3846
f 3846 	3847 	3848
f 3848 	3849 	3850
f 3850 	3851 	3852
f 3852 	3853 	3854
f 3854 	3855 	3856
f 3856 	3857 	3858
f 3858 	3859 	3860
f 3860 	3861 	3862
f 3862 	3863 	3864
f 3864 	3865 	3866
f 3866 	3867 	3868
f 3868 	3869 	3870
f 3870 	3871 	3872
f 3872 	3873 	3874
f 3874 	3875 	3876
f 3876 	3877 	3878
f 3878 	3879 	3880
f 3880 	3881 	3882
f 3882 	3883 	3884
f 3884 	3885 	3886
f 3886 	3887 	3888
f 3888 	3889 	3890
f 3890 	3891 	3892
f 3892 	3893 	3894
f 3894 	3895 	3896
f 3896 	3897 	3898
f 3898 	3899 	3900
f 3900 	3901 	3902
f 3902 	3903 	3904
f 3904 	3905 	3906
f 3906 	3907 	3908
f 3908 	3909 	3910
f 3910 	3911 	3912
f 3912 	3913 	3914
f 3914 	3915 	3916
f 3916 	3917 	3918
f 3918 	3919 	3920
f 3920 	3921 	3922
f 3922 	3923 	3808
f 3808 	3810 	3812
f 3812 	3814 	3816
f 3816 	3818 	3820
f 3820 	3822 	3924
f 3925 	3823 	3825
f 3825 	3827 	3926
f 3927 	3828 	3830
f 3830 	3832 	3834
f 3834 	3836 	3838
f 3838 	3840 	3842
f 3842 	3844 	3846
f 3846 	3848 	3850
f 3850 	3852 	3854
f 3854 	3856 	3858
f 3858 	3860 	3862
f 3862 	3864 	3866
f 3866 	3868 	3870
f 3870 	3872 	3874
f 3874 	3876 	3878
f 3878 	3880 	3882
f 3882 	3884 	3886
f 3886 	3888 	3890
f 3890 	3892 	3894
f 3894 	3896 	3898
f 3898 	3900 	3902
f 3902 	3904 	3906
f 3906 	3908 	3910
f 3910 	3912 	3914
f 3914 	3916 	3918
f 3918 	3920 	3922
f 3922 	3808 	3812
f 3812 	3816 	3820
f 3820 	3924 	3928
f 3929 	3925 	3825
f 3825 	3926 	3930
f 3931 	3927 	3830
f 3830 	3834 	3838
f 3838 	3842 	3846
f 3846 	3850 	3854
f 3854 	3858 	3862
f 3862 	3866 	3870
f 3870 	3874 	3878
f 3878 	3882 	3886
f 3886 	3890 	3894
f 3894 	3898 	3902
f 3902 	3906 	3910
f 3910 	3914 	3918
f 3918 	3922 	3812
f 3812 	3820 	3928
f 3932 	3929 	3825
f 3825 	3930 	3933
f 3934 	3931 	3830
f 3830 	3838 	3846
f 3846 	3854 	3862
f 3862 	3870 	3878
f 3878 	3886 	3894
f 3894 	3902 	3910
f 3910 	3918 	3812
f 3812 	3928 	3935
f 3936 	3932 	3825
f 3825 	3933 	3937
f 3938 	3934 	3830
f 3830 	3846 	3862
f 3812 	3935 	3939
f 3940 	3936 	3825
f 3825 	3937 	3941
f 3942 	3938 	3830
f 3812 	3939 	3943
f 3944 	3940 	3825
f 3825 	3941 	3945
f 3942 	3830 	3862
f 3812 	3943 	3946
f 3947 	3944 	3825
f 3825 	3945 	3948
f 3949 	3942 	3862
f 3812 	3946 	3950
f 3951 	3947 	3825
f 3825 	3948 	3952
f 3953 	3949 	3862
f 3812 	3950 	3954
f 3955 	3951 	3825
f 3825 	3952 	3956
f 3957 	3953 	3862
f 3812 	3954 	3958
f 3959 	3955 	3825
f 3825 	3956 	3960
f 3961 	3957 	3862
f 3812 	3958 	3962
f 3963 	3959 	3825
f 3825 	3960 	3964
f 3965 	3961 	3862
f 3812 	3962 	3966
f 3967 	3963 	3825
f 3825 	3964 	3968
f 3969 	3965 	3862
f 3967 	3825 	3968
f 3970 	3969 	3862
f 3966 	3967 	3968
f 3971 	3970 	3862
f 3966 	3968 	3972
f 3973 	3971 	3862
f 3966 	3972 	3974
f 3975 	3973 	3862
f 3812 	3966 	3974
f 3976 	3975 	3862
f 3812 	3974 	3977
f 3978 	3976 	3862
f 3812 	3977 	3979
f 3980 	3978 	3862
f 3812 	3979 	3981
f 3982 	3980 	3862
f 3812 	3981 	3983
f 3984 	3982 	3862
f 3812 	3983 	3985
f 3986 	3984 	3862
f 3812 	3985 	3987
f 3988 	3986 	3862
f 3812 	3987 	3989
f 3990 	3988 	3862
f 3812 	3989 	3991
f 3992 	3990 	3862
f 3812 	3991 	3993
f 3992 	3862 	3878
f 3812 	3993 	3994
f 3995 	3992 	3878
f 3812 	3994 	3996
f 3997 	3995 	3878
f 3812 	3996 	3998
f 3999 	3997 	3878
f 3812 	3998 	4000
f 4001 	3999 	3878
f 3812 	4000 	4002
f 4003 	4001 	3878
f 3812 	4002 	4004
f 4005 	4003 	3878
f 3812 	4004 	4006
f 4007 	4005 	3878
f 3910 	3812 	4006
f 4008 	4007 	3878
f 3910 	4006 	4009
f 4010 	4008 	3878
f 3910 	4009 	4011
f 4010 	3878 	3894
f 3910 	4011 	4012
f 4013 	4010 	3894
f 3910 	4012 	4014
f 4015 	4013 	3894
f 3910 	4014 	4016
f 4017 	4015 	3894
f 3910 	4016 	4018
f 4019 	4017 	3894
f 3910 	4018 	4020
f 4021 	4019 	3894
f 3910 	4020 	4022
f 4023 	4021 	3894
f 3910 	4022 	4024
f 4025 	4023 	3894
f 3910 	4024 	4026
f 4027 	4025 	3894
f 3894 	3910 	4026
f 4028 	4027 	3894
f 3894 	4026 	4029
f 4030 	4028 	3894
f 3894 	4029 	4031
f 4032 	4030 	3894
f 3894 	4031 	4033
f 4034 	4032 	3894
f 3894 	4033 	4035
f 4036 	4034 	3894
f 3894 	4035 	4037
f 4038 	4036 	3894
f 3894 	4037 	4039
f 4040 	4038 	3894
f 3894 	4039 	4041
f 4042 	4040 	3894
f 3894 	4041 	4042
f 3573 	3577 	3810
f 3577 	3811 	3810
f 3577 	3576 	3811
f 3576 	3812 	3811
f 3576 	3579 	3812
f 3579 	3813 	3812
f 3579 	3578 	3813
f 3578 	3814 	3813
f 3578 	3581 	3814
f 3581 	3815 	3814
f 3581 	3580 	3815
f 3580 	3816 	3815
f 3580 	3583 	3816
f 3583 	3817 	3816
f 3583 	3582 	3817
f 3582 	3818 	3817
f 3582 	3585 	3818
f 3585 	3819 	3818
f 3585 	3584 	3819
f 3584 	3820 	3819
f 3584 	3587 	3820
f 3587 	3821 	3820
f 3587 	3586 	3821
f 3586 	3822 	3821
f 3586 	3689 	3822
f 3689 	3924 	3822
f 3689 	3693 	3924
f 3693 	3928 	3924
f 3693 	3700 	3928
f 3700 	3935 	3928
f 3700 	3704 	3935
f 3704 	3939 	3935
f 3704 	3708 	3939
f 3708 	3943 	3939
f 3708 	3711 	3943
f 3711 	3946 	3943
f 3711 	3715 	3946
f 3715 	3950 	3946
f 3715 	3719 	3950
f 3719 	3954 	3950
f 3719 	3723 	3954
f 3723 	3958 	3954
f 3723 	3727 	3958
f 3727 	3962 	3958
f 3727 	3731 	3962
f 3731 	3966 	3962
f 3731 	3732 	3966
f 3732 	3967 	3966
f 3732 	3728 	3967
f 3728 	3963 	3967
f 3728 	3724 	3963
f 3724 	3959 	3963
f 3724 	3720 	3959
f 3720 	3955 	3959
f 3720 	3716 	3955
f 3716 	3951 	3955
f 3716 	3712 	3951
f 3712 	3947 	3951
f 3712 	3709 	3947
f 3709 	3944 	3947
f 3709 	3705 	3944
f 3705 	3940 	3944
f 3705 	3701 	3940
f 3701 	3936 	3940
f 3701 	3697 	3936
f 3697 	3932 	3936
f 3697 	3694 	3932
f 3694 	3929 	3932
f 3694 	3690 	3929
f 3690 	3925 	3929
f 3690 	3590 	3925
f 3590 	3823 	3925
f 3590 	3589 	3823
f 3589 	3824 	3823
f 3589 	3588 	3824
f 3588 	3825 	3824
f 3588 	3592 	3825
f 3592 	3826 	3825
f 3592 	3591 	3826
f 3591 	3827 	3826
f 3591 	3691 	3827
f 3691 	3926 	3827
f 3691 	3695 	3926
f 3695 	3930 	3926
f 3695 	3698 	3930
f 3698 	3933 	3930
f 3698 	3702 	3933
f 3702 	3937 	3933
f 3702 	3706 	3937
f 3706 	3941 	3937
f 3706 	3710 	3941
f 3710 	3945 	3941
f 3710 	3713 	3945
f 3713 	3948 	3945
f 3713 	3717 	3948
f 3717 	3952 	3948
f 3717 	3721 	3952
f 3721 	3956 	3952
f 3721 	3725 	3956
f 3725 	3960 	3956
f 3725 	3729 	3960
f 3729 	3964 	3960
f 3729 	3733 	3964
f 3733 	3968 	3964
f 3733 	3737 	3968
f 3737 	3972 	3968
f 3737 	3739 	3972
f 3739 	3974 	3972
f 3739 	3742 	3974
f 3742 	3977 	3974
f 3742 	3744 	3977
f 3744 	3979 	3977
f 3744 	3746 	3979
f 3746 	3981 	3979
f 3746 	3748 	3981
f 3748 	3983 	3981
f 3748 	3750 	3983
f 3750 	3985 	3983
f 3750 	3752 	3985
f 3752 	3987 	3985
f 3752 	3754 	3987
f 3754 	3989 	3987
f 3754 	3756 	3989
f 3756 	3991 	3989
f 3756 	3758 	3991
f 3758 	3993 	3991
f 3758 	3759 	3993
f 3759 	3994 	3993
f 3759 	3761 	3994
f 3761 	3996 	3994
f 3761 	3763 	3996
f 3763 	3998 	3996
f 3763 	3765 	3998
f 3765 	4000 	3998
f 3765 	3767 	4000
f 3767 	4002 	4000
f 3767 	3769 	4002
f 3769 	4004 	4002
f 3769 	3771 	4004
f 3771 	4006 	4004
f 3771 	3774 	4006
f 3774 	4009 	4006
f 3774 	3776 	4009
f 3776 	4011 	4009
f 3776 	3777 	4011
f 3777 	4012 	4011
f 3777 	3779 	4012
f 3779 	4014 	4012
f 3779 	3781 	4014
f 3781 	4016 	4014
f 3781 	3783 	4016
f 3783 	4018 	4016
f 3783 	3785 	4018
f 3785 	4020 	4018
f 3785 	3787 	4020
f 3787 	4022 	4020
f 3787 	3789 	4022
f 3789 	4024 	4022
f 3789 	3791 	4024
f 3791 	4026 	4024
f 3791 	3794 	4026
f 3794 	4029 	4026
f 3794 	3796 	4029
f 3796 	4031 	4029
f 3796 	3798 	4031
f 3798 	4033 	4031
f 3798 	3800 	4033
f 3800 	4035 	4033
f 3800 	3802 	4035
f 3802 	4037 	4035
f 3802 	3804 	4037
f 3804 	4039 	4037
f 3804 	3806 	4039
f 3806 	4041 	4039
f 3806 	3807 	4041
f 3807 	4042 	4041
f 3807 	3805 	4042
f 3805 	4040 	4042
f 3805 	3803 	4040
f 3803 	4038 	4040
f 3803 	3801 	4038
f 3801 	4036 	4038
f 3801 	3799 	4036
f 3799 	4034 	4036
f 3799 	3797 	4034
f 3797 	4032 	4034
f 3797 	3795 	4032
f 3795 	4030 	4032
f 3795 	3793 	4030
f 3793 	4028 	4030
f 3793 	3792 	4028
f 3792 	4027 	4028
f 3792 	3790 	4027
f 3790 	4025 	4027
f 3790 	3788 	4025
f 3788 	4023 	4025
f 3788 	3786 	4023
f 3786 	4021 	4023
f 3786 	3784 	4021
f 3784 	4019 	4021
f 3784 	3782 	4019
f 3782 	4017 	4019
f 3782 	3780 	4017
f 3780 	4015 	4017
f 3780 	3778 	4015
f 3778 	4013 	4015
f 3778 	3775 	4013
f 3775 	4010 	4013
f 3775 	3773 	4010
f 3773 	4008 	4010
f 3773 	3772 	4008
f 3772 	4007 	4008
f 3772 	3770 	4007
f 3770 	4005 	4007
f 3770 	3768 	4005
f 3768 	4003 	4005
f 3768 	3766 	4003
f 3766 	4001 	4003
f 3766 	3764 	4001
f 3764 	3999 	4001
f 3764 	3762 	3999
f 3762 	3997 	3999
f 3762 	3760 	3997
f 3760 	3995 	3997
f 3760 	3757 	3995
f 3757 	3992 	3995
f 3757 	3755 	3992
f 3755 	3990 	3992
f 3755 	3753 	3990
f 3753 	3988 	3990
f 3753 	3751 	3988
f 3751 	3986 	3988
f 3751 	3749 	3986
f 3749 	3984 	3986
f 3749 	3747 	3984
f 3747 	3982 	3984
f 3747 	3745 	3982
f 3745 	3980 	3982
f 3745 	3743 	3980
f 3743 	3978 	3980
f 3743 	3741 	3978
f 3741 	3976 	3978
f 3741 	3740 	3976
f 3740 	3975 	3976
f 3740 	3738 	3975
f 3738 	3973 	3975
f 3738 	3736 	3973
f 3736 	3971 	3973
f 3736 	3735 	3971
f 3735 	3970 	3971
f 3735 	3734 	3970
f 3734 	3969 	3970
f 3734 	3730 	3969
f 3730 	3965 	3969
f 3730 	3726 	3965
f 3726 	3961 	3965
f 3726 	3722 	3961
f 3722 	3957 	3961
f 3722 	3718 	3957
f 3718 	3953 	3957
f 3718 	3714 	3953
f 3714 	3949 	3953
f 3714 	3707 	3949
f 3707 	3942 	3949
f 3707 	3703 	3942
f 3703 	3938 	3942
f 3703 	3699 	3938
f 3699 	3934 	3938
f 3699 	3696 	3934
f 3696 	3931 	3934
f 3696 	3692 	3931
f 3692 	3927 	3931
f 3692 	3595 	3927
f 3595 	3828 	3927
f 3595 	3594 	3828
f 3594 	3829 	3828
f 3594 	3593 	3829
f 3593 	3830 	3829
f 3593 	3597 	3830
f 3597 	3831 	3830
f 3597 	3596 	3831
f 3596 	3832 	3831
f 3596 	3599 	3832
f 3599 	3833 	3832
f 3599 	3598 	3833
f 3598 	3834 	3833
f 3598 	3601 	3834
f 3601 	3835 	3834
f 3601 	3600 	3835
f 3600 	3836 	3835
f 3600 	3603 	3836
f 3603 	3837 	3836
f 3603 	3602 	3837
f 3602 	3838 	3837
f 3602 	3605 	3838
f 3605 	3839 	3838
f 3605 	3604 	3839
f 3604 	3840 	3839
f 3604 	3607 	3840
f 3607 	3841 	3840
f 3607 	3606 	3841
f 3606 	3842 	3841
f 3606 	3609 	3842
f 3609 	3843 	3842
f 3609 	3608 	3843
f 3608 	3844 	3843
f 3608 	3611 	3844
f 3611 	3845 	3844
f 3611 	3610 	3845
f 3610 	3846 	3845
f 3610 	3613 	3846
f 3613 	3847 	3846
f 3613 	3612 	3847
f 3612 	3848 	3847
f 3612 	3615 	3848
f 3615 	3849 	3848
f 3615 	3614 	3849
f 3614 	3850 	3849
f 3614 	3617 	3850
f 3617 	3851 	3850
f 3617 	3616 	3851
f 3616 	3852 	3851
f 3616 	3619 	3852
f 3619 	3853 	3852
f 3619 	3618 	3853
f 3618 	3854 	3853
f 3618 	3621 	3854
f 3621 	3855 	3854
f 3621 	3620 	3855
f 3620 	3856 	3855
f 3620 	3623 	3856
f 3623 	3857 	3856
f 3623 	3622 	3857
f 3622 	3858 	3857
f 3622 	3625 	3858
f 3625 	3859 	3858
f 3625 	3624 	3859
f 3624 	3860 	3859
f 3624 	3627 	3860
f 3627 	3861 	3860
f 3627 	3626 	3861
f 3626 	3862 	3861
f 3626 	3629 	3862
f 3629 	3863 	3862
f 3629 	3628 	3863
f 3628 	3864 	3863
f 3628 	3631 	3864
f 3631 	3865 	3864
f 3631 	3630 	3865
f 3630 	3866 	3865
f 3630 	3633 	3866
f 3633 	3867 	3866
f 3633 	3632 	3867
f 3632 	3868 	3867
f 3632 	3635 	3868
f 3635 	3869 	3868
f 3635 	3634 	3869
f 3634 	3870 	3869
f 3634 	3637 	3870
f 3637 	3871 	3870
f 3637 	3636 	3871
f 3636 	3872 	3871
f 3636 	3639 	3872
f 3639 	3873 	3872
f 3639 	3638 	3873
f 3638 	3874 	3873
f 3638 	3641 	3874
f 3641 	3875 	3874
f 3641 	3640 	3875
f 3640 	3876 	3875
f 3640 	3643 	3876
f 3643 	3877 	3876
f 3643 	3642 	3877
f 3642 	3878 	3877
f 3642 	3645 	3878
f 3645 	3879 	3878
f 3645 	3644 	3879
f 3644 	3880 	3879
f 3644 	3647 	3880
f 3647 	3881 	3880
f 3647 	3646 	3881
f 3646 	3882 	3881
f 3646 	3649 	3882
f 3649 	3883 	3882
f 3649 	3648 	3883
f 3648 	3884 	3883
f 3648 	3651 	3884
f 3651 	3885 	3884
f 3651 	3650 	3885
f 3650 	3886 	3885
f 3650 	3653 	3886
f 3653 	3887 	3886
f 3653 	3652 	3887
f 3652 	3888 	3887
f 3652 	3655 	3888
f 3655 	3889 	3888
f 3655 	3654 	3889
f 3654 	3890 	3889
f 3654 	3657 	3890
f 3657 	3891 	3890
f 3657 	3656 	3891
f 3656 	3892 	3891
f 3656 	3659 	3892
f 3659 	3893 	3892
f 3659 	3658 	3893
f 3658 	3894 	3893
f 3658 	3661 	3894
f 3661 	3895 	3894
f 3661 	3660 	3895
f 3660 	3896 	3895
f 3660 	3663 	3896
f 3663 	3897 	3896
f 3663 	3662 	3897
f 3662 	3898 	3897
f 3662 	3665 	3898
f 3665 	3899 	3898
f 3665 	3664 	3899
f 3664 	3900 	3899
f 3664 	3667 	3900
f 3667 	3901 	3900
f 3667 	3666 	3901
f 3666 	3902 	3901
f 3666 	3669 	3902
f 3669 	3903 	3902
f 3669 	3668 	3903
f 3668 	3904 	3903
f 3668 	3671 	3904
f 3671 	3905 	3904
f 3671 	3670 	3905
f 3670 	3906 	3905
f 3670 	3673 	3906
f 3673 	3907 	3906
f 3673 	3672 	3907
f 3672 	3908 	3907
f 3672 	3675 	3908
f 3675 	3909 	3908
f 3675 	3674 	3909
f 3674 	3910 	3909
f 3674 	3677 	3910
f 3677 	3911 	3910
f 3677 	3676 	3911
f 3676 	3912 	3911
f 3676 	3679 	3912
f 3679 	3913 	3912
f 3679 	3678 	3913
f 3678 	3914 	3913
f 3678 	3681 	3914
f 3681 	3915 	3914
f 3681 	3680 	3915
f 3680 	3916 	3915
f 3680 	3683 	3916
f 3683 	3917 	3916
f 3683 	3682 	3917
f 3682 	3918 	3917
f 3682 	3685 	3918
f 3685 	3919 	3918
f 3685 	3684 	3919
f 3684 	3920 	3919
f 3684 	3687 	3920
f 3687 	3921 	3920
f 3687 	3686 	3921
f 3686 	3922 	3921
f 3686 	3688 	3922
f 3688 	3923 	3922
f 3688 	3575 	3923
f 3575 	3808 	3923
f 3575 	3574 	3808
f 3574 	3809 	3808
f 3574 	3573 	3809
f 3573 	3810 	3809
f 4043 	4044 	4045
f 4046 	4047 	4048
f 4049 	4050 	4051
f 4052 	4053 	4049
f 4054 	4055 	4056
f 4057 	4058 	4059
f 4060 	4061 	4062
f 4063 	4064 	4060
f 4049 	4051 	4065
f 4066 	4052 	4049
f 4067 	4057 	4059
f 4060 	4062 	4068
f 4069 	4063 	4060
f 4049 	4065 	4070
f 4071 	4066 	4049
f 4072 	4067 	4059
f 4060 	4068 	4073
f 4074 	4069 	4060
f 4049 	4070 	4075
f 4076 	4071 	4049
f 4077 	4072 	4059
f 4060 	4073 	4078
f 4079 	4074 	4060
f 4049 	4075 	4080
f 4081 	4076 	4049
f 4082 	4077 	4059
f 4060 	4078 	4083
f 4084 	4079 	4060
f 4049 	4080 	4046
f 4085 	4081 	4049
f 4086 	4082 	4059
f 4060 	4083 	4087
f 4088 	4084 	4060
f 4049 	4046 	4048
f 4056 	4085 	4049
f 4089 	4086 	4059
f 4060 	4087 	4090
f 4091 	4088 	4060
f 4049 	4048 	4092
f 4054 	4056 	4049
f 4093 	4089 	4059
f 4060 	4090 	4094
f 4095 	4091 	4060
f 4049 	4092 	4096
f 4097 	4054 	4049
f 4098 	4093 	4059
f 4060 	4094 	4099
f 4100 	4095 	4060
f 4049 	4096 	4101
f 4102 	4097 	4049
f 4103 	4098 	4059
f 4060 	4099 	4104
f 4105 	4100 	4060
f 4049 	4101 	4106
f 4107 	4102 	4049
f 4108 	4103 	4059
f 4060 	4104 	4109
f 4110 	4105 	4060
f 4107 	4049 	4106
f 4111 	4108 	4059
f 4060 	4109 	4112
f 4113 	4110 	4060
f 4107 	4106 	4114
f 4115 	4111 	4059
f 4113 	4060 	4112
f 4107 	4114 	4116
f 4117 	4115 	4059
f 4113 	4112 	4118
f 4107 	4116 	4119
f 4117 	4059 	4120
f 4113 	4118 	4121
f 4107 	4119 	4122
f 4123 	4117 	4120
f 4113 	4121 	4124
f 4107 	4122 	4125
f 4126 	4123 	4120
f 4113 	4124 	4127
f 4107 	4125 	4128
f 4129 	4126 	4120
f 4113 	4127 	4130
f 4107 	4128 	4131
f 4132 	4129 	4120
f 4113 	4130 	4133
f 4107 	4131 	4134
f 4135 	4132 	4120
f 4113 	4133 	4136
f 4107 	4134 	4137
f 4138 	4135 	4120
f 4113 	4136 	4139
f 4107 	4137 	4140
f 4141 	4138 	4120
f 4113 	4139 	4142
f 4107 	4140 	4143
f 4144 	4141 	4120
f 4113 	4142 	4145
f 4107 	4143 	4146
f 4147 	4144 	4120
f 4113 	4145 	4148
f 4107 	4146 	4149
f 4150 	4147 	4120
f 4113 	4148 	4151
f 4152 	4107 	4149
f 4113 	4151 	4153
f 4154 	4152 	4149
f 4155 	4113 	4153
f 4156 	4154 	4149
f 4157 	4155 	4153
f 4158 	4156 	4149
f 4159 	4157 	4153
f 4160 	4158 	4149
f 4161 	4159 	4153
f 4162 	4160 	4149
f 4163 	4161 	4153
f 4164 	4162 	4149
f 4165 	4163 	4153
f 4166 	4164 	4149
f 4167 	4165 	4153
f 4168 	4166 	4149
f 4169 	4167 	4153
f 4170 	4168 	4149
f 4171 	4169 	4153
f 4172 	4170 	4149
f 4173 	4171 	4153
f 4172 	4149 	4043
f 4173 	4153 	4174
f 4175 	4172 	4043
f 4173 	4174 	4176
f 4177 	4175 	4043
f 4173 	4176 	4150
f 4178 	4177 	4043
f 4179 	4173 	4150
f 4120 	4178 	4043
f 4180 	4179 	4150
f 4120 	4043 	4045
f 4181 	4180 	4150
f 4150 	4120 	4045
f 4182 	4181 	4150
f 4150 	4045 	4182
f 4183 	4184 	4185
f 4186 	4187 	4188
f 4189 	4190 	4191
f 4191 	4192 	4193
f 4194 	4195 	4196
f 4197 	4198 	4199
f 4200 	4201 	4202
f 4202 	4203 	4204
f 4205 	4189 	4191
f 4191 	4193 	4206
f 4197 	4199 	4207
f 4208 	4200 	4202
f 4202 	4204 	4209
f 4210 	4205 	4191
f 4191 	4206 	4211
f 4197 	4207 	4212
f 4213 	4208 	4202
f 4202 	4209 	4214
f 4215 	4210 	4191
f 4191 	4211 	4216
f 4197 	4212 	4217
f 4218 	4213 	4202
f 4202 	4214 	4219
f 4220 	4215 	4191
f 4191 	4216 	4221
f 4197 	4217 	4222
f 4223 	4218 	4202
f 4202 	4219 	4224
f 4188 	4220 	4191
f 4191 	4221 	4225
f 4197 	4222 	4226
f 4227 	4223 	4202
f 4202 	4224 	4228
f 4186 	4188 	4191
f 4191 	4225 	4194
f 4197 	4226 	4229
f 4230 	4227 	4202
f 4202 	4228 	4231
f 4232 	4186 	4191
f 4191 	4194 	4196
f 4197 	4229 	4233
f 4234 	4230 	4202
f 4202 	4231 	4235
f 4236 	4232 	4191
f 4191 	4196 	4237
f 4197 	4233 	4238
f 4239 	4234 	4202
f 4202 	4235 	4240
f 4241 	4236 	4191
f 4191 	4237 	4242
f 4197 	4238 	4243
f 4244 	4239 	4202
f 4202 	4240 	4245
f 4246 	4241 	4191
f 4191 	4242 	4247
f 4197 	4243 	4248
f 4249 	4244 	4202
f 4202 	4245 	4250
f 4246 	4191 	4247
f 4197 	4248 	4251
f 4252 	4249 	4202
f 4202 	4250 	4253
f 4254 	4246 	4247
f 4197 	4251 	4255
f 4252 	4202 	4253
f 4256 	4254 	4247
f 4197 	4255 	4257
f 4258 	4252 	4253
f 4259 	4256 	4247
f 4260 	4197 	4257
f 4261 	4258 	4253
f 4262 	4259 	4247
f 4260 	4257 	4263
f 4264 	4261 	4253
f 4265 	4262 	4247
f 4260 	4263 	4266
f 4267 	4264 	4253
f 4268 	4265 	4247
f 4260 	4266 	4269
f 4270 	4267 	4253
f 4271 	4268 	4247
f 4260 	4269 	4272
f 4273 	4270 	4253
f 4274 	4271 	4247
f 4260 	4272 	4275
f 4276 	4273 	4253
f 4277 	4274 	4247
f 4260 	4275 	4278
f 4279 	4276 	4253
f 4280 	4277 	4247
f 4260 	4278 	4281
f 4282 	4279 	4253
f 4283 	4280 	4247
f 4260 	4281 	4284
f 4285 	4282 	4253
f 4286 	4283 	4247
f 4260 	4284 	4287
f 4288 	4285 	4253
f 4289 	4286 	4247
f 4260 	4287 	4290
f 4291 	4288 	4253
f 4289 	4247 	4292
f 4293 	4291 	4253
f 4289 	4292 	4294
f 4293 	4253 	4295
f 4289 	4294 	4296
f 4293 	4295 	4297
f 4289 	4296 	4298
f 4293 	4297 	4299
f 4289 	4298 	4300
f 4293 	4299 	4301
f 4289 	4300 	4302
f 4293 	4301 	4303
f 4289 	4302 	4304
f 4293 	4303 	4305
f 4289 	4304 	4306
f 4293 	4305 	4307
f 4289 	4306 	4308
f 4293 	4307 	4309
f 4289 	4308 	4310
f 4293 	4309 	4311
f 4289 	4310 	4312
f 4293 	4311 	4313
f 4185 	4289 	4312
f 4314 	4293 	4313
f 4185 	4312 	4315
f 4316 	4314 	4313
f 4185 	4315 	4317
f 4290 	4316 	4313
f 4185 	4317 	4318
f 4290 	4313 	4319
f 4185 	4318 	4260
f 4290 	4319 	4320
f 4183 	4185 	4260
f 4290 	4320 	4321
f 4183 	4260 	4290
f 4290 	4321 	4322
f 4322 	4183 	4290
f 4043 	4149 	4185
f 4149 	4289 	4185
f 4149 	4146 	4289
f 4146 	4286 	4289
f 4146 	4143 	4286
f 4143 	4283 	4286
f 4143 	4140 	4283
f 4140 	4280 	4283
f 4140 	4137 	4280
f 4137 	4277 	4280
f 4137 	4134 	4277
f 4134 	4274 	4277
f 4134 	4131 	4274
f 4131 	4271 	4274
f 4131 	4128 	4271
f 4128 	4268 	4271
f 4128 	4125 	4268
f 4125 	4265 	4268
f 4125 	4122 	4265
f 4122 	4262 	4265
f 4122 	4119 	4262
f 4119 	4259 	4262
f 4119 	4116 	4259
f 4116 	4256 	4259
f 4116 	4114 	4256
f 4114 	4254 	4256
f 4114 	4106 	4254
f 4106 	4246 	4254
f 4106 	4101 	4246
f 4101 	4241 	4246
f 4101 	4096 	4241
f 4096 	4236 	4241
f 4096 	4092 	4236
f 4092 	4232 	4236
f 4092 	4048 	4232
f 4048 	4186 	4232
f 4048 	4047 	4186
f 4047 	4187 	4186
f 4047 	4046 	4187
f 4046 	4188 	4187
f 4046 	4080 	4188
f 4080 	4220 	4188
f 4080 	4075 	4220
f 4075 	4215 	4220
f 4075 	4070 	4215
f 4070 	4210 	4215
f 4070 	4065 	4210
f 4065 	4205 	4210
f 4065 	4051 	4205
f 4051 	4189 	4205
f 4051 	4050 	4189
f 4050 	4190 	4189
f 4050 	4049 	4190
f 4049 	4191 	4190
f 4049 	4053 	4191
f 4053 	4192 	4191
f 4053 	4052 	4192
f 4052 	4193 	4192
f 4052 	4066 	4193
f 4066 	4206 	4193
f 4066 	4071 	4206
f 4071 	4211 	4206
f 4071 	4076 	4211
f 4076 	4216 	4211
f 4076 	4081 	4216
f 4081 	4221 	4216
f 4081 	4085 	4221
f 4085 	4225 	4221
f 4085 	4056 	4225
f 4056 	4194 	4225
f 4056 	4055 	4194
f 4055 	4195 	4194
f 4055 	4054 	4195
f 4054 	4196 	4195
f 4054 	4097 	4196
f 4097 	4237 	4196
f 4097 	4102 	4237
f 4102 	4242 	4237
f 4102 	4107 	4242
f 4107 	4247 	4242
f 4107 	4152 	4247
f 4152 	4292 	4247
f 4152 	4154 	4292
f 4154 	4294 	4292
f 4154 	4156 	4294
f 4156 	4296 	4294
f 4156 	4158 	4296
f 4158 	4298 	4296
f 4158 	4160 	4298
f 4160 	4300 	4298
f 4160 	4162 	4300
f 4162 	4302 	4300
f 4162 	4164 	4302
f 4164 	4304 	4302
f 4164 	4166 	4304
f 4166 	4306 	4304
f 4166 	4168 	4306
f 4168 	4308 	4306
f 4168 	4170 	4308
f 4170 	4310 	4308
f 4170 	4172 	4310
f 4172 	4312 	4310
f 4172 	4175 	4312
f 4175 	4315 	4312
f 4175 	4177 	4315
f 4177 	4317 	4315
f 4177 	4178 	4317
f 4178 	4318 	4317
f 4178 	4120 	4318
f 4120 	4260 	4318
f 4120 	4059 	4260
f 4059 	4197 	4260
f 4059 	4058 	4197
f 4058 	4198 	4197
f 4058 	4057 	4198
f 4057 	4199 	4198
f 4057 	4067 	4199
f 4067 	4207 	4199
f 4067 	4072 	4207
f 4072 	4212 	4207
f 4072 	4077 	4212
f 4077 	4217 	4212
f 4077 	4082 	4217
f 4082 	4222 	4217
f 4082 	4086 	4222
f 4086 	4226 	4222
f 4086 	4089 	4226
f 4089 	4229 	4226
f 4089 	4093 	4229
f 4093 	4233 	4229
f 4093 	4098 	4233
f 4098 	4238 	4233
f 4098 	4103 	4238
f 4103 	4243 	4238
f 4103 	4108 	4243
f 4108 	4248 	4243
f 4108 	4111 	4248
f 4111 	4251 	4248
f 4111 	4115 	4251
f 4115 	4255 	4251
f 4115 	4117 	4255
f 4117 	4257 	4255
f 4117 	4123 	4257
f 4123 	4263 	4257
f 4123 	4126 	4263
f 4126 	4266 	4263
f 4126 	4129 	4266
f 4129 	4269 	4266
f 4129 	4132 	4269
f 4132 	4272 	4269
f 4132 	4135 	4272
f 4135 	4275 	4272
f 4135 	4138 	4275
f 4138 	4278 	4275
f 4138 	4141 	4278
f 4141 	4281 	4278
f 4141 	4144 	4281
f 4144 	4284 	4281
f 4144 	4147 	4284
f 4147 	4287 	4284
f 4147 	4150 	4287
f 4150 	4290 	4287
f 4150 	4176 	4290
f 4176 	4316 	4290
f 4176 	4174 	4316
f 4174 	4314 	4316
f 4174 	4153 	4314
f 4153 	4293 	4314
f 4153 	4151 	4293
f 4151 	4291 	4293
f 4151 	4148 	4291
f 4148 	4288 	4291
f 4148 	4145 	4288
f 4145 	4285 	4288
f 4145 	4142 	4285
f 4142 	4282 	4285
f 4142 	4139 	4282
f 4139 	4279 	4282
f 4139 	4136 	4279
f 4136 	4276 	4279
f 4136 	4133 	4276
f 4133 	4273 	4276
f 4133 	4130 	4273
f 4130 	4270 	4273
f 4130 	4127 	4270
f 4127 	4267 	4270
f 4127 	4124 	4267
f 4124 	4264 	4267
f 4124 	4121 	4264
f 4121 	4261 	4264
f 4121 	4118 	4261
f 4118 	4258 	4261
f 4118 	4112 	4258
f 4112 	4252 	4258
f 4112 	4109 	4252
f 4109 	4249 	4252
f 4109 	4104 	4249
f 4104 	4244 	4249
f 4104 	4099 	4244
f 4099 	4239 	4244
f 4099 	4094 	4239
f 4094 	4234 	4239
f 4094 	4090 	4234
f 4090 	4230 	4234
f 4090 	4087 	4230
f 4087 	4227 	4230
f 4087 	4083 	4227
f 4083 	4223 	4227
f 4083 	4078 	4223
f 4078 	4218 	4223
f 4078 	4073 	4218
f 4073 	4213 	4218
f 4073 	4068 	4213
f 4068 	4208 	4213
f 4068 	4062 	4208
f 4062 	4200 	4208
f 4062 	4061 	4200
f 4061 	4201 	4200
f 4061 	4060 	4201
f 4060 	4202 	4201
f 4060 	4064 	4202
f 4064 	4203 	4202
f 4064 	4063 	4203
f 4063 	4204 	4203
f 4063 	4069 	4204
f 4069 	4209 	4204
f 4069 	4074 	4209
f 4074 	4214 	4209
f 4074 	4079 	4214
f 4079 	4219 	4214
f 4079 	4084 	4219
f 4084 	4224 	4219
f 4084 	4088 	4224
f 4088 	4228 	4224
f 4088 	4091 	4228
f 4091 	4231 	4228
f 4091 	4095 	4231
f 4095 	4235 	4231
f 4095 	4100 	4235
f 4100 	4240 	4235
f 4100 	4105 	4240
f 4105 	4245 	4240
f 4105 	4110 	4245
f 4110 	4250 	4245
f 4110 	4113 	4250
f 4113 	4253 	4250
f 4113 	4155 	4253
f 4155 	4295 	4253
f 4155 	4157 	4295
f 4157 	4297 	4295
f 4157 	4159 	4297
f 4159 	4299 	4297
f 4159 	4161 	4299
f 4161 	4301 	4299
f 4161 	4163 	4301
f 4163 	4303 	4301
f 4163 	4165 	4303
f 4165 	4305 	4303
f 4165 	4167 	4305
f 4167 	4307 	4305
f 4167 	4169 	4307
f 4169 	4309 	4307
f 4169 	4171 	4309
f 4171 	4311 	4309
f 4171 	4173 	4311
f 4173 	4313 	4311
f 4173 	4179 	4313
f 4179 	4319 	4313
f 4179 	4180 	4319
f 4180 	4320 	4319
f 4180 	4181 	4320
f 4181 	4321 	4320
f 4181 	4182 	4321
f 4182 	4322 	4321
f 4182 	4045 	4322
f 4045 	4183 	4322
f 4045 	4044 	4183
f 4044 	4184 	4183
f 4044 	4043 	4184
f 4043 	4185 	4184
f 4323 	4324 	4325
f 4326 	4327 	4328
f 4329 	4330 	4326
f 4331 	4332 	4333
f 4334 	4335 	4336
f 4337 	4338 	4339
f 4340 	4341 	4337
f 4342 	4343 	4344
f 4345 	4346 	4342
f 4347 	4348 	4349
f 4350 	4351 	4352
f 4353 	4354 	4350
f 4326 	4328 	4355
f 4356 	4329 	4326
f 4337 	4339 	4357
f 4358 	4340 	4337
f 4342 	4344 	4359
f 4360 	4345 	4342
f 4361 	4347 	4349
f 4350 	4352 	4362
f 4363 	4353 	4350
f 4326 	4355 	4364
f 4365 	4356 	4326
f 4337 	4357 	4366
f 4367 	4358 	4337
f 4342 	4359 	4368
f 4369 	4360 	4342
f 4350 	4362 	4370
f 4371 	4363 	4350
f 4326 	4364 	4372
f 4373 	4365 	4326
f 4337 	4366 	4374
f 4375 	4367 	4337
f 4342 	4368 	4376
f 4377 	4369 	4342
f 4350 	4370 	4378
f 4379 	4371 	4350
f 4326 	4372 	4380
f 4381 	4373 	4326
f 4337 	4374 	4382
f 4383 	4375 	4337
f 4342 	4376 	4384
f 4385 	4377 	4342
f 4350 	4378 	4386
f 4387 	4379 	4350
f 4326 	4380 	4323
f 4388 	4381 	4326
f 4337 	4382 	4389
f 4390 	4383 	4337
f 4385 	4342 	4384
f 4350 	4386 	4391
f 4392 	4387 	4350
f 4326 	4323 	4325
f 4393 	4388 	4326
f 4337 	4389 	4394
f 4395 	4390 	4337
f 4385 	4384 	4396
f 4350 	4391 	4397
f 4398 	4392 	4350
f 4326 	4325 	4399
f 4400 	4393 	4326
f 4337 	4394 	4401
f 4402 	4395 	4337
f 4385 	4396 	4403
f 4350 	4397 	4404
f 4405 	4398 	4350
f 4326 	4399 	4406
f 4407 	4400 	4326
f 4337 	4401 	4408
f 4409 	4402 	4337
f 4385 	4403 	4410
f 4350 	4404 	4411
f 4412 	4405 	4350
f 4326 	4406 	4413
f 4414 	4407 	4326
f 4337 	4408 	4415
f 4416 	4409 	4337
f 4385 	4410 	4417
f 4350 	4411 	4418
f 4419 	4412 	4350
f 4326 	4413 	4420
f 4421 	4414 	4326
f 4337 	4415 	4422
f 4423 	4416 	4337
f 4385 	4417 	4424
f 4350 	4418 	4425
f 4426 	4419 	4350
f 4326 	4420 	4427
f 4428 	4421 	4326
f 4337 	4422 	4429
f 4430 	4423 	4337
f 4385 	4424 	4431
f 4350 	4425 	4432
f 4433 	4426 	4350
f 4326 	4427 	4434
f 4435 	4428 	4326
f 4337 	4429 	4436
f 4437 	4430 	4337
f 4385 	4431 	4438
f 4350 	4432 	4439
f 4440 	4433 	4350
f 4326 	4434 	4441
f 4442 	4435 	4326
f 4337 	4436 	4443
f 4444 	4437 	4337
f 4385 	4438 	4445
f 4350 	4439 	4446
f 4447 	4440 	4350
f 4326 	4441 	4448
f 4449 	4442 	4326
f 4337 	4443 	4450
f 4451 	4444 	4337
f 4385 	4445 	4452
f 4350 	4446 	4453
f 4454 	4447 	4350
f 4449 	4326 	4448
f 4337 	4450 	4455
f 4456 	4451 	4337
f 4385 	4452 	4457
f 4350 	4453 	4458
f 4459 	4454 	4350
f 4449 	4448 	4460
f 4337 	4455 	4461
f 4462 	4456 	4337
f 4385 	4457 	4463
f 4350 	4458 	4464
f 4465 	4459 	4350
f 4449 	4460 	4466
f 4337 	4461 	4334
f 4467 	4462 	4337
f 4385 	4463 	4468
f 4350 	4464 	4469
f 4470 	4465 	4350
f 4449 	4466 	4471
f 4467 	4337 	4334
f 4385 	4468 	4472
f 4350 	4469 	4473
f 4474 	4470 	4350
f 4449 	4471 	4475
f 4467 	4334 	4336
f 4385 	4472 	4476
f 4474 	4350 	4473
f 4449 	4475 	4477
f 4467 	4336 	4478
f 4385 	4476 	4479
f 4474 	4473 	4480
f 4449 	4477 	4481
f 4467 	4478 	4482
f 4385 	4479 	4483
f 4474 	4480 	4484
f 4449 	4481 	4485
f 4467 	4482 	4486
f 4385 	4483 	4487
f 4474 	4484 	4488
f 4449 	4485 	4489
f 4467 	4486 	4490
f 4385 	4487 	4491
f 4474 	4488 	4361
f 4449 	4489 	4492
f 4467 	4490 	4493
f 4385 	4491 	4494
f 4495 	4474 	4361
f 4449 	4492 	4496
f 4467 	4493 	4331
f 4385 	4494 	4497
f 4498 	4495 	4361
f 4449 	4496 	4499
f 4500 	4467 	4331
f 4385 	4497 	4501
f 4502 	4498 	4361
f 4449 	4499 	4503
f 4504 	4500 	4331
f 4385 	4501 	4505
f 4506 	4502 	4361
f 4449 	4503 	4507
f 4508 	4504 	4331
f 4509 	4385 	4505
f 4510 	4506 	4361
f 4449 	4507 	4511
f 4512 	4508 	4331
f 4509 	4505 	4513
f 4514 	4510 	4361
f 4449 	4511 	4515
f 4516 	4512 	4331
f 4509 	4513 	4517
f 4518 	4514 	4361
f 4449 	4515 	4519
f 4520 	4516 	4331
f 4509 	4517 	4521
f 4522 	4518 	4361
f 4449 	4519 	4523
f 4524 	4520 	4331
f 4509 	4521 	4525
f 4526 	4522 	4361
f 4449 	4523 	4527
f 4528 	4524 	4331
f 4529 	4509 	4525
f 4526 	4361 	4349
f 4449 	4527 	4530
f 4528 	4331 	4333
f 4531 	4529 	4525
f 4532 	4526 	4349
f 4449 	4530 	4533
f 4525 	4528 	4333
f 4534 	4531 	4525
f 4535 	4532 	4349
f 4449 	4533 	4536
f 4525 	4333 	4537
f 4538 	4534 	4525
f 4539 	4535 	4349
f 4449 	4536 	4540
f 4541 	4538 	4525
f 4542 	4539 	4349
f 4543 	4449 	4540
f 4541 	4525 	4537
f 4544 	4542 	4349
f 4545 	4543 	4540
f 4541 	4537 	4546
f 4547 	4544 	4349
f 4548 	4545 	4540
f 4541 	4546 	4549
f 4550 	4547 	4349
f 4551 	4548 	4540
f 4541 	4549 	4552
f 4553 	4550 	4349
f 4554 	4551 	4540
f 4541 	4552 	4554
f 4555 	4553 	4349
f 4556 	4541 	4554
f 4540 	4555 	4349
f 4557 	4556 	4554
f 4554 	4540 	4349
f 4558 	4557 	4554
f 4554 	4349 	4558
f 4559 	4560 	4561
f 4562 	4563 	4564
f 4564 	4565 	4566
f 4567 	4568 	4569
f 4570 	4571 	4572
f 4573 	4574 	4575
f 4575 	4576 	4577
f 4578 	4579 	4580
f 4580 	4581 	4582
f 4583 	4584 	4585
f 4586 	4587 	4588
f 4588 	4589 	4590
f 4591 	4562 	4564
f 4564 	4566 	4592
f 4593 	4573 	4575
f 4575 	4577 	4594
f 4595 	4578 	4580
f 4580 	4582 	4596
f 4583 	4585 	4597
f 4598 	4586 	4588
f 4588 	4590 	4599
f 4600 	4591 	4564
f 4564 	4592 	4601
f 4602 	4593 	4575
f 4575 	4594 	4603
f 4604 	4595 	4580
f 4580 	4596 	4605
f 4606 	4598 	4588
f 4588 	4599 	4607
f 4608 	4600 	4564
f 4564 	4601 	4609
f 4610 	4602 	4575
f 4575 	4603 	4611
f 4612 	4604 	4580
f 4580 	4605 	4613
f 4614 	4606 	4588
f 4588 	4607 	4615
f 4616 	4608 	4564
f 4564 	4609 	4617
f 4618 	4610 	4575
f 4575 	4611 	4619
f 4620 	4612 	4580
f 4580 	4613 	4621
f 4622 	4614 	4588
f 4588 	4615 	4623
f 4561 	4616 	4564
f 4564 	4617 	4624
f 4625 	4618 	4575
f 4575 	4619 	4626
f 4620 	4580 	4621
f 4627 	4622 	4588
f 4588 	4623 	4628
f 4559 	4561 	4564
f 4564 	4624 	4629
f 4630 	4625 	4575
f 4575 	4626 	4631
f 4632 	4620 	4621
f 4633 	4627 	4588
f 4588 	4628 	4634
f 4635 	4559 	4564
f 4564 	4629 	4636
f 4637 	4630 	4575
f 4575 	4631 	4638
f 4639 	4632 	4621
f 4640 	4633 	4588
f 4588 	4634 	4641
f 4642 	4635 	4564
f 4564 	4636 	4643
f 4644 	4637 	4575
f 4575 	4638 	4645
f 4646 	4639 	4621
f 4647 	4640 	4588
f 4588 	4641 	4648
f 4649 	4642 	4564
f 4564 	4643 	4650
f 4651 	4644 	4575
f 4575 	4645 	4652
f 4653 	4646 	4621
f 4654 	4647 	4588
f 4588 	4648 	4655
f 4656 	4649 	4564
f 4564 	4650 	4657
f 4658 	4651 	4575
f 4575 	4652 	4659
f 4660 	4653 	4621
f 4661 	4654 	4588
f 4588 	4655 	4662
f 4663 	4656 	4564
f 4564 	4657 	4664
f 4665 	4658 	4575
f 4575 	4659 	4666
f 4667 	4660 	4621
f 4668 	4661 	4588
f 4588 	4662 	4669
f 4670 	4663 	4564
f 4564 	4664 	4671
f 4672 	4665 	4575
f 4575 	4666 	4673
f 4674 	4667 	4621
f 4675 	4668 	4588
f 4588 	4669 	4676
f 4677 	4670 	4564
f 4564 	4671 	4678
f 4679 	4672 	4575
f 4575 	4673 	4680
f 4681 	4674 	4621
f 4682 	4675 	4588
f 4588 	4676 	4683
f 4684 	4677 	4564
f 4564 	4678 	4685
f 4686 	4679 	4575
f 4575 	4680 	4687
f 4688 	4681 	4621
f 4689 	4682 	4588
f 4588 	4683 	4690
f 4684 	4564 	4685
f 4691 	4686 	4575
f 4575 	4687 	4692
f 4693 	4688 	4621
f 4694 	4689 	4588
f 4588 	4690 	4695
f 4696 	4684 	4685
f 4697 	4691 	4575
f 4575 	4692 	4698
f 4699 	4693 	4621
f 4700 	4694 	4588
f 4588 	4695 	4701
f 4702 	4696 	4685
f 4572 	4697 	4575
f 4575 	4698 	4703
f 4704 	4699 	4621
f 4705 	4700 	4588
f 4588 	4701 	4706
f 4707 	4702 	4685
f 4572 	4575 	4703
f 4708 	4704 	4621
f 4709 	4705 	4588
f 4588 	4706 	4710
f 4711 	4707 	4685
f 4570 	4572 	4703
f 4712 	4708 	4621
f 4709 	4588 	4710
f 4713 	4711 	4685
f 4714 	4570 	4703
f 4715 	4712 	4621
f 4716 	4709 	4710
f 4717 	4713 	4685
f 4718 	4714 	4703
f 4719 	4715 	4621
f 4720 	4716 	4710
f 4721 	4717 	4685
f 4722 	4718 	4703
f 4723 	4719 	4621
f 4724 	4720 	4710
f 4725 	4721 	4685
f 4726 	4722 	4703
f 4727 	4723 	4621
f 4597 	4724 	4710
f 4728 	4725 	4685
f 4729 	4726 	4703
f 4730 	4727 	4621
f 4597 	4710 	4731
f 4732 	4728 	4685
f 4569 	4729 	4703
f 4733 	4730 	4621
f 4597 	4731 	4734
f 4735 	4732 	4685
f 4569 	4703 	4736
f 4737 	4733 	4621
f 4597 	4734 	4738
f 4739 	4735 	4685
f 4569 	4736 	4740
f 4741 	4737 	4621
f 4597 	4738 	4742
f 4743 	4739 	4685
f 4569 	4740 	4744
f 4741 	4621 	4745
f 4597 	4742 	4746
f 4747 	4743 	4685
f 4569 	4744 	4748
f 4749 	4741 	4745
f 4597 	4746 	4750
f 4751 	4747 	4685
f 4569 	4748 	4752
f 4753 	4749 	4745
f 4597 	4750 	4754
f 4755 	4751 	4685
f 4569 	4752 	4756
f 4757 	4753 	4745
f 4597 	4754 	4758
f 4759 	4755 	4685
f 4569 	4756 	4760
f 4761 	4757 	4745
f 4597 	4758 	4762
f 4763 	4759 	4685
f 4569 	4760 	4764
f 4761 	4745 	4765
f 4583 	4597 	4762
f 4766 	4763 	4685
f 4567 	4569 	4764
f 4761 	4765 	4767
f 4583 	4762 	4768
f 4769 	4766 	4685
f 4567 	4764 	4761
f 4761 	4767 	4770
f 4583 	4768 	4771
f 4772 	4769 	4685
f 4773 	4567 	4761
f 4761 	4770 	4774
f 4583 	4771 	4775
f 4776 	4772 	4685
f 4761 	4774 	4777
f 4583 	4775 	4778
f 4776 	4685 	4779
f 4773 	4761 	4777
f 4583 	4778 	4780
f 4776 	4779 	4781
f 4782 	4773 	4777
f 4583 	4780 	4783
f 4776 	4781 	4784
f 4785 	4782 	4777
f 4583 	4783 	4786
f 4776 	4784 	4787
f 4788 	4785 	4777
f 4583 	4786 	4789
f 4776 	4787 	4790
f 4790 	4788 	4777
f 4583 	4789 	4791
f 4790 	4777 	4792
f 4583 	4791 	4776
f 4790 	4792 	4793
f 4583 	4776 	4790
f 4790 	4793 	4794
f 4794 	4583 	4790
f 4518 	4522 	4754
f 4522 	4758 	4754
f 4522 	4526 	4758
f 4526 	4762 	4758
f 4526 	4532 	4762
f 4532 	4768 	4762
f 4532 	4535 	4768
f 4535 	4771 	4768
f 4535 	4539 	4771
f 4539 	4775 	4771
f 4539 	4542 	4775
f 4542 	4778 	4775
f 4542 	4544 	4778
f 4544 	4780 	4778
f 4544 	4547 	4780
f 4547 	4783 	4780
f 4547 	4550 	4783
f 4550 	4786 	4783
f 4550 	4553 	4786
f 4553 	4789 	4786
f 4553 	4555 	4789
f 4555 	4791 	4789
f 4555 	4540 	4791
f 4540 	4776 	4791
f 4540 	4536 	4776
f 4536 	4772 	4776
f 4536 	4533 	4772
f 4533 	4769 	4772
f 4533 	4530 	4769
f 4530 	4766 	4769
f 4530 	4527 	4766
f 4527 	4763 	4766
f 4527 	4523 	4763
f 4523 	4759 	4763
f 4523 	4519 	4759
f 4519 	4755 	4759
f 4519 	4515 	4755
f 4515 	4751 	4755
f 4515 	4511 	4751
f 4511 	4747 	4751
f 4511 	4507 	4747
f 4507 	4743 	4747
f 4507 	4503 	4743
f 4503 	4739 	4743
f 4503 	4499 	4739
f 4499 	4735 	4739
f 4499 	4496 	4735
f 4496 	4732 	4735
f 4496 	4492 	4732
f 4492 	4728 	4732
f 4492 	4489 	4728
f 4489 	4725 	4728
f 4489 	4485 	4725
f 4485 	4721 	4725
f 4485 	4481 	4721
f 4481 	4717 	4721
f 4481 	4477 	4717
f 4477 	4713 	4717
f 4477 	4475 	4713
f 4475 	4711 	4713
f 4475 	4471 	4711
f 4471 	4707 	4711
f 4471 	4466 	4707
f 4466 	4702 	4707
f 4466 	4460 	4702
f 4460 	4696 	4702
f 4460 	4448 	4696
f 4448 	4684 	4696
f 4448 	4441 	4684
f 4441 	4677 	4684
f 4441 	4434 	4677
f 4434 	4670 	4677
f 4434 	4427 	4670
f 4427 	4663 	4670
f 4427 	4420 	4663
f 4420 	4656 	4663
f 4420 	4413 	4656
f 4413 	4649 	4656
f 4413 	4406 	4649
f 4406 	4642 	4649
f 4406 	4399 	4642
f 4399 	4635 	4642
f 4399 	4325 	4635
f 4325 	4559 	4635
f 4325 	4324 	4559
f 4324 	4560 	4559
f 4324 	4323 	4560
f 4323 	4561 	4560
f 4323 	4380 	4561
f 4380 	4616 	4561
f 4380 	4372 	4616
f 4372 	4608 	4616
f 4372 	4364 	4608
f 4364 	4600 	4608
f 4364 	4355 	4600
f 4355 	4591 	4600
f 4355 	4328 	4591
f 4328 	4562 	4591
f 4328 	4327 	4562
f 4327 	4563 	4562
f 4327 	4326 	4563
f 4326 	4564 	4563
f 4326 	4330 	4564
f 4330 	4565 	4564
f 4330 	4329 	4565
f 4329 	4566 	4565
f 4329 	4356 	4566
f 4356 	4592 	4566
f 4356 	4365 	4592
f 4365 	4601 	4592
f 4365 	4373 	4601
f 4373 	4609 	4601
f 4373 	4381 	4609
f 4381 	4617 	4609
f 4381 	4388 	4617
f 4388 	4624 	4617
f 4388 	4393 	4624
f 4393 	4629 	4624
f 4393 	4400 	4629
f 4400 	4636 	4629
f 4400 	4407 	4636
f 4407 	4643 	4636
f 4407 	4414 	4643
f 4414 	4650 	4643
f 4414 	4421 	4650
f 4421 	4657 	4650
f 4421 	4428 	4657
f 4428 	4664 	4657
f 4428 	4435 	4664
f 4435 	4671 	4664
f 4435 	4442 	4671
f 4442 	4678 	4671
f 4442 	4449 	4678
f 4449 	4685 	4678
f 4449 	4543 	4685
f 4543 	4779 	4685
f 4543 	4545 	4779
f 4545 	4781 	4779
f 4545 	4548 	4781
f 4548 	4784 	4781
f 4548 	4551 	4784
f 4551 	4787 	4784
f 4551 	4554 	4787
f 4554 	4790 	4787
f 4554 	4552 	4790
f 4552 	4788 	4790
f 4552 	4549 	4788
f 4549 	4785 	4788
f 4549 	4546 	4785
f 4546 	4782 	4785
f 4546 	4537 	4782
f 4537 	4773 	4782
f 4537 	4333 	4773
f 4333 	4567 	4773
f 4333 	4332 	4567
f 4332 	4568 	4567
f 4332 	4331 	4568
f 4331 	4569 	4568
f 4331 	4493 	4569
f 4493 	4729 	4569
f 4493 	4490 	4729
f 4490 	4726 	4729
f 4490 	4486 	4726
f 4486 	4722 	4726
f 4486 	4482 	4722
f 4482 	4718 	4722
f 4482 	4478 	4718
f 4478 	4714 	4718
f 4478 	4336 	4714
f 4336 	4570 	4714
f 4336 	4335 	4570
f 4335 	4571 	4570
f 4335 	4334 	4571
f 4334 	4572 	4571
f 4334 	4461 	4572
f 4461 	4697 	4572
f 4461 	4455 	4697
f 4455 	4691 	4697
f 4455 	4450 	4691
f 4450 	4686 	4691
f 4450 	4443 	4686
f 4443 	4679 	4686
f 4443 	4436 	4679
f 4436 	4672 	4679
f 4436 	4429 	4672
f 4429 	4665 	4672
f 4429 	4422 	4665
f 4422 	4658 	4665
f 4422 	4415 	4658
f 4415 	4651 	4658
f 4415 	4408 	4651
f 4408 	4644 	4651
f 4408 	4401 	4644
f 4401 	4637 	4644
f 4401 	4394 	4637
f 4394 	4630 	4637
f 4394 	4389 	4630
f 4389 	4625 	4630
f 4389 	4382 	4625
f 4382 	4618 	4625
f 4382 	4374 	4618
f 4374 	4610 	4618
f 4374 	4366 	4610
f 4366 	4602 	4610
f 4366 	4357 	4602
f 4357 	4593 	4602
f 4357 	4339 	4593
f 4339 	4573 	4593
f 4339 	4338 	4573
f 4338 	4574 	4573
f 4338 	4337 	4574
f 4337 	4575 	4574
f 4337 	4341 	4575
f 4341 	4576 	4575
f 4341 	4340 	4576
f 4340 	4577 	4576
f 4340 	4358 	4577
f 4358 	4594 	4577
f 4358 	4367 	4594
f 4367 	4603 	4594
f 4367 	4375 	4603
f 4375 	4611 	4603
f 4375 	4383 	4611
f 4383 	4619 	4611
f 4383 	4390 	4619
f 4390 	4626 	4619
f 4390 	4395 	4626
f 4395 	4631 	4626
f 4395 	4402 	4631
f 4402 	4638 	4631
f 4402 	4409 	4638
f 4409 	4645 	4638
f 4409 	4416 	4645
f 4416 	4652 	4645
f 4416 	4423 	4652
f 4423 	4659 	4652
f 4423 	4430 	4659
f 4430 	4666 	4659
f 4430 	4437 	4666
f 4437 	4673 	4666
f 4437 	4444 	4673
f 4444 	4680 	4673
f 4444 	4451 	4680
f 4451 	4687 	4680
f 4451 	4456 	4687
f 4456 	4692 	4687
f 4456 	4462 	4692
f 4462 	4698 	4692
f 4462 	4467 	4698
f 4467 	4703 	4698
f 4467 	4500 	4703
f 4500 	4736 	4703
f 4500 	4504 	4736
f 4504 	4740 	4736
f 4504 	4508 	4740
f 4508 	4744 	4740
f 4508 	4512 	4744
f 4512 	4748 	4744
f 4512 	4516 	4748
f 4516 	4752 	4748
f 4516 	4520 	4752
f 4520 	4756 	4752
f 4520 	4524 	4756
f 4524 	4760 	4756
f 4524 	4528 	4760
f 4528 	4764 	4760
f 4528 	4525 	4764
f 4525 	4761 	4764
f 4525 	4521 	4761
f 4521 	4757 	4761
f 4521 	4517 	4757
f 4517 	4753 	4757
f 4517 	4513 	4753
f 4513 	4749 	4753
f 4513 	4505 	4749
f 4505 	4741 	4749
f 4505 	4501 	4741
f 4501 	4737 	4741
f 4501 	4497 	4737
f 4497 	4733 	4737
f 4497 	4494 	4733
f 4494 	4730 	4733
f 4494 	4491 	4730
f 4491 	4727 	4730
f 4491 	4487 	4727
f 4487 	4723 	4727
f 4487 	4483 	4723
f 4483 	4719 	4723
f 4483 	4479 	4719
f 4479 	4715 	4719
f 4479 	4476 	4715
f 4476 	4712 	4715
f 4476 	4472 	4712
f 4472 	4708 	4712
f 4472 	4468 	4708
f 4468 	4704 	4708
f 4468 	4463 	4704
f 4463 	4699 	4704
f 4463 	4457 	4699
f 4457 	4693 	4699
f 4457 	4452 	4693
f 4452 	4688 	4693
f 4452 	4445 	4688
f 4445 	4681 	4688
f 4445 	4438 	4681
f 4438 	4674 	4681
f 4438 	4431 	4674
f 4431 	4667 	4674
f 4431 	4424 	4667
f 4424 	4660 	4667
f 4424 	4417 	4660
f 4417 	4653 	4660
f 4417 	4410 	4653
f 4410 	4646 	4653
f 4410 	4403 	4646
f 4403 	4639 	4646
f 4403 	4396 	4639
f 4396 	4632 	4639
f 4396 	4384 	4632
f 4384 	4620 	4632
f 4384 	4376 	4620
f 4376 	4612 	4620
f 4376 	4368 	4612
f 4368 	4604 	4612
f 4368 	4359 	4604
f 4359 	4595 	4604
f 4359 	4344 	4595
f 4344 	4578 	4595
f 4344 	4343 	4578
f 4343 	4579 	4578
f 4343 	4342 	4579
f 4342 	4580 	4579
f 4342 	4346 	4580
f 4346 	4581 	4580
f 4346 	4345 	4581
f 4345 	4582 	4581
f 4345 	4360 	4582
f 4360 	4596 	4582
f 4360 	4369 	4596
f 4369 	4605 	4596
f 4369 	4377 	4605
f 4377 	4613 	4605
f 4377 	4385 	4613
f 4385 	4621 	4613
f 4385 	4509 	4621
f 4509 	4745 	4621
f 4509 	4529 	4745
f 4529 	4765 	4745
f 4529 	4531 	4765
f 4531 	4767 	4765
f 4531 	4534 	4767
f 4534 	4770 	4767
f 4534 	4538 	4770
f 4538 	4774 	4770
f 4538 	4541 	4774
f 4541 	4777 	4774
f 4541 	4556 	4777
f 4556 	4792 	4777
f 4556 	4557 	4792
f 4557 	4793 	4792
f 4557 	4558 	4793
f 4558 	4794 	4793
f 4558 	4349 	4794
f 4349 	4583 	4794
f 4349 	4348 	4583
f 4348 	4584 	4583
f 4348 	4347 	4584
f 4347 	4585 	4584
f 4347 	4361 	4585
f 4361 	4597 	4585
f 4361 	4488 	4597
f 4488 	4724 	4597
f 4488 	4484 	4724
f 4484 	4720 	4724
f 4484 	4480 	4720
f 4480 	4716 	4720
f 4480 	4473 	4716
f 4473 	4709 	4716
f 4473 	4469 	4709
f 4469 	4705 	4709
f 4469 	4464 	4705
f 4464 	4700 	4705
f 4464 	4458 	4700
f 4458 	4694 	4700
f 4458 	4453 	4694
f 4453 	4689 	4694
f 4453 	4446 	4689
f 4446 	4682 	4689
f 4446 	4439 	4682
f 4439 	4675 	4682
f 4439 	4432 	4675
f 4432 	4668 	4675
f 4432 	4425 	4668
f 4425 	4661 	4668
f 4425 	4418 	4661
f 4418 	4654 	4661
f 4418 	4411 	4654
f 4411 	4647 	4654
f 4411 	4404 	4647
f 4404 	4640 	4647
f 4404 	4397 	4640
f 4397 	4633 	4640
f 4397 	4391 	4633
f 4391 	4627 	4633
f 4391 	4386 	4627
f 4386 	4622 	4627
f 4386 	4378 	4622
f 4378 	4614 	4622
f 4378 	4370 	4614
f 4370 	4606 	4614
f 4370 	4362 	4606
f 4362 	4598 	4606
f 4362 	4352 	4598
f 4352 	4586 	4598
f 4352 	4351 	4586
f 4351 	4587 	4586
f 4351 	4350 	4587
f 4350 	4588 	4587
f 4350 	4354 	4588
f 4354 	4589 	4588
f 4354 	4353 	4589
f 4353 	4590 	4589
f 4353 	4363 	4590
f 4363 	4599 	4590
f 4363 	4371 	4599
f 4371 	4607 	4599
f 4371 	4379 	4607
f 4379 	4615 	4607
f 4379 	4387 	4615
f 4387 	4623 	4615
f 4387 	4392 	4623
f 4392 	4628 	4623
f 4392 	4398 	4628
f 4398 	4634 	4628
f 4398 	4405 	4634
f 4405 	4641 	4634
f 4405 	4412 	4641
f 4412 	4648 	4641
f 4412 	4419 	4648
f 4419 	4655 	4648
f 4419 	4426 	4655
f 4426 	4662 	4655
f 4426 	4433 	4662
f 4433 	4669 	4662
f 4433 	4440 	4669
f 4440 	4676 	4669
f 4440 	4447 	4676
f 4447 	4683 	4676
f 4447 	4454 	4683
f 4454 	4690 	4683
f 4454 	4459 	4690
f 4459 	4695 	4690
f 4459 	4465 	4695
f 4465 	4701 	4695
f 4465 	4470 	4701
f 4470 	4706 	4701
f 4470 	4474 	4706
f 4474 	4710 	4706
f 4474 	4495 	4710
f 4495 	4731 	4710
f 4495 	4498 	4731
f 4498 	4734 	4731
f 4498 	4502 	4734
f 4502 	4738 	4734
f 4502 	4506 	4738
f 4506 	4742 	4738
f 4506 	4510 	4742
f 4510 	4746 	4742
f 4510 	4514 	4746
f 4514 	4750 	4746
f 4514 	4518 	4750
f 4518 	4754 	4750
# 9560 faces

 #end of obj_0

o obj_1
v 51.003 		-28.498 		5
v 51.003 		-28.498 		0
v 51.003 		-34.5 		0
v 51.003 		-34.5 		5
v 13.997 		-34.5 		5
v 13.997 		-34.5 		0
v 13.997 		-28.498 		0
v 13.997 		-28.498 		5
v 51 		-28.498 		5
v 51 		-28.498 		0
v 51 		-37.5 		0
v 14 		-37.5 		0
v 14 		-28.498 		0
v 14 		-28.498 		5
v 76 		-34.5 		0
v 76 		-34.5 		5
v -10 		-34.5 		5
v -10 		-34.5 		0
v 76 		9.5 		5
v 76 		9.5 		0
v -10 		9.5 		0
v -10 		9.5 		5
v 51 		-27.5 		6
v 14 		-27.5 		6
v 51 		-27.5 		5
v 14 		-27.5 		5
v 69 		-27.5 		5
v 69 		-27.5 		8
v -1.727 		-27.5 		8
v -1.727 		-27.5 		5
v 69 		1.5 		8
v 69 		1.5 		5
v -1.727 		1.5 		5
v -1.727 		1.5 		8
# 34 vertices

g group_1_2829873

usemtl color_2829873
s 0

f 4795 	4796 	4797
f 4795 	4797 	4798
f 4799 	4800 	4801
f 4799 	4801 	4802
f 4796 	4795 	4803
f 4796 	4803 	4804
f 4807 	4808 	4802
f 4807 	4802 	4801
f 4809 	4810 	4798
f 4809 	4798 	4797
f 4811 	4812 	4800
f 4811 	4800 	4799
f 4813 	4814 	4815
f 4813 	4815 	4816
f 4805 	4817 	4806
f 4818 	4806 	4817
f 4817 	4805 	4803
f 4817 	4803 	4819
f 4821 	4822 	4817
f 4821 	4817 	4819
f 4820 	4818 	4824
f 4823 	4824 	4818
f 4818 	4817 	4823
f 4822 	4823 	4817
f 4804 	4805 	4807
f 4806 	4807 	4805
f 4825 	4826 	4827
f 4825 	4827 	4828
f 4814 	4809 	4796
f 4797 	4796 	4809
f 4812 	4801 	4800
f 4814 	4796 	4804
f 4807 	4815 	4804
f 4801 	4815 	4807
f 4812 	4815 	4801
f 4814 	4804 	4815
f 4820 	4808 	4818
f 4806 	4818 	4808
f 4828 	4823 	4825
f 4822 	4825 	4823
f 4828 	4827 	4824
f 4828 	4824 	4823
f 4822 	4821 	4826
f 4822 	4826 	4825
f 4810 	4821 	4798
f 4802 	4824 	4799
f 4795 	4798 	4821
f 4821 	4819 	4795
f 4803 	4795 	4819
f 4808 	4820 	4802
f 4820 	4824 	4802
f 4811 	4799 	4824
f 4816 	4827 	4813
f 4813 	4827 	4826
f 4816 	4811 	4827
f 4824 	4827 	4811
f 4810 	4813 	4826
f 4810 	4826 	4821
f 4812 	4811 	4815
f 4816 	4815 	4811
f 4814 	4810 	4809
f 4813 	4810 	4814
f 4804 	4803 	4805
f 4807 	4806 	4808
# 64 faces

 #end of obj_1

