# Object Export From Tinkercad Server 2015

mtllib obj.mtl

o obj_0
v 28.9773 		-27.8218 		2.0225
v 28.9773 		-28.8604 		2.0225
v 28.6371 		-28.8604 		2.1414
v 28.6371 		-28.0248 		2.1414
v 28.6371 		-27.8218 		2.1414
v 24.398 		-28.4363 		3.6233
v 24.398 		-28.1535 		3.6233
v 28.2233 		-28.1535 		2.2861
v 25.084 		-28.847 		3.3835
v 25.0647 		-28.8314 		3.3903
v 25.0455 		-28.8155 		3.397
v 25.2557 		-28.9997 		3.3235
v 25.221 		-29 		3.3356
v 25.213 		-28.9872 		3.3385
v 25.3222 		-28.9973 		3.3003
v 25.2895 		-28.9988 		3.3117
v 25.3845 		-28.9924 		3.2785
v 25.3538 		-28.9952 		3.2892
v 25.4426 		-28.9847 		3.2582
v 25.4141 		-28.9891 		3.2681
v 25.4957 		-28.9746 		3.2396
v 25.4698 		-28.9799 		3.2487
v 25.5437 		-28.9629 		3.2228
v 25.5204 		-28.969 		3.231
v 25.585 		-28.9497 		3.2084
v 25.5658 		-28.9565 		3.2151
v 25.6187 		-28.9352 		3.1966
v 25.6026 		-28.9426 		3.2022
v 25.6463 		-28.9195 		3.187
v 25.6333 		-28.9275 		3.1915
v 25.6676 		-28.902 		3.1795
v 25.6578 		-28.9112 		3.1829
v 25.6819 		-28.8831 		3.1745
v 25.6757 		-28.8927 		3.1767
v 25.6891 		-28.8634 		3.172
v 25.6864 		-28.8733 		3.1729
v 25.6887 		-28.8405 		3.1721
v 25.69 		-28.8532 		3.1717
v 25.6785 		-28.8156 		3.1757
v 25.6849 		-28.828 		3.1735
v 25.658 		-28.791 		3.1829
v 25.6695 		-28.8032 		3.1788
v 25.6261 		-28.7661 		3.194
v 25.644 		-28.7789 		3.1878
v 25.5842 		-28.7404 		3.2087
v 25.6062 		-28.7533 		3.201
v 25.5342 		-28.7142 		3.2262
v 25.5602 		-28.7273 		3.2171
v 25.476 		-28.6881 		3.2465
v 25.5061 		-28.7009 		3.236
v 25.4107 		-28.6615 		3.2693
v 25.4442 		-28.6749 		3.2576
v 25.3381 		-28.6337 		3.2947
v 25.3753 		-28.6478 		3.2817
v 25.2584 		-28.6053 		3.3226
v 25.2992 		-28.6194 		3.3083
v 25.1716 		-28.5759 		3.3529
v 25.2159 		-28.5908 		3.3374
v 25.0776 		-28.5448 		3.3858
v 25.1255 		-28.5606 		3.369
v 28.6371 		-28.6556 		2.1414
v 28.6364 		-28.0377 		2.1417
v 28.2564 		-28.1534 		2.2745
v 25.2041 		-28.9742 		3.3415
v 25.0279 		-28.5287 		3.4031
v 28.6366 		-28.645 		2.1416
v 28.6345 		-28.0498 		2.1423
v 28.2882 		-28.1529 		2.2634
v 25.1946 		-28.961 		3.3449
v 28.635 		-28.6349 		2.1422
v 28.6313 		-28.0611 		2.1434
v 28.3187 		-28.1522 		2.2527
v 25.1842 		-28.9476 		3.3485
v 28.6325 		-28.6253 		2.143
v 28.6269 		-28.0716 		2.145
v 28.3479 		-28.1511 		2.2425
v 25.1731 		-28.934 		3.3524
v 28.6289 		-28.6161 		2.1443
v 28.6211 		-28.0812 		2.147
v 28.3759 		-28.1498 		2.2327
v 25.1612 		-28.9202 		3.3565
v 28.6243 		-28.6075 		2.1459
v 28.6141 		-28.0901 		2.1495
v 28.4026 		-28.1481 		2.2234
v 25.1483 		-28.9062 		3.361
v 28.6187 		-28.5994 		2.1479
v 28.6041 		-28.0982 		2.153
v 25.1342 		-28.8919 		3.366
v 28.6118 		-28.5918 		2.1503
v 25.1187 		-28.8772 		3.3714
v 28.6034 		-28.5845 		2.1532
v 28.5934 		-28.5777 		2.1567
v 25.102 		-28.8622 		3.3772
v 28.5819 		-28.5712 		2.1607
v 28.5689 		-28.5652 		2.1653
v 28.5543 		-28.5595 		2.1704
v 25.0248 		-28.7992 		3.4042
v 28.5367 		-28.5549 		2.1765
v 25.0026 		-28.7825 		3.412
v 28.5175 		-28.5507 		2.1832
v 24.9789 		-28.7654 		3.4203
v 28.4968 		-28.5469 		2.1905
v 24.9536 		-28.7479 		3.4291
v 28.4746 		-28.5434 		2.1982
v 24.9267 		-28.7299 		3.4385
v 28.4509 		-28.5404 		2.2065
v 24.8983 		-28.7116 		3.4485
v 28.4256 		-28.5378 		2.2154
v 24.868 		-28.6929 		3.459
v 28.3983 		-28.535 		2.2249
v 24.8359 		-28.6737 		3.4702
v 28.3684 		-28.5328 		2.2354
v 24.8021 		-28.6542 		3.4821
v 28.3359 		-28.531 		2.2467
v 24.7665 		-28.6343 		3.4945
v 28.3009 		-28.5297 		2.2589
v 24.729 		-28.6139 		3.5076
v 28.2634 		-28.529 		2.2721
v 28.2233 		-28.5287 		2.2861
v 28.4279 		-28.1461 		2.2146
v 28.5926 		-28.1058 		2.157
v 28.4516 		-28.1437 		2.2063
v 28.5796 		-28.1127 		2.1615
v 28.565 		-28.1191 		2.1666
v 28.4739 		-28.1408 		2.1985
v 28.549 		-28.1248 		2.1722
v 28.4946 		-28.1376 		2.1913
v 28.5313 		-28.13 		2.1784
v 28.5137 		-28.134 		2.1846
v 30.5954 		-28.8604 		3.8282
v 30.9356 		-28.8604 		3.7093
v 30.9356 		-27.8218 		3.7093
v 30.5954 		-27.8218 		3.8282
v 30.5954 		-28.0248 		3.8282
v 30.1816 		-28.1535 		3.9729
v 26.3563 		-28.1535 		5.3101
v 26.3563 		-28.4363 		5.3101
v 27.0038 		-28.8155 		5.0838
v 27.023 		-28.8314 		5.0771
v 27.0423 		-28.847 		5.0703
v 27.1713 		-28.9872 		5.0252
v 27.1793 		-29 		5.0224
v 27.2141 		-28.9997 		5.0103
v 27.2478 		-28.9988 		4.9985
v 27.2805 		-28.9973 		4.9871
v 27.3121 		-28.9952 		4.976
v 27.3428 		-28.9924 		4.9653
v 27.3724 		-28.9891 		4.9549
v 27.4009 		-28.9847 		4.945
v 27.4281 		-28.9799 		4.9355
v 27.454 		-28.9746 		4.9264
v 27.4787 		-28.969 		4.9178
v 27.5021 		-28.9629 		4.9096
v 27.5242 		-28.9565 		4.9019
v 27.5433 		-28.9497 		4.8952
v 27.5609 		-28.9426 		4.889
v 27.577 		-28.9352 		4.8834
v 27.5916 		-28.9275 		4.8783
v 27.6046 		-28.9195 		4.8737
v 27.6161 		-28.9112 		4.8697
v 27.6259 		-28.902 		4.8663
v 27.634 		-28.8927 		4.8635
v 27.6402 		-28.8831 		4.8613
v 27.6447 		-28.8733 		4.8597
v 27.6474 		-28.8634 		4.8588
v 27.6483 		-28.8532 		4.8585
v 27.647 		-28.8405 		4.8589
v 27.6432 		-28.828 		4.8603
v 27.6368 		-28.8156 		4.8625
v 27.6279 		-28.8032 		4.8656
v 27.6164 		-28.791 		4.8696
v 27.6023 		-28.7789 		4.8746
v 27.5844 		-28.7661 		4.8808
v 27.5645 		-28.7533 		4.8878
v 27.5425 		-28.7404 		4.8954
v 27.5185 		-28.7273 		4.9038
v 27.4925 		-28.7142 		4.9129
v 27.4644 		-28.7009 		4.9228
v 27.4344 		-28.6881 		4.9333
v 27.4026 		-28.6749 		4.9444
v 27.369 		-28.6615 		4.9561
v 27.3336 		-28.6478 		4.9685
v 27.2964 		-28.6337 		4.9815
v 27.2575 		-28.6194 		4.9951
v 27.2167 		-28.6053 		5.0093
v 27.1742 		-28.5908 		5.0242
v 27.1299 		-28.5759 		5.0397
v 27.0838 		-28.5606 		5.0558
v 27.0359 		-28.5448 		5.0726
v 30.5954 		-28.6556 		3.8282
v 30.5948 		-28.0377 		3.8284
v 30.2147 		-28.1534 		3.9613
v 27.1625 		-28.9742 		5.0283
v 26.9862 		-28.5287 		5.0899
v 30.5949 		-28.645 		3.8284
v 30.5928 		-28.0498 		3.8291
v 30.2465 		-28.1529 		3.9502
v 27.1529 		-28.961 		5.0317
v 30.5934 		-28.6349 		3.8289
v 30.5897 		-28.0611 		3.8302
v 30.277 		-28.1522 		3.9395
v 27.1425 		-28.9476 		5.0353
v 30.5908 		-28.6253 		3.8298
v 30.5852 		-28.0716 		3.8318
v 30.3063 		-28.1511 		3.9293
v 27.1314 		-28.934 		5.0392
v 30.5872 		-28.6161 		3.8311
v 30.5794 		-28.0812 		3.8338
v 30.3342 		-28.1498 		3.9195
v 27.1196 		-28.9202 		5.0433
v 30.5826 		-28.6075 		3.8327
v 30.5724 		-28.0901 		3.8363
v 30.3609 		-28.1481 		3.9102
v 27.1067 		-28.9062 		5.0478
v 30.577 		-28.5994 		3.8347
v 30.5625 		-28.0982 		3.8397
v 27.0925 		-28.8919 		5.0528
v 30.5701 		-28.5918 		3.8371
v 27.077 		-28.8772 		5.0582
v 30.5617 		-28.5845 		3.84
v 30.5517 		-28.5777 		3.8435
v 27.0603 		-28.8622 		5.064
v 30.5402 		-28.5712 		3.8475
v 30.5272 		-28.5652 		3.8521
v 30.5126 		-28.5595 		3.8572
v 26.9832 		-28.7992 		5.091
v 30.495 		-28.5549 		3.8633
v 26.9609 		-28.7825 		5.0988
v 30.4759 		-28.5507 		3.87
v 26.9372 		-28.7654 		5.1071
v 30.4552 		-28.5469 		3.8772
v 26.9119 		-28.7479 		5.1159
v 30.433 		-28.5434 		3.885
v 26.8851 		-28.7299 		5.1253
v 30.4092 		-28.5404 		3.8933
v 26.8566 		-28.7116 		5.1352
v 30.3839 		-28.5378 		3.9022
v 26.8263 		-28.6929 		5.1458
v 30.3566 		-28.535 		3.9117
v 26.7943 		-28.6737 		5.157
v 30.3267 		-28.5328 		3.9222
v 26.7604 		-28.6542 		5.1689
v 30.2943 		-28.531 		3.9335
v 26.7248 		-28.6343 		5.1813
v 30.2593 		-28.5297 		3.9457
v 26.6874 		-28.6139 		5.1944
v 30.2217 		-28.529 		3.9589
v 30.1816 		-28.5287 		3.9729
v 30.3862 		-28.1461 		3.9014
v 30.551 		-28.1058 		3.8438
v 30.41 		-28.1437 		3.893
v 30.5379 		-28.1127 		3.8483
v 30.5234 		-28.1191 		3.8534
v 30.4322 		-28.1408 		3.8853
v 30.5073 		-28.1248 		3.859
v 30.4529 		-28.1376 		3.878
v 30.4897 		-28.13 		3.8652
v 30.472 		-28.134 		3.8714
v 29.0197 		-27.0028 		2.0077
v 29.0362 		-27.0627 		2.0019
v 29.0417 		-27.1258 		2
v 28.9538 		-26.8922 		2.0307
v 28.9922 		-26.9459 		2.0173
v 28.844 		-26.7941 		2.0691
v 28.9044 		-26.8416 		2.048
v 28.6958 		-26.7089 		2.1209
v 28.774 		-26.7501 		2.0936
v 28.515 		-26.6346 		2.1841
v 28.6095 		-26.6704 		2.1511
v 28.3014 		-26.5712 		2.2588
v 28.4123 		-26.6015 		2.22
v 28.0583 		-26.5184 		2.3438
v 28.1832 		-26.5435 		2.3001
v 27.7886 		-26.4761 		2.4381
v 27.9267 		-26.4959 		2.3898
v 27.4923 		-26.4443 		2.5416
v 27.6437 		-26.4589 		2.4887
v 27.1781 		-26.4211 		2.6515
v 27.3371 		-26.4315 		2.5959
v 26.8486 		-26.4072 		2.7667
v 27.0152 		-26.413 		2.7084
v 26.5038 		-26.4026 		2.8872
v 26.6781 		-26.4037 		2.8263
v 26.1472 		-26.4078 		3.0119
v 26.3211 		-26.4039 		2.9511
v 25.8253 		-26.4235 		3.1244
v 25.9819 		-26.4144 		3.0696
v 25.5382 		-26.4497 		3.2247
v 25.6774 		-26.4353 		3.1761
v 25.2843 		-26.4852 		3.3135
v 25.4073 		-26.4664 		3.2705
v 25.0621 		-26.5287 		3.3912
v 25.1693 		-26.5059 		3.3537
v 24.8716 		-26.5802 		3.4578
v 24.9629 		-26.5534 		3.4259
v 24.7122 		-26.6404 		3.5135
v 24.7881 		-26.6095 		3.487
v 24.5835 		-26.7075 		3.5585
v 24.644 		-26.6731 		3.5374
v 24.4854 		-26.7814 		3.5928
v 24.5306 		-26.7436 		3.577
v 24.4139 		-26.8602 		3.6178
v 24.446 		-26.8201 		3.6066
v 24.3709 		-26.9441 		3.6328
v 24.3888 		-26.9015 		3.6266
v 24.3566 		-27.0334 		3.6378
v 24.3602 		-26.9881 		3.6366
v 24.3694 		-27.1198 		3.6333
v 24.3598 		-27.0773 		3.6367
v 24.4077 		-27.2001 		3.6199
v 24.3854 		-27.1607 		3.6278
v 24.4716 		-27.2744 		3.5976
v 24.4365 		-27.238 		3.6099
v 24.5559 		-27.3421 		3.5682
v 24.511 		-27.3092 		3.5838
v 24.6616 		-27.4025 		3.5312
v 24.6061 		-27.3732 		3.5506
v 24.7888 		-27.4557 		3.4867
v 24.7225 		-27.43 		3.5099
v 24.9329 		-27.5014 		3.4364
v 24.8586 		-27.4795 		3.4623
v 25.0953 		-27.5395 		3.3796
v 25.0118 		-27.5214 		3.4088
v 25.2762 		-27.5699 		3.3164
v 25.1835 		-27.5556 		3.3488
v 25.4729 		-27.591 		3.2476
v 25.3729 		-27.5815 		3.2826
v 25.6828 		-27.6037 		3.1742
v 25.5762 		-27.5984 		3.2115
v 25.9061 		-27.6079 		3.0962
v 25.7928 		-27.6069 		3.1358
v 25.696 		-27.242 		3.1696
v 25.8693 		-27.2436 		3.109
v 26.0105 		-27.242 		3.0596
v 26.1124 		-27.6041 		3.024
v 26.0113 		-27.607 		3.0594
v 26.3025 		-27.5926 		2.9576
v 26.2095 		-27.5993 		2.9901
v 26.4762 		-27.5735 		2.8969
v 26.3914 		-27.584 		2.9265
v 26.6325 		-27.5461 		2.8422
v 26.5566 		-27.5606 		2.8687
v 26.7704 		-27.5123 		2.794
v 26.7038 		-27.53 		2.8173
v 26.89 		-27.472 		2.7522
v 26.8325 		-27.493 		2.7723
v 26.9916 		-27.4257 		2.7167
v 26.943 		-27.4495 		2.7337
v 27.0759 		-27.3737 		2.6872
v 27.0359 		-27.4004 		2.7012
v 27.1428 		-27.3161 		2.6638
v 27.1115 		-27.3456 		2.6747
v 27.1888 		-27.2549 		2.6477
v 27.1681 		-27.286 		2.655
v 27.2164 		-27.1896 		2.6381
v 27.2049 		-27.2228 		2.6421
v 27.2256 		-27.1204 		2.6349
v 27.2233 		-27.1555 		2.6357
v 27.222 		-27.0781 		2.6361
v 27.2247 		-27.0989 		2.6352
v 27.2113 		-27.0382 		2.6399
v 27.2175 		-27.0578 		2.6377
v 27.1934 		-27.0007 		2.6461
v 27.2032 		-27.0192 		2.6427
v 27.1689 		-26.9655 		2.6547
v 27.1819 		-26.9829 		2.6501
v 27.1382 		-26.9323 		2.6654
v 27.1543 		-26.9486 		2.6598
v 27.1015 		-26.901 		2.6783
v 27.1206 		-26.9164 		2.6716
v 27.0621 		-26.8718 		2.692
v 27.0824 		-26.8862 		2.6849
v 27.0177 		-26.8447 		2.7076
v 27.0405 		-26.858 		2.6996
v 26.9681 		-26.8195 		2.7249
v 26.9935 		-26.8318 		2.716
v 26.9145 		-26.7961 		2.7436
v 26.9417 		-26.8076 		2.7341
v 26.8578 		-26.7744 		2.7635
v 26.8865 		-26.785 		2.7534
v 26.798 		-26.7542 		2.7843
v 26.8283 		-26.7641 		2.7738
v 27.9737 		-27.4361 		2.3733
v 27.9612 		-27.4158 		2.3777
v 28.0082 		-27.4096 		2.3613
v 28.0095 		-27.4711 		2.3608
v 27.9898 		-27.4545 		2.3677
v 28.0596 		-27.4989 		2.3433
v 28.0327 		-27.4859 		2.3527
v 28.1233 		-27.5189 		2.3211
v 28.09 		-27.5101 		2.3327
v 28.1969 		-27.5318 		2.2953
v 28.1589 		-27.5262 		2.3086
v 28.2796 		-27.5383 		2.2664
v 28.2371 		-27.5358 		2.2813
v 28.3702 		-27.5385 		2.2348
v 28.3244 		-27.5391 		2.2507
v 28.4601 		-27.5336 		2.2033
v 28.4154 		-27.5367 		2.2189
v 28.5479 		-27.524 		2.1726
v 28.5043 		-27.5294 		2.1879
v 28.6332 		-27.5093 		2.1428
v 28.5911 		-27.5173 		2.1575
v 28.7129 		-27.4888 		2.1149
v 28.6739 		-27.4998 		2.1286
v 28.7865 		-27.4622 		2.0892
v 28.7505 		-27.4762 		2.1018
v 28.8534 		-27.4295 		2.0658
v 28.821 		-27.4466 		2.0771
v 28.9106 		-27.3904 		2.0458
v 28.8833 		-27.4108 		2.0554
v 28.9576 		-27.3449 		2.0294
v 28.9354 		-27.3685 		2.0371
v 28.997 		-27.2922 		2.0156
v 28.9773 		-27.3197 		2.0225
v 29.0256 		-27.2314 		2.0056
v 29.0131 		-27.2628 		2.01
v 29.0399 		-27.1629 		2.0006
v 29.0345 		-27.1981 		2.0025
v 26.14 		-27.2372 		3.0144
v 28.0542 		-27.4029 		2.3452
v 26.2578 		-27.2291 		2.9732
v 28.0992 		-27.3959 		2.3295
v 26.3638 		-27.2178 		2.9361
v 28.1431 		-27.3884 		2.3141
v 25.5377 		-27.2372 		3.2249
v 26.458 		-27.2033 		2.9032
v 28.186 		-27.3806 		2.2991
v 25.3946 		-27.2291 		3.275
v 26.5405 		-27.1856 		2.8744
v 28.2279 		-27.3723 		2.2845
v 25.2665 		-27.2178 		3.3197
v 26.6094 		-27.1641 		2.8503
v 28.2684 		-27.363 		2.2703
v 25.1534 		-27.2033 		3.3593
v 26.6657 		-27.1393 		2.8306
v 25.0555 		-27.1856 		3.3935
v 28.3071 		-27.3532 		2.2568
v 24.9726 		-27.1644 		3.4225
v 26.7095 		-27.1113 		2.8153
v 28.344 		-27.3429 		2.2439
v 24.9048 		-27.1405 		3.4462
v 26.7408 		-27.0801 		2.8043
v 28.3791 		-27.332 		2.2316
v 24.852 		-27.114 		3.4646
v 26.7596 		-27.0456 		2.7978
v 28.4124 		-27.3207 		2.22
v 24.8144 		-27.0849 		3.4778
v 26.7658 		-27.008 		2.7956
v 28.444 		-27.3089 		2.2089
v 26.7626 		-26.9785 		2.7967
v 28.4736 		-27.2964 		2.1986
v 24.7918 		-27.0532 		3.4857
v 26.7531 		-26.9504 		2.8001
v 28.5012 		-27.2833 		2.1889
v 24.7842 		-27.0189 		3.4883
v 26.7371 		-26.9237 		2.8056
v 28.5267 		-27.2695 		2.18
v 24.7868 		-26.9992 		3.4874
v 26.7147 		-26.8984 		2.8135
v 28.5502 		-27.2549 		2.1718
v 24.7944 		-26.9802 		3.4848
v 26.686 		-26.8746 		2.8235
v 28.5717 		-27.2396 		2.1643
v 24.8072 		-26.9618 		3.4803
v 26.6509 		-26.8521 		2.8358
v 28.5911 		-27.2237 		2.1575
v 24.8251 		-26.9439 		3.474
v 26.6104 		-26.8311 		2.8499
v 28.6066 		-27.207 		2.1521
v 24.8481 		-26.9267 		3.466
v 26.5656 		-26.8116 		2.8656
v 28.6192 		-27.1894 		2.1477
v 24.8762 		-26.9101 		3.4562
v 26.5164 		-26.7937 		2.8828
v 28.629 		-27.1711 		2.1443
v 24.9095 		-26.8941 		3.4445
v 26.4629 		-26.7772 		2.9015
v 28.6361 		-27.152 		2.1418
v 24.9482 		-26.8789 		3.431
v 28.6403 		-27.132 		2.1403
v 24.9923 		-26.8643 		3.4156
v 26.405 		-26.7622 		2.9217
v 28.6417 		-27.1113 		2.1398
v 25.0417 		-26.8505 		3.3983
v 26.3428 		-26.7488 		2.9435
v 28.6289 		-27.0561 		2.1443
v 25.0965 		-26.8374 		3.3792
v 27.0919 		-26.7568 		2.6816
v 28.5906 		-27.0054 		2.1577
v 25.1566 		-26.8249 		3.3581
v 28.5267 		-26.959 		2.18
v 25.2224 		-26.8138 		3.3351
v 25.2941 		-26.8036 		3.3101
v 28.4373 		-26.9172 		2.2113
v 25.3716 		-26.7941 		3.283
v 28.3224 		-26.8797 		2.2514
v 25.455 		-26.7854 		3.2538
v 28.1819 		-26.8467 		2.3006
v 25.5442 		-26.7776 		3.2226
v 28.0145 		-26.8184 		2.3591
v 25.6394 		-26.7705 		3.1894
v 27.8218 		-26.7953 		2.4265
v 25.7407 		-26.7639 		3.154
v 27.6037 		-26.7773 		2.5027
v 25.8483 		-26.7585 		3.1163
v 27.3605 		-26.7645 		2.5877
v 25.9624 		-26.7542 		3.0765
v 26.0828 		-26.7512 		3.0344
v 26.2096 		-26.7494 		2.99
v 31 		-27.1258 		3.6868
v 30.9945 		-27.0627 		3.6887
v 30.978 		-27.0028 		3.6945
v 30.9506 		-26.9459 		3.7041
v 30.9121 		-26.8922 		3.7175
v 30.8627 		-26.8416 		3.7348
v 30.8023 		-26.7941 		3.7559
v 30.7323 		-26.7501 		3.7804
v 30.6542 		-26.7089 		3.8077
v 30.5678 		-26.6704 		3.8379
v 30.4733 		-26.6346 		3.8709
v 30.3706 		-26.6015 		3.9068
v 30.2598 		-26.5712 		3.9456
v 30.1415 		-26.5435 		3.9869
v 30.0166 		-26.5184 		4.0306
v 29.8851 		-26.4959 		4.0765
v 29.7469 		-26.4761 		4.1249
v 29.602 		-26.4589 		4.1755
v 29.4506 		-26.4443 		4.2284
v 29.2954 		-26.4315 		4.2827
v 29.1364 		-26.4211 		4.3383
v 28.9736 		-26.413 		4.3952
v 28.8069 		-26.4072 		4.4534
v 28.6364 		-26.4037 		4.5131
v 28.4621 		-26.4026 		4.574
v 28.2794 		-26.4039 		4.6378
v 28.1055 		-26.4078 		4.6986
v 27.9402 		-26.4144 		4.7564
v 27.7837 		-26.4235 		4.8112
v 27.6358 		-26.4353 		4.8629
v 27.4966 		-26.4497 		4.9115
v 27.3657 		-26.4664 		4.9573
v 27.2427 		-26.4852 		5.0003
v 27.1276 		-26.5059 		5.0405
v 27.0205 		-26.5287 		5.078
v 26.9212 		-26.5534 		5.1127
v 26.8299 		-26.5802 		5.1446
v 26.7464 		-26.6095 		5.1738
v 26.6705 		-26.6404 		5.2003
v 26.6023 		-26.6731 		5.2241
v 26.5418 		-26.7075 		5.2453
v 26.4889 		-26.7436 		5.2638
v 26.4437 		-26.7814 		5.2796
v 26.4044 		-26.8201 		5.2933
v 26.3722 		-26.8602 		5.3046
v 26.3471 		-26.9015 		5.3133
v 26.3293 		-26.9441 		5.3196
v 26.3185 		-26.9881 		5.3233
v 26.315 		-27.0334 		5.3246
v 26.3182 		-27.0773 		5.3235
v 26.3277 		-27.1198 		5.3201
v 26.3437 		-27.1607 		5.3145
v 26.366 		-27.2001 		5.3067
v 26.3948 		-27.238 		5.2967
v 26.4299 		-27.2744 		5.2844
v 26.4694 		-27.3092 		5.2706
v 26.5142 		-27.3421 		5.2549
v 26.5644 		-27.3732 		5.2374
v 26.6199 		-27.4025 		5.218
v 26.6809 		-27.43 		5.1967
v 26.7471 		-27.4557 		5.1735
v 26.8169 		-27.4795 		5.1491
v 26.8912 		-27.5014 		5.1231
v 26.9701 		-27.5214 		5.0956
v 27.0537 		-27.5395 		5.0664
v 27.1418 		-27.5556 		5.0355
v 27.2345 		-27.5699 		5.0031
v 27.3312 		-27.5815 		4.9693
v 27.4312 		-27.591 		4.9344
v 27.5345 		-27.5984 		4.8983
v 27.6411 		-27.6037 		4.861
v 27.7511 		-27.6069 		4.8225
v 27.8644 		-27.6079 		4.7829
v 27.8276 		-27.2436 		4.7958
v 27.6543 		-27.242 		4.8564
v 27.9689 		-27.242 		4.7464
v 27.9696 		-27.607 		4.7462
v 28.0708 		-27.6041 		4.7108
v 28.1678 		-27.5993 		4.6769
v 28.2608 		-27.5926 		4.6444
v 28.3497 		-27.584 		4.6133
v 28.4345 		-27.5735 		4.5836
v 28.515 		-27.5606 		4.5555
v 28.5908 		-27.5461 		4.529
v 28.6621 		-27.53 		4.5041
v 28.7287 		-27.5123 		4.4808
v 28.7908 		-27.493 		4.4591
v 28.8483 		-27.472 		4.439
v 28.9013 		-27.4495 		4.4205
v 28.9499 		-27.4257 		4.4034
v 28.9943 		-27.4004 		4.388
v 29.0342 		-27.3737 		4.374
v 29.0699 		-27.3456 		4.3615
v 29.1012 		-27.3161 		4.3506
v 29.1264 		-27.286 		4.3417
v 29.1471 		-27.2549 		4.3345
v 29.1632 		-27.2228 		4.3289
v 29.1747 		-27.1896 		4.3249
v 29.1816 		-27.1555 		4.3225
v 29.1839 		-27.1204 		4.3217
v 29.183 		-27.0989 		4.322
v 29.1803 		-27.0781 		4.3229
v 29.1759 		-27.0578 		4.3245
v 29.1696 		-27.0382 		4.3267
v 29.1616 		-27.0192 		4.3295
v 29.1517 		-27.0007 		4.3329
v 29.1402 		-26.9829 		4.3369
v 29.1272 		-26.9655 		4.3415
v 29.1127 		-26.9486 		4.3466
v 29.0966 		-26.9323 		4.3522
v 29.0789 		-26.9164 		4.3584
v 29.0598 		-26.901 		4.365
v 29.0407 		-26.8862 		4.3717
v 29.0204 		-26.8718 		4.3788
v 28.9989 		-26.858 		4.3863
v 28.976 		-26.8447 		4.3943
v 28.9519 		-26.8318 		4.4028
v 28.9264 		-26.8195 		4.4117
v 28.9 		-26.8076 		4.4209
v 28.8728 		-26.7961 		4.4304
v 28.8448 		-26.785 		4.4402
v 28.8161 		-26.7744 		4.4502
v 28.7866 		-26.7641 		4.4605
v 28.7563 		-26.7542 		4.4711
v 29.9665 		-27.4096 		4.0481
v 29.9195 		-27.4158 		4.0645
v 29.9321 		-27.4361 		4.0601
v 29.9482 		-27.4545 		4.0545
v 29.9678 		-27.4711 		4.0476
v 29.9911 		-27.4859 		4.0395
v 30.0179 		-27.4989 		4.0301
v 30.0483 		-27.5101 		4.0195
v 30.0816 		-27.5189 		4.0078
v 30.1172 		-27.5262 		3.9954
v 30.1552 		-27.5318 		3.9821
v 30.1954 		-27.5358 		3.9681
v 30.2379 		-27.5383 		3.9532
v 30.2828 		-27.5391 		3.9375
v 30.3285 		-27.5385 		3.9215
v 30.3737 		-27.5367 		3.9057
v 30.4184 		-27.5336 		3.8901
v 30.4626 		-27.5294 		3.8747
v 30.5063 		-27.524 		3.8594
v 30.5494 		-27.5173 		3.8443
v 30.5916 		-27.5093 		3.8296
v 30.6322 		-27.4998 		3.8154
v 30.6713 		-27.4888 		3.8017
v 30.7088 		-27.4762 		3.7886
v 30.7448 		-27.4622 		3.776
v 30.7793 		-27.4466 		3.7639
v 30.8118 		-27.4295 		3.7526
v 30.8416 		-27.4108 		3.7421
v 30.869 		-27.3904 		3.7326
v 30.8937 		-27.3685 		3.7239
v 30.916 		-27.3449 		3.7162
v 30.9356 		-27.3197 		3.7093
v 30.9553 		-27.2922 		3.7024
v 30.9714 		-27.2628 		3.6968
v 30.9839 		-27.2314 		3.6924
v 30.9928 		-27.1981 		3.6893
v 30.9982 		-27.1629 		3.6874
v 28.0984 		-27.2372 		4.7011
v 30.0125 		-27.4029 		4.032
v 28.2161 		-27.2291 		4.66
v 30.0575 		-27.3959 		4.0163
v 28.3221 		-27.2178 		4.6229
v 30.1014 		-27.3884 		4.0009
v 27.4961 		-27.2372 		4.9117
v 28.4164 		-27.2033 		4.59
v 30.1443 		-27.3806 		3.9859
v 27.3529 		-27.2291 		4.9617
v 28.4989 		-27.1856 		4.5611
v 30.1862 		-27.3723 		3.9713
v 27.2248 		-27.2178 		5.0065
v 28.5677 		-27.1641 		4.5371
v 30.2267 		-27.363 		3.9571
v 27.1118 		-27.2033 		5.046
v 28.624 		-27.1393 		4.5174
v 27.0138 		-27.1856 		5.0803
v 30.2654 		-27.3532 		3.9436
v 26.9309 		-27.1644 		5.1093
v 28.6678 		-27.1113 		4.5021
v 30.3023 		-27.3429 		3.9307
v 26.8631 		-27.1405 		5.133
v 28.6991 		-27.0801 		4.4911
v 30.3374 		-27.332 		3.9184
v 26.8104 		-27.114 		5.1514
v 28.7179 		-27.0456 		4.4846
v 30.3708 		-27.3207 		3.9068
v 26.7727 		-27.0849 		5.1646
v 28.7241 		-27.008 		4.4824
v 30.4023 		-27.3089 		3.8957
v 28.721 		-26.9785 		4.4835
v 30.4319 		-27.2964 		3.8854
v 26.7501 		-27.0532 		5.1725
v 28.7114 		-26.9504 		4.4868
v 30.4595 		-27.2833 		3.8757
v 26.7425 		-27.0189 		5.1751
v 28.6954 		-26.9237 		4.4924
v 30.4851 		-27.2695 		3.8668
v 26.7451 		-26.9992 		5.1742
v 28.6731 		-26.8984 		4.5002
v 30.5086 		-27.2549 		3.8586
v 26.7528 		-26.9802 		5.1715
v 28.6443 		-26.8746 		4.5103
v 30.53 		-27.2396 		3.8511
v 26.7655 		-26.9618 		5.1671
v 28.6092 		-26.8521 		4.5226
v 30.5494 		-27.2237 		3.8443
v 26.7834 		-26.9439 		5.1608
v 28.5687 		-26.8311 		4.5367
v 30.5649 		-27.207 		3.8389
v 26.8064 		-26.9267 		5.1528
v 28.5239 		-26.8116 		4.5524
v 30.5775 		-27.1894 		3.8345
v 26.8345 		-26.9101 		5.143
v 28.4747 		-26.7937 		4.5696
v 30.5874 		-27.1711 		3.831
v 26.8678 		-26.8941 		5.1313
v 28.4212 		-26.7772 		4.5883
v 30.5944 		-27.152 		3.8286
v 26.9065 		-26.8789 		5.1178
v 30.5986 		-27.132 		3.8271
v 26.9506 		-26.8643 		5.1024
v 28.3634 		-26.7622 		4.6085
v 30.6 		-27.1113 		3.8266
v 27 		-26.8505 		5.0851
v 28.3012 		-26.7488 		4.6302
v 30.5872 		-27.0561 		3.8311
v 27.0548 		-26.8374 		5.066
v 29.0502 		-26.7568 		4.3684
v 30.5489 		-27.0054 		3.8445
v 27.115 		-26.8249 		5.0449
v 30.4851 		-26.959 		3.8668
v 27.1807 		-26.8138 		5.0219
v 27.2524 		-26.8036 		4.9969
v 30.3957 		-26.9172 		3.898
v 27.3299 		-26.7941 		4.9698
v 30.2807 		-26.8797 		3.9382
v 27.4133 		-26.7854 		4.9406
v 30.1402 		-26.8467 		3.9873
v 27.5026 		-26.7776 		4.9094
v 29.9728 		-26.8184 		4.0459
v 27.5977 		-26.7705 		4.8762
v 29.7801 		-26.7953 		4.1132
v 27.699 		-26.7639 		4.8408
v 29.5621 		-26.7773 		4.1895
v 27.8067 		-26.7585 		4.8031
v 29.3188 		-26.7645 		4.2745
v 27.9207 		-26.7542 		4.7632
v 28.0411 		-26.7512 		4.7211
v 28.168 		-26.7494 		4.6768
v 27.8355 		-26.0173 		2.4216
v 27.8325 		-25.9875 		2.4227
v 27.8785 		-25.9871 		2.4066
v 27.8601 		-26.0704 		2.4131
v 27.8447 		-26.0449 		2.4184
v 27.9091 		-26.1151 		2.3959
v 27.8815 		-26.0938 		2.4056
v 27.9814 		-26.1509 		2.3707
v 27.9428 		-26.1343 		2.3841
v 28.0785 		-26.1751 		2.3367
v 28.0266 		-26.1645 		2.3548
v 28.2021 		-26.1872 		2.2935
v 28.137 		-26.1827 		2.3163
v 28.3241 		-26.188 		2.2509
v 28.2739 		-26.1887 		2.2684
v 28.4221 		-26.1819 		2.2166
v 28.3735 		-26.1857 		2.2336
v 28.5172 		-26.1698 		2.1834
v 28.47 		-26.1766 		2.1998
v 28.6086 		-26.151 		2.1514
v 28.5635 		-26.1615 		2.1672
v 28.6934 		-26.1248 		2.1218
v 28.6519 		-26.1388 		2.1363
v 28.7711 		-26.0918 		2.0946
v 28.7331 		-26.1092 		2.1079
v 28.8426 		-26.0512 		2.0696
v 28.8072 		-26.0727 		2.082
v 28.9049 		-26.002 		2.0478
v 28.8751 		-26.0276 		2.0582
v 28.956 		-25.9448 		2.03
v 28.9318 		-25.9744 		2.0384
v 28.997 		-25.8788 		2.0156
v 28.9773 		-25.9132 		2.0225
v 29.0256 		-25.8031 		2.0056
v 29.0131 		-25.8421 		2.01
v 29.0399 		-25.7181 		2.0006
v 29.0345 		-25.7617 		2.0025
v 29.0398 		-25.634 		2.0007
v 29.0417 		-25.6721 		2
v 29.0244 		-25.5575 		2.006
v 29.034 		-25.5958 		2.0027
v 28.9938 		-25.4805 		2.0167
v 29.011 		-25.5191 		2.0107
v 28.9454 		-25.4038 		2.0337
v 28.9727 		-25.4419 		2.0241
v 28.8739 		-25.3309 		2.0587
v 28.9124 		-25.3668 		2.0452
v 28.7799 		-25.2624 		2.0915
v 28.8297 		-25.2961 		2.0741
v 28.6647 		-25.1994 		2.1318
v 28.7244 		-25.2299 		2.1109
v 28.5267 		-25.1442 		2.18
v 28.5988 		-25.1708 		2.1548
v 28.3643 		-25.0967 		2.2368
v 28.4486 		-25.1195 		2.2073
v 28.1753 		-25.0575 		2.3029
v 28.2739 		-25.0758 		2.2684
v 27.9566 		-25.0309 		2.3793
v 28.0695 		-25.0426 		2.3398
v 27.7094 		-25.0176 		2.4658
v 27.8366 		-25.0226 		2.4213
v 27.4639 		-25.0173 		2.5516
v 27.575 		-25.016 		2.5127
v 27.2555 		-25.0278 		2.6244
v 27.3574 		-25.0212 		2.5888
v 27.0654 		-25.0487 		2.6909
v 27.1582 		-25.0369 		2.6584
v 26.8953 		-25.0793 		2.7503
v 26.9773 		-25.0631 		2.7217
v 26.7451 		-25.1184 		2.8028
v 26.8179 		-25.0977 		2.7774
v 26.6133 		-25.1663 		2.8489
v 26.6769 		-25.1412 		2.8267
v 26.4999 		-25.2224 		2.8886
v 26.5543 		-25.1936 		2.8695
v 26.4049 		-25.286 		2.9218
v 26.4501 		-25.2532 		2.906
v 26.3283 		-25.3577 		2.9486
v 26.3643 		-25.3209 		2.936
v 26.2702 		-25.4367 		2.9689
v 26.2969 		-25.3966 		2.9595
v 26.2313 		-25.5217 		2.9824
v 26.2483 		-25.4784 		2.9765
v 26.2119 		-25.6131 		2.9892
v 26.2192 		-25.5666 		2.9867
v 26.2098 		-25.674 		2.99
v 26.2095 		-25.6612 		2.9901
v 26.2118 		-25.6998 		2.9893
v 26.2105 		-25.6868 		2.9897
v 26.2159 		-25.7259 		2.9878
v 26.2136 		-25.7128 		2.9886
v 26.2219 		-25.7529 		2.9857
v 26.2187 		-25.7392 		2.9869
v 26.229 		-25.7795 		2.9832
v 26.2253 		-25.7664 		2.9845
v 26.2372 		-25.8049 		2.9804
v 26.233 		-25.7924 		2.9819
v 26.2464 		-25.8296 		2.9772
v 26.2417 		-25.8171 		2.9788
v 26.2566 		-25.8534 		2.9736
v 26.2514 		-25.8417 		2.9754
v 26.2679 		-25.8755 		2.9697
v 26.2621 		-25.8647 		2.9717
v 26.28 		-25.896 		2.9654
v 26.2739 		-25.886 		2.9676
v 26.2923 		-25.9141 		2.9611
v 26.2861 		-25.9053 		2.9633
v 26.3045 		-25.9298 		2.9569
v 26.2984 		-25.9223 		2.959
v 25.6855 		-25.9156 		3.1733
v 25.7221 		-25.9168 		3.1604
v 26.3107 		-25.9368 		2.9547
v 25.4714 		-25.9084 		3.2481
v 25.5061 		-25.9096 		3.236
v 25.5414 		-25.9108 		3.2236
v 25.4061 		-25.9064 		3.2709
v 25.4381 		-25.9074 		3.2597
v 25.3458 		-25.9048 		3.292
v 25.3753 		-25.9055 		3.2817
v 25.2654 		-25.9019 		3.3201
v 25.2907 		-25.903 		3.3113
v 25.3176 		-25.9041 		3.3019
v 25.2195 		-25.9001 		3.3362
v 25.2417 		-25.901 		3.3284
v 25.1796 		-25.8987 		3.3501
v 25.1988 		-25.8994 		3.3434
v 25.151 		-25.8977 		3.3601
v 25.164 		-25.8981 		3.3556
v 25.1326 		-25.8971 		3.3665
v 25.1405 		-25.8973 		3.3638
v 25.1245 		-25.8969 		3.3694
v 25.1273 		-25.8969 		3.3684
v 25.5842 		-25.1012 		3.2087
v 25.5842 		-25.2371 		3.2087
v 25.3681 		-25.257 		3.2842
v 26.752 		-26.022 		2.8004
v 26.6325 		-26.138 		2.8422
v 24.421 		-26.0582 		3.6153
v 26.6421 		-25.8169 		2.8389
v 26.6463 		-25.8298 		2.8374
v 26.6495 		-25.8429 		2.8363
v 27.9244 		-25.9859 		2.3906
v 25.6491 		-25.9144 		3.186
v 25.5771 		-25.912 		3.2112
v 25.35 		-25.2595 		3.2905
v 26.7444 		-26.0128 		2.8031
v 26.6529 		-25.8556 		2.8351
v 27.9704 		-25.9839 		2.3745
v 25.613 		-25.9132 		3.1986
v 25.3324 		-25.2619 		3.2967
v 26.7367 		-26.0036 		2.8058
v 28.0164 		-25.9811 		2.3584
v 25.3153 		-25.2643 		3.3027
v 26.729 		-25.9943 		2.8085
v 28.0624 		-25.9774 		2.3423
v 25.2987 		-25.2667 		3.3085
v 26.7214 		-25.9849 		2.8111
v 28.1083 		-25.973 		2.3263
v 25.2826 		-25.2691 		3.3141
v 26.7137 		-25.9754 		2.8138
v 28.1522 		-25.9677 		2.311
v 25.267 		-25.2715 		3.3196
v 26.7061 		-25.9658 		2.8165
v 28.1947 		-25.9613 		2.2961
v 25.2534 		-25.2741 		3.3243
v 26.6999 		-25.9554 		2.8186
v 25.2404 		-25.277 		3.3289
v 26.6938 		-25.945 		2.8208
v 28.2359 		-25.954 		2.2817
v 25.2279 		-25.2802 		3.3332
v 26.6877 		-25.9345 		2.8229
v 28.2759 		-25.9456 		2.2677
v 25.2159 		-25.2836 		3.3374
v 26.6815 		-25.9239 		2.8251
v 28.3146 		-25.9363 		2.2542
v 25.2044 		-25.2874 		3.3414
v 28.352 		-25.9259 		2.2411
v 25.1934 		-25.2915 		3.3453
v 28.3877 		-25.9145 		2.2286
v 25.1831 		-25.2959 		3.3489
v 28.421 		-25.9019 		2.217
v 24.421 		-25.1012 		3.6153
v 28.452 		-25.8883 		2.2061
v 25.1735 		-25.3007 		3.3522
v 28.4808 		-25.8735 		2.1961
v 25.1647 		-25.306 		3.3553
v 28.5072 		-25.8577 		2.1868
v 25.1566 		-25.3116 		3.3581
v 28.5313 		-25.8407 		2.1784
v 25.1494 		-25.3177 		3.3607
v 28.551 		-25.8225 		2.1715
v 25.1428 		-25.3241 		3.363
v 28.5671 		-25.8028 		2.1659
v 25.1372 		-25.3311 		3.3649
v 28.5796 		-25.7818 		2.1615
v 25.1326 		-25.3386 		3.3665
v 28.5885 		-25.7593 		2.1584
v 25.129 		-25.3468 		3.3678
v 28.5939 		-25.7355 		2.1565
v 25.1265 		-25.3555 		3.3687
v 25.125 		-25.3649 		3.3692
v 28.5957 		-25.7102 		2.1559
v 25.1245 		-25.3749 		3.3694
v 28.5944 		-25.6898 		2.1564
v 28.5906 		-25.6697 		2.1577
v 28.5842 		-25.6499 		2.1599
v 28.5753 		-25.6304 		2.163
v 28.5638 		-25.6113 		2.1671
v 28.5497 		-25.5924 		2.172
v 28.5309 		-25.574 		2.1785
v 26.6754 		-25.9131 		2.8272
v 28.5083 		-25.5565 		2.1864
v 26.6693 		-25.9023 		2.8293
v 28.4819 		-25.5398 		2.1957
v 26.6648 		-25.8912 		2.8309
v 28.4516 		-25.5239 		2.2063
v 26.6606 		-25.8798 		2.8324
v 26.6566 		-25.8679 		2.8338
v 28.4175 		-25.5088 		2.2182
v 28.3796 		-25.4945 		2.2314
v 28.339 		-25.4805 		2.2456
v 26.6386 		-25.8034 		2.8401
v 28.2938 		-25.4675 		2.2614
v 26.6359 		-25.7895 		2.841
v 28.244 		-25.4555 		2.2789
v 26.634 		-25.775 		2.8417
v 28.1896 		-25.4445 		2.2979
v 26.6329 		-25.7601 		2.8421
v 28.1306 		-25.4346 		2.3185
v 26.6325 		-25.7446 		2.8422
v 28.067 		-25.4256 		2.3407
v 26.639 		-25.6918 		2.8399
v 27.9985 		-25.4179 		2.3647
v 26.6585 		-25.6431 		2.8331
v 27.9249 		-25.4115 		2.3904
v 26.6911 		-25.5987 		2.8217
v 27.8463 		-25.4066 		2.4179
v 26.7367 		-25.5585 		2.8058
v 27.7625 		-25.4031 		2.4472
v 26.7953 		-25.5226 		2.7853
v 27.6736 		-25.4009 		2.4783
v 26.867 		-25.4909 		2.7602
v 27.5796 		-25.4002 		2.5111
v 26.9519 		-25.4632 		2.7305
v 27.427 		-25.4028 		2.5645
v 27.0504 		-25.4405 		2.6961
v 27.2879 		-25.4103 		2.6131
v 27.1624 		-25.4229 		2.657
v 29.8368 		-25.9871 		4.0934
v 29.7908 		-25.9875 		4.1095
v 29.7939 		-26.0173 		4.1084
v 29.8031 		-26.0449 		4.1052
v 29.8184 		-26.0704 		4.0999
v 29.8399 		-26.0938 		4.0923
v 29.8674 		-26.1151 		4.0827
v 29.9012 		-26.1343 		4.0709
v 29.9397 		-26.1509 		4.0574
v 29.9849 		-26.1645 		4.0416
v 30.0368 		-26.1751 		4.0235
v 30.0953 		-26.1827 		4.0031
v 30.1604 		-26.1872 		3.9803
v 30.2322 		-26.1887 		3.9552
v 30.2824 		-26.188 		3.9377
v 30.3318 		-26.1857 		3.9204
v 30.3805 		-26.1819 		3.9034
v 30.4284 		-26.1766 		3.8866
v 30.4755 		-26.1698 		3.8701
v 30.5218 		-26.1615 		3.8539
v 30.5669 		-26.151 		3.8382
v 30.6102 		-26.1388 		3.823
v 30.6517 		-26.1248 		3.8085
v 30.6914 		-26.1092 		3.7946
v 30.7294 		-26.0918 		3.7814
v 30.7655 		-26.0727 		3.7688
v 30.8009 		-26.0512 		3.7564
v 30.8335 		-26.0276 		3.745
v 30.8632 		-26.002 		3.7346
v 30.8902 		-25.9744 		3.7252
v 30.9143 		-25.9448 		3.7167
v 30.9356 		-25.9132 		3.7093
v 30.9553 		-25.8788 		3.7024
v 30.9714 		-25.8421 		3.6968
v 30.9839 		-25.8031 		3.6924
v 30.9928 		-25.7617 		3.6893
v 30.9982 		-25.7181 		3.6874
v 31 		-25.6721 		3.6868
v 30.9981 		-25.634 		3.6875
v 30.9923 		-25.5958 		3.6895
v 30.9828 		-25.5575 		3.6928
v 30.9693 		-25.5191 		3.6975
v 30.9521 		-25.4805 		3.7035
v 30.931 		-25.4419 		3.7109
v 30.9037 		-25.4038 		3.7204
v 30.8708 		-25.3668 		3.732
v 30.8322 		-25.3309 		3.7454
v 30.788 		-25.2961 		3.7609
v 30.7382 		-25.2624 		3.7783
v 30.6828 		-25.2299 		3.7977
v 30.623 		-25.1994 		3.8186
v 30.5571 		-25.1708 		3.8416
v 30.4851 		-25.1442 		3.8668
v 30.4069 		-25.1195 		3.8941
v 30.3226 		-25.0967 		3.9236
v 30.2322 		-25.0758 		3.9552
v 30.1336 		-25.0575 		3.9897
v 30.0278 		-25.0426 		4.0266
v 29.9149 		-25.0309 		4.0661
v 29.7949 		-25.0226 		4.1081
v 29.6677 		-25.0176 		4.1525
v 29.5333 		-25.016 		4.1995
v 29.4222 		-25.0173 		4.2383
v 29.3157 		-25.0212 		4.2756
v 29.2138 		-25.0278 		4.3112
v 29.1165 		-25.0369 		4.3452
v 29.0238 		-25.0487 		4.3776
v 28.9356 		-25.0631 		4.4084
v 28.8536 		-25.0793 		4.4371
v 28.7763 		-25.0977 		4.4642
v 28.7035 		-25.1184 		4.4896
v 28.6353 		-25.1412 		4.5135
v 28.5717 		-25.1663 		4.5357
v 28.5127 		-25.1936 		4.5563
v 28.4582 		-25.2224 		4.5753
v 28.4084 		-25.2532 		4.5927
v 28.3632 		-25.286 		4.6086
v 28.3226 		-25.3209 		4.6227
v 28.2866 		-25.3577 		4.6353
v 28.2552 		-25.3966 		4.6463
v 28.2285 		-25.4367 		4.6557
v 28.2067 		-25.4784 		4.6633
v 28.1897 		-25.5217 		4.6692
v 28.1775 		-25.5666 		4.6735
v 28.1703 		-25.6131 		4.676
v 28.1678 		-25.6612 		4.6769
v 28.1681 		-25.674 		4.6768
v 28.1689 		-25.6868 		4.6765
v 28.1701 		-25.6998 		4.6761
v 28.1719 		-25.7128 		4.6754
v 28.1742 		-25.7259 		4.6746
v 28.177 		-25.7392 		4.6736
v 28.1802 		-25.7529 		4.6725
v 28.1837 		-25.7664 		4.6713
v 28.1874 		-25.7795 		4.67
v 28.1913 		-25.7924 		4.6686
v 28.1955 		-25.8049 		4.6672
v 28.2 		-25.8171 		4.6656
v 28.2047 		-25.8296 		4.664
v 28.2097 		-25.8417 		4.6622
v 28.215 		-25.8534 		4.6604
v 28.2204 		-25.8647 		4.6585
v 28.2262 		-25.8755 		4.6565
v 28.2322 		-25.886 		4.6544
v 28.2383 		-25.896 		4.6522
v 28.2445 		-25.9053 		4.6501
v 28.2506 		-25.9141 		4.6479
v 28.2567 		-25.9223 		4.6458
v 28.2628 		-25.9298 		4.6436
v 28.269 		-25.9368 		4.6415
v 27.6805 		-25.9168 		4.8472
v 27.6438 		-25.9156 		4.86
v 27.4998 		-25.9108 		4.9104
v 27.4644 		-25.9096 		4.9228
v 27.4298 		-25.9084 		4.9349
v 27.3964 		-25.9074 		4.9465
v 27.3644 		-25.9064 		4.9577
v 27.3336 		-25.9055 		4.9685
v 27.3041 		-25.9048 		4.9788
v 27.2759 		-25.9041 		4.9887
v 27.2491 		-25.903 		4.998
v 27.2238 		-25.9019 		5.0069
v 27.2 		-25.901 		5.0152
v 27.1778 		-25.9001 		5.023
v 27.1571 		-25.8994 		5.0302
v 27.1379 		-25.8987 		5.0369
v 27.1224 		-25.8981 		5.0423
v 27.1093 		-25.8977 		5.0469
v 27.0989 		-25.8973 		5.0505
v 27.0909 		-25.8971 		5.0533
v 27.0856 		-25.8969 		5.0552
v 27.0828 		-25.8969 		5.0562
v 27.3265 		-25.257 		4.971
v 27.5425 		-25.2371 		4.8954
v 27.5425 		-25.1012 		4.8954
v 26.3793 		-26.0582 		5.3021
v 28.5908 		-26.138 		4.529
v 28.7104 		-26.022 		4.4872
v 28.6078 		-25.8429 		4.5231
v 28.6046 		-25.8298 		4.5242
v 28.6004 		-25.8169 		4.5256
v 29.8828 		-25.9859 		4.0773
v 27.6074 		-25.9144 		4.8728
v 27.5354 		-25.912 		4.8979
v 27.3083 		-25.2595 		4.9773
v 28.7027 		-26.0128 		4.4899
v 28.6112 		-25.8556 		4.5218
v 29.9287 		-25.9839 		4.0613
v 27.5713 		-25.9132 		4.8854
v 27.2907 		-25.2619 		4.9835
v 28.695 		-26.0036 		4.4926
v 29.9747 		-25.9811 		4.0452
v 27.2736 		-25.2643 		4.9895
v 28.6874 		-25.9943 		4.4952
v 30.0207 		-25.9774 		4.0291
v 27.257 		-25.2667 		4.9953
v 28.6797 		-25.9849 		4.4979
v 30.0667 		-25.973 		4.0131
v 27.2409 		-25.2691 		5.0009
v 28.672 		-25.9754 		4.5006
v 30.1105 		-25.9677 		3.9977
v 27.2253 		-25.2715 		5.0063
v 28.6644 		-25.9658 		4.5033
v 30.153 		-25.9613 		3.9829
v 27.2118 		-25.2741 		5.0111
v 28.6582 		-25.9554 		4.5054
v 27.1987 		-25.277 		5.0156
v 28.6521 		-25.945 		4.5076
v 30.1943 		-25.954 		3.9685
v 27.1862 		-25.2802 		5.02
v 28.646 		-25.9345 		4.5097
v 30.2342 		-25.9456 		3.9545
v 27.1742 		-25.2836 		5.0242
v 28.6399 		-25.9239 		4.5118
v 30.2729 		-25.9363 		3.941
v 27.1627 		-25.2874 		5.0282
v 30.3103 		-25.9259 		3.9279
v 27.1517 		-25.2915 		5.0321
v 30.346 		-25.9145 		3.9154
v 27.1414 		-25.2959 		5.0357
v 30.3793 		-25.9019 		3.9038
v 26.3793 		-25.1012 		5.3021
v 30.4103 		-25.8883 		3.8929
v 27.1318 		-25.3007 		5.039
v 30.4391 		-25.8735 		3.8829
v 27.123 		-25.306 		5.0421
v 30.4655 		-25.8577 		3.8736
v 27.115 		-25.3116 		5.0449
v 30.4897 		-25.8407 		3.8652
v 27.1077 		-25.3177 		5.0475
v 30.5093 		-25.8225 		3.8583
v 27.1012 		-25.3241 		5.0497
v 30.5254 		-25.8028 		3.8527
v 27.0955 		-25.3311 		5.0517
v 30.5379 		-25.7818 		3.8483
v 27.0909 		-25.3386 		5.0533
v 30.5469 		-25.7593 		3.8452
v 27.0874 		-25.3468 		5.0546
v 30.5522 		-25.7355 		3.8433
v 27.0848 		-25.3555 		5.0555
v 27.0833 		-25.3649 		5.056
v 30.554 		-25.7102 		3.8427
v 27.0828 		-25.3749 		5.0562
v 30.5527 		-25.6898 		3.8431
v 30.5489 		-25.6697 		3.8445
v 30.5425 		-25.6499 		3.8467
v 30.5336 		-25.6304 		3.8498
v 30.5221 		-25.6113 		3.8538
v 30.508 		-25.5924 		3.8588
v 30.4893 		-25.574 		3.8653
v 28.6337 		-25.9131 		4.514
v 30.4667 		-25.5565 		3.8732
v 28.6276 		-25.9023 		4.5161
v 30.4402 		-25.5398 		3.8825
v 28.6231 		-25.8912 		4.5177
v 30.41 		-25.5239 		3.893
v 28.6189 		-25.8798 		4.5192
v 28.615 		-25.8679 		4.5206
v 30.3759 		-25.5088 		3.905
v 30.3379 		-25.4945 		3.9182
v 30.2973 		-25.4805 		3.9324
v 28.5969 		-25.8034 		4.5268
v 30.2521 		-25.4675 		3.9482
v 28.5943 		-25.7895 		4.5278
v 30.2023 		-25.4555 		3.9656
v 28.5923 		-25.775 		4.5285
v 30.1479 		-25.4445 		3.9847
v 28.5912 		-25.7601 		4.5289
v 30.0889 		-25.4346 		4.0053
v 28.5908 		-25.7446 		4.529
v 30.0253 		-25.4256 		4.0275
v 28.5973 		-25.6918 		4.5267
v 29.9568 		-25.4179 		4.0515
v 28.6169 		-25.6431 		4.5199
v 29.8833 		-25.4115 		4.0772
v 28.6494 		-25.5987 		4.5085
v 29.8046 		-25.4066 		4.1047
v 28.695 		-25.5585 		4.4926
v 29.7208 		-25.4031 		4.134
v 28.7536 		-25.5226 		4.4721
v 29.6319 		-25.4009 		4.165
v 28.8253 		-25.4909 		4.447
v 29.5379 		-25.4002 		4.1979
v 28.9102 		-25.4632 		4.4173
v 29.3853 		-25.4028 		4.2512
v 29.0087 		-25.4405 		4.3829
v 29.2462 		-25.4103 		4.2999
v 29.1207 		-25.4229 		4.3438
v 27.8187 		-24.8057 		2.4275
v 27.8417 		-24.465 		2.4195
v 27.9035 		-24.4644 		2.3979
v 27.9842 		-24.8017 		2.3697
v 27.9022 		-24.8047 		2.3983
v 28.1436 		-24.7896 		2.314
v 28.0647 		-24.7967 		2.3415
v 28.2969 		-24.7695 		2.2604
v 28.221 		-24.7805 		2.2869
v 28.4404 		-24.7411 		2.2102
v 28.3703 		-24.7563 		2.2347
v 28.5707 		-24.7042 		2.1647
v 28.5072 		-24.7237 		2.1868
v 28.6877 		-24.6589 		2.1238
v 28.6308 		-24.6826 		2.1436
v 28.7878 		-24.6037 		2.0888
v 28.7395 		-24.6324 		2.1056
v 28.8736 		-24.5397 		2.0588
v 28.8325 		-24.5728 		2.0731
v 28.9451 		-24.4668 		2.0338
v 28.9112 		-24.5043 		2.0456
v 28.9988 		-24.3858 		2.015
v 28.9746 		-24.4275 		2.0234
v 29.0309 		-24.2952 		2.0038
v 29.0175 		-24.3417 		2.0084
v 29.0417 		-24.1949 		2
v 29.039 		-24.2462 		2.0009
v 29.0325 		-24.097 		2.0032
v 29.0394 		-24.145 		2.0008
v 29.0049 		-24.0064 		2.0129
v 29.021 		-24.0508 		2.0072
v 28.9589 		-23.923 		2.0289
v 28.9842 		-23.9638 		2.0201
v 28.8925 		-23.8473 		2.0521
v 28.9278 		-23.8841 		2.0398
v 28.8097 		-23.7796 		2.0811
v 28.8532 		-23.8124 		2.0659
v 28.7106 		-23.72 		2.1157
v 28.7622 		-23.7488 		2.0977
v 28.5952 		-23.6698 		2.1561
v 28.655 		-23.6939 		2.1352
v 28.4634 		-23.6282 		2.2022
v 28.5313 		-23.6479 		2.1784
v 28.3152 		-23.5949 		2.2539
v 28.3914 		-23.6105 		2.2273
v 28.1492 		-23.5697 		2.312
v 28.2339 		-23.5811 		2.2824
v 27.9699 		-23.5546 		2.3747
v 28.0612 		-23.5609 		2.3427
v 27.7773 		-23.5496 		2.442
v 27.8753 		-23.5509 		2.4078
v 27.6511 		-23.5522 		2.4861
v 27.7136 		-23.5503 		2.4643
v 27.5301 		-23.5601 		2.5284
v 27.59 		-23.5555 		2.5075
v 27.4141 		-23.5732 		2.569
v 27.4714 		-23.566 		2.5489
v 27.3022 		-23.5917 		2.6081
v 27.3578 		-23.5817 		2.5887
v 27.1934 		-23.6159 		2.6461
v 27.2474 		-23.6031 		2.6272
v 27.0877 		-23.6457 		2.6831
v 27.1402 		-23.6301 		2.6647
v 26.9875 		-23.6827 		2.7181
v 27.0373 		-23.6634 		2.7007
v 26.8894 		-23.7262 		2.7524
v 26.9382 		-23.7037 		2.7353
v 26.7934 		-23.7762 		2.786
v 26.8412 		-23.7504 		2.7693
v 26.6984 		-23.833 		2.8192
v 26.7459 		-23.8037 		2.8026
v 26.6034 		-23.897 		2.8524
v 26.6509 		-23.8641 		2.8358
v 26.5084 		-23.9683 		2.8856
v 26.5559 		-23.9318 		2.869
v 26.4409 		-23.918 		2.9092
v 26.4746 		-23.9427 		2.8974
v 26.3735 		-23.8708 		2.9328
v 26.4072 		-23.894 		2.921
v 26.3061 		-23.8269 		2.9563
v 26.3398 		-23.8485 		2.9445
v 26.234 		-23.7877 		2.9815
v 26.2704 		-23.8068 		2.9688
v 26.1589 		-23.752 		3.0078
v 26.1969 		-23.7694 		2.9945
v 26.0808 		-23.72 		3.0351
v 26.1202 		-23.7355 		3.0213
v 25.998 		-23.6932 		3.064
v 26.0402 		-23.706 		3.0493
v 25.9091 		-23.6708 		3.0951
v 25.9543 		-23.6815 		3.0793
v 25.8141 		-23.6529 		3.1283
v 25.8624 		-23.6613 		3.1114
v 25.7114 		-23.6388 		3.1642
v 25.7639 		-23.6452 		3.1458
v 25.5995 		-23.6304 		3.2033
v 25.6566 		-23.6339 		3.1833
v 25.4785 		-23.6275 		3.2456
v 25.5402 		-23.6283 		3.2241
v 25.3206 		-23.6314 		3.3008
v 25.3984 		-23.6285 		3.2736
v 25.172 		-23.6429 		3.3528
v 25.2451 		-23.6362 		3.3272
v 25.0325 		-23.662 		3.4015
v 25.1011 		-23.6515 		3.3776
v 24.9012 		-23.6886 		3.4474
v 24.9652 		-23.6744 		3.4251
v 24.7832 		-23.7224 		3.4887
v 24.8405 		-23.7046 		3.4686
v 24.6785 		-23.7635 		3.5253
v 24.7292 		-23.742 		3.5076
v 24.585 		-23.8118 		3.558
v 24.6298 		-23.7868 		3.5423
v 24.5068 		-23.8674 		3.5853
v 24.544 		-23.8387 		3.5723
v 24.444 		-23.9302 		3.6073
v 24.4735 		-23.8979 		3.597
v 24.3955 		-24.0013 		3.6242
v 24.4173 		-23.9649 		3.6166
v 24.3663 		-24.0793 		3.6344
v 24.3785 		-24.0395 		3.6302
v 24.3566 		-24.1641 		3.6378
v 24.3591 		-24.1208 		3.637
v 24.3679 		-24.2662 		3.6339
v 24.3594 		-24.2165 		3.6368
v 24.4016 		-24.3574 		3.6221
v 24.3819 		-24.3132 		3.629
v 24.4578 		-24.4378 		3.6024
v 24.4269 		-24.3989 		3.6132
v 24.5293 		-24.5068 		3.5774
v 24.4918 		-24.4735 		3.5906
v 24.6151 		-24.5667 		3.5474
v 24.5704 		-24.5379 		3.5631
v 24.7153 		-24.6172 		3.5124
v 24.6634 		-24.5931 		3.5306
v 24.8302 		-24.6589 		3.4723
v 24.7716 		-24.6391 		3.4927
v 24.9543 		-24.6921 		3.4289
v 24.8911 		-24.6766 		3.451
v 25.0877 		-24.7169 		3.3822
v 25.0199 		-24.7056 		3.406
v 25.2297 		-24.733 		3.3326
v 25.1584 		-24.7258 		3.3575
v 25.3737 		-24.7427 		3.2822
v 25.3015 		-24.7387 		3.3075
v 25.4463 		-24.3925 		3.2569
v 25.4465 		-24.7451 		3.2568
v 25.5003 		-24.392 		3.238
v 25.6428 		-24.7437 		3.1882
v 25.5199 		-24.7459 		3.2312
v 25.8727 		-24.726 		3.1078
v 25.7605 		-24.737 		3.1471
v 26.0812 		-24.6905 		3.0349
v 25.9796 		-24.7105 		3.0704
v 26.2691 		-24.6376 		2.9692
v 26.1773 		-24.6661 		3.0013
v 26.4428 		-24.5687 		2.9085
v 26.3577 		-24.6051 		2.9383
v 26.6032 		-24.4841 		2.8524
v 26.5247 		-24.5284 		2.8799
v 26.75 		-24.4897 		2.8011
v 26.714 		-24.4633 		2.8137
v 26.6785 		-24.436 		2.8261
v 26.8235 		-24.5399 		2.7754
v 26.7865 		-24.5153 		2.7884
v 26.8992 		-24.5864 		2.749
v 26.8611 		-24.5636 		2.7623
v 26.9758 		-24.6301 		2.7222
v 26.9367 		-24.6088 		2.7359
v 27.0585 		-24.6694 		2.6933
v 27.0164 		-24.6503 		2.708
v 27.1474 		-24.7042 		2.6622
v 27.1022 		-24.6873 		2.678
v 27.2399 		-24.7344 		2.6299
v 27.1928 		-24.7199 		2.6463
v 27.3395 		-24.7598 		2.595
v 27.2888 		-24.7477 		2.6128
v 27.4463 		-24.7803 		2.5577
v 27.392 		-24.7707 		2.5767
v 27.5612 		-24.7944 		2.5175
v 27.5026 		-24.7881 		2.538
v 27.6854 		-24.8029 		2.4741
v 27.6221 		-24.7994 		2.4962
v 27.7509 		-24.805 		2.4512
v 27.7873 		-24.4646 		2.4385
v 27.9633 		-24.4627 		2.377
v 25.552 		-24.3906 		3.2199
v 27.7344 		-24.4633 		2.457
v 28.021 		-24.46 		2.3568
v 25.6015 		-24.3884 		3.2026
v 27.6831 		-24.4613 		2.4749
v 28.0767 		-24.4561 		2.3373
v 25.3949 		-24.3921 		3.2748
v 25.6486 		-24.3852 		3.1862
v 28.1303 		-24.4511 		2.3186
v 25.3451 		-24.391 		3.2922
v 25.6934 		-24.3811 		3.1705
v 28.1819 		-24.445 		2.3006
v 25.2969 		-24.3893 		3.3091
v 25.7359 		-24.3761 		3.1556
v 27.6333 		-24.4585 		2.4924
v 28.2327 		-24.4379 		2.2828
v 25.2501 		-24.3868 		3.3255
v 25.7766 		-24.3696 		3.1414
v 27.585 		-24.4549 		2.5092
v 28.281 		-24.4299 		2.2659
v 25.2049 		-24.3836 		3.3413
v 25.8156 		-24.3622 		3.1278
v 27.5382 		-24.4505 		2.5256
v 28.3267 		-24.421 		2.2499
v 25.1612 		-24.3798 		3.3565
v 25.8532 		-24.3539 		3.1146
v 27.493 		-24.4453 		2.5414
v 28.3699 		-24.4112 		2.2348
v 25.1192 		-24.3746 		3.3712
v 25.8892 		-24.3447 		3.102
v 27.4493 		-24.4394 		2.5566
v 28.4105 		-24.4005 		2.2206
v 25.079 		-24.3687 		3.3853
v 25.9237 		-24.3346 		3.09
v 27.4072 		-24.4328 		2.5714
v 28.4486 		-24.3888 		2.2073
v 25.0405 		-24.3621 		3.3987
v 25.9566 		-24.3236 		3.0785
v 27.3666 		-24.4255 		2.5856
v 28.484 		-24.3757 		2.195
v 25.0039 		-24.3548 		3.4115
v 25.9897 		-24.3116 		3.0669
v 27.3275 		-24.4175 		2.5992
v 28.5165 		-24.3618 		2.1836
v 24.969 		-24.3468 		3.4237
v 26.0215 		-24.2988 		3.0558
v 27.29 		-24.4088 		2.6124
v 28.5463 		-24.3471 		2.1732
v 24.9359 		-24.3381 		3.4353
v 26.052 		-24.2851 		3.0451
v 27.2538 		-24.3994 		2.625
v 28.5732 		-24.3316 		2.1638
v 26.0813 		-24.2704 		3.0349
v 27.2189 		-24.3896 		2.6372
v 24.9049 		-24.3287 		3.4461
v 26.1092 		-24.2548 		3.0251
v 27.1854 		-24.3793 		2.6489
v 28.5974 		-24.3153 		2.1553
v 24.8762 		-24.3185 		3.4562
v 26.1359 		-24.2384 		3.0158
v 27.153 		-24.3685 		2.6602
v 28.6187 		-24.2982 		2.1479
v 24.8497 		-24.3077 		3.4654
v 26.1634 		-24.2211 		3.0062
v 27.122 		-24.3572 		2.6711
v 28.637 		-24.2804 		2.1415
v 24.8256 		-24.2962 		3.4739
v 26.1906 		-24.2029 		2.9967
v 27.0923 		-24.3453 		2.6815
v 28.6519 		-24.2619 		2.1363
v 24.8038 		-24.2839 		3.4815
v 26.2175 		-24.184 		2.9873
v 27.0622 		-24.3331 		2.692
v 28.6635 		-24.2429 		2.1322
v 24.7842 		-24.271 		3.4883
v 27.0335 		-24.3206 		2.702
v 28.6718 		-24.2233 		2.1293
v 24.7674 		-24.2574 		3.4942
v 26.2442 		-24.1643 		2.9779
v 27.0061 		-24.3077 		2.7116
v 28.6768 		-24.203 		2.1276
v 24.7536 		-24.2432 		3.499
v 26.2707 		-24.1437 		2.9687
v 26.9799 		-24.2946 		2.7208
v 28.6785 		-24.1822 		2.127
v 24.7428 		-24.2284 		3.5028
v 26.2969 		-24.1224 		2.9595
v 26.955 		-24.2811 		2.7295
v 28.6769 		-24.1608 		2.1275
v 24.7352 		-24.213 		3.5055
v 28.6723 		-24.1403 		2.1291
v 24.7306 		-24.197 		3.5071
v 26.2736 		-24.1071 		2.9677
v 28.6647 		-24.1206 		2.1318
v 24.729 		-24.1804 		3.5076
v 26.2499 		-24.0926 		2.976
v 24.7308 		-24.1614 		3.507
v 26.2256 		-24.0789 		2.9845
v 28.6539 		-24.1016 		2.1355
v 24.7362 		-24.1433 		3.5051
v 26.2008 		-24.066 		2.9931
v 28.6401 		-24.0835 		2.1404
v 26.1755 		-24.0539 		3.002
v 28.6233 		-24.0662 		2.1463
v 24.7451 		-24.126 		3.502
v 26.1497 		-24.0426 		3.011
v 28.6021 		-24.0491 		2.1537
v 24.7577 		-24.1095 		3.4976
v 26.123 		-24.0321 		3.0203
v 28.5783 		-24.0328 		2.162
v 24.7737 		-24.0938 		3.492
v 26.0951 		-24.0221 		3.0301
v 28.552 		-24.0172 		2.1712
v 24.7934 		-24.0789 		3.4851
v 26.0658 		-24.0127 		3.0403
v 28.5232 		-24.0025 		2.1813
v 24.816 		-24.0648 		3.4772
v 26.9313 		-24.2674 		2.7377
v 28.4917 		-23.9887 		2.1922
v 24.8409 		-24.0515 		3.4685
v 26.9694 		-24.2356 		2.7244
v 28.4578 		-23.9756 		2.2041
v 24.8681 		-24.039 		3.459
v 26.0353 		-24.004 		3.051
v 28.4214 		-23.9639 		2.2168
v 24.8976 		-24.0273 		3.4487
v 26.0035 		-23.9958 		3.0621
v 28.3827 		-23.9532 		2.2304
v 24.9294 		-24.0164 		3.4376
v 27.0069 		-24.2054 		2.7113
v 28.3417 		-23.9434 		2.2447
v 24.9635 		-24.0064 		3.4256
v 25.9704 		-23.9882 		3.0737
v 28.2984 		-23.9345 		2.2598
v 24.9981 		-23.9966 		3.4135
v 27.044 		-24.1768 		2.6984
v 28.2528 		-23.9265 		2.2758
v 25.0345 		-23.9876 		3.4008
v 25.9362 		-23.9813 		3.0856
v 28.2049 		-23.9194 		2.2925
v 25.0727 		-23.9796 		3.3875
v 25.9009 		-23.975 		3.0979
v 28.1551 		-23.9133 		2.3099
v 25.1127 		-23.9725 		3.3735
v 27.0805 		-24.1498 		2.6856
v 28.1037 		-23.9083 		2.3279
v 25.1545 		-23.9663 		3.3589
v 25.8647 		-23.9692 		3.1106
v 28.0509 		-23.9044 		2.3464
v 25.198 		-23.9611 		3.3437
v 27.1165 		-24.1244 		2.673
v 27.9965 		-23.9016 		2.3654
v 25.2425 		-23.9561 		3.3281
v 25.8274 		-23.9641 		3.1237
v 27.9405 		-23.9 		2.3849
v 25.2869 		-23.952 		3.3126
v 27.152 		-24.1006 		2.6606
v 27.8831 		-23.8994 		2.405
v 25.3313 		-23.9488 		3.2971
v 25.7891 		-23.9595 		3.1371
v 27.8318 		-23.9 		2.4229
v 25.3758 		-23.9466 		3.2815
v 27.186 		-24.0783 		2.6487
v 27.7824 		-23.9018 		2.4402
v 25.4202 		-23.9452 		3.266
v 25.7497 		-23.9556 		3.1508
v 25.4647 		-23.9447 		3.2505
v 27.2205 		-24.0573 		2.6367
v 27.7348 		-23.9049 		2.4569
v 25.5173 		-23.945 		3.2321
v 25.7073 		-23.9523 		3.1656
v 27.6889 		-23.9091 		2.4729
v 25.5679 		-23.946 		3.2144
v 27.2555 		-24.0376 		2.6244
v 27.6449 		-23.9145 		2.4883
v 25.6629 		-23.9496 		3.1812
v 27.6026 		-23.9212 		2.5031
v 25.6164 		-23.9475 		3.1974
v 27.291 		-24.0193 		2.612
v 27.5602 		-23.9285 		2.5179
v 27.327 		-24.0022 		2.5994
v 27.5188 		-23.9373 		2.5324
v 27.4785 		-23.9475 		2.5465
v 27.4391 		-23.959 		2.5602
v 27.3635 		-23.9864 		2.5867
v 27.4008 		-23.972 		2.5736
v 29.8618 		-24.4644 		4.0847
v 29.8 		-24.465 		4.1063
v 29.777 		-24.8057 		4.1143
v 29.8605 		-24.8047 		4.0851
v 29.9425 		-24.8017 		4.0565
v 30.023 		-24.7967 		4.0283
v 30.1019 		-24.7896 		4.0007
v 30.1793 		-24.7805 		3.9737
v 30.2552 		-24.7695 		3.9472
v 30.3286 		-24.7563 		3.9215
v 30.3987 		-24.7411 		3.897
v 30.4655 		-24.7237 		3.8736
v 30.529 		-24.7042 		3.8514
v 30.5891 		-24.6826 		3.8304
v 30.646 		-24.6589 		3.8105
v 30.6978 		-24.6324 		3.7924
v 30.7461 		-24.6037 		3.7755
v 30.7908 		-24.5728 		3.7599
v 30.8319 		-24.5397 		3.7455
v 30.8695 		-24.5043 		3.7324
v 30.9034 		-24.4668 		3.7205
v 30.933 		-24.4275 		3.7102
v 30.9571 		-24.3858 		3.7018
v 30.9759 		-24.3417 		3.6952
v 30.9893 		-24.2952 		3.6905
v 30.9973 		-24.2462 		3.6877
v 31 		-24.1949 		3.6868
v 30.9977 		-24.145 		3.6876
v 30.9908 		-24.097 		3.69
v 30.9793 		-24.0508 		3.694
v 30.9632 		-24.0064 		3.6996
v 30.9425 		-23.9638 		3.7069
v 30.9172 		-23.923 		3.7157
v 30.8861 		-23.8841 		3.7266
v 30.8508 		-23.8473 		3.7389
v 30.8115 		-23.8124 		3.7527
v 30.7681 		-23.7796 		3.7679
v 30.7206 		-23.7488 		3.7845
v 30.669 		-23.72 		3.8025
v 30.6133 		-23.6939 		3.822
v 30.5535 		-23.6698 		3.8429
v 30.4897 		-23.6479 		3.8652
v 30.4217 		-23.6282 		3.8889
v 30.3497 		-23.6105 		3.9141
v 30.2736 		-23.5949 		3.9407
v 30.1922 		-23.5811 		3.9692
v 30.1075 		-23.5697 		3.9988
v 30.0195 		-23.5609 		4.0295
v 29.9282 		-23.5546 		4.0615
v 29.8336 		-23.5509 		4.0945
v 29.7356 		-23.5496 		4.1288
v 29.6719 		-23.5503 		4.1511
v 29.6095 		-23.5522 		4.1729
v 29.5483 		-23.5555 		4.1943
v 29.4884 		-23.5601 		4.2152
v 29.4298 		-23.566 		4.2357
v 29.3724 		-23.5732 		4.2558
v 29.3161 		-23.5817 		4.2754
v 29.2605 		-23.5917 		4.2949
v 29.2058 		-23.6031 		4.314
v 29.1517 		-23.6159 		4.3329
v 29.0985 		-23.6301 		4.3515
v 29.046 		-23.6457 		4.3699
v 28.9957 		-23.6634 		4.3875
v 28.9459 		-23.6827 		4.4049
v 28.8966 		-23.7037 		4.4221
v 28.8478 		-23.7262 		4.4392
v 28.7995 		-23.7504 		4.456
v 28.7517 		-23.7762 		4.4727
v 28.7042 		-23.8037 		4.4893
v 28.6567 		-23.833 		4.506
v 28.6092 		-23.8641 		4.5226
v 28.5617 		-23.897 		4.5392
v 28.5142 		-23.9318 		4.5558
v 28.4667 		-23.9683 		4.5724
v 28.433 		-23.9427 		4.5842
v 28.3992 		-23.918 		4.596
v 28.3655 		-23.894 		4.6077
v 28.3318 		-23.8708 		4.6195
v 28.2981 		-23.8485 		4.6313
v 28.2644 		-23.8269 		4.6431
v 28.2287 		-23.8068 		4.6556
v 28.1923 		-23.7877 		4.6683
v 28.1552 		-23.7694 		4.6813
v 28.1173 		-23.752 		4.6945
v 28.0786 		-23.7355 		4.7081
v 28.0391 		-23.72 		4.7219
v 27.9985 		-23.706 		4.7361
v 27.9563 		-23.6932 		4.7508
v 27.9127 		-23.6815 		4.7661
v 27.8674 		-23.6708 		4.7819
v 27.8207 		-23.6613 		4.7982
v 27.7724 		-23.6529 		4.8151
v 27.7222 		-23.6452 		4.8326
v 27.6697 		-23.6388 		4.851
v 27.615 		-23.6339 		4.8701
v 27.5579 		-23.6304 		4.8901
v 27.4985 		-23.6283 		4.9109
v 27.4368 		-23.6275 		4.9324
v 27.3567 		-23.6285 		4.9604
v 27.2789 		-23.6314 		4.9876
v 27.2035 		-23.6362 		5.014
v 27.1303 		-23.6429 		5.0396
v 27.0594 		-23.6515 		5.0643
v 26.9908 		-23.662 		5.0883
v 26.9235 		-23.6744 		5.1118
v 26.8595 		-23.6886 		5.1342
v 26.7989 		-23.7046 		5.1554
v 26.7415 		-23.7224 		5.1755
v 26.6875 		-23.742 		5.1944
v 26.6368 		-23.7635 		5.2121
v 26.5881 		-23.7868 		5.2291
v 26.5433 		-23.8118 		5.2448
v 26.5023 		-23.8387 		5.2591
v 26.4652 		-23.8674 		5.2721
v 26.4318 		-23.8979 		5.2837
v 26.4023 		-23.9302 		5.294
v 26.3756 		-23.9649 		5.3034
v 26.3538 		-24.0013 		5.311
v 26.3368 		-24.0395 		5.317
v 26.3247 		-24.0793 		5.3212
v 26.3174 		-24.1208 		5.3237
v 26.315 		-24.1641 		5.3246
v 26.3178 		-24.2165 		5.3236
v 26.3262 		-24.2662 		5.3207
v 26.3403 		-24.3132 		5.3157
v 26.3599 		-24.3574 		5.3089
v 26.3852 		-24.3989 		5.3
v 26.4161 		-24.4378 		5.2892
v 26.4501 		-24.4735 		5.2774
v 26.4876 		-24.5068 		5.2642
v 26.5288 		-24.5379 		5.2498
v 26.5735 		-24.5667 		5.2342
v 26.6217 		-24.5931 		5.2173
v 26.6736 		-24.6172 		5.1992
v 26.7299 		-24.6391 		5.1795
v 26.7885 		-24.6589 		5.159
v 26.8494 		-24.6766 		5.1377
v 26.9127 		-24.6921 		5.1156
v 26.9782 		-24.7056 		5.0927
v 27.046 		-24.7169 		5.069
v 27.1167 		-24.7258 		5.0443
v 27.188 		-24.733 		5.0194
v 27.2598 		-24.7387 		4.9943
v 27.3321 		-24.7427 		4.969
v 27.4049 		-24.7451 		4.9436
v 27.4046 		-24.3925 		4.9437
v 27.4586 		-24.392 		4.9248
v 27.4782 		-24.7459 		4.9179
v 27.6012 		-24.7437 		4.875
v 27.7188 		-24.737 		4.8338
v 27.831 		-24.726 		4.7946
v 27.9379 		-24.7105 		4.7572
v 28.0395 		-24.6905 		4.7217
v 28.1356 		-24.6661 		4.6881
v 28.2275 		-24.6376 		4.656
v 28.316 		-24.6051 		4.6251
v 28.4012 		-24.5687 		4.5953
v 28.483 		-24.5284 		4.5667
v 28.5616 		-24.4841 		4.5392
v 28.6368 		-24.436 		4.5129
v 28.6723 		-24.4633 		4.5005
v 28.7083 		-24.4897 		4.4879
v 28.7448 		-24.5153 		4.4751
v 28.7819 		-24.5399 		4.4622
v 28.8194 		-24.5636 		4.4491
v 28.8575 		-24.5864 		4.4358
v 28.895 		-24.6088 		4.4226
v 28.9341 		-24.6301 		4.409
v 28.9747 		-24.6503 		4.3948
v 29.0169 		-24.6694 		4.3801
v 29.0605 		-24.6873 		4.3648
v 29.1058 		-24.7042 		4.349
v 29.1511 		-24.7199 		4.3331
v 29.1982 		-24.7344 		4.3167
v 29.2471 		-24.7477 		4.2996
v 29.2978 		-24.7598 		4.2818
v 29.3503 		-24.7707 		4.2635
v 29.4046 		-24.7803 		4.2445
v 29.4609 		-24.7881 		4.2248
v 29.5195 		-24.7944 		4.2043
v 29.5805 		-24.7994 		4.183
v 29.6437 		-24.8029 		4.1609
v 29.7092 		-24.805 		4.138
v 29.7456 		-24.4646 		4.1253
v 29.9216 		-24.4627 		4.0638
v 27.5104 		-24.3906 		4.9067
v 29.6927 		-24.4633 		4.1438
v 29.9793 		-24.46 		4.0436
v 27.5598 		-24.3884 		4.8894
v 29.6414 		-24.4613 		4.1617
v 30.035 		-24.4561 		4.0241
v 27.3533 		-24.3921 		4.9616
v 27.6069 		-24.3852 		4.8729
v 30.0886 		-24.4511 		4.0054
v 27.3035 		-24.391 		4.979
v 27.6517 		-24.3811 		4.8573
v 30.1402 		-24.445 		3.9873
v 27.2552 		-24.3893 		4.9959
v 27.6943 		-24.3761 		4.8424
v 29.5916 		-24.4585 		4.1791
v 30.1911 		-24.4379 		3.9696
v 27.2084 		-24.3868 		5.0122
v 27.7349 		-24.3696 		4.8282
v 29.5433 		-24.4549 		4.196
v 30.2393 		-24.4299 		3.9527
v 27.1632 		-24.3836 		5.028
v 27.774 		-24.3622 		4.8145
v 29.4966 		-24.4505 		4.2124
v 30.2851 		-24.421 		3.9367
v 27.1196 		-24.3798 		5.0433
v 27.8115 		-24.3539 		4.8014
v 29.4513 		-24.4453 		4.2282
v 30.3282 		-24.4112 		3.9216
v 27.0775 		-24.3746 		5.058
v 27.8475 		-24.3447 		4.7888
v 29.4077 		-24.4394 		4.2434
v 30.3688 		-24.4005 		3.9074
v 27.0373 		-24.3687 		5.0721
v 27.882 		-24.3346 		4.7768
v 29.3655 		-24.4328 		4.2582
v 30.4069 		-24.3888 		3.8941
v 26.9989 		-24.3621 		5.0855
v 27.915 		-24.3236 		4.7653
v 29.3249 		-24.4255 		4.2724
v 30.4423 		-24.3757 		3.8818
v 26.9622 		-24.3548 		5.0983
v 27.948 		-24.3116 		4.7537
v 29.2858 		-24.4175 		4.286
v 30.4748 		-24.3618 		3.8704
v 26.9273 		-24.3468 		5.1105
v 27.9798 		-24.2988 		4.7426
v 29.2483 		-24.4088 		4.2992
v 30.5046 		-24.3471 		3.86
v 26.8943 		-24.3381 		5.1221
v 28.0104 		-24.2851 		4.7319
v 29.2121 		-24.3994 		4.3118
v 30.5315 		-24.3316 		3.8505
v 28.0396 		-24.2704 		4.7217
v 29.1773 		-24.3896 		4.324
v 26.8632 		-24.3287 		5.1329
v 28.0676 		-24.2548 		4.7119
v 29.1437 		-24.3793 		4.3357
v 30.5557 		-24.3153 		3.8421
v 26.8345 		-24.3185 		5.143
v 28.0943 		-24.2384 		4.7026
v 29.1114 		-24.3685 		4.347
v 30.577 		-24.2982 		3.8347
v 26.8081 		-24.3077 		5.1522
v 28.1217 		-24.2211 		4.693
v 29.0803 		-24.3572 		4.3579
v 30.5953 		-24.2804 		3.8283
v 26.7839 		-24.2962 		5.1606
v 28.1489 		-24.2029 		4.6835
v 29.0506 		-24.3453 		4.3683
v 30.6102 		-24.2619 		3.823
v 26.7621 		-24.2839 		5.1683
v 28.1759 		-24.184 		4.674
v 29.0206 		-24.3331 		4.3788
v 30.6218 		-24.2429 		3.819
v 26.7425 		-24.271 		5.1751
v 28.9918 		-24.3206 		4.3888
v 30.6301 		-24.2233 		3.8161
v 26.7257 		-24.2574 		5.181
v 28.2026 		-24.1643 		4.6647
v 28.9644 		-24.3077 		4.3984
v 30.6351 		-24.203 		3.8143
v 26.7119 		-24.2432 		5.1858
v 28.229 		-24.1437 		4.6555
v 28.9382 		-24.2946 		4.4076
v 30.6368 		-24.1822 		3.8138
v 26.7012 		-24.2284 		5.1896
v 28.2552 		-24.1224 		4.6463
v 28.9133 		-24.2811 		4.4163
v 30.6353 		-24.1608 		3.8143
v 26.6935 		-24.213 		5.1923
v 30.6307 		-24.1403 		3.8159
v 26.6889 		-24.197 		5.1939
v 28.2319 		-24.1071 		4.6544
v 30.623 		-24.1206 		3.8186
v 26.6874 		-24.1804 		5.1944
v 28.2082 		-24.0926 		4.6628
v 26.6892 		-24.1614 		5.1938
v 28.1839 		-24.0789 		4.6712
v 30.6123 		-24.1016 		3.8223
v 26.6945 		-24.1433 		5.1919
v 28.1591 		-24.066 		4.6799
v 30.5985 		-24.0835 		3.8272
v 28.1339 		-24.0539 		4.6887
v 30.5816 		-24.0662 		3.833
v 26.7035 		-24.126 		5.1888
v 28.1081 		-24.0426 		4.6978
v 30.5604 		-24.0491 		3.8405
v 26.716 		-24.1095 		5.1844
v 28.0814 		-24.0321 		4.7071
v 30.5367 		-24.0328 		3.8488
v 26.7321 		-24.0938 		5.1788
v 28.0534 		-24.0221 		4.7169
v 30.5103 		-24.0172 		3.858
v 26.7517 		-24.0789 		5.1719
v 28.0242 		-24.0127 		4.7271
v 30.4815 		-24.0025 		3.868
v 26.7743 		-24.0648 		5.164
v 28.8897 		-24.2674 		4.4245
v 30.4501 		-23.9887 		3.879
v 26.7993 		-24.0515 		5.1553
v 28.9277 		-24.2356 		4.4112
v 30.4161 		-23.9756 		3.8909
v 26.8265 		-24.039 		5.1458
v 27.9936 		-24.004 		4.7378
v 30.3797 		-23.9639 		3.9036
v 26.856 		-24.0273 		5.1355
v 27.9618 		-23.9958 		4.7489
v 30.341 		-23.9532 		3.9172
v 26.8878 		-24.0164 		5.1243
v 28.9653 		-24.2054 		4.3981
v 30.3 		-23.9434 		3.9315
v 26.9219 		-24.0064 		5.1124
v 27.9287 		-23.9882 		4.7604
v 30.2567 		-23.9345 		3.9466
v 26.9565 		-23.9966 		5.1003
v 29.0023 		-24.1768 		4.3851
v 30.2111 		-23.9265 		3.9626
v 26.9929 		-23.9876 		5.0876
v 27.8945 		-23.9813 		4.7724
v 30.1632 		-23.9194 		3.9793
v 27.0311 		-23.9796 		5.0743
v 27.8593 		-23.975 		4.7847
v 30.1134 		-23.9133 		3.9967
v 27.071 		-23.9725 		5.0603
v 29.0388 		-24.1498 		4.3724
v 30.0621 		-23.9083 		4.0147
v 27.1128 		-23.9663 		5.0457
v 27.823 		-23.9692 		4.7974
v 30.0092 		-23.9044 		4.0331
v 27.1563 		-23.9611 		5.0305
v 29.0748 		-24.1244 		4.3598
v 29.9548 		-23.9016 		4.0522
v 27.2008 		-23.9561 		5.0149
v 27.7857 		-23.9641 		4.8104
v 29.8989 		-23.9 		4.0717
v 27.2452 		-23.952 		4.9994
v 29.1104 		-24.1006 		4.3474
v 29.8414 		-23.8994 		4.0918
v 27.2897 		-23.9488 		4.9838
v 27.7474 		-23.9595 		4.8238
v 29.7902 		-23.9 		4.1097
v 27.3341 		-23.9466 		4.9683
v 29.1443 		-24.0783 		4.3355
v 29.7407 		-23.9018 		4.127
v 27.3786 		-23.9452 		4.9528
v 27.7081 		-23.9556 		4.8376
v 27.423 		-23.9447 		4.9372
v 29.1788 		-24.0573 		4.3234
v 29.6931 		-23.9049 		4.1436
v 27.4756 		-23.945 		4.9188
v 27.6657 		-23.9523 		4.8524
v 29.6473 		-23.9091 		4.1597
v 27.5262 		-23.946 		4.9012
v 29.2138 		-24.0376 		4.3112
v 29.6032 		-23.9145 		4.1751
v 27.6212 		-23.9496 		4.8679
v 29.5609 		-23.9212 		4.1899
v 27.5747 		-23.9475 		4.8842
v 29.2493 		-24.0193 		4.2988
v 29.5185 		-23.9285 		4.2047
v 29.2853 		-24.0022 		4.2862
v 29.4771 		-23.9373 		4.2191
v 29.4368 		-23.9475 		4.2333
v 29.3975 		-23.959 		4.247
v 29.3218 		-23.9864 		4.2734
v 29.3591 		-23.972 		4.2604
v 25.5735 		-21.2905 		3.2124
v 25.6735 		-21.2869 		3.1775
v 25.7773 		-21.2857 		3.1412
v 25.385 		-21.305 		3.2783
v 25.4773 		-21.2966 		3.246
v 25.2118 		-21.3292 		3.3389
v 25.2965 		-21.3159 		3.3093
v 25.054 		-21.3618 		3.394
v 25.131 		-21.3443 		3.3671
v 24.9114 		-21.4041 		3.4439
v 24.9808 		-21.3818 		3.4196
v 24.7842 		-21.4561 		3.4883
v 24.8459 		-21.4289 		3.4668
v 24.6769 		-21.5177 		3.5258
v 24.7283 		-21.4857 		3.5079
v 24.5881 		-21.589 		3.5569
v 24.6302 		-21.5522 		3.5422
v 24.5176 		-21.67 		3.5816
v 24.5505 		-21.6283 		3.57
v 24.4639 		-21.761 		3.6003
v 24.4881 		-21.7142 		3.5919
v 24.4317 		-21.8625 		3.6116
v 24.4451 		-21.8104 		3.6069
v 24.421 		-21.9745 		3.6153
v 24.4237 		-21.9172 		3.6144
v 24.7612 		-22.7466 		3.4964
v 24.421 		-22.7466 		3.6153
v 26.8624 		-22.1141 		2.7618
v 28.2233 		-22.511 		2.2861
v 25.1474 		-22.511 		3.3614
v 26.8624 		-22.0542 		2.7618
v 28.9773 		-22.7466 		2.0225
v 28.6371 		-22.7466 		2.1414
v 28.6371 		-22.6415 		2.1414
v 28.6371 		-21.8277 		2.1414
v 28.9773 		-21.8277 		2.0225
v 27.2315 		-21.9624 		2.6328
v 27.2348 		-22.0289 		2.6317
v 27.2348 		-22.1141 		2.6317
v 27.2049 		-21.8404 		2.6421
v 27.2215 		-21.8996 		2.6363
v 27.1518 		-21.7328 		2.6607
v 27.1817 		-21.7848 		2.6502
v 27.0731 		-21.6388 		2.6882
v 27.1152 		-21.6845 		2.6734
v 26.975 		-21.5562 		2.7225
v 27.0264 		-21.5961 		2.7045
v 26.8585 		-21.4853 		2.7632
v 26.9191 		-21.5193 		2.742
v 26.7243 		-21.426 		2.8101
v 26.7934 		-21.4543 		2.786
v 26.5762 		-21.3777 		2.8619
v 26.6519 		-21.4005 		2.8354
v 26.4147 		-21.3402 		2.9183
v 26.4971 		-21.3576 		2.8895
v 26.2396 		-21.3134 		2.9795
v 26.329 		-21.3256 		2.9483
v 26.0578 		-21.2957 		3.0431
v 26.1492 		-21.3034 		3.0111
v 25.8718 		-21.2868 		3.1081
v 25.9653 		-21.2901 		3.0754
v 25.1073 		-22.5113 		3.3754
v 26.8608 		-22.0236 		2.7624
v 28.6367 		-22.632 		2.1416
v 28.6371 		-21.9817 		2.1414
v 24.7612 		-22.6415 		3.4964
v 25.0698 		-22.5122 		3.3885
v 26.8562 		-21.9946 		2.764
v 28.6355 		-22.6228 		2.142
v 28.6368 		-21.9902 		2.1415
v 25.0348 		-22.5137 		3.4007
v 26.8486 		-21.9672 		2.7667
v 28.6336 		-22.6139 		2.1426
v 28.6361 		-21.9987 		2.1418
v 24.7616 		-22.6325 		3.4962
v 25.0024 		-22.5158 		3.4121
v 28.2677 		-22.5113 		2.2706
v 28.6309 		-22.6053 		2.1436
v 28.6348 		-22.0071 		2.1422
v 24.7628 		-22.6238 		3.4958
v 24.9725 		-22.5186 		3.4225
v 28.6275 		-22.597 		2.1448
v 28.633 		-22.0156 		2.1429
v 24.7647 		-22.6152 		3.4952
v 24.9451 		-22.5219 		3.4321
v 28.6233 		-22.5889 		2.1463
v 28.6307 		-22.024 		2.1437
v 24.7674 		-22.6069 		3.4942
v 24.9202 		-22.5252 		3.4408
v 28.6179 		-22.5813 		2.1481
v 28.6279 		-22.0325 		2.1447
v 24.7708 		-22.5987 		3.493
v 24.8976 		-22.5289 		3.4487
v 28.611 		-22.574 		2.1505
v 28.6226 		-22.0402 		2.1465
v 24.775 		-22.5908 		3.4915
v 24.8773 		-22.5332 		3.4558
v 28.6026 		-22.5672 		2.1535
v 28.6161 		-22.0476 		2.1488
v 24.7804 		-22.5831 		3.4897
v 24.798 		-22.1141 		3.4835
v 28.5926 		-22.5607 		2.157
v 28.6083 		-22.0547 		2.1515
v 24.7873 		-22.5757 		3.4873
v 24.8593 		-22.538 		3.4621
v 28.5811 		-22.5547 		2.161
v 28.5993 		-22.0615 		2.1547
v 24.7957 		-22.5686 		3.4843
v 24.8436 		-22.5433 		3.4676
v 24.8057 		-22.5618 		3.4808
v 24.8302 		-22.5491 		3.4723
v 28.5681 		-22.5491 		2.1655
v 24.8172 		-22.5553 		3.4768
v 28.5519 		-22.5433 		2.1712
v 28.5339 		-22.538 		2.1775
v 24.798 		-22.0162 		3.4835
v 28.5141 		-22.5332 		2.1844
v 24.7998 		-21.9885 		3.4829
v 28.4925 		-22.5289 		2.192
v 24.8052 		-21.9624 		3.481
v 28.4691 		-22.5252 		2.2001
v 24.8141 		-21.9378 		3.4779
v 28.444 		-22.5219 		2.2089
v 24.8266 		-21.9147 		3.4735
v 28.4149 		-22.5186 		2.2191
v 24.8427 		-21.8931 		3.4679
v 28.3827 		-22.5158 		2.2304
v 24.8624 		-21.873 		3.461
v 28.3474 		-22.5137 		2.2427
v 24.8841 		-21.8543 		3.4534
v 28.3091 		-22.5122 		2.2561
v 24.9094 		-21.8367 		3.4446
v 24.9382 		-21.8204 		3.4345
v 28.5889 		-22.068 		2.1583
v 24.9707 		-21.8053 		3.4231
v 28.5773 		-22.0742 		2.1623
v 25.0067 		-21.7914 		3.4106
v 28.5626 		-22.08 		2.1675
v 25.0463 		-21.7787 		3.3967
v 28.5461 		-22.0855 		2.1732
v 25.0881 		-21.7672 		3.3821
v 28.5279 		-22.0905 		2.1796
v 28.5078 		-22.0951 		2.1866
v 25.1336 		-21.7568 		3.3662
v 28.486 		-22.0994 		2.1943
v 25.1831 		-21.7475 		3.3489
v 28.4624 		-22.1032 		2.2025
v 25.2363 		-21.7393 		3.3303
v 28.435 		-22.1065 		2.2121
v 25.2934 		-21.7322 		3.3103
v 28.4052 		-22.1092 		2.2225
v 25.3543 		-21.7262 		3.289
v 28.3727 		-22.1113 		2.2339
v 25.4191 		-21.7206 		3.2664
v 28.3377 		-22.1128 		2.2461
v 25.4877 		-21.7161 		3.2424
v 28.3002 		-22.1138 		2.2592
v 25.5601 		-21.7126 		3.2171
v 28.2601 		-22.1141 		2.2732
v 25.6363 		-21.7101 		3.1904
v 25.7164 		-21.7085 		3.1625
v 25.8003 		-21.708 		3.1331
v 26.8379 		-21.9415 		2.7704
v 25.893 		-21.7086 		3.1007
v 26.8241 		-21.9173 		2.7752
v 25.9812 		-21.7103 		3.0699
v 26.8072 		-21.8947 		2.7811
v 26.0647 		-21.713 		3.0407
v 26.7854 		-21.8736 		2.7888
v 26.1436 		-21.7169 		3.0131
v 26.7597 		-21.8538 		2.7977
v 26.2179 		-21.7219 		2.9871
v 26.7302 		-21.8354 		2.8081
v 26.2877 		-21.728 		2.9628
v 26.3531 		-21.7352 		2.9399
v 26.6969 		-21.8182 		2.8197
v 26.4144 		-21.7435 		2.9185
v 26.6597 		-21.8023 		2.8327
v 26.4716 		-21.7529 		2.8985
v 26.6187 		-21.7878 		2.847
v 26.5247 		-21.7634 		2.8799
v 26.5737 		-21.7751 		2.8627
v 27.7356 		-21.2857 		4.8279
v 27.6318 		-21.2869 		4.8642
v 27.5318 		-21.2905 		4.8992
v 27.4356 		-21.2966 		4.9328
v 27.3433 		-21.305 		4.9651
v 27.2548 		-21.3159 		4.996
v 27.1701 		-21.3292 		5.0256
v 27.0893 		-21.3443 		5.0539
v 27.0123 		-21.3618 		5.0808
v 26.9391 		-21.3818 		5.1064
v 26.8697 		-21.4041 		5.1306
v 26.8042 		-21.4289 		5.1535
v 26.7425 		-21.4561 		5.1751
v 26.6866 		-21.4857 		5.1947
v 26.6353 		-21.5177 		5.2126
v 26.5885 		-21.5522 		5.229
v 26.5464 		-21.589 		5.2437
v 26.5088 		-21.6283 		5.2568
v 26.4759 		-21.67 		5.2683
v 26.4464 		-21.7142 		5.2786
v 26.4222 		-21.761 		5.2871
v 26.4035 		-21.8104 		5.2936
v 26.3901 		-21.8625 		5.2983
v 26.382 		-21.9172 		5.3011
v 26.3793 		-21.9745 		5.3021
v 26.3793 		-22.7466 		5.3021
v 26.7196 		-22.7466 		5.1831
v 27.1058 		-22.511 		5.0481
v 30.1816 		-22.511 		3.9729
v 28.8207 		-22.1141 		4.4486
v 28.8207 		-22.0542 		4.4486
v 30.5954 		-22.6415 		3.8282
v 30.5954 		-22.7466 		3.8282
v 30.9356 		-22.7466 		3.7093
v 30.9356 		-21.8277 		3.7093
v 30.5954 		-21.8277 		3.8282
v 29.1931 		-22.1141 		4.3184
v 29.1931 		-22.0289 		4.3184
v 29.1898 		-21.9624 		4.3196
v 29.1798 		-21.8996 		4.3231
v 29.1632 		-21.8404 		4.3289
v 29.14 		-21.7848 		4.337
v 29.1101 		-21.7328 		4.3475
v 29.0736 		-21.6845 		4.3602
v 29.0314 		-21.6388 		4.375
v 28.9847 		-21.5961 		4.3913
v 28.9333 		-21.5562 		4.4092
v 28.8774 		-21.5193 		4.4288
v 28.8169 		-21.4853 		4.45
v 28.7517 		-21.4543 		4.4727
v 28.6826 		-21.426 		4.4969
v 28.6102 		-21.4005 		4.5222
v 28.5345 		-21.3777 		4.5487
v 28.4554 		-21.3576 		4.5763
v 28.3731 		-21.3402 		4.6051
v 28.2874 		-21.3256 		4.6351
v 28.198 		-21.3134 		4.6663
v 28.1075 		-21.3034 		4.6979
v 28.0161 		-21.2957 		4.7299
v 27.9236 		-21.2901 		4.7622
v 27.8302 		-21.2868 		4.7949
v 27.0657 		-22.5113 		5.0622
v 28.8192 		-22.0236 		4.4492
v 30.595 		-22.632 		3.8284
v 30.5954 		-21.9817 		3.8282
v 26.7196 		-22.6415 		5.1831
v 27.0281 		-22.5122 		5.0753
v 28.8146 		-21.9946 		4.4508
v 30.5939 		-22.6228 		3.8288
v 30.5951 		-21.9902 		3.8283
v 26.9931 		-22.5137 		5.0875
v 28.8069 		-21.9672 		4.4534
v 30.592 		-22.6139 		3.8294
v 30.5944 		-21.9987 		3.8286
v 26.7199 		-22.6325 		5.183
v 26.9607 		-22.5158 		5.0989
v 30.2261 		-22.5113 		3.9573
v 30.5893 		-22.6053 		3.8304
v 30.5931 		-22.0071 		3.829
v 26.7211 		-22.6238 		5.1826
v 26.9308 		-22.5186 		5.1093
v 30.5858 		-22.597 		3.8316
v 30.5913 		-22.0156 		3.8297
v 26.723 		-22.6152 		5.1819
v 26.9035 		-22.5219 		5.1189
v 30.5816 		-22.5889 		3.833
v 30.589 		-22.024 		3.8305
v 26.7257 		-22.6069 		5.181
v 26.8786 		-22.5252 		5.1276
v 30.5762 		-22.5813 		3.8349
v 30.5862 		-22.0325 		3.8314
v 26.7291 		-22.5987 		5.1798
v 26.856 		-22.5289 		5.1355
v 30.5694 		-22.574 		3.8373
v 30.581 		-22.0402 		3.8333
v 26.7334 		-22.5908 		5.1783
v 26.8357 		-22.5332 		5.1426
v 30.5609 		-22.5672 		3.8403
v 30.5745 		-22.0476 		3.8355
v 26.7387 		-22.5831 		5.1765
v 26.7563 		-22.1141 		5.1703
v 30.551 		-22.5607 		3.8438
v 30.5667 		-22.0547 		3.8383
v 26.7456 		-22.5757 		5.174
v 26.8176 		-22.538 		5.1489
v 30.5395 		-22.5547 		3.8478
v 30.5576 		-22.0615 		3.8414
v 26.754 		-22.5686 		5.1711
v 26.8019 		-22.5433 		5.1544
v 26.764 		-22.5618 		5.1676
v 26.7885 		-22.5491 		5.159
v 30.5264 		-22.5491 		3.8523
v 26.7755 		-22.5553 		5.1636
v 30.5102 		-22.5433 		3.858
v 30.4922 		-22.538 		3.8643
v 26.7563 		-22.0162 		5.1703
v 30.4724 		-22.5332 		3.8712
v 26.7581 		-21.9885 		5.1697
v 30.4508 		-22.5289 		3.8788
v 26.7635 		-21.9624 		5.1678
v 30.4275 		-22.5252 		3.8869
v 26.7724 		-21.9378 		5.1647
v 30.4023 		-22.5219 		3.8957
v 26.7849 		-21.9147 		5.1603
v 30.3732 		-22.5186 		3.9059
v 26.801 		-21.8931 		5.1547
v 30.341 		-22.5158 		3.9172
v 26.8207 		-21.873 		5.1478
v 30.3058 		-22.5137 		3.9295
v 26.8424 		-21.8543 		5.1402
v 30.2674 		-22.5122 		3.9429
v 26.8677 		-21.8367 		5.1314
v 26.8966 		-21.8204 		5.1213
v 30.5473 		-22.068 		3.8451
v 26.929 		-21.8053 		5.1099
v 30.5356 		-22.0742 		3.8491
v 26.965 		-21.7914 		5.0973
v 30.5209 		-22.08 		3.8543
v 27.0046 		-21.7787 		5.0835
v 30.5045 		-22.0855 		3.86
v 27.0464 		-21.7672 		5.0689
v 30.4862 		-22.0905 		3.8664
v 30.4662 		-22.0951 		3.8734
v 27.092 		-21.7568 		5.053
v 30.4443 		-22.0994 		3.881
v 27.1414 		-21.7475 		5.0357
v 30.4207 		-22.1032 		3.8893
v 27.1947 		-21.7393 		5.0171
v 30.3934 		-22.1065 		3.8989
v 27.2517 		-21.7322 		4.9971
v 30.3635 		-22.1092 		3.9093
v 27.3127 		-21.7262 		4.9758
v 30.331 		-22.1113 		3.9206
v 27.3774 		-21.7206 		4.9532
v 30.296 		-22.1128 		3.9329
v 27.446 		-21.7161 		4.9292
v 30.2585 		-22.1138 		3.946
v 27.5184 		-21.7126 		4.9039
v 30.2184 		-22.1141 		3.96
v 27.5947 		-21.7101 		4.8772
v 27.6747 		-21.7085 		4.8492
v 27.7586 		-21.708 		4.8199
v 28.7962 		-21.9415 		4.4572
v 27.8514 		-21.7086 		4.7875
v 28.7824 		-21.9173 		4.462
v 27.9395 		-21.7103 		4.7567
v 28.7655 		-21.8947 		4.4679
v 28.023 		-21.713 		4.7275
v 28.7437 		-21.8736 		4.4755
v 28.1019 		-21.7169 		4.6999
v 28.718 		-21.8538 		4.4845
v 28.1763 		-21.7219 		4.6739
v 28.6885 		-21.8354 		4.4948
v 28.246 		-21.728 		4.6495
v 28.3114 		-21.7352 		4.6267
v 28.6552 		-21.8182 		4.5065
v 28.3727 		-21.7435 		4.6052
v 28.618 		-21.8023 		4.5195
v 28.4299 		-21.7529 		4.5852
v 28.577 		-21.7878 		4.5338
v 28.483 		-21.7634 		4.5667
v 28.5321 		-21.7751 		4.5495
v 28.9773 		-19.6562 		2.0225
v 28.9773 		-21.1389 		2.0225
v 28.6371 		-21.1389 		2.1414
v 27.552 		-19.7867 		2.5208
v 27.552 		-19.6562 		2.5208
v 24.421 		-20.2689 		3.6153
v 24.7566 		-20.2689 		3.498
v 24.7566 		-20.3758 		3.498
v 24.7566 		-21.1389 		3.498
v 24.421 		-21.1389 		3.6153
v 24.7804 		-20.9735 		3.4897
v 24.775 		-20.9812 		3.4915
v 24.7694 		-20.9892 		3.4935
v 28.6371 		-21.0338 		2.1414
v 28.0348 		-19.8284 		2.352
v 24.7571 		-20.3843 		3.4978
v 24.7566 		-21.0338 		3.498
v 28.6367 		-21.0242 		2.1416
v 28.1216 		-19.8364 		2.3216
v 24.7587 		-20.3927 		3.4973
v 24.7571 		-21.0242 		3.4978
v 28.6355 		-21.015 		2.142
v 28.2013 		-19.8459 		2.2938
v 24.7612 		-20.4012 		3.4964
v 24.7587 		-21.015 		3.4973
v 28.6336 		-21.0061 		2.1426
v 28.2739 		-19.857 		2.2684
v 24.7648 		-20.4096 		3.4951
v 24.7612 		-21.0061 		3.4964
v 28.6309 		-20.9975 		2.1436
v 28.3393 		-19.8695 		2.2456
v 24.7694 		-20.4181 		3.4935
v 24.7648 		-20.9975 		3.4951
v 28.6275 		-20.9892 		2.1448
v 28.3975 		-19.8835 		2.2252
v 24.775 		-20.4266 		3.4915
v 28.6233 		-20.9812 		2.1463
v 28.4486 		-19.8991 		2.2073
v 24.7803 		-20.4342 		3.4897
v 28.6179 		-20.9735 		2.1481
v 28.4907 		-19.9165 		2.1926
v 24.7868 		-20.4415 		3.4874
v 24.7873 		-20.9663 		3.4873
v 28.611 		-20.9663 		2.1505
v 28.5252 		-19.9362 		2.1805
v 24.7946 		-20.4483 		3.4847
v 24.7957 		-20.9594 		3.4843
v 28.6026 		-20.9594 		2.1535
v 28.552 		-19.958 		2.1712
v 24.8036 		-20.4547 		3.4815
v 24.8057 		-20.953 		3.4808
v 28.5926 		-20.953 		2.157
v 28.5712 		-19.9821 		2.1645
v 24.814 		-20.4608 		3.4779
v 24.8172 		-20.947 		3.4768
v 28.5811 		-20.947 		2.161
v 28.5827 		-20.0084 		2.1605
v 28.5681 		-20.9413 		2.1655
v 28.5865 		-20.0368 		2.1591
v 24.8256 		-20.4664 		3.4739
v 28.5519 		-20.9355 		2.1712
v 28.5865 		-20.5045 		2.1591
v 24.8404 		-20.4723 		3.4687
v 28.5339 		-20.9302 		2.1775
v 24.8573 		-20.4777 		3.4628
v 28.5141 		-20.9255 		2.1844
v 24.8762 		-20.4827 		3.4562
v 28.4925 		-20.9212 		2.192
v 24.8971 		-20.4874 		3.4489
v 28.4691 		-20.9174 		2.2001
v 24.9201 		-20.4916 		3.4408
v 28.444 		-20.9141 		2.2089
v 24.9451 		-20.4954 		3.4321
v 28.4149 		-20.9108 		2.2191
v 24.9712 		-20.4982 		3.423
v 25.0003 		-20.5005 		3.4128
v 28.3827 		-20.9081 		2.2304
v 25.0325 		-20.5022 		3.4015
v 28.3474 		-20.906 		2.2427
v 25.0677 		-20.5035 		3.3892
v 28.3091 		-20.9045 		2.2561
v 25.1061 		-20.5042 		3.3758
v 28.2677 		-20.9036 		2.2706
v 25.1474 		-20.5045 		3.3614
v 28.2233 		-20.9033 		2.2861
v 24.8302 		-20.9413 		3.4723
v 25.175 		-20.9033 		3.3517
v 24.8464 		-20.9355 		3.4666
v 25.1306 		-20.9036 		3.3672
v 24.8644 		-20.9302 		3.4603
v 25.0892 		-20.9045 		3.3817
v 24.8842 		-20.9255 		3.4534
v 25.0509 		-20.906 		3.3951
v 24.9058 		-20.9212 		3.4458
v 25.0156 		-20.9081 		3.4074
v 24.9292 		-20.9174 		3.4377
v 24.9835 		-20.9108 		3.4187
v 24.9543 		-20.9141 		3.4289
v 30.5954 		-21.1389 		3.8282
v 30.9356 		-21.1389 		3.7093
v 30.9356 		-19.6562 		3.7093
v 29.5104 		-19.6562 		4.2075
v 29.5104 		-19.7867 		4.2075
v 26.715 		-20.3758 		5.1848
v 26.715 		-20.2689 		5.1848
v 26.3793 		-20.2689 		5.3021
v 26.3793 		-21.1389 		5.3021
v 26.715 		-21.1389 		5.1848
v 26.7277 		-20.9892 		5.1803
v 26.7334 		-20.9812 		5.1783
v 26.7387 		-20.9735 		5.1765
v 30.5954 		-21.0338 		3.8282
v 29.9931 		-19.8284 		4.0388
v 26.7155 		-20.3843 		5.1846
v 26.715 		-21.0338 		5.1848
v 30.595 		-21.0242 		3.8284
v 30.08 		-19.8364 		4.0084
v 26.717 		-20.3927 		5.184
v 26.7155 		-21.0242 		5.1846
v 30.5939 		-21.015 		3.8288
v 30.1596 		-19.8459 		3.9806
v 26.7196 		-20.4012 		5.1831
v 26.717 		-21.015 		5.184
v 30.592 		-21.0061 		3.8294
v 30.2322 		-19.857 		3.9552
v 26.7231 		-20.4096 		5.1819
v 26.7196 		-21.0061 		5.1831
v 30.5893 		-20.9975 		3.8304
v 30.2976 		-19.8695 		3.9323
v 26.7277 		-20.4181 		5.1803
v 26.7231 		-20.9975 		5.1819
v 30.5858 		-20.9892 		3.8316
v 30.3558 		-19.8835 		3.912
v 26.7334 		-20.4266 		5.1783
v 30.5816 		-20.9812 		3.833
v 30.4069 		-19.8991 		3.8941
v 26.7386 		-20.4342 		5.1765
v 30.5762 		-20.9735 		3.8349
v 30.449 		-19.9165 		3.8794
v 26.7451 		-20.4415 		5.1742
v 26.7456 		-20.9663 		5.174
v 30.5694 		-20.9663 		3.8373
v 30.4835 		-19.9362 		3.8673
v 26.7529 		-20.4483 		5.1715
v 26.754 		-20.9594 		5.1711
v 30.5609 		-20.9594 		3.8403
v 30.5103 		-19.958 		3.858
v 26.762 		-20.4547 		5.1683
v 26.764 		-20.953 		5.1676
v 30.551 		-20.953 		3.8438
v 30.5295 		-19.9821 		3.8513
v 26.7723 		-20.4608 		5.1647
v 26.7755 		-20.947 		5.1636
v 30.5395 		-20.947 		3.8478
v 30.541 		-20.0084 		3.8472
v 30.5264 		-20.9413 		3.8523
v 30.5448 		-20.0368 		3.8459
v 26.7839 		-20.4664 		5.1606
v 30.5102 		-20.9355 		3.858
v 30.5448 		-20.5045 		3.8459
v 26.7987 		-20.4723 		5.1555
v 30.4922 		-20.9302 		3.8643
v 26.8156 		-20.4777 		5.1496
v 30.4724 		-20.9255 		3.8712
v 26.8345 		-20.4827 		5.143
v 30.4508 		-20.9212 		3.8788
v 26.8554 		-20.4874 		5.1356
v 30.4275 		-20.9174 		3.8869
v 26.8784 		-20.4916 		5.1276
v 30.4023 		-20.9141 		3.8957
v 26.9035 		-20.4954 		5.1189
v 30.3732 		-20.9108 		3.9059
v 26.9295 		-20.4982 		5.1097
v 26.9586 		-20.5005 		5.0996
v 30.341 		-20.9081 		3.9172
v 26.9908 		-20.5022 		5.0883
v 30.3058 		-20.906 		3.9295
v 27.0261 		-20.5035 		5.076
v 30.2674 		-20.9045 		3.9429
v 27.0644 		-20.5042 		5.0626
v 30.2261 		-20.9036 		3.9573
v 27.1058 		-20.5045 		5.0481
v 30.1816 		-20.9033 		3.9729
v 26.7885 		-20.9413 		5.159
v 27.1334 		-20.9033 		5.0385
v 26.8047 		-20.9355 		5.1534
v 27.0889 		-20.9036 		5.054
v 26.8228 		-20.9302 		5.1471
v 27.0475 		-20.9045 		5.0685
v 26.8425 		-20.9255 		5.1402
v 27.0092 		-20.906 		5.0819
v 26.8641 		-20.9212 		5.1326
v 26.974 		-20.9081 		5.0942
v 26.8875 		-20.9174 		5.1244
v 26.9418 		-20.9108 		5.1055
v 26.9127 		-20.9141 		5.1156
v 28.9773 		-18.2207 		2.0225
v 28.9773 		-19.1505 		2.0225
v 28.6371 		-19.1505 		2.1414
v 28.6371 		-18.3457 		2.1414
v 28.6371 		-18.2207 		2.1414
v 25.2087 		-18.0481 		3.3399
v 25.2578 		-18.0575 		3.3228
v 27.3727 		-18.4853 		2.5834
v 24.421 		-17.8183 		3.6153
v 24.7566 		-17.8183 		3.498
v 24.7566 		-17.8672 		3.498
v 24.7566 		-18.478 		3.498
v 24.421 		-18.478 		3.6153
v 26.2187 		-18.4436 		2.9869
v 25.4555 		-18.2986 		3.2537
v 25.4107 		-18.29 		3.2693
v 26.3607 		-18.4714 		2.9372
v 26.2902 		-18.4578 		2.9619
v 26.4986 		-18.4968 		2.889
v 26.4302 		-18.4844 		2.9129
v 26.6325 		-18.5197 		2.8422
v 26.5661 		-18.5086 		2.8654
v 26.7612 		-18.5417 		2.7972
v 26.6976 		-18.531 		2.8194
v 26.8838 		-18.5616 		2.7543
v 26.8233 		-18.5519 		2.7755
v 27.0003 		-18.5795 		2.7136
v 26.9428 		-18.5708 		2.7337
v 26.8986 		-18.5944 		2.7492
v 26.9496 		-18.5869 		2.7314
v 26.796 		-18.6102 		2.7851
v 26.8474 		-18.6022 		2.7671
v 26.6923 		-18.6267 		2.8213
v 26.7442 		-18.6183 		2.8031
v 26.5855 		-18.6442 		2.8586
v 26.6403 		-18.635 		2.8395
v 26.4675 		-18.6653 		2.8999
v 26.5279 		-18.6543 		2.8788
v 26.3382 		-18.6901 		2.9451
v 26.4043 		-18.6773 		2.922
v 24.421 		-18.7209 		3.6153
v 24.7566 		-18.7209 		3.498
v 24.7566 		-18.7644 		3.498
v 24.7566 		-19.5638 		3.498
v 24.421 		-19.5638 		3.6153
v 24.7863 		-19.4612 		3.4876
v 24.7796 		-19.4695 		3.4899
v 24.7726 		-19.4783 		3.4924
v 27.3635 		-18.8859 		2.5867
v 25.0969 		-19.3535 		3.379
v 25.067 		-19.3595 		3.3895
v 28.6371 		-19.0327 		2.1414
v 28.6368 		-18.3553 		2.1415
v 25.1628 		-18.039 		3.356
v 24.7573 		-17.8778 		3.4977
v 24.7566 		-18.4219 		3.498
v 24.7588 		-18.7887 		3.4972
v 24.7566 		-19.5311 		3.498
v 28.6368 		-19.0226 		2.1415
v 28.6361 		-18.3647 		2.1418
v 25.1199 		-18.0303 		3.371
v 24.7592 		-17.8877 		3.4971
v 24.7588 		-18.3947 		3.4972
v 25.3957 		-18.8768 		3.2746
v 24.7653 		-18.8109 		3.4949
v 24.7573 		-19.5194 		3.4977
v 28.6361 		-19.0127 		2.1418
v 28.6348 		-18.3738 		2.1422
v 24.7624 		-17.8971 		3.496
v 24.7653 		-18.3701 		3.4949
v 24.7762 		-18.831 		3.4911
v 24.7592 		-19.5082 		3.4971
v 28.6348 		-19.0032 		2.1422
v 28.633 		-18.3828 		2.1429
v 24.7669 		-17.9059 		3.4944
v 24.7762 		-18.348 		3.4911
v 24.7914 		-18.849 		3.4858
v 24.7624 		-19.4976 		3.496
v 28.633 		-18.994 		2.1429
v 28.6307 		-18.3915 		2.1437
v 24.7726 		-17.914 		3.4924
v 24.7914 		-18.3284 		3.4858
v 24.8109 		-18.8649 		3.479
v 24.7669 		-19.4876 		3.4944
v 28.6307 		-18.9851 		2.1437
v 28.6279 		-18.4001 		2.1447
v 24.7796 		-17.9216 		3.4899
v 24.8109 		-18.3113 		3.479
v 24.8348 		-18.8786 		3.4706
v 28.6279 		-18.9765 		2.1447
v 28.6241 		-18.4084 		2.146
v 24.7882 		-17.9293 		3.4869
v 24.8348 		-18.2968 		3.4706
v 24.8624 		-18.8897 		3.461
v 28.6241 		-18.9676 		2.146
v 28.6187 		-18.4164 		2.1479
v 24.7985 		-17.9369 		3.4833
v 24.8619 		-18.284 		3.4612
v 28.6187 		-18.9592 		2.1479
v 28.6118 		-18.4241 		2.1503
v 24.8107 		-17.9442 		3.4791
v 24.8941 		-18.2736 		3.4499
v 24.893 		-18.8988 		3.4503
v 28.6118 		-18.9511 		2.1503
v 28.6034 		-18.4315 		2.1532
v 24.8246 		-17.9514 		3.4742
v 24.9313 		-18.2655 		3.4369
v 24.9267 		-18.9058 		3.4385
v 28.6034 		-18.9435 		2.1532
v 28.5934 		-18.4386 		2.1567
v 24.8403 		-17.9583 		3.4687
v 24.9737 		-18.2597 		3.4221
v 24.9635 		-18.9108 		3.4256
v 28.5934 		-18.9362 		2.1567
v 28.5819 		-18.4454 		2.1607
v 24.8578 		-17.9651 		3.4626
v 25.0213 		-18.2563 		3.4055
v 25.0034 		-18.9139 		3.4117
v 28.5819 		-18.9294 		2.1607
v 24.8773 		-17.9718 		3.4558
v 25.0739 		-18.2551 		3.3871
v 25.0463 		-18.9149 		3.3967
v 28.5672 		-18.923 		2.1659
v 25.0729 		-18.9146 		3.3874
v 28.5507 		-18.9171 		2.1716
v 24.8992 		-17.9786 		3.4481
v 25.1004 		-18.9137 		3.3778
v 28.5325 		-18.9117 		2.178
v 24.9233 		-17.9855 		3.4397
v 25.129 		-18.9121 		3.3678
v 28.5124 		-18.9068 		2.185
v 24.9497 		-17.9925 		3.4305
v 25.1587 		-18.91 		3.3574
v 28.4906 		-18.9024 		2.1926
v 24.9785 		-17.9996 		3.4204
v 25.1893 		-18.9073 		3.3467
v 28.467 		-18.8986 		2.2009
v 25.0095 		-18.0068 		3.4096
v 25.221 		-18.904 		3.3356
v 28.4393 		-18.8947 		2.2106
v 25.0432 		-18.0142 		3.3978
v 25.2527 		-18.8997 		3.3246
v 28.4082 		-18.8915 		2.2214
v 25.08 		-18.0221 		3.3849
v 25.2833 		-18.8953 		3.3139
v 28.3739 		-18.889 		2.2335
v 25.313 		-18.8909 		3.3035
v 28.3362 		-18.8873 		2.2466
v 25.092 		-18.2553 		3.3807
v 24.7939 		-19.4532 		3.4849
v 28.2952 		-18.8862 		2.261
v 25.1127 		-18.2559 		3.3735
v 25.3416 		-18.8863 		3.2935
v 28.2509 		-18.8859 		2.2764
v 25.1359 		-18.2569 		3.3654
v 25.3691 		-18.8816 		3.2838
v 25.1617 		-18.2583 		3.3564
v 28.5671 		-18.4513 		2.1659
v 25.1901 		-18.2601 		3.3464
v 24.8026 		-19.4455 		3.4819
v 25.221 		-18.2623 		3.3356
v 24.8123 		-19.4381 		3.4785
v 28.5502 		-18.4567 		2.1718
v 24.823 		-19.431 		3.4748
v 28.5313 		-18.4617 		2.1784
v 25.2543 		-18.2659 		3.324
v 24.8348 		-19.4242 		3.4706
v 25.29 		-18.2704 		3.3115
v 24.8492 		-19.4177 		3.4656
v 25.0386 		-19.3654 		3.3994
v 25.3279 		-18.2759 		3.2983
v 24.8649 		-19.4113 		3.4601
v 25.0118 		-19.3712 		3.4088
v 25.3681 		-18.2825 		3.2842
v 24.9865 		-19.3769 		3.4176
v 24.8819 		-19.4052 		3.4542
v 24.9628 		-19.3825 		3.4259
v 24.9002 		-19.3992 		3.4478
v 24.9405 		-19.3879 		3.4337
v 28.2417 		-18.4853 		2.2797
v 24.9197 		-19.3935 		3.441
v 28.5104 		-18.4664 		2.1857
v 28.2874 		-18.485 		2.2637
v 28.4874 		-18.4706 		2.1938
v 28.3295 		-18.4841 		2.2489
v 28.4624 		-18.4744 		2.2025
v 28.3681 		-18.4826 		2.2355
v 28.4345 		-18.4777 		2.2122
v 28.4031 		-18.4805 		2.2232
v 30.5954 		-19.1505 		3.8282
v 30.9356 		-19.1505 		3.7093
v 30.9356 		-18.2207 		3.7093
v 30.5954 		-18.2207 		3.8282
v 30.5954 		-18.3457 		3.8282
v 29.331 		-18.4853 		4.2702
v 27.2161 		-18.0575 		5.0096
v 27.1671 		-18.0481 		5.0267
v 26.715 		-17.8672 		5.1848
v 26.715 		-17.8183 		5.1848
v 26.3793 		-17.8183 		5.3021
v 26.3793 		-18.478 		5.3021
v 26.715 		-18.478 		5.1848
v 27.369 		-18.29 		4.9561
v 27.4138 		-18.2986 		4.9405
v 28.177 		-18.4436 		4.6736
v 28.2485 		-18.4578 		4.6486
v 28.319 		-18.4714 		4.624
v 28.3885 		-18.4844 		4.5997
v 28.457 		-18.4968 		4.5758
v 28.5244 		-18.5086 		4.5522
v 28.5908 		-18.5197 		4.529
v 28.6559 		-18.531 		4.5062
v 28.7196 		-18.5417 		4.484
v 28.7816 		-18.5519 		4.4623
v 28.8422 		-18.5616 		4.4411
v 28.9012 		-18.5708 		4.4205
v 28.9586 		-18.5795 		4.4004
v 28.9079 		-18.5869 		4.4181
v 28.857 		-18.5944 		4.4359
v 28.8058 		-18.6022 		4.4539
v 28.7543 		-18.6102 		4.4718
v 28.7026 		-18.6183 		4.4899
v 28.6506 		-18.6267 		4.5081
v 28.5986 		-18.635 		4.5263
v 28.5438 		-18.6442 		4.5454
v 28.4862 		-18.6543 		4.5656
v 28.4258 		-18.6653 		4.5867
v 28.3626 		-18.6773 		4.6088
v 28.2966 		-18.6901 		4.6319
v 26.715 		-18.7644 		5.1848
v 26.715 		-18.7209 		5.1848
v 26.3793 		-18.7209 		5.3021
v 26.3793 		-19.5638 		5.3021
v 26.715 		-19.5638 		5.1848
v 26.7309 		-19.4783 		5.1792
v 26.7379 		-19.4695 		5.1767
v 26.7446 		-19.4612 		5.1744
v 27.0253 		-19.3595 		5.0763
v 27.0552 		-19.3535 		5.0658
v 29.3218 		-18.8859 		4.2734
v 30.5954 		-19.0327 		3.8282
v 30.5951 		-18.3553 		3.8283
v 27.1211 		-18.039 		5.0428
v 26.7156 		-17.8778 		5.1845
v 26.715 		-18.4219 		5.1848
v 26.7171 		-18.7887 		5.184
v 26.715 		-19.5311 		5.1848
v 30.5951 		-19.0226 		3.8283
v 30.5944 		-18.3647 		3.8286
v 27.0782 		-18.0303 		5.0578
v 26.7175 		-17.8877 		5.1839
v 26.7171 		-18.3947 		5.184
v 27.354 		-18.8768 		4.9613
v 26.7236 		-18.8109 		5.1817
v 26.7156 		-19.5194 		5.1845
v 30.5944 		-19.0127 		3.8286
v 30.5931 		-18.3738 		3.829
v 26.7207 		-17.8971 		5.1827
v 26.7236 		-18.3701 		5.1817
v 26.7345 		-18.831 		5.1779
v 26.7175 		-19.5082 		5.1839
v 30.5931 		-19.0032 		3.829
v 30.5913 		-18.3828 		3.8297
v 26.7252 		-17.9059 		5.1812
v 26.7345 		-18.348 		5.1779
v 26.7497 		-18.849 		5.1726
v 26.7207 		-19.4976 		5.1827
v 30.5913 		-18.994 		3.8297
v 30.589 		-18.3915 		3.8305
v 26.7309 		-17.914 		5.1792
v 26.7497 		-18.3284 		5.1726
v 26.7692 		-18.8649 		5.1658
v 26.7252 		-19.4876 		5.1812
v 30.589 		-18.9851 		3.8305
v 30.5862 		-18.4001 		3.8314
v 26.7379 		-17.9216 		5.1767
v 26.7692 		-18.3113 		5.1658
v 26.7931 		-18.8786 		5.1574
v 30.5862 		-18.9765 		3.8314
v 30.5824 		-18.4084 		3.8328
v 26.7465 		-17.9293 		5.1737
v 26.7931 		-18.2968 		5.1574
v 26.8207 		-18.8897 		5.1478
v 30.5824 		-18.9676 		3.8328
v 30.577 		-18.4164 		3.8347
v 26.7569 		-17.9369 		5.1701
v 26.8202 		-18.284 		5.148
v 30.577 		-18.9592 		3.8347
v 30.5701 		-18.4241 		3.8371
v 26.769 		-17.9442 		5.1659
v 26.8524 		-18.2736 		5.1367
v 26.8514 		-18.8988 		5.1371
v 30.5701 		-18.9511 		3.8371
v 30.5617 		-18.4315 		3.84
v 26.7829 		-17.9514 		5.161
v 26.8897 		-18.2655 		5.1237
v 26.8851 		-18.9058 		5.1253
v 30.5617 		-18.9435 		3.84
v 30.5517 		-18.4386 		3.8435
v 26.7986 		-17.9583 		5.1555
v 26.9321 		-18.2597 		5.1089
v 26.9219 		-18.9108 		5.1124
v 30.5517 		-18.9362 		3.8435
v 30.5402 		-18.4454 		3.8475
v 26.8161 		-17.9651 		5.1494
v 26.9796 		-18.2563 		5.0922
v 26.9617 		-18.9139 		5.0985
v 30.5402 		-18.9294 		3.8475
v 26.8357 		-17.9718 		5.1426
v 27.0322 		-18.2551 		5.0739
v 27.0046 		-18.9149 		5.0835
v 30.5255 		-18.923 		3.8526
v 27.0312 		-18.9146 		5.0742
v 30.5091 		-18.9171 		3.8584
v 26.8575 		-17.9786 		5.1349
v 27.0588 		-18.9137 		5.0646
v 30.4908 		-18.9117 		3.8648
v 26.8816 		-17.9855 		5.1265
v 27.0874 		-18.9121 		5.0546
v 30.4708 		-18.9068 		3.8718
v 26.9081 		-17.9925 		5.1172
v 27.117 		-18.91 		5.0442
v 30.4489 		-18.9024 		3.8794
v 26.9368 		-17.9996 		5.1072
v 27.1477 		-18.9073 		5.0335
v 30.4253 		-18.8986 		3.8877
v 26.9678 		-18.0068 		5.0964
v 27.1793 		-18.904 		5.0224
v 30.3976 		-18.8947 		3.8974
v 27.0016 		-18.0142 		5.0846
v 27.211 		-18.8997 		5.0113
v 30.3665 		-18.8915 		3.9082
v 27.0383 		-18.0221 		5.0717
v 27.2417 		-18.8953 		5.0006
v 30.3322 		-18.889 		3.9202
v 27.2713 		-18.8909 		4.9903
v 30.2945 		-18.8873 		3.9334
v 27.0503 		-18.2553 		5.0675
v 26.7523 		-19.4532 		5.1717
v 30.2535 		-18.8862 		3.9477
v 27.071 		-18.2559 		5.0603
v 27.2999 		-18.8863 		4.9803
v 30.2092 		-18.8859 		3.9632
v 27.0943 		-18.2569 		5.0522
v 27.3275 		-18.8816 		4.9706
v 27.1201 		-18.2583 		5.0431
v 30.5254 		-18.4513 		3.8527
v 27.1484 		-18.2601 		5.0332
v 26.7609 		-19.4455 		5.1687
v 27.1793 		-18.2623 		5.0224
v 26.7706 		-19.4381 		5.1653
v 30.5086 		-18.4567 		3.8586
v 26.7814 		-19.431 		5.1615
v 30.4897 		-18.4617 		3.8652
v 27.2127 		-18.2659 		5.0108
v 26.7931 		-19.4242 		5.1574
v 27.2483 		-18.2704 		4.9983
v 26.8076 		-19.4177 		5.1524
v 26.997 		-19.3654 		5.0862
v 27.2862 		-18.2759 		4.9851
v 26.8233 		-19.4113 		5.1469
v 26.9701 		-19.3712 		5.0956
v 27.3265 		-18.2825 		4.971
v 26.9448 		-19.3769 		5.1044
v 26.8402 		-19.4052 		5.141
v 26.9211 		-19.3825 		5.1127
v 26.8585 		-19.3992 		5.1346
v 26.8989 		-19.3879 		5.1205
v 30.2 		-18.4853 		3.9664
v 26.8781 		-19.3935 		5.1277
v 30.4687 		-18.4664 		3.8725
v 30.2457 		-18.485 		3.9505
v 30.4457 		-18.4706 		3.8805
v 30.2879 		-18.4841 		3.9357
v 30.4207 		-18.4744 		3.8893
v 30.3264 		-18.4826 		3.9222
v 30.3929 		-18.4777 		3.899
v 30.3614 		-18.4805 		3.91
v 28.9773 		-15.4927 		2.0225
v 28.9773 		-16.2975 		2.0225
v 28.6371 		-16.2975 		2.1414
v 28.6371 		-15.5979 		2.1414
v 28.6371 		-15.4927 		2.1414
v 24.7694 		-15.6407 		3.4935
v 24.775 		-15.6486 		3.4915
v 24.7804 		-15.6563 		3.4897
v 24.421 		-15.4909 		3.6153
v 24.7566 		-15.4909 		3.498
v 24.7566 		-15.5979 		3.498
v 24.7566 		-17.7476 		3.498
v 24.421 		-17.7476 		3.6153
v 24.421 		-17.0244 		3.6153
v 24.7803 		-17.5858 		3.4897
v 24.775 		-17.5935 		3.4915
v 24.7694 		-17.6014 		3.4935
v 28.9773 		-17.7476 		2.0225
v 28.6371 		-17.7476 		2.1414
v 28.6371 		-17.6424 		2.1414
v 28.6371 		-17.1241 		2.1414
v 28.9773 		-17.1241 		2.0225
v 28.9773 		-16.6238 		2.0225
v 28.9773 		-16.7942 		2.0225
v 25.0509 		-17.3252 		3.3951
v 28.6371 		-16.274 		2.1414
v 28.6367 		-15.6068 		2.1416
v 24.7571 		-15.6068 		3.4978
v 24.7566 		-17.6424 		3.498
v 28.6368 		-17.634 		2.1415
v 28.6371 		-17.1386 		2.1414
v 28.6368 		-16.2609 		2.1415
v 28.6355 		-15.6156 		2.142
v 24.7587 		-15.6156 		3.4973
v 24.7571 		-17.634 		3.4978
v 28.6361 		-17.6257 		2.1418
v 28.6367 		-17.1534 		2.1416
v 28.6361 		-16.2484 		2.1418
v 28.6336 		-15.6242 		2.1426
v 24.7612 		-15.6242 		3.4964
v 24.7587 		-17.6257 		3.4973
v 28.6348 		-17.6175 		2.1422
v 28.6355 		-17.1676 		2.142
v 28.6348 		-16.2363 		2.1422
v 28.6309 		-15.6325 		2.1436
v 24.7648 		-15.6325 		3.4951
v 24.7612 		-17.6175 		3.4964
v 28.633 		-17.6094 		2.1429
v 28.6336 		-17.1811 		2.1426
v 28.633 		-16.2248 		2.1429
v 28.6275 		-15.6407 		2.1448
v 24.7648 		-17.6094 		3.4951
v 28.6307 		-17.6014 		2.1437
v 28.6309 		-17.1941 		2.1436
v 28.6307 		-16.2138 		2.1437
v 28.6233 		-15.6486 		2.1463
v 28.6279 		-17.5935 		2.1447
v 28.6275 		-17.2065 		2.1448
v 28.6279 		-16.2033 		2.1447
v 28.6179 		-15.6563 		2.1481
v 24.7873 		-15.6635 		3.4873
v 28.6226 		-17.5858 		2.1465
v 28.6233 		-17.2183 		2.1463
v 28.6226 		-16.1933 		2.1465
v 28.611 		-15.6635 		2.1505
v 24.7957 		-15.6704 		3.4843
v 24.7868 		-17.5784 		3.4874
v 28.6161 		-17.5784 		2.1488
v 28.6179 		-17.2295 		2.1481
v 28.6161 		-16.1839 		2.1488
v 28.6026 		-15.6704 		2.1535
v 24.8057 		-15.6768 		3.4808
v 24.7946 		-17.5713 		3.4847
v 28.6083 		-17.5713 		2.1515
v 28.611 		-17.2401 		2.1505
v 28.6083 		-16.1752 		2.1515
v 28.5926 		-15.6768 		2.157
v 24.8172 		-15.6829 		3.4768
v 24.8036 		-17.5645 		3.4815
v 28.5993 		-17.5645 		2.1547
v 28.6026 		-17.25 		2.1535
v 28.5993 		-16.167 		2.1547
v 28.5811 		-15.6829 		2.161
v 24.421 		-16.2033 		3.6153
v 24.814 		-17.558 		3.4779
v 28.5889 		-17.558 		2.1583
v 28.5926 		-17.2594 		2.157
v 28.5889 		-16.1595 		2.1583
v 24.8302 		-15.6885 		3.4723
v 24.8256 		-17.5518 		3.4739
v 28.5773 		-17.5518 		2.1623
v 28.5811 		-17.2681 		2.161
v 28.5773 		-16.1525 		2.1623
v 24.8464 		-15.6943 		3.4666
v 24.8404 		-17.546 		3.4687
v 28.5642 		-16.1462 		2.1669
v 24.8644 		-15.6996 		3.4603
v 24.8573 		-17.5407 		3.4628
v 28.5626 		-17.546 		2.1675
v 28.5492 		-16.1404 		2.1722
v 24.8842 		-15.7044 		3.4534
v 24.8762 		-17.536 		3.4562
v 28.5461 		-17.5407 		2.1732
v 28.5325 		-16.1353 		2.178
v 24.9058 		-15.7086 		3.4458
v 24.8971 		-17.5317 		3.4489
v 28.5279 		-17.536 		2.1796
v 28.514 		-16.1308 		2.1845
v 24.9292 		-15.7124 		3.4377
v 24.9201 		-17.5279 		3.4408
v 28.5078 		-17.5317 		2.1866
v 28.4937 		-16.1268 		2.1916
v 24.9543 		-15.7157 		3.4289
v 24.9451 		-17.5246 		3.4321
v 28.486 		-17.5279 		2.1943
v 28.4716 		-16.1235 		2.1993
v 24.9835 		-15.7185 		3.4187
v 24.9712 		-17.5213 		3.423
v 28.4624 		-17.5246 		2.2025
v 28.4459 		-16.1202 		2.2083
v 25.0156 		-15.7207 		3.4074
v 25.0003 		-17.5186 		3.4128
v 28.435 		-17.5213 		2.2121
v 28.4179 		-16.1175 		2.2181
v 25.0509 		-15.7225 		3.3951
v 25.0325 		-17.5165 		3.4015
v 28.4052 		-17.5186 		2.2225
v 28.3877 		-16.1154 		2.2286
v 25.0892 		-15.7237 		3.3817
v 25.0677 		-17.515 		3.3892
v 28.3727 		-17.5165 		2.2339
v 28.3551 		-16.1138 		2.24
v 25.1306 		-15.7245 		3.3672
v 25.1061 		-17.5141 		3.3758
v 28.3377 		-17.515 		2.2461
v 28.3202 		-16.1129 		2.2522
v 25.175 		-15.7247 		3.3517
v 25.1474 		-17.5138 		3.3614
v 28.3002 		-17.5141 		2.2592
v 28.2831 		-16.1126 		2.2652
v 28.2601 		-17.5138 		2.2732
v 28.5681 		-17.2763 		2.1655
v 28.5681 		-15.6885 		2.1655
v 28.5519 		-17.2839 		2.1712
v 28.5519 		-15.6943 		2.1712
v 28.5339 		-17.2908 		2.1775
v 28.5339 		-15.6996 		2.1775
v 28.5141 		-17.2972 		2.1844
v 28.5141 		-15.7044 		2.1844
v 28.4925 		-17.3029 		2.192
v 28.4925 		-15.7086 		2.192
v 28.4691 		-17.308 		2.2001
v 28.4691 		-15.7124 		2.2001
v 28.444 		-17.3126 		2.2089
v 28.444 		-15.7157 		2.2089
v 28.4149 		-17.3164 		2.2191
v 25.0509 		-16.1126 		3.3951
v 28.3827 		-17.3196 		2.2304
v 28.4149 		-15.7185 		2.2191
v 28.3474 		-17.3221 		2.2427
v 28.3827 		-15.7207 		2.2304
v 28.3474 		-15.7225 		2.2427
v 28.3091 		-17.3238 		2.2561
v 28.3091 		-15.7237 		2.2561
v 28.2677 		-17.3249 		2.2706
v 28.2677 		-15.7245 		2.2706
v 28.2233 		-17.3252 		2.2861
v 28.2233 		-15.7247 		2.2861
v 27.506 		-16.6057 		2.5368
v 30.5954 		-16.2975 		3.8282
v 30.9356 		-16.2975 		3.7093
v 30.9356 		-15.4927 		3.7093
v 30.5954 		-15.4927 		3.8282
v 30.5954 		-15.5979 		3.8282
v 26.7387 		-15.6563 		5.1765
v 26.7334 		-15.6486 		5.1783
v 26.7277 		-15.6407 		5.1803
v 26.715 		-15.5979 		5.1848
v 26.715 		-15.4909 		5.1848
v 26.3793 		-15.4909 		5.3021
v 26.3793 		-17.0244 		5.3021
v 26.3793 		-17.7476 		5.3021
v 26.715 		-17.7476 		5.1848
v 26.7277 		-17.6014 		5.1803
v 26.7334 		-17.5935 		5.1783
v 26.7386 		-17.5858 		5.1765
v 30.5954 		-17.6424 		3.8282
v 30.5954 		-17.7476 		3.8282
v 30.9356 		-17.7476 		3.7093
v 30.9356 		-17.1241 		3.7093
v 30.5954 		-17.1241 		3.8282
v 27.0092 		-17.3252 		5.0819
v 30.9356 		-16.7942 		3.7093
v 30.9356 		-16.6238 		3.7093
v 30.5954 		-16.274 		3.8282
v 30.595 		-15.6068 		3.8284
v 26.7155 		-15.6068 		5.1846
v 26.715 		-17.6424 		5.1848
v 30.5951 		-17.634 		3.8283
v 30.5954 		-17.1386 		3.8282
v 30.5951 		-16.2609 		3.8283
v 30.5939 		-15.6156 		3.8288
v 26.717 		-15.6156 		5.184
v 26.7155 		-17.634 		5.1846
v 30.5944 		-17.6257 		3.8286
v 30.595 		-17.1534 		3.8284
v 30.5944 		-16.2484 		3.8286
v 30.592 		-15.6242 		3.8294
v 26.7196 		-15.6242 		5.1831
v 26.717 		-17.6257 		5.184
v 30.5931 		-17.6175 		3.829
v 30.5939 		-17.1676 		3.8288
v 30.5931 		-16.2363 		3.829
v 30.5893 		-15.6325 		3.8304
v 26.7231 		-15.6325 		5.1819
v 26.7196 		-17.6175 		5.1831
v 30.5913 		-17.6094 		3.8297
v 30.592 		-17.1811 		3.8294
v 30.5913 		-16.2248 		3.8297
v 30.5858 		-15.6407 		3.8316
v 26.7231 		-17.6094 		5.1819
v 30.589 		-17.6014 		3.8305
v 30.5893 		-17.1941 		3.8304
v 30.589 		-16.2138 		3.8305
v 30.5816 		-15.6486 		3.833
v 30.5862 		-17.5935 		3.8314
v 30.5858 		-17.2065 		3.8316
v 30.5862 		-16.2033 		3.8314
v 30.5762 		-15.6563 		3.8349
v 26.7456 		-15.6635 		5.174
v 30.581 		-17.5858 		3.8333
v 30.5816 		-17.2183 		3.833
v 30.581 		-16.1933 		3.8333
v 30.5694 		-15.6635 		3.8373
v 26.754 		-15.6704 		5.1711
v 26.7451 		-17.5784 		5.1742
v 30.5745 		-17.5784 		3.8355
v 30.5762 		-17.2295 		3.8349
v 30.5745 		-16.1839 		3.8355
v 30.5609 		-15.6704 		3.8403
v 26.764 		-15.6768 		5.1676
v 26.7529 		-17.5713 		5.1715
v 30.5667 		-17.5713 		3.8383
v 30.5694 		-17.2401 		3.8373
v 30.5667 		-16.1752 		3.8383
v 30.551 		-15.6768 		3.8438
v 26.7755 		-15.6829 		5.1636
v 26.762 		-17.5645 		5.1683
v 30.5576 		-17.5645 		3.8414
v 30.5609 		-17.25 		3.8403
v 30.5576 		-16.167 		3.8414
v 30.5395 		-15.6829 		3.8478
v 26.3793 		-16.2033 		5.3021
v 26.7723 		-17.558 		5.1647
v 30.5473 		-17.558 		3.8451
v 30.551 		-17.2594 		3.8438
v 30.5473 		-16.1595 		3.8451
v 26.7885 		-15.6885 		5.159
v 26.7839 		-17.5518 		5.1606
v 30.5356 		-17.5518 		3.8491
v 30.5395 		-17.2681 		3.8478
v 30.5356 		-16.1525 		3.8491
v 26.8047 		-15.6943 		5.1534
v 26.7987 		-17.546 		5.1555
v 30.5225 		-16.1462 		3.8537
v 26.8228 		-15.6996 		5.1471
v 26.8156 		-17.5407 		5.1496
v 30.5209 		-17.546 		3.8543
v 30.5075 		-16.1404 		3.8589
v 26.8425 		-15.7044 		5.1402
v 26.8345 		-17.536 		5.143
v 30.5045 		-17.5407 		3.86
v 30.4908 		-16.1353 		3.8648
v 26.8641 		-15.7086 		5.1326
v 26.8554 		-17.5317 		5.1356
v 30.4862 		-17.536 		3.8664
v 30.4723 		-16.1308 		3.8713
v 26.8875 		-15.7124 		5.1244
v 26.8784 		-17.5279 		5.1276
v 30.4662 		-17.5317 		3.8734
v 30.452 		-16.1268 		3.8784
v 26.9127 		-15.7157 		5.1156
v 26.9035 		-17.5246 		5.1189
v 30.4443 		-17.5279 		3.881
v 30.4299 		-16.1235 		3.8861
v 26.9418 		-15.7185 		5.1055
v 26.9295 		-17.5213 		5.1097
v 30.4207 		-17.5246 		3.8893
v 30.4042 		-16.1202 		3.8951
v 26.974 		-15.7207 		5.0942
v 26.9586 		-17.5186 		5.0996
v 30.3934 		-17.5213 		3.8989
v 30.3762 		-16.1175 		3.9048
v 27.0092 		-15.7225 		5.0819
v 26.9908 		-17.5165 		5.0883
v 30.3635 		-17.5186 		3.9093
v 30.346 		-16.1154 		3.9154
v 27.0475 		-15.7237 		5.0685
v 27.0261 		-17.515 		5.076
v 30.331 		-17.5165 		3.9206
v 30.3134 		-16.1138 		3.9268
v 27.0889 		-15.7245 		5.054
v 27.0644 		-17.5141 		5.0626
v 30.296 		-17.515 		3.9329
v 30.2785 		-16.1129 		3.939
v 27.1334 		-15.7247 		5.0385
v 27.1058 		-17.5138 		5.0481
v 30.2585 		-17.5141 		3.946
v 30.2414 		-16.1126 		3.952
v 30.2184 		-17.5138 		3.96
v 30.5264 		-17.2763 		3.8523
v 30.5264 		-15.6885 		3.8523
v 30.5102 		-17.2839 		3.858
v 30.5102 		-15.6943 		3.858
v 30.4922 		-17.2908 		3.8643
v 30.4922 		-15.6996 		3.8643
v 30.4724 		-17.2972 		3.8712
v 30.4724 		-15.7044 		3.8712
v 30.4508 		-17.3029 		3.8788
v 30.4508 		-15.7086 		3.8788
v 30.4275 		-17.308 		3.8869
v 30.4275 		-15.7124 		3.8869
v 30.4023 		-17.3126 		3.8957
v 30.4023 		-15.7157 		3.8957
v 30.3732 		-17.3164 		3.9059
v 27.0092 		-16.1126 		5.0819
v 30.341 		-17.3196 		3.9172
v 30.3732 		-15.7185 		3.9059
v 30.3058 		-17.3221 		3.9295
v 30.341 		-15.7207 		3.9172
v 30.3058 		-15.7225 		3.9295
v 30.2674 		-17.3238 		3.9429
v 30.2674 		-15.7237 		3.9429
v 30.2261 		-17.3249 		3.9573
v 30.2261 		-15.7245 		3.9573
v 30.1816 		-17.3252 		3.9729
v 30.1816 		-15.7247 		3.9729
v 29.4644 		-16.6057 		4.2236
v 26.3525 		-13.5831 		2.9401
v 26.5219 		-13.5784 		2.8809
v 26.6969 		-13.5769 		2.8197
v 26.0307 		-13.6018 		3.0526
v 26.1888 		-13.5909 		2.9973
v 25.7313 		-13.633 		3.1572
v 25.8782 		-13.6159 		3.1059
v 25.4596 		-13.6763 		3.2522
v 25.5921 		-13.6532 		3.2059
v 25.2144 		-13.7313 		3.338
v 25.3336 		-13.7024 		3.2963
v 24.9957 		-13.798 		3.4144
v 25.1017 		-13.7632 		3.3773
v 24.8062 		-13.8759 		3.4806
v 24.897 		-13.8356 		3.4489
v 24.6483 		-13.9647 		3.5358
v 24.7233 		-13.919 		3.5096
v 24.5222 		-14.0644 		3.5799
v 24.5813 		-14.0132 		3.5593
v 24.4276 		-14.1746 		3.613
v 24.4702 		-14.1183 		3.5981
v 24.3709 		-14.2948 		3.6328
v 24.3946 		-14.2335 		3.6245
v 24.352 		-14.4251 		3.6394
v 24.3568 		-14.3587 		3.6378
v 24.3709 		-14.5637 		3.6328
v 24.3568 		-14.496 		3.6378
v 24.4276 		-14.6894 		3.613
v 24.3946 		-14.6281 		3.6245
v 24.5222 		-14.8021 		3.5799
v 24.4702 		-14.7474 		3.5981
v 24.6478 		-14.9037 		3.536
v 24.5812 		-14.8544 		3.5593
v 24.8041 		-14.9931 		3.4814
v 24.7222 		-14.9499 		3.51
v 24.9911 		-15.0704 		3.416
v 24.8938 		-15.0333 		3.45
v 25.2103 		-15.1347 		3.3394
v 25.0972 		-15.104 		3.3789
v 25.457 		-15.1872 		3.2531
v 25.3302 		-15.1624 		3.2975
v 25.7313 		-15.2281 		3.1572
v 25.5907 		-15.2091 		3.2064
v 26.0302 		-15.2573 		3.0528
v 25.8781 		-15.2442 		3.1059
v 26.3505 		-15.2748 		2.9408
v 26.1877 		-15.2675 		2.9977
v 26.6923 		-15.2807 		2.8213
v 26.5187 		-15.2792 		2.882
v 26.5465 		-14.8577 		2.8723
v 26.6969 		-14.8583 		2.8197
v 26.8473 		-14.8577 		2.7671
v 27.0345 		-15.2748 		2.7017
v 26.8659 		-15.2792 		2.7606
v 27.3564 		-15.2573 		2.5892
v 27.198 		-15.2675 		2.6445
v 27.6578 		-15.2281 		2.4838
v 27.5096 		-15.2442 		2.5356
v 27.9321 		-15.1872 		2.3879
v 27.7984 		-15.2091 		2.4346
v 28.1788 		-15.1347 		2.3016
v 28.0589 		-15.1624 		2.3436
v 28.398 		-15.0704 		2.225
v 28.2919 		-15.104 		2.2621
v 28.588 		-14.9941 		2.1586
v 28.4968 		-15.0338 		2.1905
v 28.7474 		-14.9053 		2.1029
v 28.6716 		-14.9512 		2.1294
v 28.8762 		-14.804 		2.0579
v 28.8156 		-14.8562 		2.079
v 28.9681 		-14.6906 		2.0257
v 28.9267 		-14.7487 		2.0402
v 29.0233 		-14.5655 		2.0064
v 29.0003 		-14.6295 		2.0145
v 29.0417 		-14.4288 		2
v 29.0371 		-14.4986 		2.0016
v 29.0233 		-14.2972 		2.0064
v 29.0371 		-14.3617 		2.0016
v 28.9681 		-14.1758 		2.0257
v 29.0003 		-14.2353 		2.0145
v 28.8762 		-14.0644 		2.0579
v 28.9267 		-14.1189 		2.0402
v 28.7474 		-13.9647 		2.1029
v 28.8156 		-14.0132 		2.079
v 28.588 		-13.8759 		2.1586
v 28.6716 		-13.919 		2.1294
v 28.398 		-13.798 		2.225
v 28.4968 		-13.8356 		2.1905
v 28.1788 		-13.7313 		2.3016
v 28.2919 		-13.7632 		2.2621
v 27.9321 		-13.6763 		2.3879
v 28.0589 		-13.7024 		2.3436
v 27.6578 		-13.633 		2.4838
v 27.7984 		-13.6532 		2.4346
v 27.3589 		-13.6018 		2.5883
v 27.511 		-13.6159 		2.5351
v 27.0386 		-13.5831 		2.7002
v 27.2015 		-13.5909 		2.6433
v 26.8704 		-13.5784 		2.759
v 26.4021 		-14.8559 		2.9227
v 26.9921 		-14.8559 		2.7165
v 26.2635 		-14.8529 		2.9712
v 27.1313 		-14.8529 		2.6678
v 26.1308 		-14.8487 		3.0176
v 27.2649 		-14.8487 		2.6211
v 27.3929 		-14.8432 		2.5764
v 26.004 		-14.8432 		3.0619
v 27.5152 		-14.8366 		2.5336
v 25.8831 		-14.8366 		3.1042
v 27.6317 		-14.8279 		2.4929
v 25.7666 		-14.8279 		3.1449
v 27.7421 		-14.8177 		2.4543
v 25.6562 		-14.8177 		3.1835
v 27.8463 		-14.8058 		2.4179
v 25.552 		-14.8058 		3.2199
v 27.9444 		-14.7923 		2.3836
v 25.454 		-14.7923 		3.2542
v 28.0363 		-14.7772 		2.3515
v 25.362 		-14.7772 		3.2863
v 28.1221 		-14.7605 		2.3215
v 25.2762 		-14.7605 		3.3164
v 28.2016 		-14.7426 		2.2937
v 25.1967 		-14.7426 		3.3441
v 28.2744 		-14.723 		2.2682
v 25.1239 		-14.723 		3.3696
v 28.3405 		-14.7016 		2.2451
v 25.0578 		-14.7016 		3.3927
v 24.9983 		-14.6783 		3.4135
v 28.4 		-14.6783 		2.2243
v 24.9454 		-14.6532 		3.432
v 28.4529 		-14.6532 		2.2058
v 24.8992 		-14.6263 		3.4481
v 28.4991 		-14.6263 		2.1897
v 24.8584 		-14.5981 		3.4624
v 28.5385 		-14.5982 		2.1759
v 24.8251 		-14.5677 		3.474
v 28.5707 		-14.5681 		2.1647
v 24.7992 		-14.5352 		3.4831
v 28.5957 		-14.5362 		2.1559
v 24.7806 		-14.5007 		3.4896
v 28.6136 		-14.5023 		2.1497
v 24.7695 		-14.464 		3.4935
v 28.6243 		-14.4665 		2.1459
v 28.6279 		-14.4288 		2.1447
v 24.7658 		-14.4251 		3.4948
v 28.6243 		-14.3904 		2.1459
v 24.7695 		-14.3874 		3.4935
v 24.7806 		-14.3516 		3.4896
v 28.6136 		-14.354 		2.1497
v 24.7992 		-14.3177 		3.4831
v 28.5957 		-14.3196 		2.1559
v 24.8251 		-14.2858 		3.474
v 28.5707 		-14.287 		2.1647
v 24.8584 		-14.2557 		3.4624
v 28.5385 		-14.2563 		2.1759
v 24.8992 		-14.2276 		3.4481
v 28.4991 		-14.2276 		2.1897
v 24.9454 		-14.2012 		3.432
v 28.4529 		-14.2012 		2.2058
v 24.9983 		-14.1766 		3.4135
v 28.4 		-14.1766 		2.2243
v 25.0578 		-14.1537 		3.3927
v 28.3405 		-14.1537 		2.2451
v 25.1239 		-14.1325 		3.3696
v 28.2744 		-14.1325 		2.2682
v 25.1967 		-14.113 		3.3441
v 28.2016 		-14.113 		2.2937
v 25.2762 		-14.0952 		3.3164
v 28.1221 		-14.0952 		2.3215
v 25.362 		-14.0796 		3.2863
v 28.0363 		-14.0796 		2.3515
v 25.454 		-14.0654 		3.2542
v 27.9444 		-14.0654 		2.3836
v 25.552 		-14.0527 		3.2199
v 27.8463 		-14.0527 		2.4179
v 25.6562 		-14.0413 		3.1835
v 27.7421 		-14.0413 		2.4543
v 25.7666 		-14.0313 		3.1449
v 27.6317 		-14.0313 		2.4929
v 25.8831 		-14.0227 		3.1042
v 27.5152 		-14.0227 		2.5336
v 26.004 		-14.0155 		3.0619
v 27.3929 		-14.0155 		2.5764
v 26.1308 		-14.0097 		3.0176
v 27.2649 		-14.0097 		2.6211
v 26.2635 		-14.0051 		2.9712
v 27.1313 		-14.0051 		2.6678
v 26.4021 		-14.0018 		2.9227
v 26.9921 		-14.0018 		2.7165
v 26.8473 		-13.9998 		2.7671
v 26.5465 		-13.9998 		2.8723
v 26.6969 		-13.9992 		2.8197
v 28.6552 		-13.5769 		4.5065
v 28.4802 		-13.5784 		4.5677
v 28.3109 		-13.5831 		4.6269
v 28.1471 		-13.5909 		4.6841
v 27.989 		-13.6018 		4.7394
v 27.8365 		-13.6159 		4.7927
v 27.6897 		-13.633 		4.844
v 27.5505 		-13.6532 		4.8927
v 27.4179 		-13.6763 		4.939
v 27.292 		-13.7024 		4.983
v 27.1727 		-13.7313 		5.0247
v 27.06 		-13.7632 		5.0641
v 26.954 		-13.798 		5.1012
v 26.8553 		-13.8356 		5.1357
v 26.7645 		-13.8759 		5.1674
v 26.6816 		-13.919 		5.1964
v 26.6067 		-13.9647 		5.2226
v 26.5396 		-14.0132 		5.2461
v 26.4805 		-14.0644 		5.2667
v 26.4285 		-14.1183 		5.2849
v 26.386 		-14.1746 		5.2998
v 26.3529 		-14.2335 		5.3113
v 26.3293 		-14.2948 		5.3196
v 26.3151 		-14.3587 		5.3245
v 26.3104 		-14.4251 		5.3262
v 26.3151 		-14.496 		5.3245
v 26.3293 		-14.5637 		5.3196
v 26.3529 		-14.6281 		5.3113
v 26.386 		-14.6894 		5.2998
v 26.4285 		-14.7474 		5.2849
v 26.4805 		-14.8021 		5.2667
v 26.5395 		-14.8544 		5.2461
v 26.6061 		-14.9037 		5.2228
v 26.6805 		-14.9499 		5.1968
v 26.7625 		-14.9931 		5.1681
v 26.8521 		-15.0333 		5.1368
v 26.9494 		-15.0704 		5.1028
v 27.0556 		-15.104 		5.0657
v 27.1686 		-15.1347 		5.0262
v 27.2885 		-15.1624 		4.9842
v 27.4153 		-15.1872 		4.9399
v 27.5491 		-15.2091 		4.8932
v 27.6897 		-15.2281 		4.844
v 27.8364 		-15.2442 		4.7927
v 27.9885 		-15.2573 		4.7395
v 28.146 		-15.2675 		4.6845
v 28.3088 		-15.2748 		4.6276
v 28.477 		-15.2792 		4.5688
v 28.6506 		-15.2807 		4.5081
v 28.6552 		-14.8583 		4.5065
v 28.5049 		-14.8577 		4.559
v 28.8056 		-14.8577 		4.4539
v 28.8243 		-15.2792 		4.4474
v 28.9929 		-15.2748 		4.3884
v 29.1563 		-15.2675 		4.3313
v 29.3147 		-15.2573 		4.2759
v 29.468 		-15.2442 		4.2224
v 29.6161 		-15.2281 		4.1706
v 29.7567 		-15.2091 		4.1214
v 29.8904 		-15.1872 		4.0747
v 30.0172 		-15.1624 		4.0303
v 30.1372 		-15.1347 		3.9884
v 30.2502 		-15.104 		3.9489
v 30.3563 		-15.0704 		3.9118
v 30.4552 		-15.0338 		3.8772
v 30.5464 		-14.9941 		3.8454
v 30.6299 		-14.9512 		3.8162
v 30.7057 		-14.9053 		3.7896
v 30.7739 		-14.8562 		3.7658
v 30.8345 		-14.804 		3.7446
v 30.8851 		-14.7487 		3.727
v 30.9264 		-14.6906 		3.7125
v 30.9586 		-14.6295 		3.7012
v 30.9816 		-14.5655 		3.6932
v 30.9954 		-14.4986 		3.6884
v 31 		-14.4288 		3.6868
v 30.9954 		-14.3617 		3.6884
v 30.9816 		-14.2972 		3.6932
v 30.9586 		-14.2353 		3.7012
v 30.9264 		-14.1758 		3.7125
v 30.8851 		-14.1189 		3.727
v 30.8345 		-14.0644 		3.7446
v 30.7739 		-14.0132 		3.7658
v 30.7057 		-13.9647 		3.7896
v 30.6299 		-13.919 		3.8162
v 30.5464 		-13.8759 		3.8454
v 30.4552 		-13.8356 		3.8772
v 30.3563 		-13.798 		3.9118
v 30.2502 		-13.7632 		3.9489
v 30.1372 		-13.7313 		3.9884
v 30.0172 		-13.7024 		4.0303
v 29.8904 		-13.6763 		4.0747
v 29.7567 		-13.6532 		4.1214
v 29.6161 		-13.633 		4.1706
v 29.4694 		-13.6159 		4.2219
v 29.3172 		-13.6018 		4.275
v 29.1598 		-13.5909 		4.3301
v 28.9969 		-13.5831 		4.387
v 28.8287 		-13.5784 		4.4458
v 28.3604 		-14.8559 		4.6095
v 28.9505 		-14.8559 		4.4033
v 28.2219 		-14.8529 		4.658
v 29.0897 		-14.8529 		4.3546
v 28.0892 		-14.8487 		4.7044
v 29.2233 		-14.8487 		4.3079
v 29.3512 		-14.8432 		4.2632
v 27.9623 		-14.8432 		4.7487
v 29.4736 		-14.8366 		4.2204
v 27.8414 		-14.8366 		4.791
v 29.59 		-14.8279 		4.1797
v 27.7249 		-14.8279 		4.8317
v 29.7004 		-14.8177 		4.1411
v 27.6146 		-14.8177 		4.8703
v 29.8046 		-14.8058 		4.1047
v 27.5104 		-14.8058 		4.9067
v 29.9027 		-14.7923 		4.0704
v 27.4123 		-14.7923 		4.941
v 29.9946 		-14.7772 		4.0382
v 27.3203 		-14.7772 		4.9731
v 30.0805 		-14.7605 		4.0082
v 27.2345 		-14.7605 		5.0031
v 30.1599 		-14.7426 		3.9805
v 27.1551 		-14.7426 		5.0309
v 30.2327 		-14.723 		3.955
v 27.0823 		-14.723 		5.0564
v 30.2989 		-14.7016 		3.9319
v 27.0161 		-14.7016 		5.0795
v 26.9566 		-14.6783 		5.1003
v 30.3584 		-14.6783 		3.9111
v 26.9037 		-14.6532 		5.1188
v 30.4112 		-14.6532 		3.8926
v 26.8575 		-14.6263 		5.1349
v 30.4575 		-14.6263 		3.8764
v 26.8167 		-14.5981 		5.1492
v 30.4968 		-14.5982 		3.8627
v 26.7834 		-14.5677 		5.1608
v 30.529 		-14.5681 		3.8514
v 26.7575 		-14.5352 		5.1699
v 30.554 		-14.5362 		3.8427
v 26.739 		-14.5007 		5.1764
v 30.5719 		-14.5023 		3.8364
v 26.7279 		-14.464 		5.1802
v 30.5826 		-14.4665 		3.8327
v 30.5862 		-14.4288 		3.8314
v 26.7242 		-14.4251 		5.1815
v 30.5826 		-14.3904 		3.8327
v 26.7279 		-14.3874 		5.1802
v 26.739 		-14.3516 		5.1764
v 30.5719 		-14.354 		3.8364
v 26.7575 		-14.3177 		5.1699
v 30.554 		-14.3196 		3.8427
v 26.7834 		-14.2858 		5.1608
v 30.529 		-14.287 		3.8514
v 26.8167 		-14.2557 		5.1492
v 30.4968 		-14.2563 		3.8627
v 26.8575 		-14.2276 		5.1349
v 30.4575 		-14.2276 		3.8764
v 26.9037 		-14.2012 		5.1188
v 30.4112 		-14.2012 		3.8926
v 26.9566 		-14.1766 		5.1003
v 30.3584 		-14.1766 		3.9111
v 27.0161 		-14.1537 		5.0795
v 30.2989 		-14.1537 		3.9319
v 27.0823 		-14.1325 		5.0564
v 30.2327 		-14.1325 		3.955
v 27.1551 		-14.113 		5.0309
v 30.1599 		-14.113 		3.9805
v 27.2345 		-14.0952 		5.0031
v 30.0805 		-14.0952 		4.0082
v 27.3203 		-14.0796 		4.9731
v 29.9946 		-14.0796 		4.0382
v 27.4123 		-14.0654 		4.941
v 29.9027 		-14.0654 		4.0704
v 27.5104 		-14.0527 		4.9067
v 29.8046 		-14.0527 		4.1047
v 27.6146 		-14.0413 		4.8703
v 29.7004 		-14.0413 		4.1411
v 27.7249 		-14.0313 		4.8317
v 29.59 		-14.0313 		4.1797
v 27.8414 		-14.0227 		4.791
v 29.4736 		-14.0227 		4.2204
v 27.9623 		-14.0155 		4.7487
v 29.3512 		-14.0155 		4.2632
v 28.0892 		-14.0097 		4.7044
v 29.2233 		-14.0097 		4.3079
v 28.2219 		-14.0051 		4.658
v 29.0897 		-14.0051 		4.3546
v 28.3604 		-14.0018 		4.6095
v 28.9505 		-14.0018 		4.4033
v 28.8056 		-13.9998 		4.4539
v 28.5049 		-13.9998 		4.559
v 28.6552 		-13.9992 		4.5065
v 24.421 		-11.5975 		3.6153
v 24.7566 		-11.5975 		3.498
v 24.7566 		-11.7081 		3.498
v 24.7566 		-12.2573 		3.498
v 24.421 		-12.2573 		3.6153
v 24.7803 		-12.0955 		3.4897
v 24.775 		-12.1032 		3.4915
v 24.7694 		-12.1111 		3.4935
v 24.7694 		-12.6772 		3.4935
v 24.775 		-12.6851 		3.4915
v 24.7804 		-12.6928 		3.4897
v 24.421 		-12.5292 		3.6153
v 24.7566 		-12.5292 		3.498
v 24.7566 		-12.6361 		3.498
v 24.7566 		-13.3974 		3.498
v 24.421 		-13.3974 		3.6153
v 27.7173 		-13.1605 		2.463
v 27.5888 		-13.1618 		2.5079
v 25.1474 		-13.1618 		3.3614
v 27.9543 		-13.15 		2.3801
v 27.8391 		-13.1565 		2.4204
v 28.1648 		-13.129 		2.3065
v 28.0629 		-13.1408 		2.3422
v 28.3492 		-13.0978 		2.2421
v 28.2601 		-13.1146 		2.2732
v 28.5106 		-13.0571 		2.1856
v 28.4327 		-13.0786 		2.2129
v 28.6496 		-13.0072 		2.1371
v 28.5829 		-13.0333 		2.1604
v 28.7662 		-12.9474 		2.0963
v 28.7106 		-12.9787 		2.1157
v 28.8612 		-12.8786 		2.0631
v 28.8164 		-12.9141 		2.0788
v 28.9348 		-12.8012 		2.0374
v 28.9007 		-12.841 		2.0493
v 28.9874 		-12.715 		2.019
v 28.9635 		-12.7594 		2.0273
v 29.0221 		-12.6207 		2.0068
v 29.0069 		-12.6688 		2.0121
v 29.0395 		-12.5192 		2.0008
v 29.033 		-12.5709 		2.003
v 29.0391 		-12.412 		2.0009
v 29.0417 		-12.4657 		2
v 29.0187 		-12.3121 		2.008
v 29.0315 		-12.3608 		2.0036
v 28.9778 		-12.2223 		2.0223
v 29.0008 		-12.266 		2.0143
v 28.9152 		-12.1425 		2.0442
v 28.9497 		-12.1812 		2.0321
v 28.8325 		-12.0724 		2.0731
v 28.8762 		-12.1063 		2.0579
v 28.7313 		-12.012 		2.1085
v 28.7842 		-12.041 		2.09
v 28.6133 		-11.9606 		2.1497
v 28.6739 		-11.9854 		2.1286
v 28.4785 		-11.9179 		2.1969
v 28.5482 		-11.9381 		2.1725
v 28.3252 		-11.8845 		2.2505
v 28.4041 		-11.9 		2.2229
v 28.1555 		-11.8601 		2.3098
v 28.2417 		-11.8712 		2.2797
v 27.9716 		-11.844 		2.3741
v 28.0654 		-11.8511 		2.3413
v 27.7723 		-11.836 		2.4437
v 27.8739 		-11.839 		2.4082
v 25.175 		-11.835 		3.3517
v 27.667 		-11.835 		2.4806
v 24.7694 		-11.7491 		3.4935
v 24.775 		-11.757 		3.4915
v 24.7804 		-11.7647 		3.4897
v 24.7571 		-11.7165 		3.4978
v 24.7566 		-12.1522 		3.498
v 24.7571 		-12.6445 		3.4978
v 24.7566 		-13.2905 		3.498
v 24.7587 		-11.7248 		3.4973
v 24.7571 		-12.1438 		3.4978
v 24.7587 		-12.6528 		3.4973
v 24.7571 		-13.2821 		3.4978
v 24.7612 		-11.733 		3.4964
v 24.7587 		-12.1355 		3.4973
v 24.7612 		-12.6611 		3.4964
v 24.7587 		-13.2738 		3.4973
v 25.1061 		-13.1621 		3.3758
v 24.7648 		-11.7411 		3.4951
v 24.7612 		-12.1273 		3.4964
v 24.7648 		-12.6692 		3.4951
v 24.7612 		-13.2655 		3.4964
v 25.1306 		-11.8347 		3.3672
v 24.7648 		-12.1191 		3.4951
v 24.7648 		-13.2574 		3.4951
v 25.0892 		-11.834 		3.3817
v 24.7694 		-13.2494 		3.4935
v 24.7873 		-11.7721 		3.4873
v 24.7873 		-12.7002 		3.4873
v 24.775 		-13.2415 		3.4915
v 24.7957 		-11.7792 		3.4843
v 24.7868 		-12.0881 		3.4874
v 24.7957 		-12.7073 		3.4843
v 24.7803 		-13.2344 		3.4897
v 24.8057 		-11.786 		3.4808
v 24.7946 		-12.081 		3.4847
v 24.8057 		-12.7141 		3.4808
v 24.7868 		-13.2274 		3.4874
v 24.8172 		-11.7925 		3.4768
v 24.8036 		-12.0742 		3.4815
v 24.8172 		-12.7206 		3.4768
v 24.7946 		-13.2207 		3.4847
v 24.8302 		-11.7987 		3.4723
v 24.8302 		-12.7268 		3.4723
v 24.8464 		-11.8045 		3.4666
v 24.8464 		-12.7325 		3.4666
v 24.8644 		-11.8098 		3.4603
v 24.8644 		-12.7378 		3.4603
v 24.8842 		-11.8146 		3.4534
v 24.8842 		-12.7426 		3.4534
v 24.9058 		-11.8189 		3.4458
v 24.9058 		-12.7469 		3.4458
v 24.9292 		-11.8226 		3.4377
v 24.9292 		-12.7507 		3.4377
v 24.9543 		-11.8259 		3.4289
v 24.9543 		-12.7539 		3.4289
v 24.9835 		-11.8287 		3.4187
v 24.9835 		-12.7567 		3.4187
v 25.0156 		-11.8309 		3.4074
v 25.0156 		-12.759 		3.4074
v 25.0509 		-11.8327 		3.3951
v 25.0509 		-12.7607 		3.3951
v 25.0892 		-12.762 		3.3817
v 24.814 		-12.0677 		3.4779
v 25.1306 		-12.7628 		3.3672
v 24.8256 		-12.0615 		3.4739
v 25.175 		-12.763 		3.3517
v 24.8404 		-12.0558 		3.4687
v 24.8036 		-13.2141 		3.4815
v 24.8573 		-12.0505 		3.4628
v 24.814 		-13.2078 		3.4779
v 24.8762 		-12.0457 		3.4562
v 24.8256 		-13.2017 		3.4739
v 24.8971 		-12.0414 		3.4489
v 24.8404 		-13.1958 		3.4687
v 24.9201 		-12.0376 		3.4408
v 24.8573 		-13.1904 		3.4628
v 24.9451 		-12.0344 		3.4321
v 24.8762 		-13.1853 		3.4562
v 24.9725 		-12.031 		3.4225
v 24.8971 		-13.1807 		3.4489
v 25.0024 		-12.0283 		3.4121
v 24.9201 		-13.1765 		3.4408
v 25.0348 		-12.0262 		3.4007
v 24.9451 		-13.1727 		3.4321
v 25.0698 		-12.0247 		3.3885
v 27.644 		-12.763 		2.4886
v 27.7306 		-12.7623 		2.4583
v 25.1073 		-12.0238 		3.3754
v 27.8126 		-12.7602 		2.4297
v 25.1474 		-12.0235 		3.3614
v 27.89 		-12.7567 		2.4026
v 27.6532 		-12.0235 		2.4854
v 27.9628 		-12.7517 		2.3772
v 27.7326 		-12.0242 		2.4576
v 28.031 		-12.7454 		2.3533
v 27.8085 		-12.0265 		2.4311
v 28.0946 		-12.7376 		2.3311
v 27.8808 		-12.0303 		2.4058
v 24.9712 		-13.1693 		3.423
v 27.9495 		-12.0356 		2.3818
v 25.0003 		-13.1666 		3.4128
v 28.0146 		-12.0424 		2.359
v 25.0325 		-13.1645 		3.4015
v 28.0762 		-12.0507 		2.3375
v 25.0677 		-13.163 		3.3892
v 28.1341 		-12.0597 		2.3173
v 28.1885 		-12.07 		2.2982
v 28.2394 		-12.0815 		2.2805
v 28.1524 		-12.728 		2.3109
v 28.2866 		-12.0942 		2.2639
v 28.2064 		-12.7171 		2.292
v 28.3303 		-12.1081 		2.2487
v 28.2566 		-12.705 		2.2744
v 28.3704 		-12.1232 		2.2347
v 28.303 		-12.6917 		2.2582
v 28.4071 		-12.1394 		2.2218
v 28.3455 		-12.6772 		2.2434
v 28.4404 		-12.1568 		2.2102
v 28.3842 		-12.6615 		2.2298
v 28.4193 		-12.6446 		2.2176
v 28.4704 		-12.1753 		2.1997
v 28.4511 		-12.6267 		2.2064
v 28.4971 		-12.1949 		2.1904
v 28.4796 		-12.6076 		2.1965
v 28.5205 		-12.2156 		2.1822
v 28.5048 		-12.5874 		2.1877
v 28.5405 		-12.2374 		2.1752
v 28.5266 		-12.5661 		2.1801
v 28.556 		-12.2607 		2.1698
v 28.5451 		-12.5437 		2.1736
v 28.5686 		-12.2849 		2.1654
v 28.5592 		-12.5203 		2.1687
v 28.5785 		-12.3099 		2.1619
v 28.5707 		-12.496 		2.1647
v 28.5855 		-12.3356 		2.1595
v 28.5897 		-12.3622 		2.158
v 28.5796 		-12.4707 		2.1615
v 28.5911 		-12.3896 		2.1575
v 28.586 		-12.4446 		2.1593
v 28.5898 		-12.4176 		2.158
v 26.715 		-11.7081 		5.1848
v 26.715 		-11.5975 		5.1848
v 26.3793 		-11.5975 		5.3021
v 26.3793 		-12.2573 		5.3021
v 26.715 		-12.2573 		5.1848
v 26.7277 		-12.1111 		5.1803
v 26.7334 		-12.1032 		5.1783
v 26.7386 		-12.0955 		5.1765
v 26.7387 		-12.6928 		5.1765
v 26.7334 		-12.6851 		5.1783
v 26.7277 		-12.6772 		5.1803
v 26.715 		-12.6361 		5.1848
v 26.715 		-12.5292 		5.1848
v 26.3793 		-12.5292 		5.3021
v 26.3793 		-13.3974 		5.3021
v 26.715 		-13.3974 		5.1848
v 27.1058 		-13.1618 		5.0481
v 29.5471 		-13.1618 		4.1947
v 29.6756 		-13.1605 		4.1498
v 29.7975 		-13.1565 		4.1072
v 29.9126 		-13.15 		4.0669
v 30.0212 		-13.1408 		4.029
v 30.1231 		-13.129 		3.9933
v 30.2184 		-13.1146 		3.96
v 30.3075 		-13.0978 		3.9289
v 30.3911 		-13.0786 		3.8997
v 30.469 		-13.0571 		3.8724
v 30.5413 		-13.0333 		3.8472
v 30.6079 		-13.0072 		3.8238
v 30.669 		-12.9787 		3.8025
v 30.7245 		-12.9474 		3.7831
v 30.7747 		-12.9141 		3.7655
v 30.8195 		-12.8786 		3.7499
v 30.859 		-12.841 		3.7361
v 30.8931 		-12.8012 		3.7242
v 30.9218 		-12.7594 		3.7141
v 30.9457 		-12.715 		3.7058
v 30.9653 		-12.6688 		3.6989
v 30.9805 		-12.6207 		3.6936
v 30.9913 		-12.5709 		3.6898
v 30.9978 		-12.5192 		3.6875
v 31 		-12.4657 		3.6868
v 30.9974 		-12.412 		3.6877
v 30.9898 		-12.3608 		3.6904
v 30.977 		-12.3121 		3.6948
v 30.9591 		-12.266 		3.7011
v 30.9361 		-12.2223 		3.7091
v 30.908 		-12.1812 		3.7189
v 30.8736 		-12.1425 		3.731
v 30.8345 		-12.1063 		3.7446
v 30.7908 		-12.0724 		3.7599
v 30.7425 		-12.041 		3.7768
v 30.6897 		-12.012 		3.7953
v 30.6322 		-11.9854 		3.8154
v 30.5716 		-11.9606 		3.8365
v 30.5065 		-11.9381 		3.8593
v 30.4368 		-11.9179 		3.8837
v 30.3625 		-11.9 		3.9097
v 30.2835 		-11.8845 		3.9372
v 30.2 		-11.8712 		3.9664
v 30.1138 		-11.8601 		3.9966
v 30.0238 		-11.8511 		4.0281
v 29.9299 		-11.844 		4.0609
v 29.8322 		-11.839 		4.095
v 29.7307 		-11.836 		4.1305
v 29.6253 		-11.835 		4.1674
v 27.1334 		-11.835 		5.0385
v 26.7387 		-11.7647 		5.1765
v 26.7334 		-11.757 		5.1783
v 26.7277 		-11.7491 		5.1803
v 26.7155 		-11.7165 		5.1846
v 26.715 		-12.1522 		5.1848
v 26.7155 		-12.6445 		5.1846
v 26.715 		-13.2905 		5.1848
v 26.717 		-11.7248 		5.184
v 26.7155 		-12.1438 		5.1846
v 26.717 		-12.6528 		5.184
v 26.7155 		-13.2821 		5.1846
v 26.7196 		-11.733 		5.1831
v 26.717 		-12.1355 		5.184
v 26.7196 		-12.6611 		5.1831
v 26.717 		-13.2738 		5.184
v 27.0644 		-13.1621 		5.0626
v 26.7231 		-11.7411 		5.1819
v 26.7196 		-12.1273 		5.1831
v 26.7231 		-12.6692 		5.1819
v 26.7196 		-13.2655 		5.1831
v 27.0889 		-11.8347 		5.054
v 26.7231 		-12.1191 		5.1819
v 26.7231 		-13.2574 		5.1819
v 27.0475 		-11.834 		5.0685
v 26.7277 		-13.2494 		5.1803
v 26.7456 		-11.7721 		5.174
v 26.7456 		-12.7002 		5.174
v 26.7334 		-13.2415 		5.1783
v 26.754 		-11.7792 		5.1711
v 26.7451 		-12.0881 		5.1742
v 26.754 		-12.7073 		5.1711
v 26.7386 		-13.2344 		5.1765
v 26.764 		-11.786 		5.1676
v 26.7529 		-12.081 		5.1715
v 26.764 		-12.7141 		5.1676
v 26.7451 		-13.2274 		5.1742
v 26.7755 		-11.7925 		5.1636
v 26.762 		-12.0742 		5.1683
v 26.7755 		-12.7206 		5.1636
v 26.7529 		-13.2207 		5.1715
v 26.7885 		-11.7987 		5.159
v 26.7885 		-12.7268 		5.159
v 26.8047 		-11.8045 		5.1534
v 26.8047 		-12.7325 		5.1534
v 26.8228 		-11.8098 		5.1471
v 26.8228 		-12.7378 		5.1471
v 26.8425 		-11.8146 		5.1402
v 26.8425 		-12.7426 		5.1402
v 26.8641 		-11.8189 		5.1326
v 26.8641 		-12.7469 		5.1326
v 26.8875 		-11.8226 		5.1244
v 26.8875 		-12.7507 		5.1244
v 26.9127 		-11.8259 		5.1156
v 26.9127 		-12.7539 		5.1156
v 26.9418 		-11.8287 		5.1055
v 26.9418 		-12.7567 		5.1055
v 26.974 		-11.8309 		5.0942
v 26.974 		-12.759 		5.0942
v 27.0092 		-11.8327 		5.0819
v 27.0092 		-12.7607 		5.0819
v 27.0475 		-12.762 		5.0685
v 26.7723 		-12.0677 		5.1647
v 27.0889 		-12.7628 		5.054
v 26.7839 		-12.0615 		5.1606
v 27.1334 		-12.763 		5.0385
v 26.7987 		-12.0558 		5.1555
v 26.762 		-13.2141 		5.1683
v 26.8156 		-12.0505 		5.1496
v 26.7723 		-13.2078 		5.1647
v 26.8345 		-12.0457 		5.143
v 26.7839 		-13.2017 		5.1606
v 26.8554 		-12.0414 		5.1356
v 26.7987 		-13.1958 		5.1555
v 26.8784 		-12.0376 		5.1276
v 26.8156 		-13.1904 		5.1496
v 26.9035 		-12.0344 		5.1189
v 26.8345 		-13.1853 		5.143
v 26.9308 		-12.031 		5.1093
v 26.8554 		-13.1807 		5.1356
v 26.9607 		-12.0283 		5.0989
v 26.8784 		-13.1765 		5.1276
v 26.9931 		-12.0262 		5.0875
v 26.9035 		-13.1727 		5.1189
v 27.0281 		-12.0247 		5.0753
v 29.6023 		-12.763 		4.1754
v 29.6889 		-12.7623 		4.1451
v 27.0657 		-12.0238 		5.0622
v 29.7709 		-12.7602 		4.1165
v 27.1058 		-12.0235 		5.0481
v 29.8483 		-12.7567 		4.0894
v 29.6115 		-12.0235 		4.1722
v 29.9211 		-12.7517 		4.064
v 29.6909 		-12.0242 		4.1444
v 29.9893 		-12.7454 		4.0401
v 29.7668 		-12.0265 		4.1179
v 30.0529 		-12.7376 		4.0179
v 29.8391 		-12.0303 		4.0926
v 26.9295 		-13.1693 		5.1097
v 29.9078 		-12.0356 		4.0686
v 26.9586 		-13.1666 		5.0996
v 29.9729 		-12.0424 		4.0458
v 26.9908 		-13.1645 		5.0883
v 30.0345 		-12.0507 		4.0243
v 27.0261 		-13.163 		5.076
v 30.0925 		-12.0597 		4.004
v 30.1469 		-12.07 		3.985
v 30.1977 		-12.0815 		3.9673
v 30.1107 		-12.728 		3.9977
v 30.245 		-12.0942 		3.9507
v 30.1648 		-12.7171 		3.9788
v 30.2886 		-12.1081 		3.9355
v 30.2149 		-12.705 		3.9612
v 30.3287 		-12.1232 		3.9214
v 30.2613 		-12.6917 		3.945
v 30.3654 		-12.1394 		3.9086
v 30.3038 		-12.6772 		3.9301
v 30.3987 		-12.1568 		3.897
v 30.3425 		-12.6615 		3.9166
v 30.3777 		-12.6446 		3.9043
v 30.4287 		-12.1753 		3.8865
v 30.4095 		-12.6267 		3.8932
v 30.4554 		-12.1949 		3.8772
v 30.4379 		-12.6076 		3.8833
v 30.4788 		-12.2156 		3.869
v 30.4631 		-12.5874 		3.8745
v 30.4989 		-12.2374 		3.862
v 30.4849 		-12.5661 		3.8668
v 30.5143 		-12.2607 		3.8566
v 30.5035 		-12.5437 		3.8604
v 30.5269 		-12.2849 		3.8522
v 30.5175 		-12.5203 		3.8555
v 30.5368 		-12.3099 		3.8487
v 30.529 		-12.496 		3.8514
v 30.5438 		-12.3356 		3.8463
v 30.548 		-12.3622 		3.8448
v 30.5379 		-12.4707 		3.8483
v 30.5494 		-12.3896 		3.8443
v 30.5443 		-12.4446 		3.8461
v 30.5482 		-12.4176 		3.8447
v 25.6624 		-9.9463 		3.1813
v 25.6624 		-10.1094 		3.1813
v 25.267 		-10.1275 		3.3196
v 25.6624 		-11.3655 		3.1813
v 25.6624 		-11.5287 		3.1813
v 24.421 		-11.5287 		3.6153
v 25.2322 		-11.3459 		3.3317
v 25.267 		-11.3474 		3.3196
v 28.9773 		-11.1716 		2.0225
v 28.6371 		-11.1716 		2.1414
v 28.6371 		-11.0664 		2.1414
v 28.6371 		-10.3015 		2.1414
v 28.9773 		-10.3015 		2.0225
v 25.2322 		-10.1295 		3.3317
v 28.6367 		-11.0569 		2.1416
v 28.6371 		-10.4085 		2.1414
v 25.1985 		-10.1318 		3.3435
v 25.1985 		-11.344 		3.3435
v 28.6355 		-11.0477 		2.142
v 28.6367 		-10.4174 		2.1416
v 25.1658 		-10.1343 		3.3549
v 25.1658 		-11.3415 		3.3549
v 28.6336 		-11.0388 		2.1426
v 28.6355 		-10.4262 		2.142
v 25.1342 		-10.1372 		3.366
v 25.1342 		-11.3385 		3.366
v 28.6309 		-11.0302 		2.1436
v 28.6336 		-10.4348 		2.1426
v 25.1035 		-10.1404 		3.3767
v 25.1035 		-11.3351 		3.3767
v 28.6275 		-11.0219 		2.1448
v 28.6309 		-10.4431 		2.1436
v 25.0739 		-10.1438 		3.3871
v 25.0739 		-11.3311 		3.3871
v 28.6233 		-11.0139 		2.1463
v 28.6275 		-10.4513 		2.1448
v 25.0471 		-10.1479 		3.3964
v 25.0471 		-11.3271 		3.3964
v 28.6179 		-11.0062 		2.1481
v 28.6233 		-10.4592 		2.1463
v 25.0218 		-10.1527 		3.4053
v 25.0218 		-11.3222 		3.4053
v 28.611 		-10.999 		2.1505
v 28.6179 		-10.4669 		2.1481
v 24.998 		-10.1583 		3.4136
v 24.998 		-11.3166 		3.4136
v 28.6026 		-10.9921 		2.1535
v 28.611 		-10.4743 		2.1505
v 24.9758 		-10.1648 		3.4214
v 24.9758 		-11.3101 		3.4214
v 28.5926 		-10.9857 		2.157
v 28.6026 		-10.4814 		2.1535
v 24.421 		-9.9463 		3.6153
v 24.9551 		-11.3029 		3.4286
v 28.5811 		-10.9796 		2.161
v 28.5926 		-10.4882 		2.157
v 24.9551 		-10.172 		3.4286
v 24.9359 		-11.2948 		3.4353
v 24.9359 		-10.1801 		3.4353
v 24.9168 		-11.2866 		3.442
v 28.5681 		-10.974 		2.1655
v 24.9168 		-10.1884 		3.442
v 24.8992 		-11.2775 		3.4481
v 28.5519 		-10.9682 		2.1712
v 24.8992 		-10.1974 		3.4481
v 24.8831 		-11.2676 		3.4538
v 28.5339 		-10.9629 		2.1775
v 24.8831 		-10.2073 		3.4538
v 24.8685 		-11.257 		3.4589
v 28.5141 		-10.9581 		2.1844
v 24.8685 		-10.218 		3.4589
v 24.8555 		-11.2455 		3.4634
v 28.4925 		-10.9539 		2.192
v 24.8555 		-10.2294 		3.4634
v 24.844 		-11.2332 		3.4674
v 28.4691 		-10.9501 		2.2001
v 24.844 		-10.2417 		3.4674
v 24.8342 		-11.22 		3.4709
v 28.444 		-10.9468 		2.2089
v 24.8342 		-10.2549 		3.4709
v 24.8261 		-11.2058 		3.4737
v 28.4149 		-10.9435 		2.2191
v 24.8261 		-10.2691 		3.4737
v 24.8199 		-11.1906 		3.4759
v 28.3827 		-10.9408 		2.2304
v 24.8199 		-10.2843 		3.4759
v 28.3474 		-10.9387 		2.2427
v 24.8154 		-10.3005 		3.4774
v 24.8154 		-11.1744 		3.4774
v 28.3091 		-10.9372 		2.2561
v 24.8127 		-10.3178 		3.4784
v 24.8127 		-11.1572 		3.4784
v 28.2677 		-10.9362 		2.2706
v 24.8118 		-10.336 		3.4787
v 24.8118 		-11.1389 		3.4787
v 28.2233 		-10.9359 		2.2861
v 24.8118 		-10.5372 		3.4787
v 24.8118 		-10.9359 		3.4787
v 28.5811 		-10.4947 		2.161
v 28.5681 		-10.5009 		2.1655
v 28.2233 		-10.5372 		2.2861
v 28.5519 		-10.5067 		2.1712
v 28.2677 		-10.5369 		2.2706
v 28.5339 		-10.512 		2.1775
v 28.3091 		-10.5362 		2.2561
v 28.5141 		-10.5168 		2.1844
v 28.3474 		-10.5349 		2.2427
v 28.4925 		-10.5211 		2.192
v 28.3827 		-10.5331 		2.2304
v 28.4691 		-10.5248 		2.2001
v 28.4149 		-10.5309 		2.2191
v 28.444 		-10.5281 		2.2089
v 27.2253 		-10.1275 		5.0063
v 27.6207 		-10.1094 		4.8681
v 27.6207 		-9.9463 		4.8681
v 26.3793 		-11.5287 		5.3021
v 27.6207 		-11.5287 		4.8681
v 27.6207 		-11.3655 		4.8681
v 27.2253 		-11.3474 		5.0063
v 27.1906 		-11.3459 		5.0185
v 30.5954 		-11.0664 		3.8282
v 30.5954 		-11.1716 		3.8282
v 30.9356 		-11.1716 		3.7093
v 30.9356 		-10.3015 		3.7093
v 30.5954 		-10.3015 		3.8282
v 27.1906 		-10.1295 		5.0185
v 30.595 		-11.0569 		3.8284
v 30.5954 		-10.4085 		3.8282
v 27.1568 		-10.1318 		5.0303
v 27.1568 		-11.344 		5.0303
v 30.5939 		-11.0477 		3.8288
v 30.595 		-10.4174 		3.8284
v 27.1242 		-10.1343 		5.0417
v 27.1242 		-11.3415 		5.0417
v 30.592 		-11.0388 		3.8294
v 30.5939 		-10.4262 		3.8288
v 27.0925 		-10.1372 		5.0528
v 27.0925 		-11.3385 		5.0528
v 30.5893 		-11.0302 		3.8304
v 30.592 		-10.4348 		3.8294
v 27.0618 		-10.1404 		5.0635
v 27.0618 		-11.3351 		5.0635
v 30.5858 		-11.0219 		3.8316
v 30.5893 		-10.4431 		3.8304
v 27.0322 		-10.1438 		5.0739
v 27.0322 		-11.3311 		5.0739
v 30.5816 		-11.0139 		3.833
v 30.5858 		-10.4513 		3.8316
v 27.0054 		-10.1479 		5.0832
v 27.0054 		-11.3271 		5.0832
v 30.5762 		-11.0062 		3.8349
v 30.5816 		-10.4592 		3.833
v 26.9801 		-10.1527 		5.0921
v 26.9801 		-11.3222 		5.0921
v 30.5694 		-10.999 		3.8373
v 30.5762 		-10.4669 		3.8349
v 26.9563 		-10.1583 		5.1004
v 26.9563 		-11.3166 		5.1004
v 30.5609 		-10.9921 		3.8403
v 30.5694 		-10.4743 		3.8373
v 26.9341 		-10.1648 		5.1081
v 26.9341 		-11.3101 		5.1081
v 30.551 		-10.9857 		3.8438
v 30.5609 		-10.4814 		3.8403
v 26.3793 		-9.9463 		5.3021
v 26.9134 		-11.3029 		5.1154
v 30.5395 		-10.9796 		3.8478
v 30.551 		-10.4882 		3.8438
v 26.9134 		-10.172 		5.1154
v 26.8943 		-11.2948 		5.1221
v 26.8943 		-10.1801 		5.1221
v 26.8751 		-11.2866 		5.1288
v 30.5264 		-10.974 		3.8523
v 26.8751 		-10.1884 		5.1288
v 26.8575 		-11.2775 		5.1349
v 30.5102 		-10.9682 		3.858
v 26.8575 		-10.1974 		5.1349
v 26.8414 		-11.2676 		5.1406
v 30.4922 		-10.9629 		3.8643
v 26.8414 		-10.2073 		5.1406
v 26.8268 		-11.257 		5.1456
v 30.4724 		-10.9581 		3.8712
v 26.8268 		-10.218 		5.1456
v 26.8138 		-11.2455 		5.1502
v 30.4508 		-10.9539 		3.8788
v 26.8138 		-10.2294 		5.1502
v 26.8023 		-11.2332 		5.1542
v 30.4275 		-10.9501 		3.8869
v 26.8023 		-10.2417 		5.1542
v 26.7925 		-11.22 		5.1577
v 30.4023 		-10.9468 		3.8957
v 26.7925 		-10.2549 		5.1577
v 26.7844 		-11.2058 		5.1605
v 30.3732 		-10.9435 		3.9059
v 26.7844 		-10.2691 		5.1605
v 26.7782 		-11.1906 		5.1627
v 30.341 		-10.9408 		3.9172
v 26.7782 		-10.2843 		5.1627
v 30.3058 		-10.9387 		3.9295
v 26.7737 		-10.3005 		5.1642
v 26.7737 		-11.1744 		5.1642
v 30.2674 		-10.9372 		3.9429
v 26.771 		-10.3178 		5.1652
v 26.771 		-11.1572 		5.1652
v 30.2261 		-10.9362 		3.9573
v 26.7701 		-10.336 		5.1655
v 26.7701 		-11.1389 		5.1655
v 30.1816 		-10.9359 		3.9729
v 26.7701 		-10.5372 		5.1655
v 26.7701 		-10.9359 		5.1655
v 30.5395 		-10.4947 		3.8478
v 30.5264 		-10.5009 		3.8523
v 30.1816 		-10.5372 		3.9729
v 30.5102 		-10.5067 		3.858
v 30.2261 		-10.5369 		3.9573
v 30.4922 		-10.512 		3.8643
v 30.2674 		-10.5362 		3.9429
v 30.4724 		-10.5168 		3.8712
v 30.3058 		-10.5349 		3.9295
v 30.4508 		-10.5211 		3.8788
v 30.341 		-10.5331 		3.9172
v 30.4275 		-10.5248 		3.8869
v 30.3732 		-10.5309 		3.9059
v 30.4023 		-10.5281 		3.8957
v 28.9773 		-7.9235 		2.0225
v 28.9773 		-8.7935 		2.0225
v 28.6371 		-8.7935 		2.1414
v 28.6371 		-8.0304 		2.1414
v 28.6371 		-7.9235 		2.1414
v 24.421 		-7.9235 		3.6153
v 24.7612 		-7.9235 		3.4964
v 24.7612 		-8.0304 		3.4964
v 24.7612 		-8.7935 		3.4964
v 24.421 		-8.7935 		3.6153
v 24.8204 		-9.1685 		3.4757
v 24.8348 		-9.1741 		3.4706
v 24.8497 		-9.18 		3.4654
v 24.421 		-8.9747 		3.6153
v 24.7612 		-8.9747 		3.4964
v 24.7612 		-9.0835 		3.4964
v 24.7612 		-9.8448 		3.4964
v 24.421 		-9.8448 		3.6153
v 28.9773 		-9.8448 		2.0225
v 28.6371 		-9.8448 		2.1414
v 28.6371 		-9.7396 		2.1414
v 28.6371 		-8.9747 		2.1414
v 28.9773 		-8.9747 		2.0225
v 28.6371 		-8.6865 		2.1414
v 28.6368 		-8.0388 		2.1415
v 24.7616 		-8.0388 		3.4962
v 24.7612 		-8.6865 		3.4964
v 24.7616 		-9.0925 		3.4962
v 24.7612 		-9.7396 		3.4964
v 28.6367 		-9.7307 		2.1416
v 28.6371 		-9.0835 		2.1414
v 28.6367 		-8.6776 		2.1416
v 28.6361 		-8.0471 		2.1418
v 24.7628 		-8.0471 		3.4958
v 24.7616 		-8.6776 		3.4962
v 24.7628 		-9.1012 		3.4958
v 24.7616 		-9.7312 		3.4962
v 28.6355 		-9.7219 		2.142
v 28.6367 		-9.0925 		2.1416
v 28.6355 		-8.6688 		2.142
v 28.6348 		-8.0553 		2.1422
v 24.7647 		-8.0553 		3.4952
v 24.7628 		-8.6688 		3.4958
v 24.7647 		-9.1098 		3.4952
v 24.7628 		-9.7229 		3.4958
v 28.6336 		-9.7134 		2.1426
v 28.6355 		-9.1012 		2.142
v 28.6336 		-8.6603 		2.1426
v 28.633 		-8.0634 		2.1429
v 24.7674 		-8.0634 		3.4942
v 24.7647 		-8.6603 		3.4952
v 24.7674 		-9.1181 		3.4942
v 24.7647 		-9.7147 		3.4952
v 28.6309 		-9.705 		2.1436
v 28.6336 		-9.1098 		2.1426
v 28.6309 		-8.6519 		2.1436
v 28.6307 		-8.0714 		2.1437
v 24.7708 		-8.0714 		3.493
v 24.7674 		-8.6519 		3.4942
v 24.7708 		-9.1263 		3.493
v 24.7674 		-9.7066 		3.4942
v 28.6275 		-9.6968 		2.1448
v 28.6309 		-9.1181 		2.1436
v 28.6275 		-8.6437 		2.1448
v 28.6279 		-8.0793 		2.1447
v 24.775 		-8.0793 		3.4915
v 24.7708 		-8.6437 		3.493
v 24.775 		-9.1342 		3.4915
v 24.7708 		-9.6986 		3.493
v 28.6233 		-9.6889 		2.1463
v 28.6275 		-9.1263 		2.1448
v 28.6233 		-8.6358 		2.1463
v 28.6226 		-8.0865 		2.1465
v 24.7805 		-8.087 		3.4896
v 24.775 		-8.6358 		3.4915
v 24.7805 		-9.1419 		3.4896
v 24.775 		-9.6907 		3.4915
v 28.6179 		-9.6812 		2.1481
v 28.6233 		-9.1342 		2.1463
v 28.6179 		-8.6281 		2.1481
v 28.6161 		-8.0934 		2.1488
v 24.7878 		-8.0944 		3.4871
v 24.7805 		-8.6281 		3.4896
v 24.7878 		-9.1492 		3.4871
v 24.7804 		-9.683 		3.4897
v 28.611 		-9.6738 		2.1505
v 28.6179 		-9.1419 		2.1481
v 28.611 		-8.6207 		2.1505
v 28.6083 		-8.1002 		2.1515
v 24.7969 		-8.1015 		3.4839
v 24.7878 		-8.6207 		3.4871
v 24.7969 		-9.156 		3.4839
v 24.7873 		-9.6756 		3.4873
v 28.6026 		-9.6667 		2.1535
v 28.611 		-9.1492 		2.1505
v 28.6026 		-8.6136 		2.1535
v 28.5993 		-8.1067 		2.1547
v 24.8077 		-8.1083 		3.4801
v 24.7969 		-8.6136 		3.4839
v 24.8077 		-9.1624 		3.4801
v 24.7957 		-9.6685 		3.4843
v 28.5926 		-9.6599 		2.157
v 28.6026 		-9.156 		2.1535
v 28.5926 		-8.6068 		2.157
v 28.5889 		-8.1131 		2.1583
v 24.8204 		-8.1148 		3.4757
v 24.8077 		-8.6068 		3.4801
v 28.5811 		-9.6534 		2.161
v 28.5926 		-9.1624 		2.157
v 28.5811 		-8.6003 		2.161
v 28.5773 		-8.1192 		2.1623
v 28.5681 		-8.5941 		2.1655
v 24.8348 		-8.121 		3.4706
v 28.5681 		-9.6472 		2.1655
v 28.5519 		-8.5883 		2.1712
v 24.8497 		-8.1268 		3.4654
v 24.867 		-9.1854 		3.4594
v 28.5519 		-9.6414 		2.1712
v 28.5339 		-8.583 		2.1775
v 24.867 		-8.1321 		3.4594
v 24.8865 		-9.1904 		3.4526
v 28.5339 		-9.6361 		2.1775
v 28.5141 		-8.5782 		2.1844
v 24.8865 		-8.1369 		3.4526
v 24.9084 		-9.1951 		3.4449
v 28.5141 		-9.6313 		2.1844
v 28.4925 		-8.574 		2.192
v 24.9084 		-8.1412 		3.4449
v 24.9325 		-9.1993 		3.4365
v 28.4925 		-9.6271 		2.192
v 28.4691 		-8.5702 		2.2001
v 24.9325 		-8.1449 		3.4365
v 24.9589 		-9.2031 		3.4273
v 28.4691 		-9.6233 		2.2001
v 28.444 		-8.5669 		2.2089
v 24.9589 		-8.1482 		3.4273
v 24.9879 		-9.2059 		3.4171
v 28.444 		-9.62 		2.2089
v 28.4149 		-8.5636 		2.2191
v 24.9879 		-8.151 		3.4171
v 25.0197 		-9.2082 		3.406
v 28.4149 		-9.6167 		2.2191
v 28.3827 		-8.5609 		2.2304
v 25.0197 		-8.1532 		3.406
v 25.0543 		-9.2099 		3.3939
v 28.3827 		-9.614 		2.2304
v 28.3474 		-8.5588 		2.2427
v 25.0543 		-8.155 		3.3939
v 25.0918 		-9.2112 		3.3808
v 28.3474 		-9.6119 		2.2427
v 28.3091 		-8.5572 		2.2561
v 25.0918 		-8.1563 		3.3808
v 25.132 		-9.2119 		3.3668
v 28.3091 		-9.6103 		2.2561
v 28.2677 		-8.5563 		2.2706
v 25.132 		-8.157 		3.3668
v 25.175 		-9.2122 		3.3517
v 28.2677 		-9.6094 		2.2706
v 28.2233 		-8.556 		2.2861
v 25.175 		-8.1573 		3.3517
v 24.8057 		-9.6617 		3.4808
v 28.2233 		-9.6091 		2.2861
v 24.8204 		-8.6003 		3.4757
v 24.8172 		-9.6552 		3.4768
v 28.5811 		-9.1685 		2.161
v 28.5626 		-8.125 		2.1675
v 24.8348 		-8.5941 		3.4706
v 24.8302 		-9.649 		3.4723
v 28.5681 		-9.1741 		2.1655
v 28.5461 		-8.1305 		2.1732
v 24.8497 		-8.5883 		3.4654
v 24.845 		-9.6432 		3.4671
v 28.5519 		-9.18 		2.1712
v 28.5279 		-8.1355 		2.1796
v 24.867 		-8.583 		3.4594
v 24.8619 		-9.6377 		3.4612
v 28.5339 		-9.1854 		2.1775
v 26.798 		-8.556 		2.7843
v 24.8865 		-8.5782 		3.4526
v 26.4072 		-9.2122 		2.921
v 28.5141 		-9.1904 		2.1844
v 28.5078 		-8.1402 		2.1866
v 24.9084 		-8.574 		3.4449
v 24.8808 		-9.6327 		3.4546
v 28.4925 		-9.1951 		2.192
v 28.486 		-8.1444 		2.1943
v 24.9325 		-8.5702 		3.4365
v 24.9017 		-9.6281 		3.4473
v 28.4691 		-9.1993 		2.2001
v 28.4624 		-8.1482 		2.2025
v 28.2601 		-8.1573 		2.2732
v 24.9247 		-9.6238 		3.4392
v 28.444 		-9.2031 		2.2089
v 28.435 		-8.151 		2.2121
v 24.9589 		-8.5669 		3.4273
v 24.9497 		-9.62 		3.4305
v 25.152 		-9.6091 		3.3597
v 28.4052 		-8.1532 		2.2225
v 28.3002 		-8.157 		2.2592
v 24.9758 		-9.6167 		3.4214
v 25.1107 		-9.6094 		3.3742
v 28.3727 		-8.155 		2.2339
v 28.3377 		-8.1563 		2.2461
v 25.0049 		-9.614 		3.4112
v 25.0723 		-9.6103 		3.3876
v 24.9879 		-8.5636 		3.4171
v 25.0371 		-9.6119 		3.3999
v 25.0197 		-8.5609 		3.406
v 28.4149 		-9.2059 		2.2191
v 25.0543 		-8.5588 		3.3939
v 28.3827 		-9.2082 		2.2304
v 25.0918 		-8.5572 		3.3808
v 28.3474 		-9.2099 		2.2427
v 25.132 		-8.5563 		3.3668
v 28.3091 		-9.2112 		2.2561
v 25.175 		-8.556 		3.3517
v 28.2677 		-9.2119 		2.2706
v 26.4072 		-8.556 		2.921
v 28.2233 		-9.2122 		2.2861
v 26.798 		-9.2122 		2.7843
v 30.5954 		-8.7935 		3.8282
v 30.9356 		-8.7935 		3.7093
v 30.9356 		-7.9235 		3.7093
v 30.5954 		-7.9235 		3.8282
v 30.5954 		-8.0304 		3.8282
v 26.7196 		-8.0304 		5.1831
v 26.7196 		-7.9235 		5.1831
v 26.3793 		-7.9235 		5.3021
v 26.3793 		-8.7935 		5.3021
v 26.7196 		-8.7935 		5.1831
v 26.8081 		-9.18 		5.1522
v 26.7931 		-9.1741 		5.1574
v 26.7787 		-9.1685 		5.1625
v 26.7196 		-9.0835 		5.1831
v 26.7196 		-8.9747 		5.1831
v 26.3793 		-8.9747 		5.3021
v 26.3793 		-9.8448 		5.3021
v 26.7196 		-9.8448 		5.1831
v 30.5954 		-9.7396 		3.8282
v 30.5954 		-9.8448 		3.8282
v 30.9356 		-9.8448 		3.7093
v 30.9356 		-8.9747 		3.7093
v 30.5954 		-8.9747 		3.8282
v 30.5954 		-8.6865 		3.8282
v 30.5951 		-8.0388 		3.8283
v 26.7199 		-8.0388 		5.183
v 26.7196 		-8.6865 		5.1831
v 26.7199 		-9.0925 		5.183
v 26.7196 		-9.7396 		5.1831
v 30.595 		-9.7307 		3.8284
v 30.5954 		-9.0835 		3.8282
v 30.595 		-8.6776 		3.8284
v 30.5944 		-8.0471 		3.8286
v 26.7211 		-8.0471 		5.1826
v 26.7199 		-8.6776 		5.183
v 26.7211 		-9.1012 		5.1826
v 26.7199 		-9.7312 		5.183
v 30.5939 		-9.7219 		3.8288
v 30.595 		-9.0925 		3.8284
v 30.5939 		-8.6688 		3.8288
v 30.5931 		-8.0553 		3.829
v 26.723 		-8.0553 		5.1819
v 26.7211 		-8.6688 		5.1826
v 26.723 		-9.1098 		5.1819
v 26.7211 		-9.7229 		5.1826
v 30.592 		-9.7134 		3.8294
v 30.5939 		-9.1012 		3.8288
v 30.592 		-8.6603 		3.8294
v 30.5913 		-8.0634 		3.8297
v 26.7257 		-8.0634 		5.181
v 26.723 		-8.6603 		5.1819
v 26.7257 		-9.1181 		5.181
v 26.723 		-9.7147 		5.1819
v 30.5893 		-9.705 		3.8304
v 30.592 		-9.1098 		3.8294
v 30.5893 		-8.6519 		3.8304
v 30.589 		-8.0714 		3.8305
v 26.7291 		-8.0714 		5.1798
v 26.7257 		-8.6519 		5.181
v 26.7291 		-9.1263 		5.1798
v 26.7257 		-9.7066 		5.181
v 30.5858 		-9.6968 		3.8316
v 30.5893 		-9.1181 		3.8304
v 30.5858 		-8.6437 		3.8316
v 30.5862 		-8.0793 		3.8314
v 26.7334 		-8.0793 		5.1783
v 26.7291 		-8.6437 		5.1798
v 26.7334 		-9.1342 		5.1783
v 26.7291 		-9.6986 		5.1798
v 30.5816 		-9.6889 		3.833
v 30.5858 		-9.1263 		3.8316
v 30.5816 		-8.6358 		3.833
v 30.581 		-8.0865 		3.8333
v 26.7388 		-8.087 		5.1764
v 26.7334 		-8.6358 		5.1783
v 26.7388 		-9.1419 		5.1764
v 26.7334 		-9.6907 		5.1783
v 30.5762 		-9.6812 		3.8349
v 30.5816 		-9.1342 		3.833
v 30.5762 		-8.6281 		3.8349
v 30.5745 		-8.0934 		3.8355
v 26.7461 		-8.0944 		5.1739
v 26.7388 		-8.6281 		5.1764
v 26.7461 		-9.1492 		5.1739
v 26.7387 		-9.683 		5.1765
v 30.5694 		-9.6738 		3.8373
v 30.5762 		-9.1419 		3.8349
v 30.5694 		-8.6207 		3.8373
v 30.5667 		-8.1002 		3.8383
v 26.7552 		-8.1015 		5.1707
v 26.7461 		-8.6207 		5.1739
v 26.7552 		-9.156 		5.1707
v 26.7456 		-9.6756 		5.174
v 30.5609 		-9.6667 		3.8403
v 30.5694 		-9.1492 		3.8373
v 30.5609 		-8.6136 		3.8403
v 30.5576 		-8.1067 		3.8414
v 26.766 		-8.1083 		5.1669
v 26.7552 		-8.6136 		5.1707
v 26.766 		-9.1624 		5.1669
v 26.754 		-9.6685 		5.1711
v 30.551 		-9.6599 		3.8438
v 30.5609 		-9.156 		3.8403
v 30.551 		-8.6068 		3.8438
v 30.5473 		-8.1131 		3.8451
v 26.7787 		-8.1148 		5.1625
v 26.766 		-8.6068 		5.1669
v 30.5395 		-9.6534 		3.8478
v 30.551 		-9.1624 		3.8438
v 30.5395 		-8.6003 		3.8478
v 30.5356 		-8.1192 		3.8491
v 30.5264 		-8.5941 		3.8523
v 26.7931 		-8.121 		5.1574
v 30.5264 		-9.6472 		3.8523
v 30.5102 		-8.5883 		3.858
v 26.8081 		-8.1268 		5.1522
v 26.8253 		-9.1854 		5.1462
v 30.5102 		-9.6414 		3.858
v 30.4922 		-8.583 		3.8643
v 26.8253 		-8.1321 		5.1462
v 26.8448 		-9.1904 		5.1393
v 30.4922 		-9.6361 		3.8643
v 30.4724 		-8.5782 		3.8712
v 26.8448 		-8.1369 		5.1393
v 26.8667 		-9.1951 		5.1317
v 30.4724 		-9.6313 		3.8712
v 30.4508 		-8.574 		3.8788
v 26.8667 		-8.1412 		5.1317
v 26.8908 		-9.1993 		5.1233
v 30.4508 		-9.6271 		3.8788
v 30.4275 		-8.5702 		3.8869
v 26.8908 		-8.1449 		5.1233
v 26.9173 		-9.2031 		5.114
v 30.4275 		-9.6233 		3.8869
v 30.4023 		-8.5669 		3.8957
v 26.9173 		-8.1482 		5.114
v 26.9463 		-9.2059 		5.1039
v 30.4023 		-9.62 		3.8957
v 30.3732 		-8.5636 		3.9059
v 26.9463 		-8.151 		5.1039
v 26.9781 		-9.2082 		5.0928
v 30.3732 		-9.6167 		3.9059
v 30.341 		-8.5609 		3.9172
v 26.9781 		-8.1532 		5.0928
v 27.0127 		-9.2099 		5.0807
v 30.341 		-9.614 		3.9172
v 30.3058 		-8.5588 		3.9295
v 27.0127 		-8.155 		5.0807
v 27.0501 		-9.2112 		5.0676
v 30.3058 		-9.6119 		3.9295
v 30.2674 		-8.5572 		3.9429
v 27.0501 		-8.1563 		5.0676
v 27.0903 		-9.2119 		5.0535
v 30.2674 		-9.6103 		3.9429
v 30.2261 		-8.5563 		3.9573
v 27.0903 		-8.157 		5.0535
v 27.1334 		-9.2122 		5.0385
v 30.2261 		-9.6094 		3.9573
v 30.1816 		-8.556 		3.9729
v 27.1334 		-8.1573 		5.0385
v 26.764 		-9.6617 		5.1676
v 30.1816 		-9.6091 		3.9729
v 26.7787 		-8.6003 		5.1625
v 26.7755 		-9.6552 		5.1636
v 30.5395 		-9.1685 		3.8478
v 30.5209 		-8.125 		3.8543
v 26.7931 		-8.5941 		5.1574
v 26.7885 		-9.649 		5.159
v 30.5264 		-9.1741 		3.8523
v 30.5045 		-8.1305 		3.86
v 26.8081 		-8.5883 		5.1522
v 26.8033 		-9.6432 		5.1539
v 30.5102 		-9.18 		3.858
v 30.4862 		-8.1355 		3.8664
v 26.8253 		-8.583 		5.1462
v 26.8202 		-9.6377 		5.148
v 30.4922 		-9.1854 		3.8643
v 28.7563 		-8.556 		4.4711
v 26.8448 		-8.5782 		5.1393
v 28.3655 		-9.2122 		4.6077
v 30.4724 		-9.1904 		3.8712
v 30.4662 		-8.1402 		3.8734
v 26.8667 		-8.574 		5.1317
v 26.8391 		-9.6327 		5.1414
v 30.4508 		-9.1951 		3.8788
v 30.4443 		-8.1444 		3.881
v 26.8908 		-8.5702 		5.1233
v 26.86 		-9.6281 		5.134
v 30.4275 		-9.1993 		3.8869
v 30.4207 		-8.1482 		3.8893
v 30.2184 		-8.1573 		3.96
v 26.883 		-9.6238 		5.126
v 30.4023 		-9.2031 		3.8957
v 30.3934 		-8.151 		3.8989
v 26.9173 		-8.5669 		5.114
v 26.9081 		-9.62 		5.1172
v 27.1104 		-9.6091 		5.0465
v 30.3635 		-8.1532 		3.9093
v 30.2585 		-8.157 		3.946
v 26.9341 		-9.6167 		5.1081
v 27.069 		-9.6094 		5.061
v 30.331 		-8.155 		3.9206
v 30.296 		-8.1563 		3.9329
v 26.9632 		-9.614 		5.098
v 27.0307 		-9.6103 		5.0744
v 26.9463 		-8.5636 		5.1039
v 26.9954 		-9.6119 		5.0867
v 26.9781 		-8.5609 		5.0928
v 30.3732 		-9.2059 		3.9059
v 27.0127 		-8.5588 		5.0807
v 30.341 		-9.2082 		3.9172
v 27.0501 		-8.5572 		5.0676
v 30.3058 		-9.2099 		3.9295
v 27.0903 		-8.5563 		5.0535
v 30.2674 		-9.2112 		3.9429
v 27.1334 		-8.556 		5.0385
v 30.2261 		-9.2119 		3.9573
v 28.3655 		-8.556 		4.6077
v 30.1816 		-9.2122 		3.9729
v 28.7563 		-9.2122 		4.4711
v 25.598 		-5.7266 		3.2038
v 25.598 		-5.897 		3.2038
v 25.29 		-5.9097 		3.3115
v 24.7612 		-7.1277 		3.4964
v 24.421 		-7.1277 		3.6153
v 24.421 		-5.7266 		3.6153
v 28.9773 		-7.1277 		2.0225
v 28.6371 		-7.1277 		2.1414
v 28.6371 		-7.0226 		2.1414
v 28.6371 		-6.2088 		2.1414
v 28.9773 		-6.2088 		2.0225
v 26.5543 		-5.8988 		2.8695
v 26.9313 		-5.8988 		2.7377
v 26.9313 		-6.4951 		2.7377
v 25.2096 		-5.9149 		3.3396
v 24.7612 		-7.0226 		3.4964
v 28.6368 		-7.0136 		2.1415
v 28.6371 		-6.3646 		2.1414
v 26.5543 		-6.4951 		2.8695
v 25.1372 		-5.922 		3.3649
v 24.7616 		-7.0136 		3.4962
v 28.6361 		-7.0049 		2.1418
v 28.6367 		-6.3737 		2.1416
v 25.0727 		-5.931 		3.3875
v 24.7628 		-7.0049 		3.4958
v 28.6348 		-6.9963 		2.1422
v 28.6355 		-6.3826 		2.142
v 25.0161 		-5.9419 		3.4073
v 24.7647 		-6.9963 		3.4952
v 28.633 		-6.988 		2.1429
v 28.6336 		-6.3914 		2.1426
v 24.9675 		-5.9548 		3.4243
v 24.7674 		-6.988 		3.4942
v 28.6307 		-6.9798 		2.1437
v 28.6309 		-6.4001 		2.1436
v 24.7708 		-6.9798 		3.493
v 28.6279 		-6.9719 		2.1447
v 28.6275 		-6.4087 		2.1448
v 24.9267 		-5.9695 		3.4385
v 24.775 		-6.9719 		3.4915
v 28.6226 		-6.9642 		2.1465
v 28.6233 		-6.4172 		2.1463
v 24.8916 		-5.9866 		3.4508
v 24.7804 		-6.9642 		3.4897
v 28.6161 		-6.9567 		2.1488
v 28.6179 		-6.4249 		2.1481
v 24.8629 		-6.0054 		3.4608
v 24.7873 		-6.9567 		3.4873
v 28.6083 		-6.9497 		2.1515
v 28.611 		-6.4323 		2.1505
v 24.8405 		-6.0257 		3.4686
v 24.7957 		-6.9497 		3.4843
v 28.5993 		-6.9429 		2.1547
v 28.6026 		-6.4394 		2.1535
v 24.8246 		-6.0476 		3.4742
v 24.8057 		-6.9429 		3.4808
v 28.5889 		-6.9364 		2.1583
v 28.5926 		-6.4462 		2.157
v 24.815 		-6.0712 		3.4776
v 24.8172 		-6.9364 		3.4768
v 28.5773 		-6.9302 		2.1623
v 28.5811 		-6.4527 		2.161
v 24.8118 		-6.0964 		3.4787
v 24.8302 		-6.9302 		3.4723
v 24.8118 		-6.4951 		3.4787
v 24.8449 		-6.9244 		3.4671
v 28.5626 		-6.9244 		2.1675
v 28.5461 		-6.9191 		2.1732
v 24.8614 		-6.9191 		3.4614
v 28.5279 		-6.9143 		2.1796
v 24.8796 		-6.9143 		3.455
v 28.5078 		-6.91 		2.1866
v 28.486 		-6.9062 		2.1943
v 24.8997 		-6.91 		3.448
v 28.4624 		-6.903 		2.2025
v 28.435 		-6.8997 		2.2121
v 24.9215 		-6.9062 		3.4403
v 28.4052 		-6.8969 		2.2225
v 24.9451 		-6.903 		3.4321
v 28.3727 		-6.8948 		2.2339
v 28.2233 		-6.4951 		2.2861
v 28.3377 		-6.8933 		2.2461
v 28.2677 		-6.4949 		2.2706
v 28.3002 		-6.8924 		2.2592
v 28.3091 		-6.4941 		2.2561
v 28.2601 		-6.8921 		2.2732
v 24.9726 		-6.8997 		3.4225
v 28.5681 		-6.4589 		2.1655
v 28.3474 		-6.4929 		2.2427
v 28.5519 		-6.4642 		2.1712
v 28.3827 		-6.4911 		2.2304
v 28.5339 		-6.4692 		2.1775
v 28.4149 		-6.4889 		2.2191
v 28.5141 		-6.4739 		2.1844
v 28.444 		-6.4861 		2.2089
v 28.4925 		-6.4782 		2.192
v 25.0029 		-6.8969 		3.4119
v 28.4691 		-6.4823 		2.2001
v 25.0359 		-6.8948 		3.4003
v 25.0718 		-6.8933 		3.3878
v 25.152 		-6.8921 		3.3597
v 25.1105 		-6.8924 		3.3743
v 27.2483 		-5.9097 		4.9983
v 27.5563 		-5.897 		4.8906
v 27.5563 		-5.7266 		4.8906
v 26.3793 		-5.7266 		5.3021
v 26.3793 		-7.1277 		5.3021
v 26.7196 		-7.1277 		5.1831
v 30.5954 		-7.0226 		3.8282
v 30.5954 		-7.1277 		3.8282
v 30.9356 		-7.1277 		3.7093
v 30.9356 		-6.2088 		3.7093
v 30.5954 		-6.2088 		3.8282
v 28.8897 		-6.4951 		4.4245
v 28.8897 		-5.8988 		4.4245
v 28.5127 		-5.8988 		4.5563
v 27.168 		-5.9149 		5.0264
v 26.7196 		-7.0226 		5.1831
v 30.5951 		-7.0136 		3.8283
v 30.5954 		-6.3646 		3.8282
v 28.5127 		-6.4951 		4.5563
v 27.0955 		-5.922 		5.0517
v 26.7199 		-7.0136 		5.183
v 30.5944 		-7.0049 		3.8286
v 30.595 		-6.3737 		3.8284
v 27.0311 		-5.931 		5.0743
v 26.7211 		-7.0049 		5.1826
v 30.5931 		-6.9963 		3.829
v 30.5939 		-6.3826 		3.8288
v 26.9745 		-5.9419 		5.094
v 26.723 		-6.9963 		5.1819
v 30.5913 		-6.988 		3.8297
v 30.592 		-6.3914 		3.8294
v 26.9258 		-5.9548 		5.111
v 26.7257 		-6.988 		5.181
v 30.589 		-6.9798 		3.8305
v 30.5893 		-6.4001 		3.8304
v 26.7291 		-6.9798 		5.1798
v 30.5862 		-6.9719 		3.8314
v 30.5858 		-6.4087 		3.8316
v 26.8851 		-5.9695 		5.1253
v 26.7334 		-6.9719 		5.1783
v 30.581 		-6.9642 		3.8333
v 30.5816 		-6.4172 		3.833
v 26.85 		-5.9866 		5.1376
v 26.7387 		-6.9642 		5.1765
v 30.5745 		-6.9567 		3.8355
v 30.5762 		-6.4249 		3.8349
v 26.8212 		-6.0054 		5.1476
v 26.7456 		-6.9567 		5.174
v 30.5667 		-6.9497 		3.8383
v 30.5694 		-6.4323 		3.8373
v 26.7989 		-6.0257 		5.1554
v 26.754 		-6.9497 		5.1711
v 30.5576 		-6.9429 		3.8414
v 30.5609 		-6.4394 		3.8403
v 26.7829 		-6.0476 		5.161
v 26.764 		-6.9429 		5.1676
v 30.5473 		-6.9364 		3.8451
v 30.551 		-6.4462 		3.8438
v 26.7733 		-6.0712 		5.1644
v 26.7755 		-6.9364 		5.1636
v 30.5356 		-6.9302 		3.8491
v 30.5395 		-6.4527 		3.8478
v 26.7701 		-6.0964 		5.1655
v 26.7885 		-6.9302 		5.159
v 26.7701 		-6.4951 		5.1655
v 26.8032 		-6.9244 		5.1539
v 30.5209 		-6.9244 		3.8543
v 30.5045 		-6.9191 		3.86
v 26.8197 		-6.9191 		5.1481
v 30.4862 		-6.9143 		3.8664
v 26.8379 		-6.9143 		5.1418
v 30.4662 		-6.91 		3.8734
v 30.4443 		-6.9062 		3.881
v 26.858 		-6.91 		5.1348
v 30.4207 		-6.903 		3.8893
v 30.3934 		-6.8997 		3.8989
v 26.8798 		-6.9062 		5.1271
v 30.3635 		-6.8969 		3.9093
v 26.9035 		-6.903 		5.1189
v 30.331 		-6.8948 		3.9206
v 30.1816 		-6.4951 		3.9729
v 30.296 		-6.8933 		3.9329
v 30.2261 		-6.4949 		3.9573
v 30.2585 		-6.8924 		3.946
v 30.2674 		-6.4941 		3.9429
v 30.2184 		-6.8921 		3.96
v 26.9309 		-6.8997 		5.1093
v 30.5264 		-6.4589 		3.8523
v 30.3058 		-6.4929 		3.9295
v 30.5102 		-6.4642 		3.858
v 30.341 		-6.4911 		3.9172
v 30.4922 		-6.4692 		3.8643
v 30.3732 		-6.4889 		3.9059
v 30.4724 		-6.4739 		3.8712
v 30.4023 		-6.4861 		3.8957
v 30.4508 		-6.4782 		3.8788
v 26.9612 		-6.8969 		5.0987
v 30.4275 		-6.4823 		3.8869
v 26.9943 		-6.8948 		5.0871
v 27.0302 		-6.8933 		5.0746
v 27.1104 		-6.8921 		5.0465
v 27.0689 		-6.8924 		5.061
v 24.421 		-3.7944 		3.6153
v 24.7566 		-3.7944 		3.498
v 24.7566 		-3.905 		3.498
v 24.7566 		-4.4542 		3.498
v 24.421 		-4.4542 		3.6153
v 24.7803 		-4.2924 		3.4897
v 24.775 		-4.3001 		3.4915
v 24.7694 		-4.308 		3.4935
v 24.7694 		-4.8741 		3.4935
v 24.775 		-4.882 		3.4915
v 24.7804 		-4.8897 		3.4897
v 24.421 		-4.7261 		3.6153
v 24.7566 		-4.7261 		3.498
v 24.7566 		-4.833 		3.498
v 24.7566 		-5.5943 		3.498
v 24.421 		-5.5943 		3.6153
v 27.7173 		-5.3574 		2.463
v 27.5888 		-5.3587 		2.5079
v 25.1474 		-5.3587 		3.3614
v 27.9543 		-5.3469 		2.3801
v 27.8391 		-5.3534 		2.4204
v 28.1648 		-5.3259 		2.3065
v 28.0629 		-5.3377 		2.3422
v 28.3492 		-5.2947 		2.2421
v 28.2601 		-5.3115 		2.2732
v 28.5106 		-5.254 		2.1856
v 28.4327 		-5.2755 		2.2129
v 28.6496 		-5.204 		2.1371
v 28.5829 		-5.2302 		2.1604
v 28.7662 		-5.1443 		2.0963
v 28.7106 		-5.1756 		2.1157
v 28.8612 		-5.0755 		2.0631
v 28.8164 		-5.111 		2.0788
v 28.9348 		-4.9981 		2.0374
v 28.9007 		-5.0378 		2.0493
v 28.9874 		-4.9119 		2.019
v 28.9635 		-4.9563 		2.0273
v 29.0221 		-4.8176 		2.0068
v 29.0069 		-4.8656 		2.0121
v 29.0395 		-4.7161 		2.0008
v 29.033 		-4.7678 		2.003
v 29.0391 		-4.6089 		2.0009
v 29.0417 		-4.6626 		2
v 29.0187 		-4.509 		2.008
v 29.0315 		-4.5577 		2.0036
v 28.9778 		-4.4192 		2.0223
v 29.0008 		-4.4629 		2.0143
v 28.9152 		-4.3394 		2.0442
v 28.9497 		-4.3781 		2.0321
v 28.8325 		-4.2693 		2.0731
v 28.8762 		-4.3031 		2.0579
v 28.7313 		-4.2089 		2.1085
v 28.7842 		-4.2379 		2.09
v 28.6133 		-4.1575 		2.1497
v 28.6739 		-4.1823 		2.1286
v 28.4785 		-4.1148 		2.1969
v 28.5482 		-4.135 		2.1725
v 28.3252 		-4.0814 		2.2505
v 28.4041 		-4.0969 		2.2229
v 28.1555 		-4.057 		2.3098
v 28.2417 		-4.0681 		2.2797
v 27.9716 		-4.0409 		2.3741
v 28.0654 		-4.048 		2.3413
v 27.7723 		-4.0329 		2.4437
v 27.8739 		-4.0359 		2.4082
v 25.175 		-4.0319 		3.3517
v 27.667 		-4.0319 		2.4806
v 24.7694 		-3.946 		3.4935
v 24.775 		-3.9539 		3.4915
v 24.7804 		-3.9616 		3.4897
v 24.7571 		-3.9134 		3.4978
v 24.7566 		-4.3491 		3.498
v 24.7571 		-4.8414 		3.4978
v 24.7566 		-5.4874 		3.498
v 24.7587 		-3.9217 		3.4973
v 24.7571 		-4.3407 		3.4978
v 24.7587 		-4.8497 		3.4973
v 24.7571 		-5.479 		3.4978
v 24.7612 		-3.9299 		3.4964
v 24.7587 		-4.3324 		3.4973
v 24.7612 		-4.8579 		3.4964
v 24.7587 		-5.4706 		3.4973
v 25.1061 		-5.359 		3.3758
v 24.7648 		-3.938 		3.4951
v 24.7612 		-4.3241 		3.4964
v 24.7648 		-4.8661 		3.4951
v 24.7612 		-5.4624 		3.4964
v 25.1306 		-4.0316 		3.3672
v 24.7648 		-4.316 		3.4951
v 24.7648 		-5.4543 		3.4951
v 25.0892 		-4.0309 		3.3817
v 24.7694 		-5.4463 		3.4935
v 24.7873 		-3.969 		3.4873
v 24.7873 		-4.8971 		3.4873
v 24.775 		-5.4384 		3.4915
v 24.7957 		-3.9761 		3.4843
v 24.7868 		-4.285 		3.4874
v 24.7957 		-4.9042 		3.4843
v 24.7803 		-5.4313 		3.4897
v 24.8057 		-3.9829 		3.4808
v 24.7946 		-4.2779 		3.4847
v 24.8057 		-4.911 		3.4808
v 24.7868 		-5.4243 		3.4874
v 24.8172 		-3.9894 		3.4768
v 24.8036 		-4.2711 		3.4815
v 24.8172 		-4.9175 		3.4768
v 24.7946 		-5.4176 		3.4847
v 24.8302 		-3.9956 		3.4723
v 24.8302 		-4.9237 		3.4723
v 24.8464 		-4.0014 		3.4666
v 24.8464 		-4.9294 		3.4666
v 24.8644 		-4.0067 		3.4603
v 24.8644 		-4.9347 		3.4603
v 24.8842 		-4.0115 		3.4534
v 24.8842 		-4.9395 		3.4534
v 24.9058 		-4.0158 		3.4458
v 24.9058 		-4.9438 		3.4458
v 24.9292 		-4.0195 		3.4377
v 24.9292 		-4.9476 		3.4377
v 24.9543 		-4.0228 		3.4289
v 24.9543 		-4.9508 		3.4289
v 24.9835 		-4.0256 		3.4187
v 24.9835 		-4.9536 		3.4187
v 25.0156 		-4.0278 		3.4074
v 25.0156 		-4.9559 		3.4074
v 25.0509 		-4.0296 		3.3951
v 25.0509 		-4.9576 		3.3951
v 25.0892 		-4.9589 		3.3817
v 24.814 		-4.2646 		3.4779
v 25.1306 		-4.9596 		3.3672
v 24.8256 		-4.2584 		3.4739
v 25.175 		-4.9599 		3.3517
v 24.8404 		-4.2526 		3.4687
v 24.8036 		-5.411 		3.4815
v 24.8573 		-4.2474 		3.4628
v 24.814 		-5.4047 		3.4779
v 24.8762 		-4.2426 		3.4562
v 24.8256 		-5.3985 		3.4739
v 24.8971 		-4.2383 		3.4489
v 24.8404 		-5.3927 		3.4687
v 24.9201 		-4.2345 		3.4408
v 24.8573 		-5.3873 		3.4628
v 24.9451 		-4.2313 		3.4321
v 24.8762 		-5.3822 		3.4562
v 24.9725 		-4.2279 		3.4225
v 24.8971 		-5.3776 		3.4489
v 25.0024 		-4.2252 		3.4121
v 24.9201 		-5.3734 		3.4408
v 25.0348 		-4.2231 		3.4007
v 24.9451 		-5.3695 		3.4321
v 25.0698 		-4.2216 		3.3885
v 27.644 		-4.9599 		2.4886
v 27.7306 		-4.9592 		2.4583
v 25.1073 		-4.2207 		3.3754
v 27.8126 		-4.9571 		2.4297
v 25.1474 		-4.2204 		3.3614
v 27.89 		-4.9536 		2.4026
v 27.6532 		-4.2204 		2.4854
v 27.9628 		-4.9486 		2.3772
v 27.7326 		-4.2211 		2.4576
v 28.031 		-4.9423 		2.3533
v 27.8085 		-4.2234 		2.4311
v 28.0946 		-4.9345 		2.3311
v 27.8808 		-4.2272 		2.4058
v 24.9712 		-5.3662 		3.423
v 27.9495 		-4.2325 		2.3818
v 25.0003 		-5.3635 		3.4128
v 28.0146 		-4.2393 		2.359
v 25.0325 		-5.3614 		3.4015
v 28.0762 		-4.2476 		2.3375
v 25.0677 		-5.3599 		3.3892
v 28.1341 		-4.2566 		2.3173
v 28.1885 		-4.2669 		2.2982
v 28.2394 		-4.2784 		2.2805
v 28.1524 		-4.9249 		2.3109
v 28.2866 		-4.2911 		2.2639
v 28.2064 		-4.914 		2.292
v 28.3303 		-4.305 		2.2487
v 28.2566 		-4.9019 		2.2744
v 28.3704 		-4.3201 		2.2347
v 28.303 		-4.8886 		2.2582
v 28.4071 		-4.3363 		2.2218
v 28.3455 		-4.8741 		2.2434
v 28.4404 		-4.3537 		2.2102
v 28.3842 		-4.8584 		2.2298
v 28.4193 		-4.8415 		2.2176
v 28.4704 		-4.3722 		2.1997
v 28.4511 		-4.8236 		2.2064
v 28.4971 		-4.3918 		2.1904
v 28.4796 		-4.8045 		2.1965
v 28.5205 		-4.4125 		2.1822
v 28.5048 		-4.7843 		2.1877
v 28.5405 		-4.4343 		2.1752
v 28.5266 		-4.763 		2.1801
v 28.556 		-4.4576 		2.1698
v 28.5451 		-4.7406 		2.1736
v 28.5686 		-4.4818 		2.1654
v 28.5592 		-4.7172 		2.1687
v 28.5785 		-4.5068 		2.1619
v 28.5707 		-4.6929 		2.1647
v 28.5855 		-4.5325 		2.1595
v 28.5897 		-4.5591 		2.158
v 28.5796 		-4.6676 		2.1615
v 28.5911 		-4.5865 		2.1575
v 28.586 		-4.6415 		2.1593
v 28.5898 		-4.6145 		2.158
v 26.715 		-3.905 		5.1848
v 26.715 		-3.7944 		5.1848
v 26.3793 		-3.7944 		5.3021
v 26.3793 		-4.4542 		5.3021
v 26.715 		-4.4542 		5.1848
v 26.7277 		-4.308 		5.1803
v 26.7334 		-4.3001 		5.1783
v 26.7386 		-4.2924 		5.1765
v 26.7387 		-4.8897 		5.1765
v 26.7334 		-4.882 		5.1783
v 26.7277 		-4.8741 		5.1803
v 26.715 		-4.833 		5.1848
v 26.715 		-4.7261 		5.1848
v 26.3793 		-4.7261 		5.3021
v 26.3793 		-5.5943 		5.3021
v 26.715 		-5.5943 		5.1848
v 27.1058 		-5.3587 		5.0481
v 29.5471 		-5.3587 		4.1947
v 29.6756 		-5.3574 		4.1498
v 29.7975 		-5.3534 		4.1072
v 29.9126 		-5.3469 		4.0669
v 30.0212 		-5.3377 		4.029
v 30.1231 		-5.3259 		3.9933
v 30.2184 		-5.3115 		3.96
v 30.3075 		-5.2947 		3.9289
v 30.3911 		-5.2755 		3.8997
v 30.469 		-5.254 		3.8724
v 30.5413 		-5.2302 		3.8472
v 30.6079 		-5.204 		3.8238
v 30.669 		-5.1756 		3.8025
v 30.7245 		-5.1443 		3.7831
v 30.7747 		-5.111 		3.7655
v 30.8195 		-5.0755 		3.7499
v 30.859 		-5.0378 		3.7361
v 30.8931 		-4.9981 		3.7242
v 30.9218 		-4.9563 		3.7141
v 30.9457 		-4.9119 		3.7058
v 30.9653 		-4.8656 		3.6989
v 30.9805 		-4.8176 		3.6936
v 30.9913 		-4.7678 		3.6898
v 30.9978 		-4.7161 		3.6875
v 31 		-4.6626 		3.6868
v 30.9974 		-4.6089 		3.6877
v 30.9898 		-4.5577 		3.6904
v 30.977 		-4.509 		3.6948
v 30.9591 		-4.4629 		3.7011
v 30.9361 		-4.4192 		3.7091
v 30.908 		-4.3781 		3.7189
v 30.8736 		-4.3394 		3.731
v 30.8345 		-4.3031 		3.7446
v 30.7908 		-4.2693 		3.7599
v 30.7425 		-4.2379 		3.7768
v 30.6897 		-4.2089 		3.7953
v 30.6322 		-4.1823 		3.8154
v 30.5716 		-4.1575 		3.8365
v 30.5065 		-4.135 		3.8593
v 30.4368 		-4.1148 		3.8837
v 30.3625 		-4.0969 		3.9097
v 30.2835 		-4.0814 		3.9372
v 30.2 		-4.0681 		3.9664
v 30.1138 		-4.057 		3.9966
v 30.0238 		-4.048 		4.0281
v 29.9299 		-4.0409 		4.0609
v 29.8322 		-4.0359 		4.095
v 29.7307 		-4.0329 		4.1305
v 29.6253 		-4.0319 		4.1674
v 27.1334 		-4.0319 		5.0385
v 26.7387 		-3.9616 		5.1765
v 26.7334 		-3.9539 		5.1783
v 26.7277 		-3.946 		5.1803
v 26.7155 		-3.9134 		5.1846
v 26.715 		-4.3491 		5.1848
v 26.7155 		-4.8414 		5.1846
v 26.715 		-5.4874 		5.1848
v 26.717 		-3.9217 		5.184
v 26.7155 		-4.3407 		5.1846
v 26.717 		-4.8497 		5.184
v 26.7155 		-5.479 		5.1846
v 26.7196 		-3.9299 		5.1831
v 26.717 		-4.3324 		5.184
v 26.7196 		-4.8579 		5.1831
v 26.717 		-5.4706 		5.184
v 27.0644 		-5.359 		5.0626
v 26.7231 		-3.938 		5.1819
v 26.7196 		-4.3241 		5.1831
v 26.7231 		-4.8661 		5.1819
v 26.7196 		-5.4624 		5.1831
v 27.0889 		-4.0316 		5.054
v 26.7231 		-4.316 		5.1819
v 26.7231 		-5.4543 		5.1819
v 27.0475 		-4.0309 		5.0685
v 26.7277 		-5.4463 		5.1803
v 26.7456 		-3.969 		5.174
v 26.7456 		-4.8971 		5.174
v 26.7334 		-5.4384 		5.1783
v 26.754 		-3.9761 		5.1711
v 26.7451 		-4.285 		5.1742
v 26.754 		-4.9042 		5.1711
v 26.7386 		-5.4313 		5.1765
v 26.764 		-3.9829 		5.1676
v 26.7529 		-4.2779 		5.1715
v 26.764 		-4.911 		5.1676
v 26.7451 		-5.4243 		5.1742
v 26.7755 		-3.9894 		5.1636
v 26.762 		-4.2711 		5.1683
v 26.7755 		-4.9175 		5.1636
v 26.7529 		-5.4176 		5.1715
v 26.7885 		-3.9956 		5.159
v 26.7885 		-4.9237 		5.159
v 26.8047 		-4.0014 		5.1534
v 26.8047 		-4.9294 		5.1534
v 26.8228 		-4.0067 		5.1471
v 26.8228 		-4.9347 		5.1471
v 26.8425 		-4.0115 		5.1402
v 26.8425 		-4.9395 		5.1402
v 26.8641 		-4.0158 		5.1326
v 26.8641 		-4.9438 		5.1326
v 26.8875 		-4.0195 		5.1244
v 26.8875 		-4.9476 		5.1244
v 26.9127 		-4.0228 		5.1156
v 26.9127 		-4.9508 		5.1156
v 26.9418 		-4.0256 		5.1055
v 26.9418 		-4.9536 		5.1055
v 26.974 		-4.0278 		5.0942
v 26.974 		-4.9559 		5.0942
v 27.0092 		-4.0296 		5.0819
v 27.0092 		-4.9576 		5.0819
v 27.0475 		-4.9589 		5.0685
v 26.7723 		-4.2646 		5.1647
v 27.0889 		-4.9596 		5.054
v 26.7839 		-4.2584 		5.1606
v 27.1334 		-4.9599 		5.0385
v 26.7987 		-4.2526 		5.1555
v 26.762 		-5.411 		5.1683
v 26.8156 		-4.2474 		5.1496
v 26.7723 		-5.4047 		5.1647
v 26.8345 		-4.2426 		5.143
v 26.7839 		-5.3985 		5.1606
v 26.8554 		-4.2383 		5.1356
v 26.7987 		-5.3927 		5.1555
v 26.8784 		-4.2345 		5.1276
v 26.8156 		-5.3873 		5.1496
v 26.9035 		-4.2313 		5.1189
v 26.8345 		-5.3822 		5.143
v 26.9308 		-4.2279 		5.1093
v 26.8554 		-5.3776 		5.1356
v 26.9607 		-4.2252 		5.0989
v 26.8784 		-5.3734 		5.1276
v 26.9931 		-4.2231 		5.0875
v 26.9035 		-5.3695 		5.1189
v 27.0281 		-4.2216 		5.0753
v 29.6023 		-4.9599 		4.1754
v 29.6889 		-4.9592 		4.1451
v 27.0657 		-4.2207 		5.0622
v 29.7709 		-4.9571 		4.1165
v 27.1058 		-4.2204 		5.0481
v 29.8483 		-4.9536 		4.0894
v 29.6115 		-4.2204 		4.1722
v 29.9211 		-4.9486 		4.064
v 29.6909 		-4.2211 		4.1444
v 29.9893 		-4.9423 		4.0401
v 29.7668 		-4.2234 		4.1179
v 30.0529 		-4.9345 		4.0179
v 29.8391 		-4.2272 		4.0926
v 26.9295 		-5.3662 		5.1097
v 29.9078 		-4.2325 		4.0686
v 26.9586 		-5.3635 		5.0996
v 29.9729 		-4.2393 		4.0458
v 26.9908 		-5.3614 		5.0883
v 30.0345 		-4.2476 		4.0243
v 27.0261 		-5.3599 		5.076
v 30.0925 		-4.2566 		4.004
v 30.1469 		-4.2669 		3.985
v 30.1977 		-4.2784 		3.9673
v 30.1107 		-4.9249 		3.9977
v 30.245 		-4.2911 		3.9507
v 30.1648 		-4.914 		3.9788
v 30.2886 		-4.305 		3.9355
v 30.2149 		-4.9019 		3.9612
v 30.3287 		-4.3201 		3.9214
v 30.2613 		-4.8886 		3.945
v 30.3654 		-4.3363 		3.9086
v 30.3038 		-4.8741 		3.9301
v 30.3987 		-4.3537 		3.897
v 30.3425 		-4.8584 		3.9166
v 30.3777 		-4.8415 		3.9043
v 30.4287 		-4.3722 		3.8865
v 30.4095 		-4.8236 		3.8932
v 30.4554 		-4.3918 		3.8772
v 30.4379 		-4.8045 		3.8833
v 30.4788 		-4.4125 		3.869
v 30.4631 		-4.7843 		3.8745
v 30.4989 		-4.4343 		3.862
v 30.4849 		-4.763 		3.8668
v 30.5143 		-4.4576 		3.8566
v 30.5035 		-4.7406 		3.8604
v 30.5269 		-4.4818 		3.8522
v 30.5175 		-4.7172 		3.8555
v 30.5368 		-4.5068 		3.8487
v 30.529 		-4.6929 		3.8514
v 30.5438 		-4.5325 		3.8463
v 30.548 		-4.5591 		3.8448
v 30.5379 		-4.6676 		3.8483
v 30.5494 		-4.5865 		3.8443
v 30.5443 		-4.6415 		3.8461
v 30.5482 		-4.6145 		3.8447
v 28.9773 		-2.8138 		2.0225
v 28.9773 		-3.6839 		2.0225
v 28.6371 		-3.6839 		2.1414
v 28.6371 		-2.9226 		2.1414
v 28.6371 		-2.8138 		2.1414
v 28.4638 		-2.5738 		2.202
v 28.4072 		-2.5872 		2.2218
v 27.0003 		-2.8845 		2.7136
v 28.567 		-2.5456 		2.166
v 28.517 		-2.5599 		2.1834
v 28.6569 		-2.5158 		2.1345
v 28.6136 		-2.5309 		2.1497
v 28.7324 		-2.4846 		2.1081
v 28.6968 		-2.5002 		2.1205
v 28.7957 		-2.4504 		2.086
v 28.7653 		-2.468 		2.0966
v 28.8488 		-2.4121 		2.0674
v 28.8235 		-2.4318 		2.0763
v 28.8919 		-2.3698 		2.0524
v 28.8716 		-2.3915 		2.0595
v 28.9256 		-2.3231 		2.0406
v 28.9099 		-2.347 		2.0461
v 28.9501 		-2.2719 		2.032
v 28.939 		-2.298 		2.0359
v 28.9645 		-2.2155 		2.027
v 28.9589 		-2.2447 		2.0289
v 28.9727 		-2.1527 		2.0241
v 28.9691 		-2.1849 		2.0254
v 28.9768 		-2.0838 		2.0227
v 28.9753 		-2.119 		2.0232
v 28.9773 		-1.9655 		2.0225
v 28.9773 		-2.0471 		2.0225
v 28.6371 		-1.9746 		2.1414
v 28.6371 		-1.9655 		2.1414
v 26.7648 		-2.4835 		2.796
v 26.7893 		-2.5045 		2.7874
v 26.8118 		-2.5256 		2.7795
v 26.7096 		-2.4418 		2.8152
v 26.7382 		-2.4626 		2.8052
v 26.6463 		-2.4006 		2.8374
v 26.679 		-2.4211 		2.826
v 26.5737 		-2.3619 		2.8627
v 26.6113 		-2.3809 		2.8496
v 26.491 		-2.3256 		2.8917
v 26.5336 		-2.3435 		2.8768
v 26.398 		-2.2918 		2.9242
v 26.4458 		-2.3084 		2.9075
v 26.2943 		-2.2614 		2.9604
v 26.3476 		-2.276 		2.9418
v 26.1794 		-2.2354 		3.0006
v 26.2382 		-2.2478 		2.98
v 26.0532 		-2.2139 		3.0447
v 26.1177 		-2.2241 		3.0222
v 25.9158 		-2.1967 		3.0928
v 25.9859 		-2.2044 		3.0683
v 25.7671 		-2.1865 		3.1447
v 25.8428 		-2.1908 		3.1183
v 25.6072 		-2.183 		3.2006
v 25.6886 		-2.1839 		3.1722
v 25.2517 		-2.2016 		3.3249
v 25.4218 		-2.1877 		3.2655
v 24.9574 		-2.2572 		3.4278
v 25.0969 		-2.2247 		3.379
v 24.7245 		-2.3498 		3.5092
v 24.8333 		-2.2988 		3.4712
v 24.5559 		-2.4821 		3.5682
v 24.6317 		-2.4107 		3.5416
v 24.4547 		-2.6567 		3.6035
v 24.4969 		-2.5641 		3.5888
v 24.421 		-2.8736 		3.6153
v 24.4294 		-2.7599 		3.6124
v 24.7612 		-3.6839 		3.4964
v 24.421 		-3.6839 		3.6153
v 26.6279 		-3.0513 		2.8438
v 28.2601 		-3.4482 		2.2732
v 25.1474 		-3.4482 		3.3614
v 28.3002 		-3.4485 		2.2592
v 28.6371 		-3.5787 		2.1414
v 28.6368 		-2.931 		2.1415
v 24.7612 		-3.5787 		3.4964
v 25.1073 		-3.4485 		3.3754
v 28.3377 		-3.4494 		2.2461
v 28.6368 		-3.5703 		2.1415
v 28.6361 		-2.9393 		2.1418
v 28.6363 		-1.9865 		2.1417
v 25.0698 		-3.4494 		3.3885
v 28.3727 		-3.4509 		2.2339
v 28.6361 		-3.562 		2.1418
v 28.6348 		-2.9475 		2.1422
v 24.7616 		-3.5703 		3.4962
v 25.0348 		-3.4509 		3.4007
v 28.4052 		-3.4531 		2.2225
v 28.6348 		-3.5538 		2.1422
v 28.633 		-2.9556 		2.1429
v 28.634 		-1.9982 		2.1425
v 24.7628 		-3.562 		3.4958
v 25.0024 		-3.4531 		3.4121
v 28.435 		-3.4558 		2.2121
v 28.633 		-3.5457 		2.1429
v 28.6307 		-2.9636 		2.1437
v 28.6302 		-2.0095 		2.1439
v 24.7647 		-3.5538 		3.4952
v 24.9725 		-3.4558 		3.4225
v 28.4624 		-3.4591 		2.2025
v 28.6307 		-3.5377 		2.1437
v 28.6279 		-2.9715 		2.1447
v 28.6248 		-2.0205 		2.1457
v 24.7674 		-3.5457 		3.4942
v 24.9451 		-3.4591 		3.4321
v 28.486 		-3.4629 		2.1943
v 28.6279 		-3.5298 		2.1447
v 28.6226 		-2.9792 		2.1465
v 28.6179 		-2.0312 		2.1481
v 24.7708 		-3.5377 		3.493
v 24.9202 		-3.4629 		3.4408
v 28.5078 		-3.4672 		2.1866
v 28.6226 		-3.5221 		2.1465
v 28.6161 		-2.9866 		2.1488
v 28.6095 		-2.0417 		2.1511
v 24.775 		-3.5298 		3.4915
v 24.8976 		-3.4672 		3.4487
v 28.6161 		-3.5147 		2.1488
v 28.6083 		-2.9937 		2.1515
v 28.5993 		-2.0525 		2.1547
v 24.7804 		-3.5221 		3.4897
v 24.8773 		-3.4718 		3.4558
v 28.6083 		-3.5076 		2.1515
v 28.5993 		-3.0005 		2.1547
v 28.587 		-2.0632 		2.1589
v 24.7873 		-3.5147 		3.4873
v 24.798 		-3.0513 		3.4835
v 28.5993 		-3.5008 		2.1547
v 28.5889 		-3.007 		2.1583
v 28.5727 		-2.0738 		2.1639
v 24.7957 		-3.5076 		3.4843
v 24.8593 		-3.4768 		3.4621
v 28.5889 		-3.4943 		2.1583
v 28.5773 		-3.0132 		2.1623
v 28.5564 		-2.0844 		2.1697
v 24.8057 		-3.5008 		3.4808
v 24.8436 		-3.4823 		3.4676
v 28.5773 		-3.4881 		2.1623
v 28.538 		-2.0948 		2.1761
v 24.8172 		-3.4943 		3.4768
v 24.8302 		-3.4881 		3.4723
v 28.5626 		-3.4823 		2.1675
v 28.5461 		-3.4768 		2.1732
v 28.5175 		-2.1051 		2.1832
v 28.5279 		-3.4718 		2.1796
v 28.4952 		-2.1148 		2.191
v 24.798 		-2.9153 		3.4835
v 28.4711 		-2.1246 		2.1995
v 24.7994 		-2.8882 		3.483
v 28.4451 		-2.1346 		2.2085
v 24.8036 		-2.8626 		3.4815
v 28.5626 		-3.019 		2.1675
v 28.4174 		-2.1446 		2.2182
v 24.8107 		-2.8383 		3.4791
v 28.5461 		-3.0245 		2.1732
v 28.3879 		-2.1547 		2.2285
v 24.8205 		-2.8154 		3.4756
v 28.5279 		-3.0295 		2.1796
v 28.3566 		-2.1649 		2.2395
v 24.8331 		-2.794 		3.4712
v 28.5078 		-3.0341 		2.1866
v 28.3219 		-2.1747 		2.2516
v 24.8486 		-2.7739 		3.4658
v 28.486 		-3.0384 		2.1943
v 28.2851 		-2.1847 		2.2645
v 24.867 		-2.7547 		3.4594
v 28.4624 		-3.0422 		2.2025
v 28.2463 		-2.1948 		2.2781
v 24.8884 		-2.7367 		3.4519
v 28.435 		-3.045 		2.2121
v 28.2054 		-2.2052 		2.2923
v 24.913 		-2.72 		3.4433
v 28.4052 		-3.0472 		2.2225
v 28.1625 		-2.2158 		2.3073
v 24.9405 		-2.7047 		3.4337
v 28.3727 		-3.049 		2.2339
v 28.1175 		-2.2266 		2.3231
v 24.9712 		-2.6906 		3.423
v 28.3377 		-3.0503 		2.2461
v 25.0049 		-2.6779 		3.4112
v 28.3002 		-3.051 		2.2592
v 27.0003 		-3.0513 		2.7136
v 25.0419 		-2.6658 		3.3982
v 28.2601 		-3.0513 		2.2732
v 25.0826 		-2.6549 		3.384
v 25.1267 		-2.6453 		3.3686
v 25.1745 		-2.6368 		3.3519
v 26.6279 		-2.9117 		2.8438
v 25.2259 		-2.6295 		3.3339
v 26.6264 		-2.883 		2.8444
v 25.2808 		-2.6235 		3.3147
v 26.6218 		-2.8559 		2.846
v 25.3394 		-2.618 		3.2943
v 26.6141 		-2.8306 		2.8486
v 25.4018 		-2.6134 		3.2724
v 26.6034 		-2.807 		2.8524
v 26.5896 		-2.7851 		2.8572
v 25.4681 		-2.6099 		3.2492
v 26.5727 		-2.7649 		2.8631
v 25.5382 		-2.6074 		3.2247
v 26.5511 		-2.7462 		2.8706
v 25.6122 		-2.6059 		3.1989
v 26.5262 		-2.7288 		2.8794
v 25.69 		-2.6054 		3.1717
v 25.7666 		-2.6058 		3.1449
v 26.498 		-2.7128 		2.8892
v 25.8402 		-2.6072 		3.1192
v 26.4665 		-2.698 		2.9002
v 25.9107 		-2.6095 		3.0945
v 26.4316 		-2.6846 		2.9124
v 25.9781 		-2.6126 		3.071
v 26.3934 		-2.6724 		2.9258
v 26.0425 		-2.6167 		3.0485
v 26.3534 		-2.661 		2.9398
v 26.1038 		-2.6217 		3.027
v 26.3101 		-2.6507 		2.9549
v 26.1603 		-2.6271 		3.0073
v 26.2635 		-2.6416 		2.9712
v 26.2136 		-2.6338 		2.9886
v 30.5954 		-3.6839 		3.8282
v 30.9356 		-3.6839 		3.7093
v 30.9356 		-2.8138 		3.7093
v 30.5954 		-2.8138 		3.8282
v 30.5954 		-2.9226 		3.8282
v 28.9586 		-2.8845 		4.4004
v 30.3655 		-2.5872 		3.9086
v 30.4221 		-2.5738 		3.8888
v 30.4754 		-2.5599 		3.8702
v 30.5253 		-2.5456 		3.8527
v 30.5719 		-2.5309 		3.8364
v 30.6152 		-2.5158 		3.8213
v 30.6552 		-2.5002 		3.8073
v 30.6907 		-2.4846 		3.7949
v 30.7236 		-2.468 		3.7834
v 30.754 		-2.4504 		3.7728
v 30.7819 		-2.4318 		3.763
v 30.8072 		-2.4121 		3.7542
v 30.8299 		-2.3915 		3.7463
v 30.8502 		-2.3698 		3.7392
v 30.8682 		-2.347 		3.7329
v 30.8839 		-2.3231 		3.7274
v 30.8973 		-2.298 		3.7227
v 30.9084 		-2.2719 		3.7188
v 30.9172 		-2.2447 		3.7157
v 30.9229 		-2.2155 		3.7137
v 30.9275 		-2.1849 		3.7121
v 30.931 		-2.1527 		3.7109
v 30.9336 		-2.119 		3.71
v 30.9351 		-2.0838 		3.7095
v 30.9356 		-2.0471 		3.7093
v 30.9356 		-1.9655 		3.7093
v 30.5954 		-1.9655 		3.8282
v 30.5954 		-1.9746 		3.8282
v 28.7701 		-2.5256 		4.4663
v 28.7476 		-2.5045 		4.4742
v 28.7231 		-2.4835 		4.4827
v 28.6966 		-2.4626 		4.492
v 28.668 		-2.4418 		4.502
v 28.6373 		-2.4211 		4.5127
v 28.6046 		-2.4006 		4.5242
v 28.5696 		-2.3809 		4.5364
v 28.5321 		-2.3619 		4.5495
v 28.492 		-2.3435 		4.5635
v 28.4493 		-2.3256 		4.5785
v 28.4041 		-2.3084 		4.5943
v 28.3563 		-2.2918 		4.611
v 28.3059 		-2.276 		4.6286
v 28.2526 		-2.2614 		4.6472
v 28.1966 		-2.2478 		4.6668
v 28.1377 		-2.2354 		4.6874
v 28.076 		-2.2241 		4.709
v 28.0115 		-2.2139 		4.7315
v 27.9442 		-2.2044 		4.755
v 27.8741 		-2.1967 		4.7795
v 27.8012 		-2.1908 		4.805
v 27.7254 		-2.1865 		4.8315
v 27.6469 		-2.1839 		4.859
v 27.5655 		-2.183 		4.8874
v 27.3801 		-2.1877 		4.9522
v 27.21 		-2.2016 		5.0117
v 27.0552 		-2.2247 		5.0658
v 26.9157 		-2.2572 		5.1146
v 26.7916 		-2.2988 		5.158
v 26.6828 		-2.3498 		5.196
v 26.5901 		-2.4107 		5.2284
v 26.5142 		-2.4821 		5.2549
v 26.4552 		-2.5641 		5.2756
v 26.413 		-2.6567 		5.2903
v 26.3878 		-2.7599 		5.2991
v 26.3793 		-2.8736 		5.3021
v 26.3793 		-3.6839 		5.3021
v 26.7196 		-3.6839 		5.1831
v 27.1058 		-3.4482 		5.0481
v 30.2184 		-3.4482 		3.96
v 28.5862 		-3.0513 		4.5306
v 30.2585 		-3.4485 		3.946
v 30.5954 		-3.5787 		3.8282
v 30.5951 		-2.931 		3.8283
v 26.7196 		-3.5787 		5.1831
v 27.0657 		-3.4485 		5.0622
v 30.296 		-3.4494 		3.9329
v 30.5951 		-3.5703 		3.8283
v 30.5944 		-2.9393 		3.8286
v 30.5946 		-1.9865 		3.8285
v 27.0281 		-3.4494 		5.0753
v 30.331 		-3.4509 		3.9206
v 30.5944 		-3.562 		3.8286
v 30.5931 		-2.9475 		3.829
v 26.7199 		-3.5703 		5.183
v 26.9931 		-3.4509 		5.0875
v 30.3635 		-3.4531 		3.9093
v 30.5931 		-3.5538 		3.829
v 30.5913 		-2.9556 		3.8297
v 30.5923 		-1.9982 		3.8293
v 26.7211 		-3.562 		5.1826
v 26.9607 		-3.4531 		5.0989
v 30.3934 		-3.4558 		3.8989
v 30.5913 		-3.5457 		3.8297
v 30.589 		-2.9636 		3.8305
v 30.5885 		-2.0095 		3.8306
v 26.723 		-3.5538 		5.1819
v 26.9308 		-3.4558 		5.1093
v 30.4207 		-3.4591 		3.8893
v 30.589 		-3.5377 		3.8305
v 30.5862 		-2.9715 		3.8314
v 30.5831 		-2.0205 		3.8325
v 26.7257 		-3.5457 		5.181
v 26.9035 		-3.4591 		5.1189
v 30.4443 		-3.4629 		3.881
v 30.5862 		-3.5298 		3.8314
v 30.581 		-2.9792 		3.8333
v 30.5762 		-2.0312 		3.8349
v 26.7291 		-3.5377 		5.1798
v 26.8786 		-3.4629 		5.1276
v 30.4662 		-3.4672 		3.8734
v 30.581 		-3.5221 		3.8333
v 30.5745 		-2.9866 		3.8355
v 30.5678 		-2.0417 		3.8379
v 26.7334 		-3.5298 		5.1783
v 26.856 		-3.4672 		5.1355
v 30.5745 		-3.5147 		3.8355
v 30.5667 		-2.9937 		3.8383
v 30.5576 		-2.0525 		3.8414
v 26.7387 		-3.5221 		5.1765
v 26.8357 		-3.4718 		5.1426
v 30.5667 		-3.5076 		3.8383
v 30.5576 		-3.0005 		3.8414
v 30.5453 		-2.0632 		3.8457
v 26.7456 		-3.5147 		5.174
v 26.7563 		-3.0513 		5.1703
v 30.5576 		-3.5008 		3.8414
v 30.5473 		-3.007 		3.8451
v 30.531 		-2.0738 		3.8507
v 26.754 		-3.5076 		5.1711
v 26.8176 		-3.4768 		5.1489
v 30.5473 		-3.4943 		3.8451
v 30.5356 		-3.0132 		3.8491
v 30.5147 		-2.0844 		3.8564
v 26.764 		-3.5008 		5.1676
v 26.8019 		-3.4823 		5.1544
v 30.5356 		-3.4881 		3.8491
v 30.4963 		-2.0948 		3.8629
v 26.7755 		-3.4943 		5.1636
v 26.7885 		-3.4881 		5.159
v 30.5209 		-3.4823 		3.8543
v 30.5045 		-3.4768 		3.86
v 30.4759 		-2.1051 		3.87
v 30.4862 		-3.4718 		3.8664
v 30.4535 		-2.1148 		3.8778
v 26.7563 		-2.9153 		5.1703
v 30.4294 		-2.1246 		3.8863
v 26.7577 		-2.8882 		5.1698
v 30.4035 		-2.1346 		3.8953
v 26.762 		-2.8626 		5.1683
v 30.5209 		-3.019 		3.8543
v 30.3757 		-2.1446 		3.905
v 26.769 		-2.8383 		5.1659
v 30.5045 		-3.0245 		3.86
v 30.3462 		-2.1547 		3.9153
v 26.7788 		-2.8154 		5.1624
v 30.4862 		-3.0295 		3.8664
v 30.3149 		-2.1649 		3.9263
v 26.7915 		-2.794 		5.158
v 30.4662 		-3.0341 		3.8734
v 30.2802 		-2.1747 		3.9384
v 26.8069 		-2.7739 		5.1526
v 30.4443 		-3.0384 		3.881
v 30.2434 		-2.1847 		3.9513
v 26.8253 		-2.7547 		5.1462
v 30.4207 		-3.0422 		3.8893
v 30.2046 		-2.1948 		3.9648
v 26.8468 		-2.7367 		5.1387
v 30.3934 		-3.045 		3.8989
v 30.1637 		-2.2052 		3.9791
v 26.8713 		-2.72 		5.1301
v 30.3635 		-3.0472 		3.9093
v 30.1208 		-2.2158 		3.9941
v 26.8989 		-2.7047 		5.1205
v 30.331 		-3.049 		3.9206
v 30.0759 		-2.2266 		4.0098
v 26.9295 		-2.6906 		5.1097
v 30.296 		-3.0503 		3.9329
v 26.9632 		-2.6779 		5.098
v 30.2585 		-3.051 		3.946
v 28.9586 		-3.0513 		4.4004
v 27.0003 		-2.6658 		5.085
v 30.2184 		-3.0513 		3.96
v 27.0409 		-2.6549 		5.0708
v 27.0851 		-2.6453 		5.0554
v 27.1328 		-2.6368 		5.0387
v 28.5862 		-2.9117 		4.5306
v 27.1842 		-2.6295 		5.0207
v 28.5847 		-2.883 		4.5311
v 27.2391 		-2.6235 		5.0015
v 28.5801 		-2.8559 		4.5327
v 27.2977 		-2.618 		4.981
v 28.5724 		-2.8306 		4.5354
v 27.3602 		-2.6134 		4.9592
v 28.5617 		-2.807 		4.5392
v 28.5479 		-2.7851 		4.544
v 27.4265 		-2.6099 		4.936
v 28.531 		-2.7649 		4.5499
v 27.4966 		-2.6074 		4.9115
v 28.5095 		-2.7462 		4.5574
v 27.5705 		-2.6059 		4.8857
v 28.4846 		-2.7288 		4.5661
v 27.6483 		-2.6054 		4.8585
v 27.7249 		-2.6058 		4.8317
v 28.4563 		-2.7128 		4.576
v 27.7985 		-2.6072 		4.806
v 28.4248 		-2.698 		4.587
v 27.869 		-2.6095 		4.7813
v 28.3899 		-2.6846 		4.5992
v 27.9364 		-2.6126 		4.7578
v 28.3517 		-2.6724 		4.6126
v 28.0008 		-2.6167 		4.7353
v 28.3118 		-2.661 		4.6265
v 28.0621 		-2.6217 		4.7138
v 28.2685 		-2.6507 		4.6417
v 28.1187 		-2.6271 		4.694
v 28.2219 		-2.6416 		4.658
v 28.1719 		-2.6338 		4.6754
v 28.9773 		-0.6315 		2.0225
v 28.9773 		-1.5613 		2.0225
v 28.6371 		-1.5613 		2.1414
v 28.6371 		-0.7566 		2.1414
v 28.6371 		-0.6315 		2.1414
v 25.2087 		-0.4589 		3.3399
v 25.2578 		-0.4684 		3.3228
v 27.3727 		-0.8961 		2.5834
v 24.421 		-0.2291 		3.6153
v 24.7566 		-0.2291 		3.498
v 24.7566 		-0.278 		3.498
v 24.7566 		-0.8889 		3.498
v 24.421 		-0.8889 		3.6153
v 26.2187 		-0.8544 		2.9869
v 25.4555 		-0.7094 		3.2537
v 25.4107 		-0.7009 		3.2693
v 26.3607 		-0.8822 		2.9372
v 26.2902 		-0.8686 		2.9619
v 26.4986 		-0.9076 		2.889
v 26.4302 		-0.8952 		2.9129
v 26.6325 		-0.9306 		2.8422
v 26.5661 		-0.9194 		2.8654
v 26.7612 		-0.9525 		2.7972
v 26.6976 		-0.9418 		2.8194
v 26.8838 		-0.9725 		2.7543
v 26.8233 		-0.9627 		2.7755
v 27.0003 		-0.9904 		2.7136
v 26.9428 		-0.9817 		2.7337
v 26.8986 		-1.0053 		2.7492
v 26.9496 		-0.9977 		2.7314
v 26.796 		-1.021 		2.7851
v 26.8474 		-1.013 		2.7671
v 26.6923 		-1.0375 		2.8213
v 26.7442 		-1.0291 		2.8031
v 26.5855 		-1.055 		2.8586
v 26.6403 		-1.0458 		2.8395
v 26.4675 		-1.0762 		2.8999
v 26.5279 		-1.0651 		2.8788
v 26.3382 		-1.1009 		2.9451
v 26.4043 		-1.0881 		2.922
v 24.421 		-1.1318 		3.6153
v 24.7566 		-1.1318 		3.498
v 24.7566 		-1.1753 		3.498
v 24.7566 		-1.9746 		3.498
v 24.421 		-1.9746 		3.6153
v 24.7863 		-1.872 		3.4876
v 24.7796 		-1.8803 		3.4899
v 24.7726 		-1.8891 		3.4924
v 27.3635 		-1.2967 		2.5867
v 25.0969 		-1.7643 		3.379
v 25.067 		-1.7703 		3.3895
v 28.6371 		-1.4435 		2.1414
v 28.6368 		-0.7661 		2.1415
v 25.1628 		-0.4498 		3.356
v 24.7573 		-0.2886 		3.4977
v 24.7566 		-0.8327 		3.498
v 24.7588 		-1.1996 		3.4972
v 24.7566 		-1.942 		3.498
v 28.6368 		-1.4334 		2.1415
v 28.6361 		-0.7755 		2.1418
v 25.1199 		-0.4412 		3.371
v 24.7592 		-0.2986 		3.4971
v 24.7588 		-0.8055 		3.4972
v 25.3957 		-1.2876 		3.2746
v 24.7653 		-1.2218 		3.4949
v 24.7573 		-1.9302 		3.4977
v 28.6361 		-1.4236 		2.1418
v 28.6348 		-0.7847 		2.1422
v 24.7624 		-0.3079 		3.496
v 24.7653 		-0.7809 		3.4949
v 24.7762 		-1.2419 		3.4911
v 24.7592 		-1.919 		3.4971
v 28.6348 		-1.4141 		2.1422
v 28.633 		-0.7936 		2.1429
v 24.7669 		-0.3167 		3.4944
v 24.7762 		-0.7588 		3.4911
v 24.7914 		-1.2598 		3.4858
v 24.7624 		-1.9084 		3.496
v 28.633 		-1.4049 		2.1429
v 28.6307 		-0.8024 		2.1437
v 24.7726 		-0.3249 		3.4924
v 24.7914 		-0.7392 		3.4858
v 24.8109 		-1.2757 		3.479
v 24.7669 		-1.8985 		3.4944
v 28.6307 		-1.3959 		2.1437
v 28.6279 		-0.8109 		2.1447
v 24.7796 		-0.3324 		3.4899
v 24.8109 		-0.7222 		3.479
v 24.8348 		-1.2894 		3.4706
v 28.6279 		-1.3873 		2.1447
v 28.6241 		-0.8192 		2.146
v 24.7882 		-0.3402 		3.4869
v 24.8348 		-0.7076 		3.4706
v 24.8624 		-1.3005 		3.461
v 28.6241 		-1.3785 		2.146
v 28.6187 		-0.8272 		2.1479
v 24.7985 		-0.3477 		3.4833
v 24.8619 		-0.6949 		3.4612
v 28.6187 		-1.37 		2.1479
v 28.6118 		-0.8349 		2.1503
v 24.8107 		-0.3551 		3.4791
v 24.8941 		-0.6845 		3.4499
v 24.893 		-1.3096 		3.4503
v 28.6118 		-1.362 		2.1503
v 28.6034 		-0.8424 		2.1532
v 24.8246 		-0.3622 		3.4742
v 24.9313 		-0.6763 		3.4369
v 24.9267 		-1.3166 		3.4385
v 28.6034 		-1.3543 		2.1532
v 28.5934 		-0.8495 		2.1567
v 24.8403 		-0.3692 		3.4687
v 24.9737 		-0.6706 		3.4221
v 24.9635 		-1.3217 		3.4256
v 28.5934 		-1.347 		2.1567
v 28.5819 		-0.8562 		2.1607
v 24.8578 		-0.3759 		3.4626
v 25.0213 		-0.6671 		3.4055
v 25.0034 		-1.3247 		3.4117
v 28.5819 		-1.3402 		2.1607
v 24.8773 		-0.3826 		3.4558
v 25.0739 		-0.6659 		3.3871
v 25.0463 		-1.3257 		3.3967
v 28.5672 		-1.3338 		2.1659
v 25.0729 		-1.3254 		3.3874
v 28.5507 		-1.3279 		2.1716
v 24.8992 		-0.3894 		3.4481
v 25.1004 		-1.3245 		3.3778
v 28.5325 		-1.3225 		2.178
v 24.9233 		-0.3963 		3.4397
v 25.129 		-1.323 		3.3678
v 28.5124 		-1.3176 		2.185
v 24.9497 		-0.4033 		3.4305
v 25.1587 		-1.3209 		3.3574
v 28.4906 		-1.3133 		2.1926
v 24.9785 		-0.4104 		3.4204
v 25.1893 		-1.3182 		3.3467
v 28.467 		-1.3094 		2.2009
v 25.0095 		-0.4176 		3.4096
v 25.221 		-1.3148 		3.3356
v 28.4393 		-1.3055 		2.2106
v 25.0432 		-0.4251 		3.3978
v 25.2527 		-1.3105 		3.3246
v 28.4082 		-1.3023 		2.2214
v 25.08 		-0.4329 		3.3849
v 25.2833 		-1.3062 		3.3139
v 28.3739 		-1.2999 		2.2335
v 25.313 		-1.3017 		3.3035
v 28.3362 		-1.2981 		2.2466
v 25.092 		-0.6661 		3.3807
v 24.7939 		-1.864 		3.4849
v 28.2952 		-1.2971 		2.261
v 25.1127 		-0.6667 		3.3735
v 25.3416 		-1.2971 		3.2935
v 28.2509 		-1.2967 		2.2764
v 25.1359 		-0.6677 		3.3654
v 25.3691 		-1.2924 		3.2838
v 25.1617 		-0.6692 		3.3564
v 28.5671 		-0.8621 		2.1659
v 25.1901 		-0.671 		3.3464
v 24.8026 		-1.8563 		3.4819
v 25.221 		-0.6732 		3.3356
v 24.8123 		-1.8489 		3.4785
v 28.5502 		-0.8675 		2.1718
v 24.823 		-1.8418 		3.4748
v 28.5313 		-0.8726 		2.1784
v 25.2543 		-0.6767 		3.324
v 24.8348 		-1.835 		3.4706
v 25.29 		-0.6812 		3.3115
v 24.8492 		-1.8285 		3.4656
v 25.0386 		-1.7762 		3.3994
v 25.3279 		-0.6868 		3.2983
v 24.8649 		-1.8221 		3.4601
v 25.0118 		-1.782 		3.4088
v 25.3681 		-0.6933 		3.2842
v 24.9865 		-1.7877 		3.4176
v 24.8819 		-1.816 		3.4542
v 24.9628 		-1.7933 		3.4259
v 24.9002 		-1.8101 		3.4478
v 24.9405 		-1.7988 		3.4337
v 28.2417 		-0.8961 		2.2797
v 24.9197 		-1.8043 		3.441
v 28.5104 		-0.8772 		2.1857
v 28.2874 		-0.8958 		2.2637
v 28.4874 		-0.8814 		2.1938
v 28.3295 		-0.8949 		2.2489
v 28.4624 		-0.8852 		2.2025
v 28.3681 		-0.8934 		2.2355
v 28.4345 		-0.8886 		2.2122
v 28.4031 		-0.8913 		2.2232
v 30.5954 		-1.5613 		3.8282
v 30.9356 		-1.5613 		3.7093
v 30.9356 		-0.6315 		3.7093
v 30.5954 		-0.6315 		3.8282
v 30.5954 		-0.7566 		3.8282
v 29.331 		-0.8961 		4.2702
v 27.2161 		-0.4684 		5.0096
v 27.1671 		-0.4589 		5.0267
v 26.715 		-0.278 		5.1848
v 26.715 		-0.2291 		5.1848
v 26.3793 		-0.2291 		5.3021
v 26.3793 		-0.8889 		5.3021
v 26.715 		-0.8889 		5.1848
v 27.369 		-0.7009 		4.9561
v 27.4138 		-0.7094 		4.9405
v 28.177 		-0.8544 		4.6736
v 28.2485 		-0.8686 		4.6486
v 28.319 		-0.8822 		4.624
v 28.3885 		-0.8952 		4.5997
v 28.457 		-0.9076 		4.5758
v 28.5244 		-0.9194 		4.5522
v 28.5908 		-0.9306 		4.529
v 28.6559 		-0.9418 		4.5062
v 28.7196 		-0.9525 		4.484
v 28.7816 		-0.9627 		4.4623
v 28.8422 		-0.9725 		4.4411
v 28.9012 		-0.9817 		4.4205
v 28.9586 		-0.9904 		4.4004
v 28.9079 		-0.9977 		4.4181
v 28.857 		-1.0053 		4.4359
v 28.8058 		-1.013 		4.4539
v 28.7543 		-1.021 		4.4718
v 28.7026 		-1.0291 		4.4899
v 28.6506 		-1.0375 		4.5081
v 28.5986 		-1.0458 		4.5263
v 28.5438 		-1.055 		4.5454
v 28.4862 		-1.0651 		4.5656
v 28.4258 		-1.0762 		4.5867
v 28.3626 		-1.0881 		4.6088
v 28.2966 		-1.1009 		4.6319
v 26.715 		-1.1753 		5.1848
v 26.715 		-1.1318 		5.1848
v 26.3793 		-1.1318 		5.3021
v 26.3793 		-1.9746 		5.3021
v 26.715 		-1.9746 		5.1848
v 26.7309 		-1.8891 		5.1792
v 26.7379 		-1.8803 		5.1767
v 26.7446 		-1.872 		5.1744
v 27.0253 		-1.7703 		5.0763
v 27.0552 		-1.7643 		5.0658
v 29.3218 		-1.2967 		4.2734
v 30.5954 		-1.4435 		3.8282
v 30.5951 		-0.7661 		3.8283
v 27.1211 		-0.4498 		5.0428
v 26.7156 		-0.2886 		5.1845
v 26.715 		-0.8327 		5.1848
v 26.7171 		-1.1996 		5.184
v 26.715 		-1.942 		5.1848
v 30.5951 		-1.4334 		3.8283
v 30.5944 		-0.7755 		3.8286
v 27.0782 		-0.4412 		5.0578
v 26.7175 		-0.2986 		5.1839
v 26.7171 		-0.8055 		5.184
v 27.354 		-1.2876 		4.9613
v 26.7236 		-1.2218 		5.1817
v 26.7156 		-1.9302 		5.1845
v 30.5944 		-1.4236 		3.8286
v 30.5931 		-0.7847 		3.829
v 26.7207 		-0.3079 		5.1827
v 26.7236 		-0.7809 		5.1817
v 26.7345 		-1.2419 		5.1779
v 26.7175 		-1.919 		5.1839
v 30.5931 		-1.4141 		3.829
v 30.5913 		-0.7936 		3.8297
v 26.7252 		-0.3167 		5.1812
v 26.7345 		-0.7588 		5.1779
v 26.7497 		-1.2598 		5.1726
v 26.7207 		-1.9084 		5.1827
v 30.5913 		-1.4049 		3.8297
v 30.589 		-0.8024 		3.8305
v 26.7309 		-0.3249 		5.1792
v 26.7497 		-0.7392 		5.1726
v 26.7692 		-1.2757 		5.1658
v 26.7252 		-1.8985 		5.1812
v 30.589 		-1.3959 		3.8305
v 30.5862 		-0.8109 		3.8314
v 26.7379 		-0.3324 		5.1767
v 26.7692 		-0.7222 		5.1658
v 26.7931 		-1.2894 		5.1574
v 30.5862 		-1.3873 		3.8314
v 30.5824 		-0.8192 		3.8328
v 26.7465 		-0.3402 		5.1737
v 26.7931 		-0.7076 		5.1574
v 26.8207 		-1.3005 		5.1478
v 30.5824 		-1.3785 		3.8328
v 30.577 		-0.8272 		3.8347
v 26.7569 		-0.3477 		5.1701
v 26.8202 		-0.6949 		5.148
v 30.577 		-1.37 		3.8347
v 30.5701 		-0.8349 		3.8371
v 26.769 		-0.3551 		5.1659
v 26.8524 		-0.6845 		5.1367
v 26.8514 		-1.3096 		5.1371
v 30.5701 		-1.362 		3.8371
v 30.5617 		-0.8424 		3.84
v 26.7829 		-0.3622 		5.161
v 26.8897 		-0.6763 		5.1237
v 26.8851 		-1.3166 		5.1253
v 30.5617 		-1.3543 		3.84
v 30.5517 		-0.8495 		3.8435
v 26.7986 		-0.3692 		5.1555
v 26.9321 		-0.6706 		5.1089
v 26.9219 		-1.3217 		5.1124
v 30.5517 		-1.347 		3.8435
v 30.5402 		-0.8562 		3.8475
v 26.8161 		-0.3759 		5.1494
v 26.9796 		-0.6671 		5.0922
v 26.9617 		-1.3247 		5.0985
v 30.5402 		-1.3402 		3.8475
v 26.8357 		-0.3826 		5.1426
v 27.0322 		-0.6659 		5.0739
v 27.0046 		-1.3257 		5.0835
v 30.5255 		-1.3338 		3.8526
v 27.0312 		-1.3254 		5.0742
v 30.5091 		-1.3279 		3.8584
v 26.8575 		-0.3894 		5.1349
v 27.0588 		-1.3245 		5.0646
v 30.4908 		-1.3225 		3.8648
v 26.8816 		-0.3963 		5.1265
v 27.0874 		-1.323 		5.0546
v 30.4708 		-1.3176 		3.8718
v 26.9081 		-0.4033 		5.1172
v 27.117 		-1.3209 		5.0442
v 30.4489 		-1.3133 		3.8794
v 26.9368 		-0.4104 		5.1072
v 27.1477 		-1.3182 		5.0335
v 30.4253 		-1.3094 		3.8877
v 26.9678 		-0.4176 		5.0964
v 27.1793 		-1.3148 		5.0224
v 30.3976 		-1.3055 		3.8974
v 27.0016 		-0.4251 		5.0846
v 27.211 		-1.3105 		5.0113
v 30.3665 		-1.3023 		3.9082
v 27.0383 		-0.4329 		5.0717
v 27.2417 		-1.3062 		5.0006
v 30.3322 		-1.2999 		3.9202
v 27.2713 		-1.3017 		4.9903
v 30.2945 		-1.2981 		3.9334
v 27.0503 		-0.6661 		5.0675
v 26.7523 		-1.864 		5.1717
v 30.2535 		-1.2971 		3.9477
v 27.071 		-0.6667 		5.0603
v 27.2999 		-1.2971 		4.9803
v 30.2092 		-1.2967 		3.9632
v 27.0943 		-0.6677 		5.0522
v 27.3275 		-1.2924 		4.9706
v 27.1201 		-0.6692 		5.0431
v 30.5254 		-0.8621 		3.8527
v 27.1484 		-0.671 		5.0332
v 26.7609 		-1.8563 		5.1687
v 27.1793 		-0.6732 		5.0224
v 26.7706 		-1.8489 		5.1653
v 30.5086 		-0.8675 		3.8586
v 26.7814 		-1.8418 		5.1615
v 30.4897 		-0.8726 		3.8652
v 27.2127 		-0.6767 		5.0108
v 26.7931 		-1.835 		5.1574
v 27.2483 		-0.6812 		4.9983
v 26.8076 		-1.8285 		5.1524
v 26.997 		-1.7762 		5.0862
v 27.2862 		-0.6868 		4.9851
v 26.8233 		-1.8221 		5.1469
v 26.9701 		-1.782 		5.0956
v 27.3265 		-0.6933 		4.971
v 26.9448 		-1.7877 		5.1044
v 26.8402 		-1.816 		5.141
v 26.9211 		-1.7933 		5.1127
v 26.8585 		-1.8101 		5.1346
v 26.8989 		-1.7988 		5.1205
v 30.2 		-0.8961 		3.9664
v 26.8781 		-1.8043 		5.1277
v 30.4687 		-0.8772 		3.8725
v 30.2457 		-0.8958 		3.9505
v 30.4457 		-0.8814 		3.8805
v 30.2879 		-0.8949 		3.9357
v 30.4207 		-0.8852 		3.8893
v 30.3264 		-0.8934 		3.9222
v 30.3929 		-0.8886 		3.899
v 30.3614 		-0.8913 		3.91
# 6178 vertices

g group_0_16768282

usemtl color_16768282
s 0

f 1 	2 	3
f 4 	5 	1
f 6 	7 	8
f 9 	10 	11
f 12 	13 	14
f 15 	16 	12
f 17 	18 	15
f 19 	20 	17
f 21 	22 	19
f 23 	24 	21
f 25 	26 	23
f 27 	28 	25
f 29 	30 	27
f 31 	32 	29
f 33 	34 	31
f 35 	36 	33
f 37 	38 	35
f 39 	40 	37
f 41 	42 	39
f 43 	44 	41
f 45 	46 	43
f 47 	48 	45
f 49 	50 	47
f 51 	52 	49
f 53 	54 	51
f 55 	56 	53
f 57 	58 	55
f 59 	60 	57
f 1 	3 	61
f 62 	4 	1
f 6 	8 	63
f 12 	14 	64
f 17 	15 	12
f 21 	19 	17
f 25 	23 	21
f 29 	27 	25
f 33 	31 	29
f 37 	35 	33
f 41 	39 	37
f 45 	43 	41
f 49 	47 	45
f 53 	51 	49
f 57 	55 	53
f 65 	59 	57
f 1 	61 	66
f 67 	62 	1
f 6 	63 	68
f 12 	64 	69
f 21 	17 	12
f 29 	25 	21
f 37 	33 	29
f 45 	41 	37
f 53 	49 	45
f 65 	57 	53
f 1 	66 	70
f 71 	67 	1
f 6 	68 	72
f 12 	69 	73
f 29 	21 	12
f 45 	37 	29
f 65 	53 	45
f 1 	70 	74
f 75 	71 	1
f 6 	72 	76
f 12 	73 	77
f 45 	29 	12
f 1 	74 	78
f 79 	75 	1
f 6 	76 	80
f 12 	77 	81
f 65 	45 	12
f 1 	78 	82
f 83 	79 	1
f 6 	80 	84
f 12 	81 	85
f 1 	82 	86
f 87 	83 	1
f 12 	85 	88
f 1 	86 	89
f 12 	88 	90
f 1 	89 	91
f 65 	12 	90
f 1 	91 	92
f 65 	90 	93
f 1 	92 	94
f 65 	93 	9
f 1 	94 	95
f 65 	9 	11
f 1 	95 	96
f 65 	11 	97
f 1 	96 	98
f 65 	97 	99
f 1 	98 	100
f 65 	99 	101
f 1 	100 	102
f 65 	101 	103
f 1 	102 	104
f 65 	103 	105
f 1 	104 	106
f 65 	105 	107
f 1 	106 	108
f 65 	107 	109
f 1 	108 	110
f 65 	109 	111
f 1 	110 	112
f 65 	111 	113
f 1 	112 	114
f 65 	113 	115
f 1 	114 	116
f 65 	115 	117
f 1 	116 	118
f 65 	117 	6
f 1 	118 	119
f 65 	6 	84
f 87 	1 	119
f 65 	84 	120
f 121 	87 	119
f 65 	120 	122
f 123 	121 	119
f 119 	65 	122
f 124 	123 	119
f 119 	122 	125
f 126 	124 	119
f 119 	125 	127
f 128 	126 	119
f 119 	127 	129
f 129 	128 	119
f 130 	131 	132
f 132 	133 	134
f 135 	136 	137
f 138 	139 	140
f 141 	142 	143
f 143 	144 	145
f 145 	146 	147
f 147 	148 	149
f 149 	150 	151
f 151 	152 	153
f 153 	154 	155
f 155 	156 	157
f 157 	158 	159
f 159 	160 	161
f 161 	162 	163
f 163 	164 	165
f 165 	166 	167
f 167 	168 	169
f 169 	170 	171
f 171 	172 	173
f 173 	174 	175
f 175 	176 	177
f 177 	178 	179
f 179 	180 	181
f 181 	182 	183
f 183 	184 	185
f 185 	186 	187
f 187 	188 	189
f 190 	130 	132
f 132 	134 	191
f 192 	135 	137
f 193 	141 	143
f 143 	145 	147
f 147 	149 	151
f 151 	153 	155
f 155 	157 	159
f 159 	161 	163
f 163 	165 	167
f 167 	169 	171
f 171 	173 	175
f 175 	177 	179
f 179 	181 	183
f 183 	185 	187
f 187 	189 	194
f 195 	190 	132
f 132 	191 	196
f 197 	192 	137
f 198 	193 	143
f 143 	147 	151
f 151 	155 	159
f 159 	163 	167
f 167 	171 	175
f 175 	179 	183
f 183 	187 	194
f 199 	195 	132
f 132 	196 	200
f 201 	197 	137
f 202 	198 	143
f 143 	151 	159
f 159 	167 	175
f 175 	183 	194
f 203 	199 	132
f 132 	200 	204
f 205 	201 	137
f 206 	202 	143
f 143 	159 	175
f 207 	203 	132
f 132 	204 	208
f 209 	205 	137
f 210 	206 	143
f 143 	175 	194
f 211 	207 	132
f 132 	208 	212
f 213 	209 	137
f 214 	210 	143
f 215 	211 	132
f 132 	212 	216
f 217 	214 	143
f 218 	215 	132
f 219 	217 	143
f 220 	218 	132
f 219 	143 	194
f 221 	220 	132
f 222 	219 	194
f 223 	221 	132
f 140 	222 	194
f 224 	223 	132
f 138 	140 	194
f 225 	224 	132
f 226 	138 	194
f 227 	225 	132
f 228 	226 	194
f 229 	227 	132
f 230 	228 	194
f 231 	229 	132
f 232 	230 	194
f 233 	231 	132
f 234 	232 	194
f 235 	233 	132
f 236 	234 	194
f 237 	235 	132
f 238 	236 	194
f 239 	237 	132
f 240 	238 	194
f 241 	239 	132
f 242 	240 	194
f 243 	241 	132
f 244 	242 	194
f 245 	243 	132
f 246 	244 	194
f 247 	245 	132
f 137 	246 	194
f 248 	247 	132
f 213 	137 	194
f 248 	132 	216
f 249 	213 	194
f 248 	216 	250
f 251 	249 	194
f 248 	250 	252
f 251 	194 	248
f 248 	252 	253
f 254 	251 	248
f 248 	253 	255
f 256 	254 	248
f 248 	255 	257
f 258 	256 	248
f 248 	257 	258
f 1 	5 	132
f 5 	133 	132
f 5 	4 	133
f 4 	134 	133
f 4 	62 	134
f 62 	191 	134
f 62 	67 	191
f 67 	196 	191
f 67 	71 	196
f 71 	200 	196
f 71 	75 	200
f 75 	204 	200
f 75 	79 	204
f 79 	208 	204
f 79 	83 	208
f 83 	212 	208
f 83 	87 	212
f 87 	216 	212
f 87 	121 	216
f 121 	250 	216
f 121 	123 	250
f 123 	252 	250
f 123 	124 	252
f 124 	253 	252
f 124 	126 	253
f 126 	255 	253
f 126 	128 	255
f 128 	257 	255
f 128 	129 	257
f 129 	258 	257
f 129 	127 	258
f 127 	256 	258
f 127 	125 	256
f 125 	254 	256
f 125 	122 	254
f 122 	251 	254
f 122 	120 	251
f 120 	249 	251
f 120 	84 	249
f 84 	213 	249
f 84 	80 	213
f 80 	209 	213
f 80 	76 	209
f 76 	205 	209
f 76 	72 	205
f 72 	201 	205
f 72 	68 	201
f 68 	197 	201
f 68 	63 	197
f 63 	192 	197
f 63 	8 	192
f 8 	135 	192
f 8 	7 	135
f 7 	136 	135
f 7 	6 	136
f 6 	137 	136
f 6 	117 	137
f 117 	246 	137
f 117 	115 	246
f 115 	244 	246
f 115 	113 	244
f 113 	242 	244
f 113 	111 	242
f 111 	240 	242
f 111 	109 	240
f 109 	238 	240
f 109 	107 	238
f 107 	236 	238
f 107 	105 	236
f 105 	234 	236
f 105 	103 	234
f 103 	232 	234
f 103 	101 	232
f 101 	230 	232
f 101 	99 	230
f 99 	228 	230
f 99 	97 	228
f 97 	226 	228
f 97 	11 	226
f 11 	138 	226
f 11 	10 	138
f 10 	139 	138
f 10 	9 	139
f 9 	140 	139
f 9 	93 	140
f 93 	222 	140
f 93 	90 	222
f 90 	219 	222
f 90 	88 	219
f 88 	217 	219
f 88 	85 	217
f 85 	214 	217
f 85 	81 	214
f 81 	210 	214
f 81 	77 	210
f 77 	206 	210
f 77 	73 	206
f 73 	202 	206
f 73 	69 	202
f 69 	198 	202
f 69 	64 	198
f 64 	193 	198
f 64 	14 	193
f 14 	141 	193
f 14 	13 	141
f 13 	142 	141
f 13 	12 	142
f 12 	143 	142
f 12 	16 	143
f 16 	144 	143
f 16 	15 	144
f 15 	145 	144
f 15 	18 	145
f 18 	146 	145
f 18 	17 	146
f 17 	147 	146
f 17 	20 	147
f 20 	148 	147
f 20 	19 	148
f 19 	149 	148
f 19 	22 	149
f 22 	150 	149
f 22 	21 	150
f 21 	151 	150
f 21 	24 	151
f 24 	152 	151
f 24 	23 	152
f 23 	153 	152
f 23 	26 	153
f 26 	154 	153
f 26 	25 	154
f 25 	155 	154
f 25 	28 	155
f 28 	156 	155
f 28 	27 	156
f 27 	157 	156
f 27 	30 	157
f 30 	158 	157
f 30 	29 	158
f 29 	159 	158
f 29 	32 	159
f 32 	160 	159
f 32 	31 	160
f 31 	161 	160
f 31 	34 	161
f 34 	162 	161
f 34 	33 	162
f 33 	163 	162
f 33 	36 	163
f 36 	164 	163
f 36 	35 	164
f 35 	165 	164
f 35 	38 	165
f 38 	166 	165
f 38 	37 	166
f 37 	167 	166
f 37 	40 	167
f 40 	168 	167
f 40 	39 	168
f 39 	169 	168
f 39 	42 	169
f 42 	170 	169
f 42 	41 	170
f 41 	171 	170
f 41 	44 	171
f 44 	172 	171
f 44 	43 	172
f 43 	173 	172
f 43 	46 	173
f 46 	174 	173
f 46 	45 	174
f 45 	175 	174
f 45 	48 	175
f 48 	176 	175
f 48 	47 	176
f 47 	177 	176
f 47 	50 	177
f 50 	178 	177
f 50 	49 	178
f 49 	179 	178
f 49 	52 	179
f 52 	180 	179
f 52 	51 	180
f 51 	181 	180
f 51 	54 	181
f 54 	182 	181
f 54 	53 	182
f 53 	183 	182
f 53 	56 	183
f 56 	184 	183
f 56 	55 	184
f 55 	185 	184
f 55 	58 	185
f 58 	186 	185
f 58 	57 	186
f 57 	187 	186
f 57 	60 	187
f 60 	188 	187
f 60 	59 	188
f 59 	189 	188
f 59 	65 	189
f 65 	194 	189
f 65 	119 	194
f 119 	248 	194
f 119 	118 	248
f 118 	247 	248
f 118 	116 	247
f 116 	245 	247
f 116 	114 	245
f 114 	243 	245
f 114 	112 	243
f 112 	241 	243
f 112 	110 	241
f 110 	239 	241
f 110 	108 	239
f 108 	237 	239
f 108 	106 	237
f 106 	235 	237
f 106 	104 	235
f 104 	233 	235
f 104 	102 	233
f 102 	231 	233
f 102 	100 	231
f 100 	229 	231
f 100 	98 	229
f 98 	227 	229
f 98 	96 	227
f 96 	225 	227
f 96 	95 	225
f 95 	224 	225
f 95 	94 	224
f 94 	223 	224
f 94 	92 	223
f 92 	221 	223
f 92 	91 	221
f 91 	220 	221
f 91 	89 	220
f 89 	218 	220
f 89 	86 	218
f 86 	215 	218
f 86 	82 	215
f 82 	211 	215
f 82 	78 	211
f 78 	207 	211
f 78 	74 	207
f 74 	203 	207
f 74 	70 	203
f 70 	199 	203
f 70 	66 	199
f 66 	195 	199
f 66 	61 	195
f 61 	190 	195
f 61 	3 	190
f 3 	130 	190
f 3 	2 	130
f 2 	131 	130
f 2 	1 	131
f 1 	132 	131
f 259 	260 	261
f 262 	263 	259
f 264 	265 	262
f 266 	267 	264
f 268 	269 	266
f 270 	271 	268
f 272 	273 	270
f 274 	275 	272
f 276 	277 	274
f 278 	279 	276
f 280 	281 	278
f 282 	283 	280
f 284 	285 	282
f 286 	287 	284
f 288 	289 	286
f 290 	291 	288
f 292 	293 	290
f 294 	295 	292
f 296 	297 	294
f 298 	299 	296
f 300 	301 	298
f 302 	303 	300
f 304 	305 	302
f 306 	307 	304
f 308 	309 	306
f 310 	311 	308
f 312 	313 	310
f 314 	315 	312
f 316 	317 	314
f 318 	319 	316
f 320 	321 	318
f 322 	323 	320
f 324 	325 	322
f 326 	327 	324
f 328 	329 	326
f 330 	331 	328
f 332 	333 	330
f 330 	333 	334
f 335 	336 	330
f 337 	338 	335
f 339 	340 	337
f 341 	342 	339
f 343 	344 	341
f 345 	346 	343
f 347 	348 	345
f 349 	350 	347
f 351 	352 	349
f 353 	354 	351
f 355 	356 	353
f 357 	358 	355
f 359 	360 	357
f 361 	362 	359
f 363 	364 	361
f 365 	366 	363
f 367 	368 	365
f 369 	370 	367
f 371 	372 	369
f 373 	374 	371
f 375 	376 	373
f 377 	378 	375
f 379 	380 	377
f 381 	382 	379
f 383 	384 	385
f 386 	387 	383
f 388 	389 	386
f 390 	391 	388
f 392 	393 	390
f 394 	395 	392
f 396 	397 	394
f 398 	399 	396
f 400 	401 	398
f 402 	403 	400
f 404 	405 	402
f 406 	407 	404
f 408 	409 	406
f 410 	411 	408
f 412 	413 	410
f 414 	415 	412
f 416 	417 	414
f 418 	419 	416
f 259 	261 	418
f 264 	262 	259
f 268 	266 	264
f 272 	270 	268
f 276 	274 	272
f 280 	278 	276
f 284 	282 	280
f 288 	286 	284
f 292 	290 	288
f 296 	294 	292
f 300 	298 	296
f 304 	302 	300
f 308 	306 	304
f 312 	310 	308
f 316 	314 	312
f 320 	318 	316
f 324 	322 	320
f 328 	326 	324
f 332 	330 	328
f 330 	334 	420
f 337 	335 	330
f 341 	339 	337
f 345 	343 	341
f 349 	347 	345
f 353 	351 	349
f 357 	355 	353
f 361 	359 	357
f 365 	363 	361
f 369 	367 	365
f 373 	371 	369
f 377 	375 	373
f 381 	379 	377
f 383 	385 	421
f 388 	386 	383
f 392 	390 	388
f 396 	394 	392
f 400 	398 	396
f 404 	402 	400
f 408 	406 	404
f 412 	410 	408
f 416 	414 	412
f 259 	418 	416
f 268 	264 	259
f 276 	272 	268
f 284 	280 	276
f 292 	288 	284
f 300 	296 	292
f 308 	304 	300
f 316 	312 	308
f 324 	320 	316
f 332 	328 	324
f 330 	420 	422
f 341 	337 	330
f 349 	345 	341
f 357 	353 	349
f 365 	361 	357
f 373 	369 	365
f 381 	377 	373
f 383 	421 	423
f 392 	388 	383
f 400 	396 	392
f 408 	404 	400
f 416 	412 	408
f 268 	259 	416
f 284 	276 	268
f 300 	292 	284
f 316 	308 	300
f 332 	324 	316
f 330 	422 	424
f 349 	341 	330
f 365 	357 	349
f 381 	373 	365
f 383 	423 	425
f 400 	392 	383
f 416 	408 	400
f 300 	284 	268
f 426 	332 	316
f 330 	424 	427
f 365 	349 	330
f 383 	425 	428
f 416 	400 	383
f 429 	426 	316
f 330 	427 	430
f 383 	428 	431
f 432 	429 	316
f 330 	430 	433
f 383 	431 	434
f 435 	432 	316
f 330 	433 	436
f 416 	383 	434
f 437 	435 	316
f 365 	330 	436
f 416 	434 	438
f 439 	437 	316
f 365 	436 	440
f 416 	438 	441
f 442 	439 	316
f 365 	440 	443
f 416 	441 	444
f 445 	442 	316
f 365 	443 	446
f 416 	444 	447
f 448 	445 	316
f 365 	446 	449
f 416 	447 	450
f 448 	316 	300
f 365 	449 	451
f 416 	450 	452
f 453 	448 	300
f 365 	451 	454
f 416 	452 	455
f 456 	453 	300
f 365 	454 	457
f 416 	455 	458
f 459 	456 	300
f 365 	457 	460
f 416 	458 	461
f 462 	459 	300
f 365 	460 	463
f 416 	461 	464
f 465 	462 	300
f 365 	463 	466
f 416 	464 	467
f 468 	465 	300
f 365 	466 	469
f 416 	467 	470
f 471 	468 	300
f 365 	469 	472
f 416 	470 	473
f 474 	471 	300
f 365 	472 	475
f 416 	473 	476
f 477 	474 	300
f 365 	475 	478
f 416 	476 	479
f 480 	477 	300
f 381 	365 	478
f 416 	479 	481
f 482 	480 	300
f 381 	478 	483
f 416 	481 	484
f 485 	482 	300
f 381 	483 	486
f 416 	484 	487
f 488 	485 	300
f 489 	381 	486
f 416 	487 	490
f 491 	488 	300
f 416 	490 	492
f 493 	491 	300
f 268 	416 	492
f 494 	493 	300
f 268 	492 	495
f 496 	494 	300
f 268 	495 	497
f 498 	496 	300
f 268 	497 	499
f 500 	498 	300
f 268 	499 	501
f 502 	500 	300
f 268 	501 	503
f 504 	502 	300
f 268 	503 	505
f 506 	504 	300
f 268 	505 	507
f 506 	300 	268
f 268 	507 	489
f 508 	506 	268
f 268 	489 	486
f 509 	508 	268
f 268 	486 	510
f 510 	509 	268
f 511 	512 	513
f 513 	514 	515
f 515 	516 	517
f 517 	518 	519
f 519 	520 	521
f 521 	522 	523
f 523 	524 	525
f 525 	526 	527
f 527 	528 	529
f 529 	530 	531
f 531 	532 	533
f 533 	534 	535
f 535 	536 	537
f 537 	538 	539
f 539 	540 	541
f 541 	542 	543
f 543 	544 	545
f 545 	546 	547
f 547 	548 	549
f 549 	550 	551
f 551 	552 	553
f 553 	554 	555
f 555 	556 	557
f 557 	558 	559
f 559 	560 	561
f 561 	562 	563
f 563 	564 	565
f 565 	566 	567
f 567 	568 	569
f 569 	570 	571
f 571 	572 	573
f 573 	574 	575
f 575 	576 	577
f 577 	578 	579
f 579 	580 	581
f 581 	582 	583
f 583 	584 	585
f 586 	584 	583
f 583 	587 	588
f 588 	589 	590
f 590 	591 	592
f 592 	593 	594
f 594 	595 	596
f 596 	597 	598
f 598 	599 	600
f 600 	601 	602
f 602 	603 	604
f 604 	605 	606
f 606 	607 	608
f 608 	609 	610
f 610 	611 	612
f 612 	613 	614
f 614 	615 	616
f 616 	617 	618
f 618 	619 	620
f 620 	621 	622
f 622 	623 	624
f 624 	625 	626
f 626 	627 	628
f 628 	629 	630
f 630 	631 	632
f 632 	633 	634
f 635 	636 	637
f 637 	638 	639
f 639 	640 	641
f 641 	642 	643
f 643 	644 	645
f 645 	646 	647
f 647 	648 	649
f 649 	650 	651
f 651 	652 	653
f 653 	654 	655
f 655 	656 	657
f 657 	658 	659
f 659 	660 	661
f 661 	662 	663
f 663 	664 	665
f 665 	666 	667
f 667 	668 	669
f 669 	670 	671
f 671 	511 	513
f 513 	515 	517
f 517 	519 	521
f 521 	523 	525
f 525 	527 	529
f 529 	531 	533
f 533 	535 	537
f 537 	539 	541
f 541 	543 	545
f 545 	547 	549
f 549 	551 	553
f 553 	555 	557
f 557 	559 	561
f 561 	563 	565
f 565 	567 	569
f 569 	571 	573
f 573 	575 	577
f 577 	579 	581
f 581 	583 	585
f 672 	586 	583
f 583 	588 	590
f 590 	592 	594
f 594 	596 	598
f 598 	600 	602
f 602 	604 	606
f 606 	608 	610
f 610 	612 	614
f 614 	616 	618
f 618 	620 	622
f 622 	624 	626
f 626 	628 	630
f 630 	632 	634
f 673 	635 	637
f 637 	639 	641
f 641 	643 	645
f 645 	647 	649
f 649 	651 	653
f 653 	655 	657
f 657 	659 	661
f 661 	663 	665
f 665 	667 	669
f 669 	671 	513
f 513 	517 	521
f 521 	525 	529
f 529 	533 	537
f 537 	541 	545
f 545 	549 	553
f 553 	557 	561
f 561 	565 	569
f 569 	573 	577
f 577 	581 	585
f 674 	672 	583
f 583 	590 	594
f 594 	598 	602
f 602 	606 	610
f 610 	614 	618
f 618 	622 	626
f 626 	630 	634
f 675 	673 	637
f 637 	641 	645
f 645 	649 	653
f 653 	657 	661
f 661 	665 	669
f 669 	513 	521
f 521 	529 	537
f 537 	545 	553
f 553 	561 	569
f 569 	577 	585
f 676 	674 	583
f 583 	594 	602
f 602 	610 	618
f 618 	626 	634
f 677 	675 	637
f 637 	645 	653
f 653 	661 	669
f 521 	537 	553
f 569 	585 	678
f 679 	676 	583
f 583 	602 	618
f 680 	677 	637
f 637 	653 	669
f 569 	678 	681
f 682 	679 	583
f 683 	680 	637
f 569 	681 	684
f 685 	682 	583
f 686 	683 	637
f 569 	684 	687
f 688 	685 	583
f 686 	637 	669
f 569 	687 	689
f 688 	583 	618
f 690 	686 	669
f 569 	689 	691
f 692 	688 	618
f 693 	690 	669
f 569 	691 	694
f 695 	692 	618
f 696 	693 	669
f 569 	694 	697
f 698 	695 	618
f 699 	696 	669
f 569 	697 	700
f 701 	698 	618
f 702 	699 	669
f 553 	569 	700
f 703 	701 	618
f 704 	702 	669
f 553 	700 	705
f 706 	703 	618
f 707 	704 	669
f 553 	705 	708
f 709 	706 	618
f 710 	707 	669
f 553 	708 	711
f 712 	709 	618
f 713 	710 	669
f 553 	711 	714
f 715 	712 	618
f 716 	713 	669
f 553 	714 	717
f 718 	715 	618
f 719 	716 	669
f 553 	717 	720
f 721 	718 	618
f 722 	719 	669
f 553 	720 	723
f 724 	721 	618
f 725 	722 	669
f 553 	723 	726
f 727 	724 	618
f 728 	725 	669
f 553 	726 	729
f 730 	727 	618
f 731 	728 	669
f 553 	729 	732
f 730 	618 	634
f 733 	731 	669
f 553 	732 	734
f 735 	730 	634
f 736 	733 	669
f 553 	734 	737
f 738 	735 	634
f 739 	736 	669
f 553 	737 	740
f 738 	634 	741
f 742 	739 	669
f 553 	740 	743
f 744 	742 	669
f 553 	743 	745
f 744 	669 	521
f 553 	745 	746
f 747 	744 	521
f 553 	746 	748
f 749 	747 	521
f 553 	748 	750
f 751 	749 	521
f 553 	750 	752
f 753 	751 	521
f 553 	752 	754
f 755 	753 	521
f 553 	754 	756
f 757 	755 	521
f 553 	756 	758
f 759 	757 	521
f 521 	553 	758
f 741 	759 	521
f 521 	758 	760
f 738 	741 	521
f 521 	760 	761
f 762 	738 	521
f 521 	761 	762
f 260 	259 	512
f 259 	513 	512
f 259 	263 	513
f 263 	514 	513
f 263 	262 	514
f 262 	515 	514
f 262 	265 	515
f 265 	516 	515
f 265 	264 	516
f 264 	517 	516
f 264 	267 	517
f 267 	518 	517
f 267 	266 	518
f 266 	519 	518
f 266 	269 	519
f 269 	520 	519
f 269 	268 	520
f 268 	521 	520
f 268 	271 	521
f 271 	522 	521
f 271 	270 	522
f 270 	523 	522
f 270 	273 	523
f 273 	524 	523
f 273 	272 	524
f 272 	525 	524
f 272 	275 	525
f 275 	526 	525
f 275 	274 	526
f 274 	527 	526
f 274 	277 	527
f 277 	528 	527
f 277 	276 	528
f 276 	529 	528
f 276 	279 	529
f 279 	530 	529
f 279 	278 	530
f 278 	531 	530
f 278 	281 	531
f 281 	532 	531
f 281 	280 	532
f 280 	533 	532
f 280 	283 	533
f 283 	534 	533
f 283 	282 	534
f 282 	535 	534
f 282 	285 	535
f 285 	536 	535
f 285 	284 	536
f 284 	537 	536
f 284 	287 	537
f 287 	538 	537
f 287 	286 	538
f 286 	539 	538
f 286 	289 	539
f 289 	540 	539
f 289 	288 	540
f 288 	541 	540
f 288 	291 	541
f 291 	542 	541
f 291 	290 	542
f 290 	543 	542
f 290 	293 	543
f 293 	544 	543
f 293 	292 	544
f 292 	545 	544
f 292 	295 	545
f 295 	546 	545
f 295 	294 	546
f 294 	547 	546
f 294 	297 	547
f 297 	548 	547
f 297 	296 	548
f 296 	549 	548
f 296 	299 	549
f 299 	550 	549
f 299 	298 	550
f 298 	551 	550
f 298 	301 	551
f 301 	552 	551
f 301 	300 	552
f 300 	553 	552
f 300 	303 	553
f 303 	554 	553
f 303 	302 	554
f 302 	555 	554
f 302 	305 	555
f 305 	556 	555
f 305 	304 	556
f 304 	557 	556
f 304 	307 	557
f 307 	558 	557
f 307 	306 	558
f 306 	559 	558
f 306 	309 	559
f 309 	560 	559
f 309 	308 	560
f 308 	561 	560
f 308 	311 	561
f 311 	562 	561
f 311 	310 	562
f 310 	563 	562
f 310 	313 	563
f 313 	564 	563
f 313 	312 	564
f 312 	565 	564
f 312 	315 	565
f 315 	566 	565
f 315 	314 	566
f 314 	567 	566
f 314 	317 	567
f 317 	568 	567
f 317 	316 	568
f 316 	569 	568
f 316 	319 	569
f 319 	570 	569
f 319 	318 	570
f 318 	571 	570
f 318 	321 	571
f 321 	572 	571
f 321 	320 	572
f 320 	573 	572
f 320 	323 	573
f 323 	574 	573
f 323 	322 	574
f 322 	575 	574
f 322 	325 	575
f 325 	576 	575
f 325 	324 	576
f 324 	577 	576
f 324 	327 	577
f 327 	578 	577
f 327 	326 	578
f 326 	579 	578
f 326 	329 	579
f 329 	580 	579
f 329 	328 	580
f 328 	581 	580
f 328 	331 	581
f 331 	582 	581
f 331 	330 	582
f 330 	583 	582
f 330 	336 	583
f 336 	587 	583
f 336 	335 	587
f 335 	588 	587
f 335 	338 	588
f 338 	589 	588
f 338 	337 	589
f 337 	590 	589
f 337 	340 	590
f 340 	591 	590
f 340 	339 	591
f 339 	592 	591
f 339 	342 	592
f 342 	593 	592
f 342 	341 	593
f 341 	594 	593
f 341 	344 	594
f 344 	595 	594
f 344 	343 	595
f 343 	596 	595
f 343 	346 	596
f 346 	597 	596
f 346 	345 	597
f 345 	598 	597
f 345 	348 	598
f 348 	599 	598
f 348 	347 	599
f 347 	600 	599
f 347 	350 	600
f 350 	601 	600
f 350 	349 	601
f 349 	602 	601
f 349 	352 	602
f 352 	603 	602
f 352 	351 	603
f 351 	604 	603
f 351 	354 	604
f 354 	605 	604
f 354 	353 	605
f 353 	606 	605
f 353 	356 	606
f 356 	607 	606
f 356 	355 	607
f 355 	608 	607
f 355 	358 	608
f 358 	609 	608
f 358 	357 	609
f 357 	610 	609
f 357 	360 	610
f 360 	611 	610
f 360 	359 	611
f 359 	612 	611
f 359 	362 	612
f 362 	613 	612
f 362 	361 	613
f 361 	614 	613
f 361 	364 	614
f 364 	615 	614
f 364 	363 	615
f 363 	616 	615
f 363 	366 	616
f 366 	617 	616
f 366 	365 	617
f 365 	618 	617
f 365 	368 	618
f 368 	619 	618
f 368 	367 	619
f 367 	620 	619
f 367 	370 	620
f 370 	621 	620
f 370 	369 	621
f 369 	622 	621
f 369 	372 	622
f 372 	623 	622
f 372 	371 	623
f 371 	624 	623
f 371 	374 	624
f 374 	625 	624
f 374 	373 	625
f 373 	626 	625
f 373 	376 	626
f 376 	627 	626
f 376 	375 	627
f 375 	628 	627
f 375 	378 	628
f 378 	629 	628
f 378 	377 	629
f 377 	630 	629
f 377 	380 	630
f 380 	631 	630
f 380 	379 	631
f 379 	632 	631
f 379 	382 	632
f 382 	633 	632
f 382 	381 	633
f 381 	634 	633
f 381 	489 	634
f 489 	741 	634
f 489 	507 	741
f 507 	759 	741
f 507 	505 	759
f 505 	757 	759
f 505 	503 	757
f 503 	755 	757
f 503 	501 	755
f 501 	753 	755
f 501 	499 	753
f 499 	751 	753
f 499 	497 	751
f 497 	749 	751
f 497 	495 	749
f 495 	747 	749
f 495 	492 	747
f 492 	744 	747
f 492 	490 	744
f 490 	742 	744
f 490 	487 	742
f 487 	739 	742
f 487 	484 	739
f 484 	736 	739
f 484 	481 	736
f 481 	733 	736
f 481 	479 	733
f 479 	731 	733
f 479 	476 	731
f 476 	728 	731
f 476 	473 	728
f 473 	725 	728
f 473 	470 	725
f 470 	722 	725
f 470 	467 	722
f 467 	719 	722
f 467 	464 	719
f 464 	716 	719
f 464 	461 	716
f 461 	713 	716
f 461 	458 	713
f 458 	710 	713
f 458 	455 	710
f 455 	707 	710
f 455 	452 	707
f 452 	704 	707
f 452 	450 	704
f 450 	702 	704
f 450 	447 	702
f 447 	699 	702
f 447 	444 	699
f 444 	696 	699
f 444 	441 	696
f 441 	693 	696
f 441 	438 	693
f 438 	690 	693
f 438 	434 	690
f 434 	686 	690
f 434 	431 	686
f 431 	683 	686
f 431 	428 	683
f 428 	680 	683
f 428 	425 	680
f 425 	677 	680
f 425 	423 	677
f 423 	675 	677
f 423 	421 	675
f 421 	673 	675
f 421 	385 	673
f 385 	635 	673
f 385 	384 	635
f 384 	636 	635
f 384 	383 	636
f 383 	637 	636
f 383 	387 	637
f 387 	638 	637
f 387 	386 	638
f 386 	639 	638
f 386 	389 	639
f 389 	640 	639
f 389 	388 	640
f 388 	641 	640
f 388 	391 	641
f 391 	642 	641
f 391 	390 	642
f 390 	643 	642
f 390 	393 	643
f 393 	644 	643
f 393 	392 	644
f 392 	645 	644
f 392 	395 	645
f 395 	646 	645
f 395 	394 	646
f 394 	647 	646
f 394 	397 	647
f 397 	648 	647
f 397 	396 	648
f 396 	649 	648
f 396 	399 	649
f 399 	650 	649
f 399 	398 	650
f 398 	651 	650
f 398 	401 	651
f 401 	652 	651
f 401 	400 	652
f 400 	653 	652
f 400 	403 	653
f 403 	654 	653
f 403 	402 	654
f 402 	655 	654
f 402 	405 	655
f 405 	656 	655
f 405 	404 	656
f 404 	657 	656
f 404 	407 	657
f 407 	658 	657
f 407 	406 	658
f 406 	659 	658
f 406 	409 	659
f 409 	660 	659
f 409 	408 	660
f 408 	661 	660
f 408 	411 	661
f 411 	662 	661
f 411 	410 	662
f 410 	663 	662
f 410 	413 	663
f 413 	664 	663
f 413 	412 	664
f 412 	665 	664
f 412 	415 	665
f 415 	666 	665
f 415 	414 	666
f 414 	667 	666
f 414 	417 	667
f 417 	668 	667
f 417 	416 	668
f 416 	669 	668
f 416 	419 	669
f 419 	670 	669
f 419 	418 	670
f 418 	671 	670
f 418 	261 	671
f 261 	511 	671
f 261 	260 	511
f 260 	512 	511
f 446 	443 	698
f 443 	695 	698
f 443 	440 	695
f 440 	692 	695
f 440 	436 	692
f 436 	688 	692
f 436 	433 	688
f 433 	685 	688
f 433 	430 	685
f 430 	682 	685
f 430 	427 	682
f 427 	679 	682
f 427 	424 	679
f 424 	676 	679
f 424 	422 	676
f 422 	674 	676
f 422 	420 	674
f 420 	672 	674
f 420 	334 	672
f 334 	586 	672
f 334 	333 	586
f 333 	584 	586
f 333 	332 	584
f 332 	585 	584
f 332 	426 	585
f 426 	678 	585
f 426 	429 	678
f 429 	681 	678
f 429 	432 	681
f 432 	684 	681
f 432 	435 	684
f 435 	687 	684
f 435 	437 	687
f 437 	689 	687
f 437 	439 	689
f 439 	691 	689
f 439 	442 	691
f 442 	694 	691
f 442 	445 	694
f 445 	697 	694
f 445 	448 	697
f 448 	700 	697
f 448 	453 	700
f 453 	705 	700
f 453 	456 	705
f 456 	708 	705
f 456 	459 	708
f 459 	711 	708
f 459 	462 	711
f 462 	714 	711
f 462 	465 	714
f 465 	717 	714
f 465 	468 	717
f 468 	720 	717
f 468 	471 	720
f 471 	723 	720
f 471 	474 	723
f 474 	726 	723
f 474 	477 	726
f 477 	729 	726
f 477 	480 	729
f 480 	732 	729
f 480 	482 	732
f 482 	734 	732
f 482 	485 	734
f 485 	737 	734
f 485 	488 	737
f 488 	740 	737
f 488 	491 	740
f 491 	743 	740
f 491 	493 	743
f 493 	745 	743
f 493 	494 	745
f 494 	746 	745
f 494 	496 	746
f 496 	748 	746
f 496 	498 	748
f 498 	750 	748
f 498 	500 	750
f 500 	752 	750
f 500 	502 	752
f 502 	754 	752
f 502 	504 	754
f 504 	756 	754
f 504 	506 	756
f 506 	758 	756
f 506 	508 	758
f 508 	760 	758
f 508 	509 	760
f 509 	761 	760
f 509 	510 	761
f 510 	762 	761
f 510 	486 	762
f 486 	738 	762
f 486 	483 	738
f 483 	735 	738
f 483 	478 	735
f 478 	730 	735
f 478 	475 	730
f 475 	727 	730
f 475 	472 	727
f 472 	724 	727
f 472 	469 	724
f 469 	721 	724
f 469 	466 	721
f 466 	718 	721
f 466 	463 	718
f 463 	715 	718
f 463 	460 	715
f 460 	712 	715
f 460 	457 	712
f 457 	709 	712
f 457 	454 	709
f 454 	706 	709
f 454 	451 	706
f 451 	703 	706
f 451 	449 	703
f 449 	701 	703
f 449 	446 	701
f 446 	698 	701
f 763 	764 	765
f 766 	767 	763
f 768 	769 	766
f 770 	771 	768
f 772 	773 	770
f 774 	775 	772
f 776 	777 	774
f 778 	779 	776
f 780 	781 	778
f 782 	783 	780
f 784 	785 	782
f 786 	787 	784
f 788 	789 	786
f 790 	791 	788
f 792 	793 	790
f 794 	795 	792
f 796 	797 	794
f 798 	799 	796
f 800 	801 	798
f 802 	803 	800
f 804 	805 	802
f 806 	807 	804
f 808 	809 	806
f 810 	811 	808
f 812 	813 	810
f 814 	815 	812
f 816 	817 	814
f 818 	819 	816
f 820 	821 	818
f 822 	823 	820
f 824 	825 	822
f 826 	827 	824
f 828 	829 	826
f 830 	831 	828
f 832 	833 	830
f 834 	835 	832
f 836 	837 	834
f 838 	839 	836
f 840 	841 	838
f 842 	843 	840
f 844 	845 	842
f 846 	847 	844
f 848 	849 	846
f 850 	851 	848
f 852 	853 	850
f 854 	855 	852
f 856 	857 	854
f 858 	859 	856
f 860 	861 	858
f 862 	863 	860
f 864 	865 	862
f 866 	867 	864
f 868 	869 	866
f 870 	871 	868
f 872 	873 	874
f 875 	876 	877
f 878 	879 	875
f 880 	881 	878
f 882 	883 	884
f 885 	886 	882
f 887 	888 	885
f 889 	890 	887
f 891 	892 	889
f 893 	894 	891
f 895 	896 	897
f 898 	899 	900
f 901 	902 	903
f 763 	765 	904
f 768 	766 	763
f 772 	770 	768
f 776 	774 	772
f 780 	778 	776
f 784 	782 	780
f 788 	786 	784
f 792 	790 	788
f 796 	794 	792
f 800 	798 	796
f 804 	802 	800
f 808 	806 	804
f 812 	810 	808
f 816 	814 	812
f 820 	818 	816
f 824 	822 	820
f 828 	826 	824
f 832 	830 	828
f 836 	834 	832
f 840 	838 	836
f 844 	842 	840
f 848 	846 	844
f 852 	850 	848
f 856 	854 	852
f 860 	858 	856
f 864 	862 	860
f 868 	866 	864
f 874 	870 	868
f 905 	872 	874
f 875 	877 	906
f 880 	878 	875
f 885 	882 	884
f 889 	887 	885
f 893 	891 	889
f 895 	897 	907
f 908 	898 	900
f 901 	903 	909
f 763 	904 	910
f 772 	768 	763
f 780 	776 	772
f 788 	784 	780
f 796 	792 	788
f 804 	800 	796
f 812 	808 	804
f 820 	816 	812
f 828 	824 	820
f 836 	832 	828
f 844 	840 	836
f 852 	848 	844
f 860 	856 	852
f 868 	864 	860
f 911 	905 	874
f 880 	875 	906
f 889 	885 	884
f 895 	907 	912
f 913 	908 	900
f 763 	910 	914
f 780 	772 	763
f 796 	788 	780
f 812 	804 	796
f 828 	820 	812
f 844 	836 	828
f 860 	852 	844
f 874 	868 	860
f 906 	911 	874
f 884 	880 	906
f 893 	889 	884
f 895 	912 	915
f 916 	913 	900
f 763 	914 	917
f 844 	828 	812
f 874 	860 	844
f 884 	906 	874
f 895 	915 	918
f 919 	916 	900
f 763 	917 	920
f 895 	918 	921
f 922 	919 	900
f 763 	920 	923
f 895 	921 	924
f 925 	922 	900
f 763 	923 	926
f 895 	924 	927
f 928 	925 	900
f 780 	763 	926
f 895 	927 	929
f 930 	928 	900
f 780 	926 	931
f 895 	929 	932
f 933 	930 	900
f 780 	931 	934
f 895 	932 	935
f 936 	933 	900
f 780 	934 	937
f 895 	935 	938
f 780 	937 	939
f 895 	938 	940
f 780 	939 	941
f 895 	940 	942
f 780 	941 	943
f 944 	895 	942
f 780 	943 	945
f 944 	942 	946
f 780 	945 	947
f 944 	946 	948
f 780 	947 	949
f 944 	948 	950
f 780 	949 	951
f 944 	950 	952
f 780 	951 	953
f 944 	952 	954
f 780 	953 	955
f 944 	954 	956
f 780 	955 	957
f 944 	956 	958
f 780 	957 	959
f 944 	958 	960
f 780 	959 	961
f 944 	960 	962
f 796 	780 	961
f 944 	962 	963
f 796 	961 	964
f 944 	963 	965
f 796 	964 	966
f 944 	965 	893
f 796 	966 	967
f 900 	944 	893
f 796 	967 	968
f 900 	893 	884
f 796 	968 	969
f 900 	884 	874
f 796 	969 	970
f 936 	900 	874
f 796 	970 	971
f 936 	874 	844
f 796 	971 	972
f 973 	936 	844
f 796 	972 	974
f 975 	973 	844
f 796 	974 	976
f 977 	975 	844
f 796 	976 	978
f 979 	977 	844
f 812 	796 	978
f 980 	979 	844
f 812 	978 	981
f 909 	980 	844
f 812 	981 	982
f 901 	909 	844
f 812 	982 	983
f 984 	901 	844
f 812 	983 	985
f 986 	984 	844
f 812 	985 	987
f 988 	986 	844
f 812 	987 	989
f 990 	988 	844
f 812 	989 	991
f 992 	990 	844
f 812 	991 	993
f 994 	992 	844
f 812 	993 	995
f 996 	994 	844
f 812 	995 	997
f 998 	996 	844
f 812 	997 	999
f 1000 	998 	844
f 812 	999 	1001
f 1002 	1000 	844
f 812 	1001 	1003
f 1004 	1002 	844
f 812 	1003 	1005
f 1006 	1004 	844
f 812 	1005 	1007
f 1008 	1006 	844
f 812 	1007 	1009
f 1010 	1008 	844
f 812 	1009 	1010
f 1010 	844 	812
f 1011 	1012 	1013
f 1013 	1014 	1015
f 1015 	1016 	1017
f 1017 	1018 	1019
f 1019 	1020 	1021
f 1021 	1022 	1023
f 1023 	1024 	1025
f 1025 	1026 	1027
f 1027 	1028 	1029
f 1029 	1030 	1031
f 1031 	1032 	1033
f 1033 	1034 	1035
f 1035 	1036 	1037
f 1037 	1038 	1039
f 1039 	1040 	1041
f 1041 	1042 	1043
f 1043 	1044 	1045
f 1045 	1046 	1047
f 1047 	1048 	1049
f 1049 	1050 	1051
f 1051 	1052 	1053
f 1053 	1054 	1055
f 1055 	1056 	1057
f 1057 	1058 	1059
f 1059 	1060 	1061
f 1061 	1062 	1063
f 1063 	1064 	1065
f 1065 	1066 	1067
f 1067 	1068 	1069
f 1069 	1070 	1071
f 1071 	1072 	1073
f 1073 	1074 	1075
f 1075 	1076 	1077
f 1077 	1078 	1079
f 1079 	1080 	1081
f 1081 	1082 	1083
f 1083 	1084 	1085
f 1085 	1086 	1087
f 1087 	1088 	1089
f 1089 	1090 	1091
f 1091 	1092 	1093
f 1093 	1094 	1095
f 1095 	1096 	1097
f 1097 	1098 	1099
f 1099 	1100 	1101
f 1101 	1102 	1103
f 1103 	1104 	1105
f 1105 	1106 	1107
f 1107 	1108 	1109
f 1109 	1110 	1111
f 1111 	1112 	1113
f 1113 	1114 	1115
f 1115 	1116 	1117
f 1117 	1118 	1119
f 1120 	1121 	1122
f 1123 	1124 	1125
f 1125 	1126 	1127
f 1127 	1128 	1129
f 1130 	1131 	1132
f 1132 	1133 	1134
f 1134 	1135 	1136
f 1136 	1137 	1138
f 1138 	1139 	1140
f 1140 	1141 	1142
f 1143 	1144 	1145
f 1146 	1147 	1148
f 1149 	1150 	1151
f 1152 	1011 	1013
f 1013 	1015 	1017
f 1017 	1019 	1021
f 1021 	1023 	1025
f 1025 	1027 	1029
f 1029 	1031 	1033
f 1033 	1035 	1037
f 1037 	1039 	1041
f 1041 	1043 	1045
f 1045 	1047 	1049
f 1049 	1051 	1053
f 1053 	1055 	1057
f 1057 	1059 	1061
f 1061 	1063 	1065
f 1065 	1067 	1069
f 1069 	1071 	1073
f 1073 	1075 	1077
f 1077 	1079 	1081
f 1081 	1083 	1085
f 1085 	1087 	1089
f 1089 	1091 	1093
f 1093 	1095 	1097
f 1097 	1099 	1101
f 1101 	1103 	1105
f 1105 	1107 	1109
f 1109 	1111 	1113
f 1113 	1115 	1117
f 1117 	1119 	1120
f 1120 	1122 	1153
f 1154 	1123 	1125
f 1125 	1127 	1129
f 1130 	1132 	1134
f 1134 	1136 	1138
f 1138 	1140 	1142
f 1155 	1143 	1145
f 1146 	1148 	1156
f 1157 	1149 	1151
f 1158 	1152 	1013
f 1013 	1017 	1021
f 1021 	1025 	1029
f 1029 	1033 	1037
f 1037 	1041 	1045
f 1045 	1049 	1053
f 1053 	1057 	1061
f 1061 	1065 	1069
f 1069 	1073 	1077
f 1077 	1081 	1085
f 1085 	1089 	1093
f 1093 	1097 	1101
f 1101 	1105 	1109
f 1109 	1113 	1117
f 1120 	1153 	1159
f 1154 	1125 	1129
f 1130 	1134 	1138
f 1160 	1155 	1145
f 1146 	1156 	1161
f 1162 	1158 	1013
f 1013 	1021 	1029
f 1029 	1037 	1045
f 1045 	1053 	1061
f 1061 	1069 	1077
f 1077 	1085 	1093
f 1093 	1101 	1109
f 1109 	1117 	1120
f 1120 	1159 	1154
f 1154 	1129 	1130
f 1130 	1138 	1142
f 1163 	1160 	1145
f 1146 	1161 	1164
f 1165 	1162 	1013
f 1061 	1077 	1093
f 1093 	1109 	1120
f 1120 	1154 	1130
f 1166 	1163 	1145
f 1146 	1164 	1167
f 1168 	1165 	1013
f 1169 	1166 	1145
f 1146 	1167 	1170
f 1171 	1168 	1013
f 1172 	1169 	1145
f 1146 	1170 	1173
f 1174 	1171 	1013
f 1175 	1172 	1145
f 1146 	1173 	1176
f 1174 	1013 	1029
f 1177 	1175 	1145
f 1146 	1176 	1178
f 1179 	1174 	1029
f 1180 	1177 	1145
f 1146 	1178 	1181
f 1182 	1179 	1029
f 1183 	1180 	1145
f 1146 	1181 	1184
f 1185 	1182 	1029
f 1186 	1183 	1145
f 1187 	1185 	1029
f 1188 	1186 	1145
f 1189 	1187 	1029
f 1190 	1188 	1145
f 1191 	1189 	1029
f 1190 	1145 	1192
f 1193 	1191 	1029
f 1194 	1190 	1192
f 1195 	1193 	1029
f 1196 	1194 	1192
f 1197 	1195 	1029
f 1198 	1196 	1192
f 1199 	1197 	1029
f 1200 	1198 	1192
f 1201 	1199 	1029
f 1202 	1200 	1192
f 1203 	1201 	1029
f 1204 	1202 	1192
f 1205 	1203 	1029
f 1206 	1204 	1192
f 1207 	1205 	1029
f 1208 	1206 	1192
f 1209 	1207 	1029
f 1210 	1208 	1192
f 1209 	1029 	1045
f 1211 	1210 	1192
f 1212 	1209 	1045
f 1213 	1211 	1192
f 1214 	1212 	1045
f 1142 	1213 	1192
f 1215 	1214 	1045
f 1142 	1192 	1146
f 1216 	1215 	1045
f 1130 	1142 	1146
f 1217 	1216 	1045
f 1120 	1130 	1146
f 1218 	1217 	1045
f 1120 	1146 	1184
f 1219 	1218 	1045
f 1093 	1120 	1184
f 1220 	1219 	1045
f 1093 	1184 	1221
f 1222 	1220 	1045
f 1093 	1221 	1223
f 1224 	1222 	1045
f 1093 	1223 	1225
f 1226 	1224 	1045
f 1093 	1225 	1227
f 1226 	1045 	1061
f 1093 	1227 	1228
f 1229 	1226 	1061
f 1093 	1228 	1157
f 1230 	1229 	1061
f 1093 	1157 	1151
f 1231 	1230 	1061
f 1093 	1151 	1232
f 1233 	1231 	1061
f 1093 	1232 	1234
f 1235 	1233 	1061
f 1093 	1234 	1236
f 1237 	1235 	1061
f 1093 	1236 	1238
f 1239 	1237 	1061
f 1093 	1238 	1240
f 1241 	1239 	1061
f 1093 	1240 	1242
f 1243 	1241 	1061
f 1093 	1242 	1244
f 1245 	1243 	1061
f 1093 	1244 	1246
f 1247 	1245 	1061
f 1093 	1246 	1248
f 1249 	1247 	1061
f 1093 	1248 	1250
f 1251 	1249 	1061
f 1093 	1250 	1252
f 1253 	1251 	1061
f 1093 	1252 	1254
f 1255 	1253 	1061
f 1093 	1254 	1256
f 1257 	1255 	1061
f 1093 	1256 	1258
f 1258 	1257 	1061
f 1061 	1093 	1258
f 961 	959 	1209
f 959 	1207 	1209
f 959 	957 	1207
f 957 	1205 	1207
f 957 	955 	1205
f 955 	1203 	1205
f 955 	953 	1203
f 953 	1201 	1203
f 953 	951 	1201
f 951 	1199 	1201
f 951 	949 	1199
f 949 	1197 	1199
f 949 	947 	1197
f 947 	1195 	1197
f 947 	945 	1195
f 945 	1193 	1195
f 945 	943 	1193
f 943 	1191 	1193
f 943 	941 	1191
f 941 	1189 	1191
f 941 	939 	1189
f 939 	1187 	1189
f 939 	937 	1187
f 937 	1185 	1187
f 937 	934 	1185
f 934 	1182 	1185
f 934 	931 	1182
f 931 	1179 	1182
f 931 	926 	1179
f 926 	1174 	1179
f 926 	923 	1174
f 923 	1171 	1174
f 923 	920 	1171
f 920 	1168 	1171
f 920 	917 	1168
f 917 	1165 	1168
f 917 	914 	1165
f 914 	1162 	1165
f 914 	910 	1162
f 910 	1158 	1162
f 910 	904 	1158
f 904 	1152 	1158
f 904 	765 	1152
f 765 	1011 	1152
f 765 	764 	1011
f 764 	1012 	1011
f 764 	763 	1012
f 763 	1013 	1012
f 763 	767 	1013
f 767 	1014 	1013
f 767 	766 	1014
f 766 	1015 	1014
f 766 	769 	1015
f 769 	1016 	1015
f 769 	768 	1016
f 768 	1017 	1016
f 768 	771 	1017
f 771 	1018 	1017
f 771 	770 	1018
f 770 	1019 	1018
f 770 	773 	1019
f 773 	1020 	1019
f 773 	772 	1020
f 772 	1021 	1020
f 772 	775 	1021
f 775 	1022 	1021
f 775 	774 	1022
f 774 	1023 	1022
f 774 	777 	1023
f 777 	1024 	1023
f 777 	776 	1024
f 776 	1025 	1024
f 776 	779 	1025
f 779 	1026 	1025
f 779 	778 	1026
f 778 	1027 	1026
f 778 	781 	1027
f 781 	1028 	1027
f 781 	780 	1028
f 780 	1029 	1028
f 780 	783 	1029
f 783 	1030 	1029
f 783 	782 	1030
f 782 	1031 	1030
f 782 	785 	1031
f 785 	1032 	1031
f 785 	784 	1032
f 784 	1033 	1032
f 784 	787 	1033
f 787 	1034 	1033
f 787 	786 	1034
f 786 	1035 	1034
f 786 	789 	1035
f 789 	1036 	1035
f 789 	788 	1036
f 788 	1037 	1036
f 788 	791 	1037
f 791 	1038 	1037
f 791 	790 	1038
f 790 	1039 	1038
f 790 	793 	1039
f 793 	1040 	1039
f 793 	792 	1040
f 792 	1041 	1040
f 792 	795 	1041
f 795 	1042 	1041
f 795 	794 	1042
f 794 	1043 	1042
f 794 	797 	1043
f 797 	1044 	1043
f 797 	796 	1044
f 796 	1045 	1044
f 796 	799 	1045
f 799 	1046 	1045
f 799 	798 	1046
f 798 	1047 	1046
f 798 	801 	1047
f 801 	1048 	1047
f 801 	800 	1048
f 800 	1049 	1048
f 800 	803 	1049
f 803 	1050 	1049
f 803 	802 	1050
f 802 	1051 	1050
f 802 	805 	1051
f 805 	1052 	1051
f 805 	804 	1052
f 804 	1053 	1052
f 804 	807 	1053
f 807 	1054 	1053
f 807 	806 	1054
f 806 	1055 	1054
f 806 	809 	1055
f 809 	1056 	1055
f 809 	808 	1056
f 808 	1057 	1056
f 808 	811 	1057
f 811 	1058 	1057
f 811 	810 	1058
f 810 	1059 	1058
f 810 	813 	1059
f 813 	1060 	1059
f 813 	812 	1060
f 812 	1061 	1060
f 812 	815 	1061
f 815 	1062 	1061
f 815 	814 	1062
f 814 	1063 	1062
f 814 	817 	1063
f 817 	1064 	1063
f 817 	816 	1064
f 816 	1065 	1064
f 816 	819 	1065
f 819 	1066 	1065
f 819 	818 	1066
f 818 	1067 	1066
f 818 	821 	1067
f 821 	1068 	1067
f 821 	820 	1068
f 820 	1069 	1068
f 820 	823 	1069
f 823 	1070 	1069
f 823 	822 	1070
f 822 	1071 	1070
f 822 	825 	1071
f 825 	1072 	1071
f 825 	824 	1072
f 824 	1073 	1072
f 824 	827 	1073
f 827 	1074 	1073
f 827 	826 	1074
f 826 	1075 	1074
f 826 	829 	1075
f 829 	1076 	1075
f 829 	828 	1076
f 828 	1077 	1076
f 828 	831 	1077
f 831 	1078 	1077
f 831 	830 	1078
f 830 	1079 	1078
f 830 	833 	1079
f 833 	1080 	1079
f 833 	832 	1080
f 832 	1081 	1080
f 832 	835 	1081
f 835 	1082 	1081
f 835 	834 	1082
f 834 	1083 	1082
f 834 	837 	1083
f 837 	1084 	1083
f 837 	836 	1084
f 836 	1085 	1084
f 836 	839 	1085
f 839 	1086 	1085
f 839 	838 	1086
f 838 	1087 	1086
f 838 	841 	1087
f 841 	1088 	1087
f 841 	840 	1088
f 840 	1089 	1088
f 840 	843 	1089
f 843 	1090 	1089
f 843 	842 	1090
f 842 	1091 	1090
f 842 	845 	1091
f 845 	1092 	1091
f 845 	844 	1092
f 844 	1093 	1092
f 844 	847 	1093
f 847 	1094 	1093
f 847 	846 	1094
f 846 	1095 	1094
f 846 	849 	1095
f 849 	1096 	1095
f 849 	848 	1096
f 848 	1097 	1096
f 848 	851 	1097
f 851 	1098 	1097
f 851 	850 	1098
f 850 	1099 	1098
f 850 	853 	1099
f 853 	1100 	1099
f 853 	852 	1100
f 852 	1101 	1100
f 852 	855 	1101
f 855 	1102 	1101
f 855 	854 	1102
f 854 	1103 	1102
f 854 	857 	1103
f 857 	1104 	1103
f 857 	856 	1104
f 856 	1105 	1104
f 856 	859 	1105
f 859 	1106 	1105
f 859 	858 	1106
f 858 	1107 	1106
f 858 	861 	1107
f 861 	1108 	1107
f 861 	860 	1108
f 860 	1109 	1108
f 860 	863 	1109
f 863 	1110 	1109
f 863 	862 	1110
f 862 	1111 	1110
f 862 	865 	1111
f 865 	1112 	1111
f 865 	864 	1112
f 864 	1113 	1112
f 864 	867 	1113
f 867 	1114 	1113
f 867 	866 	1114
f 866 	1115 	1114
f 866 	869 	1115
f 869 	1116 	1115
f 869 	868 	1116
f 868 	1117 	1116
f 868 	871 	1117
f 871 	1118 	1117
f 871 	870 	1118
f 870 	1119 	1118
f 870 	874 	1119
f 874 	1120 	1119
f 874 	873 	1120
f 873 	1121 	1120
f 873 	872 	1121
f 872 	1122 	1121
f 872 	905 	1122
f 905 	1153 	1122
f 905 	911 	1153
f 911 	1159 	1153
f 911 	906 	1159
f 906 	1154 	1159
f 906 	877 	1154
f 877 	1123 	1154
f 877 	876 	1123
f 876 	1124 	1123
f 876 	875 	1124
f 875 	1125 	1124
f 875 	879 	1125
f 879 	1126 	1125
f 879 	878 	1126
f 878 	1127 	1126
f 878 	881 	1127
f 881 	1128 	1127
f 881 	880 	1128
f 880 	1129 	1128
f 880 	884 	1129
f 884 	1130 	1129
f 884 	883 	1130
f 883 	1131 	1130
f 883 	882 	1131
f 882 	1132 	1131
f 882 	886 	1132
f 886 	1133 	1132
f 886 	885 	1133
f 885 	1134 	1133
f 885 	888 	1134
f 888 	1135 	1134
f 888 	887 	1135
f 887 	1136 	1135
f 887 	890 	1136
f 890 	1137 	1136
f 890 	889 	1137
f 889 	1138 	1137
f 889 	892 	1138
f 892 	1139 	1138
f 892 	891 	1139
f 891 	1140 	1139
f 891 	894 	1140
f 894 	1141 	1140
f 894 	893 	1141
f 893 	1142 	1141
f 893 	965 	1142
f 965 	1213 	1142
f 965 	963 	1213
f 963 	1211 	1213
f 963 	962 	1211
f 962 	1210 	1211
f 962 	960 	1210
f 960 	1208 	1210
f 960 	958 	1208
f 958 	1206 	1208
f 958 	956 	1206
f 956 	1204 	1206
f 956 	954 	1204
f 954 	1202 	1204
f 954 	952 	1202
f 952 	1200 	1202
f 952 	950 	1200
f 950 	1198 	1200
f 950 	948 	1198
f 948 	1196 	1198
f 948 	946 	1196
f 946 	1194 	1196
f 946 	942 	1194
f 942 	1190 	1194
f 942 	940 	1190
f 940 	1188 	1190
f 940 	938 	1188
f 938 	1186 	1188
f 938 	935 	1186
f 935 	1183 	1186
f 935 	932 	1183
f 932 	1180 	1183
f 932 	929 	1180
f 929 	1177 	1180
f 929 	927 	1177
f 927 	1175 	1177
f 927 	924 	1175
f 924 	1172 	1175
f 924 	921 	1172
f 921 	1169 	1172
f 921 	918 	1169
f 918 	1166 	1169
f 918 	915 	1166
f 915 	1163 	1166
f 915 	912 	1163
f 912 	1160 	1163
f 912 	907 	1160
f 907 	1155 	1160
f 907 	897 	1155
f 897 	1143 	1155
f 897 	896 	1143
f 896 	1144 	1143
f 896 	895 	1144
f 895 	1145 	1144
f 895 	944 	1145
f 944 	1192 	1145
f 944 	900 	1192
f 900 	1146 	1192
f 900 	899 	1146
f 899 	1147 	1146
f 899 	898 	1147
f 898 	1148 	1147
f 898 	908 	1148
f 908 	1156 	1148
f 908 	913 	1156
f 913 	1161 	1156
f 913 	916 	1161
f 916 	1164 	1161
f 916 	919 	1164
f 919 	1167 	1164
f 919 	922 	1167
f 922 	1170 	1167
f 922 	925 	1170
f 925 	1173 	1170
f 925 	928 	1173
f 928 	1176 	1173
f 928 	930 	1176
f 930 	1178 	1176
f 930 	933 	1178
f 933 	1181 	1178
f 933 	936 	1181
f 936 	1184 	1181
f 936 	973 	1184
f 973 	1221 	1184
f 973 	975 	1221
f 975 	1223 	1221
f 975 	977 	1223
f 977 	1225 	1223
f 977 	979 	1225
f 979 	1227 	1225
f 979 	980 	1227
f 980 	1228 	1227
f 980 	909 	1228
f 909 	1157 	1228
f 909 	903 	1157
f 903 	1149 	1157
f 903 	902 	1149
f 902 	1150 	1149
f 902 	901 	1150
f 901 	1151 	1150
f 901 	984 	1151
f 984 	1232 	1151
f 984 	986 	1232
f 986 	1234 	1232
f 986 	988 	1234
f 988 	1236 	1234
f 988 	990 	1236
f 990 	1238 	1236
f 990 	992 	1238
f 992 	1240 	1238
f 992 	994 	1240
f 994 	1242 	1240
f 994 	996 	1242
f 996 	1244 	1242
f 996 	998 	1244
f 998 	1246 	1244
f 998 	1000 	1246
f 1000 	1248 	1246
f 1000 	1002 	1248
f 1002 	1250 	1248
f 1002 	1004 	1250
f 1004 	1252 	1250
f 1004 	1006 	1252
f 1006 	1254 	1252
f 1006 	1008 	1254
f 1008 	1256 	1254
f 1008 	1010 	1256
f 1010 	1258 	1256
f 1010 	1009 	1258
f 1009 	1257 	1258
f 1009 	1007 	1257
f 1007 	1255 	1257
f 1007 	1005 	1255
f 1005 	1253 	1255
f 1005 	1003 	1253
f 1003 	1251 	1253
f 1003 	1001 	1251
f 1001 	1249 	1251
f 1001 	999 	1249
f 999 	1247 	1249
f 999 	997 	1247
f 997 	1245 	1247
f 997 	995 	1245
f 995 	1243 	1245
f 995 	993 	1243
f 993 	1241 	1243
f 993 	991 	1241
f 991 	1239 	1241
f 991 	989 	1239
f 989 	1237 	1239
f 989 	987 	1237
f 987 	1235 	1237
f 987 	985 	1235
f 985 	1233 	1235
f 985 	983 	1233
f 983 	1231 	1233
f 983 	982 	1231
f 982 	1230 	1231
f 982 	981 	1230
f 981 	1229 	1230
f 981 	978 	1229
f 978 	1226 	1229
f 978 	976 	1226
f 976 	1224 	1226
f 976 	974 	1224
f 974 	1222 	1224
f 974 	972 	1222
f 972 	1220 	1222
f 972 	971 	1220
f 971 	1219 	1220
f 971 	970 	1219
f 970 	1218 	1219
f 970 	969 	1218
f 969 	1217 	1218
f 969 	968 	1217
f 968 	1216 	1217
f 968 	967 	1216
f 967 	1215 	1216
f 967 	966 	1215
f 966 	1214 	1215
f 966 	964 	1214
f 964 	1212 	1214
f 964 	961 	1212
f 961 	1209 	1212
f 1259 	1260 	1261
f 1262 	1263 	1259
f 1264 	1265 	1262
f 1266 	1267 	1264
f 1268 	1269 	1266
f 1270 	1271 	1268
f 1272 	1273 	1270
f 1274 	1275 	1272
f 1276 	1277 	1274
f 1278 	1279 	1276
f 1280 	1281 	1278
f 1282 	1283 	1280
f 1284 	1285 	1282
f 1286 	1287 	1284
f 1288 	1289 	1286
f 1290 	1291 	1288
f 1292 	1293 	1290
f 1294 	1295 	1292
f 1296 	1297 	1294
f 1298 	1299 	1296
f 1300 	1301 	1298
f 1302 	1303 	1300
f 1304 	1305 	1302
f 1306 	1307 	1304
f 1308 	1309 	1306
f 1310 	1311 	1308
f 1312 	1313 	1310
f 1314 	1315 	1312
f 1316 	1317 	1314
f 1318 	1319 	1316
f 1320 	1321 	1318
f 1322 	1323 	1320
f 1324 	1325 	1322
f 1326 	1327 	1324
f 1328 	1329 	1326
f 1330 	1331 	1328
f 1332 	1333 	1330
f 1334 	1335 	1332
f 1336 	1337 	1334
f 1338 	1339 	1336
f 1340 	1341 	1338
f 1342 	1343 	1340
f 1344 	1345 	1342
f 1346 	1347 	1344
f 1348 	1349 	1346
f 1350 	1351 	1348
f 1352 	1353 	1350
f 1354 	1355 	1352
f 1356 	1357 	1354
f 1358 	1359 	1356
f 1360 	1361 	1358
f 1362 	1363 	1360
f 1364 	1365 	1362
f 1366 	1367 	1364
f 1368 	1369 	1366
f 1370 	1371 	1368
f 1372 	1373 	1370
f 1374 	1375 	1372
f 1376 	1377 	1374
f 1378 	1379 	1376
f 1380 	1381 	1378
f 1382 	1383 	1380
f 1384 	1385 	1382
f 1386 	1387 	1384
f 1388 	1389 	1386
f 1390 	1391 	1388
f 1392 	1393 	1390
f 1394 	1395 	1392
f 1396 	1397 	1394
f 1398 	1399 	1396
f 1400 	1401 	1398
f 1402 	1403 	1400
f 1404 	1405 	1402
f 1405 	1404 	1406
f 1407 	1408 	1405
f 1409 	1410 	1407
f 1411 	1412 	1409
f 1413 	1414 	1411
f 1415 	1416 	1413
f 1417 	1418 	1415
f 1419 	1420 	1421
f 1422 	1423 	1419
f 1424 	1425 	1422
f 1426 	1427 	1424
f 1428 	1429 	1426
f 1430 	1431 	1428
f 1432 	1433 	1430
f 1434 	1435 	1432
f 1436 	1437 	1434
f 1438 	1439 	1436
f 1440 	1441 	1438
f 1259 	1442 	1440
f 1443 	1260 	1259
f 1259 	1261 	1444
f 1264 	1262 	1259
f 1268 	1266 	1264
f 1272 	1270 	1268
f 1276 	1274 	1272
f 1280 	1278 	1276
f 1284 	1282 	1280
f 1288 	1286 	1284
f 1292 	1290 	1288
f 1296 	1294 	1292
f 1300 	1298 	1296
f 1304 	1302 	1300
f 1308 	1306 	1304
f 1312 	1310 	1308
f 1316 	1314 	1312
f 1320 	1318 	1316
f 1324 	1322 	1320
f 1328 	1326 	1324
f 1332 	1330 	1328
f 1336 	1334 	1332
f 1340 	1338 	1336
f 1344 	1342 	1340
f 1348 	1346 	1344
f 1352 	1350 	1348
f 1356 	1354 	1352
f 1360 	1358 	1356
f 1364 	1362 	1360
f 1368 	1366 	1364
f 1372 	1370 	1368
f 1376 	1374 	1372
f 1380 	1378 	1376
f 1384 	1382 	1380
f 1388 	1386 	1384
f 1392 	1390 	1388
f 1396 	1394 	1392
f 1400 	1398 	1396
f 1404 	1402 	1400
f 1405 	1406 	1445
f 1409 	1407 	1405
f 1413 	1411 	1409
f 1417 	1415 	1413
f 1422 	1419 	1421
f 1426 	1424 	1422
f 1430 	1428 	1426
f 1434 	1432 	1430
f 1438 	1436 	1434
f 1259 	1440 	1438
f 1446 	1443 	1259
f 1259 	1444 	1447
f 1268 	1264 	1259
f 1276 	1272 	1268
f 1284 	1280 	1276
f 1292 	1288 	1284
f 1300 	1296 	1292
f 1308 	1304 	1300
f 1316 	1312 	1308
f 1324 	1320 	1316
f 1332 	1328 	1324
f 1340 	1336 	1332
f 1348 	1344 	1340
f 1356 	1352 	1348
f 1364 	1360 	1356
f 1372 	1368 	1364
f 1380 	1376 	1372
f 1388 	1384 	1380
f 1396 	1392 	1388
f 1404 	1400 	1396
f 1405 	1445 	1448
f 1413 	1409 	1405
f 1421 	1417 	1413
f 1426 	1422 	1421
f 1434 	1430 	1426
f 1259 	1438 	1434
f 1449 	1446 	1259
f 1259 	1447 	1450
f 1276 	1268 	1259
f 1292 	1284 	1276
f 1308 	1300 	1292
f 1324 	1316 	1308
f 1348 	1340 	1332
f 1364 	1356 	1348
f 1380 	1372 	1364
f 1396 	1388 	1380
f 1451 	1404 	1396
f 1405 	1448 	1452
f 1421 	1413 	1405
f 1434 	1426 	1421
f 1449 	1259 	1434
f 1259 	1450 	1453
f 1324 	1308 	1292
f 1364 	1348 	1332
f 1454 	1451 	1396
f 1405 	1452 	1455
f 1449 	1434 	1421
f 1259 	1453 	1456
f 1457 	1454 	1396
f 1405 	1455 	1458
f 1459 	1449 	1421
f 1259 	1456 	1460
f 1461 	1457 	1396
f 1405 	1458 	1462
f 1463 	1459 	1421
f 1259 	1460 	1464
f 1465 	1461 	1396
f 1405 	1462 	1466
f 1467 	1463 	1421
f 1259 	1464 	1468
f 1469 	1465 	1396
f 1405 	1466 	1470
f 1471 	1467 	1421
f 1259 	1468 	1472
f 1473 	1469 	1396
f 1405 	1470 	1474
f 1475 	1471 	1421
f 1259 	1472 	1476
f 1477 	1473 	1396
f 1405 	1474 	1478
f 1479 	1475 	1421
f 1259 	1476 	1480
f 1481 	1477 	1396
f 1405 	1478 	1482
f 1483 	1479 	1421
f 1259 	1480 	1484
f 1485 	1481 	1396
f 1405 	1482 	1486
f 1487 	1483 	1421
f 1259 	1484 	1488
f 1489 	1485 	1396
f 1405 	1486 	1490
f 1491 	1487 	1421
f 1259 	1488 	1492
f 1493 	1489 	1396
f 1405 	1490 	1494
f 1495 	1491 	1421
f 1259 	1492 	1496
f 1493 	1396 	1380
f 1405 	1494 	1497
f 1498 	1495 	1421
f 1276 	1259 	1496
f 1499 	1493 	1380
f 1405 	1497 	1500
f 1501 	1498 	1421
f 1276 	1496 	1502
f 1503 	1499 	1380
f 1405 	1500 	1504
f 1505 	1501 	1421
f 1276 	1502 	1506
f 1507 	1503 	1380
f 1405 	1504 	1508
f 1509 	1505 	1421
f 1276 	1506 	1510
f 1511 	1507 	1380
f 1405 	1508 	1512
f 1513 	1509 	1421
f 1276 	1510 	1514
f 1515 	1511 	1380
f 1405 	1512 	1516
f 1517 	1513 	1421
f 1276 	1514 	1518
f 1519 	1515 	1380
f 1421 	1405 	1516
f 1520 	1517 	1421
f 1276 	1518 	1521
f 1522 	1519 	1380
f 1421 	1516 	1523
f 1524 	1520 	1421
f 1276 	1521 	1525
f 1526 	1522 	1380
f 1421 	1523 	1527
f 1528 	1524 	1421
f 1276 	1525 	1529
f 1530 	1526 	1380
f 1421 	1527 	1531
f 1532 	1528 	1421
f 1276 	1529 	1533
f 1534 	1530 	1380
f 1532 	1421 	1531
f 1276 	1533 	1535
f 1536 	1534 	1380
f 1532 	1531 	1537
f 1276 	1535 	1538
f 1539 	1536 	1380
f 1532 	1537 	1540
f 1292 	1276 	1538
f 1541 	1539 	1380
f 1532 	1540 	1542
f 1292 	1538 	1543
f 1544 	1541 	1380
f 1532 	1542 	1545
f 1292 	1543 	1546
f 1544 	1380 	1364
f 1532 	1545 	1547
f 1292 	1546 	1548
f 1549 	1544 	1364
f 1532 	1547 	1550
f 1292 	1548 	1551
f 1552 	1549 	1364
f 1532 	1550 	1553
f 1292 	1551 	1554
f 1555 	1552 	1364
f 1532 	1553 	1556
f 1292 	1554 	1557
f 1558 	1555 	1364
f 1532 	1556 	1559
f 1292 	1557 	1560
f 1561 	1558 	1364
f 1562 	1532 	1559
f 1292 	1560 	1563
f 1564 	1561 	1364
f 1565 	1562 	1559
f 1292 	1563 	1566
f 1567 	1564 	1364
f 1565 	1559 	1568
f 1292 	1566 	1569
f 1570 	1567 	1364
f 1565 	1568 	1571
f 1292 	1569 	1572
f 1573 	1570 	1364
f 1574 	1565 	1571
f 1292 	1572 	1575
f 1576 	1573 	1364
f 1574 	1571 	1577
f 1292 	1575 	1578
f 1579 	1576 	1364
f 1580 	1574 	1577
f 1292 	1578 	1581
f 1582 	1579 	1364
f 1580 	1577 	1583
f 1292 	1581 	1584
f 1585 	1582 	1364
f 1580 	1583 	1586
f 1292 	1584 	1587
f 1588 	1585 	1364
f 1589 	1580 	1586
f 1292 	1587 	1590
f 1591 	1588 	1364
f 1589 	1586 	1592
f 1292 	1590 	1593
f 1594 	1591 	1364
f 1595 	1589 	1592
f 1292 	1593 	1596
f 1597 	1594 	1364
f 1595 	1592 	1598
f 1292 	1596 	1599
f 1600 	1597 	1364
f 1601 	1595 	1598
f 1292 	1599 	1602
f 1603 	1600 	1364
f 1601 	1598 	1604
f 1292 	1602 	1605
f 1606 	1603 	1364
f 1607 	1601 	1604
f 1292 	1605 	1608
f 1609 	1606 	1364
f 1607 	1604 	1610
f 1324 	1292 	1608
f 1611 	1609 	1364
f 1612 	1607 	1610
f 1324 	1608 	1613
f 1614 	1611 	1364
f 1612 	1610 	1615
f 1324 	1613 	1616
f 1617 	1614 	1364
f 1618 	1612 	1615
f 1324 	1616 	1619
f 1617 	1364 	1332
f 1618 	1615 	1620
f 1324 	1619 	1621
f 1622 	1617 	1332
f 1623 	1618 	1620
f 1324 	1621 	1624
f 1620 	1622 	1332
f 1625 	1623 	1620
f 1324 	1624 	1626
f 1625 	1620 	1332
f 1324 	1626 	1627
f 1625 	1332 	1324
f 1324 	1627 	1628
f 1629 	1625 	1324
f 1324 	1628 	1630
f 1630 	1629 	1324
f 1631 	1632 	1633
f 1633 	1634 	1635
f 1635 	1636 	1637
f 1637 	1638 	1639
f 1639 	1640 	1641
f 1641 	1642 	1643
f 1643 	1644 	1645
f 1645 	1646 	1647
f 1647 	1648 	1649
f 1649 	1650 	1651
f 1651 	1652 	1653
f 1653 	1654 	1655
f 1655 	1656 	1657
f 1657 	1658 	1659
f 1659 	1660 	1661
f 1661 	1662 	1663
f 1663 	1664 	1665
f 1665 	1666 	1667
f 1667 	1668 	1669
f 1669 	1670 	1671
f 1671 	1672 	1673
f 1673 	1674 	1675
f 1675 	1676 	1677
f 1677 	1678 	1679
f 1679 	1680 	1681
f 1681 	1682 	1683
f 1683 	1684 	1685
f 1685 	1686 	1687
f 1687 	1688 	1689
f 1689 	1690 	1691
f 1691 	1692 	1693
f 1693 	1694 	1695
f 1695 	1696 	1697
f 1697 	1698 	1699
f 1699 	1700 	1701
f 1701 	1702 	1703
f 1703 	1704 	1705
f 1705 	1706 	1707
f 1707 	1708 	1709
f 1709 	1710 	1711
f 1711 	1712 	1713
f 1713 	1714 	1715
f 1715 	1716 	1717
f 1717 	1718 	1719
f 1719 	1720 	1721
f 1721 	1722 	1723
f 1723 	1724 	1725
f 1725 	1726 	1727
f 1727 	1728 	1729
f 1729 	1730 	1731
f 1731 	1732 	1733
f 1733 	1734 	1735
f 1735 	1736 	1737
f 1737 	1738 	1739
f 1739 	1740 	1741
f 1741 	1742 	1743
f 1743 	1744 	1745
f 1745 	1746 	1747
f 1747 	1748 	1749
f 1749 	1750 	1751
f 1751 	1752 	1753
f 1753 	1754 	1755
f 1755 	1756 	1757
f 1757 	1758 	1759
f 1759 	1760 	1761
f 1761 	1762 	1763
f 1763 	1764 	1765
f 1765 	1766 	1767
f 1767 	1768 	1769
f 1769 	1770 	1771
f 1771 	1772 	1773
f 1773 	1774 	1775
f 1775 	1776 	1777
f 1778 	1777 	1776
f 1776 	1779 	1780
f 1780 	1781 	1782
f 1782 	1783 	1784
f 1784 	1785 	1786
f 1786 	1787 	1788
f 1788 	1789 	1790
f 1791 	1792 	1793
f 1793 	1794 	1795
f 1795 	1796 	1797
f 1797 	1798 	1799
f 1799 	1800 	1801
f 1801 	1802 	1803
f 1803 	1804 	1805
f 1805 	1806 	1807
f 1807 	1808 	1809
f 1809 	1810 	1811
f 1811 	1812 	1813
f 1813 	1814 	1633
f 1633 	1632 	1815
f 1816 	1631 	1633
f 1633 	1635 	1637
f 1637 	1639 	1641
f 1641 	1643 	1645
f 1645 	1647 	1649
f 1649 	1651 	1653
f 1653 	1655 	1657
f 1657 	1659 	1661
f 1661 	1663 	1665
f 1665 	1667 	1669
f 1669 	1671 	1673
f 1673 	1675 	1677
f 1677 	1679 	1681
f 1681 	1683 	1685
f 1685 	1687 	1689
f 1689 	1691 	1693
f 1693 	1695 	1697
f 1697 	1699 	1701
f 1701 	1703 	1705
f 1705 	1707 	1709
f 1709 	1711 	1713
f 1713 	1715 	1717
f 1717 	1719 	1721
f 1721 	1723 	1725
f 1725 	1727 	1729
f 1729 	1731 	1733
f 1733 	1735 	1737
f 1737 	1739 	1741
f 1741 	1743 	1745
f 1745 	1747 	1749
f 1749 	1751 	1753
f 1753 	1755 	1757
f 1757 	1759 	1761
f 1761 	1763 	1765
f 1765 	1767 	1769
f 1769 	1771 	1773
f 1773 	1775 	1777
f 1817 	1778 	1776
f 1776 	1780 	1782
f 1782 	1784 	1786
f 1786 	1788 	1790
f 1791 	1793 	1795
f 1795 	1797 	1799
f 1799 	1801 	1803
f 1803 	1805 	1807
f 1807 	1809 	1811
f 1811 	1813 	1633
f 1633 	1815 	1818
f 1819 	1816 	1633
f 1633 	1637 	1641
f 1641 	1645 	1649
f 1649 	1653 	1657
f 1657 	1661 	1665
f 1665 	1669 	1673
f 1673 	1677 	1681
f 1681 	1685 	1689
f 1689 	1693 	1697
f 1697 	1701 	1705
f 1705 	1709 	1713
f 1713 	1717 	1721
f 1721 	1725 	1729
f 1729 	1733 	1737
f 1737 	1741 	1745
f 1745 	1749 	1753
f 1753 	1757 	1761
f 1761 	1765 	1769
f 1769 	1773 	1777
f 1820 	1817 	1776
f 1776 	1782 	1786
f 1786 	1790 	1791
f 1791 	1795 	1799
f 1799 	1803 	1807
f 1807 	1811 	1633
f 1633 	1818 	1821
f 1822 	1819 	1633
f 1633 	1641 	1649
f 1649 	1657 	1665
f 1665 	1673 	1681
f 1681 	1689 	1697
f 1705 	1713 	1721
f 1721 	1729 	1737
f 1737 	1745 	1753
f 1753 	1761 	1769
f 1769 	1777 	1823
f 1824 	1820 	1776
f 1776 	1786 	1791
f 1791 	1799 	1807
f 1807 	1633 	1821
f 1825 	1822 	1633
f 1665 	1681 	1697
f 1705 	1721 	1737
f 1769 	1823 	1826
f 1827 	1824 	1776
f 1791 	1807 	1821
f 1828 	1825 	1633
f 1769 	1826 	1829
f 1830 	1827 	1776
f 1791 	1821 	1831
f 1832 	1828 	1633
f 1769 	1829 	1833
f 1834 	1830 	1776
f 1791 	1831 	1835
f 1836 	1832 	1633
f 1769 	1833 	1837
f 1838 	1834 	1776
f 1791 	1835 	1839
f 1840 	1836 	1633
f 1769 	1837 	1841
f 1842 	1838 	1776
f 1791 	1839 	1843
f 1844 	1840 	1633
f 1769 	1841 	1845
f 1846 	1842 	1776
f 1791 	1843 	1847
f 1848 	1844 	1633
f 1769 	1845 	1849
f 1850 	1846 	1776
f 1791 	1847 	1851
f 1852 	1848 	1633
f 1769 	1849 	1853
f 1854 	1850 	1776
f 1791 	1851 	1855
f 1856 	1852 	1633
f 1769 	1853 	1857
f 1858 	1854 	1776
f 1791 	1855 	1859
f 1860 	1856 	1633
f 1769 	1857 	1861
f 1862 	1858 	1776
f 1791 	1859 	1863
f 1864 	1860 	1633
f 1769 	1861 	1865
f 1866 	1862 	1776
f 1791 	1863 	1867
f 1868 	1864 	1633
f 1753 	1769 	1865
f 1869 	1866 	1776
f 1791 	1867 	1870
f 1868 	1633 	1649
f 1753 	1865 	1871
f 1872 	1869 	1776
f 1791 	1870 	1873
f 1874 	1868 	1649
f 1753 	1871 	1875
f 1876 	1872 	1776
f 1791 	1873 	1877
f 1878 	1874 	1649
f 1753 	1875 	1879
f 1880 	1876 	1776
f 1791 	1877 	1881
f 1882 	1878 	1649
f 1753 	1879 	1883
f 1884 	1880 	1776
f 1791 	1881 	1885
f 1886 	1882 	1649
f 1753 	1883 	1887
f 1888 	1884 	1776
f 1791 	1885 	1889
f 1890 	1886 	1649
f 1753 	1887 	1891
f 1888 	1776 	1791
f 1791 	1889 	1892
f 1893 	1890 	1649
f 1753 	1891 	1894
f 1895 	1888 	1791
f 1791 	1892 	1896
f 1897 	1893 	1649
f 1753 	1894 	1898
f 1899 	1895 	1791
f 1791 	1896 	1900
f 1901 	1897 	1649
f 1753 	1898 	1902
f 1903 	1899 	1791
f 1791 	1900 	1904
f 1905 	1901 	1649
f 1753 	1902 	1906
f 1903 	1791 	1904
f 1907 	1905 	1649
f 1753 	1906 	1908
f 1909 	1903 	1904
f 1910 	1907 	1649
f 1753 	1908 	1911
f 1912 	1909 	1904
f 1910 	1649 	1665
f 1753 	1911 	1913
f 1914 	1912 	1904
f 1915 	1910 	1665
f 1753 	1913 	1916
f 1917 	1914 	1904
f 1918 	1915 	1665
f 1737 	1753 	1916
f 1919 	1917 	1904
f 1920 	1918 	1665
f 1737 	1916 	1921
f 1922 	1919 	1904
f 1923 	1920 	1665
f 1737 	1921 	1924
f 1925 	1922 	1904
f 1926 	1923 	1665
f 1737 	1924 	1927
f 1928 	1925 	1904
f 1929 	1926 	1665
f 1737 	1927 	1930
f 1931 	1928 	1904
f 1932 	1929 	1665
f 1737 	1930 	1933
f 1931 	1904 	1934
f 1935 	1932 	1665
f 1737 	1933 	1936
f 1931 	1934 	1937
f 1938 	1935 	1665
f 1737 	1936 	1939
f 1940 	1931 	1937
f 1941 	1938 	1665
f 1737 	1939 	1942
f 1943 	1940 	1937
f 1944 	1941 	1665
f 1737 	1942 	1945
f 1943 	1937 	1946
f 1947 	1944 	1665
f 1737 	1945 	1948
f 1949 	1943 	1946
f 1950 	1947 	1665
f 1737 	1948 	1951
f 1949 	1946 	1952
f 1953 	1950 	1665
f 1737 	1951 	1954
f 1955 	1949 	1952
f 1956 	1953 	1665
f 1737 	1954 	1957
f 1958 	1955 	1952
f 1959 	1956 	1665
f 1737 	1957 	1960
f 1958 	1952 	1961
f 1962 	1959 	1665
f 1737 	1960 	1963
f 1964 	1958 	1961
f 1965 	1962 	1665
f 1737 	1963 	1966
f 1964 	1961 	1967
f 1968 	1965 	1665
f 1737 	1966 	1969
f 1970 	1964 	1967
f 1971 	1968 	1665
f 1737 	1969 	1972
f 1970 	1967 	1973
f 1974 	1971 	1665
f 1737 	1972 	1975
f 1976 	1970 	1973
f 1977 	1974 	1665
f 1737 	1975 	1978
f 1976 	1973 	1979
f 1980 	1977 	1665
f 1737 	1978 	1981
f 1982 	1976 	1979
f 1980 	1665 	1697
f 1737 	1981 	1983
f 1982 	1979 	1984
f 1985 	1980 	1697
f 1737 	1983 	1986
f 1987 	1982 	1984
f 1988 	1985 	1697
f 1737 	1986 	1989
f 1987 	1984 	1990
f 1991 	1988 	1697
f 1705 	1737 	1989
f 1992 	1987 	1990
f 1993 	1991 	1697
f 1705 	1989 	1994
f 1992 	1990 	1995
f 1996 	1993 	1697
f 1705 	1994 	1992
f 1992 	1995 	1997
f 1998 	1996 	1697
f 1705 	1992 	1997
f 1999 	1998 	1697
f 1697 	1705 	1997
f 2000 	1999 	1697
f 1697 	1997 	2001
f 2002 	2000 	1697
f 1697 	2001 	2002
f 1263 	1262 	1634
f 1262 	1635 	1634
f 1262 	1265 	1635
f 1265 	1636 	1635
f 1265 	1264 	1636
f 1264 	1637 	1636
f 1264 	1267 	1637
f 1267 	1638 	1637
f 1267 	1266 	1638
f 1266 	1639 	1638
f 1266 	1269 	1639
f 1269 	1640 	1639
f 1269 	1268 	1640
f 1268 	1641 	1640
f 1268 	1271 	1641
f 1271 	1642 	1641
f 1271 	1270 	1642
f 1270 	1643 	1642
f 1270 	1273 	1643
f 1273 	1644 	1643
f 1273 	1272 	1644
f 1272 	1645 	1644
f 1272 	1275 	1645
f 1275 	1646 	1645
f 1275 	1274 	1646
f 1274 	1647 	1646
f 1274 	1277 	1647
f 1277 	1648 	1647
f 1277 	1276 	1648
f 1276 	1649 	1648
f 1276 	1279 	1649
f 1279 	1650 	1649
f 1279 	1278 	1650
f 1278 	1651 	1650
f 1278 	1281 	1651
f 1281 	1652 	1651
f 1281 	1280 	1652
f 1280 	1653 	1652
f 1280 	1283 	1653
f 1283 	1654 	1653
f 1283 	1282 	1654
f 1282 	1655 	1654
f 1282 	1285 	1655
f 1285 	1656 	1655
f 1285 	1284 	1656
f 1284 	1657 	1656
f 1284 	1287 	1657
f 1287 	1658 	1657
f 1287 	1286 	1658
f 1286 	1659 	1658
f 1286 	1289 	1659
f 1289 	1660 	1659
f 1289 	1288 	1660
f 1288 	1661 	1660
f 1288 	1291 	1661
f 1291 	1662 	1661
f 1291 	1290 	1662
f 1290 	1663 	1662
f 1290 	1293 	1663
f 1293 	1664 	1663
f 1293 	1292 	1664
f 1292 	1665 	1664
f 1292 	1295 	1665
f 1295 	1666 	1665
f 1295 	1294 	1666
f 1294 	1667 	1666
f 1294 	1297 	1667
f 1297 	1668 	1667
f 1297 	1296 	1668
f 1296 	1669 	1668
f 1296 	1299 	1669
f 1299 	1670 	1669
f 1299 	1298 	1670
f 1298 	1671 	1670
f 1298 	1301 	1671
f 1301 	1672 	1671
f 1301 	1300 	1672
f 1300 	1673 	1672
f 1300 	1303 	1673
f 1303 	1674 	1673
f 1303 	1302 	1674
f 1302 	1675 	1674
f 1302 	1305 	1675
f 1305 	1676 	1675
f 1305 	1304 	1676
f 1304 	1677 	1676
f 1304 	1307 	1677
f 1307 	1678 	1677
f 1307 	1306 	1678
f 1306 	1679 	1678
f 1306 	1309 	1679
f 1309 	1680 	1679
f 1309 	1308 	1680
f 1308 	1681 	1680
f 1308 	1311 	1681
f 1311 	1682 	1681
f 1311 	1310 	1682
f 1310 	1683 	1682
f 1310 	1313 	1683
f 1313 	1684 	1683
f 1313 	1312 	1684
f 1312 	1685 	1684
f 1312 	1315 	1685
f 1315 	1686 	1685
f 1315 	1314 	1686
f 1314 	1687 	1686
f 1314 	1317 	1687
f 1317 	1688 	1687
f 1317 	1316 	1688
f 1316 	1689 	1688
f 1316 	1319 	1689
f 1319 	1690 	1689
f 1319 	1318 	1690
f 1318 	1691 	1690
f 1318 	1321 	1691
f 1321 	1692 	1691
f 1321 	1320 	1692
f 1320 	1693 	1692
f 1320 	1323 	1693
f 1323 	1694 	1693
f 1323 	1322 	1694
f 1322 	1695 	1694
f 1322 	1325 	1695
f 1325 	1696 	1695
f 1325 	1324 	1696
f 1324 	1697 	1696
f 1324 	1327 	1697
f 1327 	1698 	1697
f 1327 	1326 	1698
f 1326 	1699 	1698
f 1326 	1329 	1699
f 1329 	1700 	1699
f 1329 	1328 	1700
f 1328 	1701 	1700
f 1328 	1331 	1701
f 1331 	1702 	1701
f 1331 	1330 	1702
f 1330 	1703 	1702
f 1330 	1333 	1703
f 1333 	1704 	1703
f 1333 	1332 	1704
f 1332 	1705 	1704
f 1332 	1335 	1705
f 1335 	1706 	1705
f 1335 	1334 	1706
f 1334 	1707 	1706
f 1334 	1337 	1707
f 1337 	1708 	1707
f 1337 	1336 	1708
f 1336 	1709 	1708
f 1336 	1339 	1709
f 1339 	1710 	1709
f 1339 	1338 	1710
f 1338 	1711 	1710
f 1338 	1341 	1711
f 1341 	1712 	1711
f 1341 	1340 	1712
f 1340 	1713 	1712
f 1340 	1343 	1713
f 1343 	1714 	1713
f 1343 	1342 	1714
f 1342 	1715 	1714
f 1342 	1345 	1715
f 1345 	1716 	1715
f 1345 	1344 	1716
f 1344 	1717 	1716
f 1344 	1347 	1717
f 1347 	1718 	1717
f 1347 	1346 	1718
f 1346 	1719 	1718
f 1346 	1349 	1719
f 1349 	1720 	1719
f 1349 	1348 	1720
f 1348 	1721 	1720
f 1348 	1351 	1721
f 1351 	1722 	1721
f 1351 	1350 	1722
f 1350 	1723 	1722
f 1350 	1353 	1723
f 1353 	1724 	1723
f 1353 	1352 	1724
f 1352 	1725 	1724
f 1352 	1355 	1725
f 1355 	1726 	1725
f 1355 	1354 	1726
f 1354 	1727 	1726
f 1354 	1357 	1727
f 1357 	1728 	1727
f 1357 	1356 	1728
f 1356 	1729 	1728
f 1356 	1359 	1729
f 1359 	1730 	1729
f 1359 	1358 	1730
f 1358 	1731 	1730
f 1358 	1361 	1731
f 1361 	1732 	1731
f 1361 	1360 	1732
f 1360 	1733 	1732
f 1360 	1363 	1733
f 1363 	1734 	1733
f 1363 	1362 	1734
f 1362 	1735 	1734
f 1362 	1365 	1735
f 1365 	1736 	1735
f 1365 	1364 	1736
f 1364 	1737 	1736
f 1364 	1367 	1737
f 1367 	1738 	1737
f 1367 	1366 	1738
f 1366 	1739 	1738
f 1366 	1369 	1739
f 1369 	1740 	1739
f 1369 	1368 	1740
f 1368 	1741 	1740
f 1368 	1371 	1741
f 1371 	1742 	1741
f 1371 	1370 	1742
f 1370 	1743 	1742
f 1370 	1373 	1743
f 1373 	1744 	1743
f 1373 	1372 	1744
f 1372 	1745 	1744
f 1372 	1375 	1745
f 1375 	1746 	1745
f 1375 	1374 	1746
f 1374 	1747 	1746
f 1374 	1377 	1747
f 1377 	1748 	1747
f 1377 	1376 	1748
f 1376 	1749 	1748
f 1376 	1379 	1749
f 1379 	1750 	1749
f 1379 	1378 	1750
f 1378 	1751 	1750
f 1378 	1381 	1751
f 1381 	1752 	1751
f 1381 	1380 	1752
f 1380 	1753 	1752
f 1380 	1383 	1753
f 1383 	1754 	1753
f 1383 	1382 	1754
f 1382 	1755 	1754
f 1382 	1385 	1755
f 1385 	1756 	1755
f 1385 	1384 	1756
f 1384 	1757 	1756
f 1384 	1387 	1757
f 1387 	1758 	1757
f 1387 	1386 	1758
f 1386 	1759 	1758
f 1386 	1389 	1759
f 1389 	1760 	1759
f 1389 	1388 	1760
f 1388 	1761 	1760
f 1388 	1391 	1761
f 1391 	1762 	1761
f 1391 	1390 	1762
f 1390 	1763 	1762
f 1390 	1393 	1763
f 1393 	1764 	1763
f 1393 	1392 	1764
f 1392 	1765 	1764
f 1392 	1395 	1765
f 1395 	1766 	1765
f 1395 	1394 	1766
f 1394 	1767 	1766
f 1394 	1397 	1767
f 1397 	1768 	1767
f 1397 	1396 	1768
f 1396 	1769 	1768
f 1396 	1399 	1769
f 1399 	1770 	1769
f 1399 	1398 	1770
f 1398 	1771 	1770
f 1398 	1401 	1771
f 1401 	1772 	1771
f 1401 	1400 	1772
f 1400 	1773 	1772
f 1400 	1403 	1773
f 1403 	1774 	1773
f 1403 	1402 	1774
f 1402 	1775 	1774
f 1402 	1405 	1775
f 1405 	1776 	1775
f 1405 	1408 	1776
f 1408 	1779 	1776
f 1408 	1407 	1779
f 1407 	1780 	1779
f 1407 	1410 	1780
f 1410 	1781 	1780
f 1410 	1409 	1781
f 1409 	1782 	1781
f 1409 	1412 	1782
f 1412 	1783 	1782
f 1412 	1411 	1783
f 1411 	1784 	1783
f 1411 	1414 	1784
f 1414 	1785 	1784
f 1414 	1413 	1785
f 1413 	1786 	1785
f 1413 	1416 	1786
f 1416 	1787 	1786
f 1416 	1415 	1787
f 1415 	1788 	1787
f 1415 	1418 	1788
f 1418 	1789 	1788
f 1418 	1417 	1789
f 1417 	1790 	1789
f 1417 	1421 	1790
f 1421 	1791 	1790
f 1421 	1420 	1791
f 1420 	1792 	1791
f 1420 	1419 	1792
f 1419 	1793 	1792
f 1419 	1423 	1793
f 1423 	1794 	1793
f 1423 	1422 	1794
f 1422 	1795 	1794
f 1422 	1425 	1795
f 1425 	1796 	1795
f 1425 	1424 	1796
f 1424 	1797 	1796
f 1424 	1427 	1797
f 1427 	1798 	1797
f 1427 	1426 	1798
f 1426 	1799 	1798
f 1426 	1429 	1799
f 1429 	1800 	1799
f 1429 	1428 	1800
f 1428 	1801 	1800
f 1428 	1431 	1801
f 1431 	1802 	1801
f 1431 	1430 	1802
f 1430 	1803 	1802
f 1430 	1433 	1803
f 1433 	1804 	1803
f 1433 	1432 	1804
f 1432 	1805 	1804
f 1432 	1435 	1805
f 1435 	1806 	1805
f 1435 	1434 	1806
f 1434 	1807 	1806
f 1434 	1437 	1807
f 1437 	1808 	1807
f 1437 	1436 	1808
f 1436 	1809 	1808
f 1436 	1439 	1809
f 1439 	1810 	1809
f 1439 	1438 	1810
f 1438 	1811 	1810
f 1438 	1441 	1811
f 1441 	1812 	1811
f 1441 	1440 	1812
f 1440 	1813 	1812
f 1440 	1442 	1813
f 1442 	1814 	1813
f 1442 	1259 	1814
f 1259 	1633 	1814
f 1259 	1263 	1633
f 1263 	1634 	1633
f 1525 	1521 	1897
f 1521 	1893 	1897
f 1521 	1518 	1893
f 1518 	1890 	1893
f 1518 	1514 	1890
f 1514 	1886 	1890
f 1514 	1510 	1886
f 1510 	1882 	1886
f 1510 	1506 	1882
f 1506 	1878 	1882
f 1506 	1502 	1878
f 1502 	1874 	1878
f 1502 	1496 	1874
f 1496 	1868 	1874
f 1496 	1492 	1868
f 1492 	1864 	1868
f 1492 	1488 	1864
f 1488 	1860 	1864
f 1488 	1484 	1860
f 1484 	1856 	1860
f 1484 	1480 	1856
f 1480 	1852 	1856
f 1480 	1476 	1852
f 1476 	1848 	1852
f 1476 	1472 	1848
f 1472 	1844 	1848
f 1472 	1468 	1844
f 1468 	1840 	1844
f 1468 	1464 	1840
f 1464 	1836 	1840
f 1464 	1460 	1836
f 1460 	1832 	1836
f 1460 	1456 	1832
f 1456 	1828 	1832
f 1456 	1453 	1828
f 1453 	1825 	1828
f 1453 	1450 	1825
f 1450 	1822 	1825
f 1450 	1447 	1822
f 1447 	1819 	1822
f 1447 	1444 	1819
f 1444 	1816 	1819
f 1444 	1261 	1816
f 1261 	1631 	1816
f 1261 	1260 	1631
f 1260 	1632 	1631
f 1260 	1443 	1632
f 1443 	1815 	1632
f 1443 	1446 	1815
f 1446 	1818 	1815
f 1446 	1449 	1818
f 1449 	1821 	1818
f 1449 	1459 	1821
f 1459 	1831 	1821
f 1459 	1463 	1831
f 1463 	1835 	1831
f 1463 	1467 	1835
f 1467 	1839 	1835
f 1467 	1471 	1839
f 1471 	1843 	1839
f 1471 	1475 	1843
f 1475 	1847 	1843
f 1475 	1479 	1847
f 1479 	1851 	1847
f 1479 	1483 	1851
f 1483 	1855 	1851
f 1483 	1487 	1855
f 1487 	1859 	1855
f 1487 	1491 	1859
f 1491 	1863 	1859
f 1491 	1495 	1863
f 1495 	1867 	1863
f 1495 	1498 	1867
f 1498 	1870 	1867
f 1498 	1501 	1870
f 1501 	1873 	1870
f 1501 	1505 	1873
f 1505 	1877 	1873
f 1505 	1509 	1877
f 1509 	1881 	1877
f 1509 	1513 	1881
f 1513 	1885 	1881
f 1513 	1517 	1885
f 1517 	1889 	1885
f 1517 	1520 	1889
f 1520 	1892 	1889
f 1520 	1524 	1892
f 1524 	1896 	1892
f 1524 	1528 	1896
f 1528 	1900 	1896
f 1528 	1532 	1900
f 1532 	1904 	1900
f 1532 	1562 	1904
f 1562 	1934 	1904
f 1562 	1565 	1934
f 1565 	1937 	1934
f 1565 	1574 	1937
f 1574 	1946 	1937
f 1574 	1580 	1946
f 1580 	1952 	1946
f 1580 	1589 	1952
f 1589 	1961 	1952
f 1589 	1595 	1961
f 1595 	1967 	1961
f 1595 	1601 	1967
f 1601 	1973 	1967
f 1601 	1607 	1973
f 1607 	1979 	1973
f 1607 	1612 	1979
f 1612 	1984 	1979
f 1612 	1618 	1984
f 1618 	1990 	1984
f 1618 	1623 	1990
f 1623 	1995 	1990
f 1623 	1625 	1995
f 1625 	1997 	1995
f 1625 	1629 	1997
f 1629 	2001 	1997
f 1629 	1630 	2001
f 1630 	2002 	2001
f 1630 	1628 	2002
f 1628 	2000 	2002
f 1628 	1627 	2000
f 1627 	1999 	2000
f 1627 	1626 	1999
f 1626 	1998 	1999
f 1626 	1624 	1998
f 1624 	1996 	1998
f 1624 	1621 	1996
f 1621 	1993 	1996
f 1621 	1619 	1993
f 1619 	1991 	1993
f 1619 	1616 	1991
f 1616 	1988 	1991
f 1616 	1613 	1988
f 1613 	1985 	1988
f 1613 	1608 	1985
f 1608 	1980 	1985
f 1608 	1605 	1980
f 1605 	1977 	1980
f 1605 	1602 	1977
f 1602 	1974 	1977
f 1602 	1599 	1974
f 1599 	1971 	1974
f 1599 	1596 	1971
f 1596 	1968 	1971
f 1596 	1593 	1968
f 1593 	1965 	1968
f 1593 	1590 	1965
f 1590 	1962 	1965
f 1590 	1587 	1962
f 1587 	1959 	1962
f 1587 	1584 	1959
f 1584 	1956 	1959
f 1584 	1581 	1956
f 1581 	1953 	1956
f 1581 	1578 	1953
f 1578 	1950 	1953
f 1578 	1575 	1950
f 1575 	1947 	1950
f 1575 	1572 	1947
f 1572 	1944 	1947
f 1572 	1569 	1944
f 1569 	1941 	1944
f 1569 	1566 	1941
f 1566 	1938 	1941
f 1566 	1563 	1938
f 1563 	1935 	1938
f 1563 	1560 	1935
f 1560 	1932 	1935
f 1560 	1557 	1932
f 1557 	1929 	1932
f 1557 	1554 	1929
f 1554 	1926 	1929
f 1554 	1551 	1926
f 1551 	1923 	1926
f 1551 	1548 	1923
f 1548 	1920 	1923
f 1548 	1546 	1920
f 1546 	1918 	1920
f 1546 	1543 	1918
f 1543 	1915 	1918
f 1543 	1538 	1915
f 1538 	1910 	1915
f 1538 	1535 	1910
f 1535 	1907 	1910
f 1535 	1533 	1907
f 1533 	1905 	1907
f 1533 	1529 	1905
f 1529 	1901 	1905
f 1529 	1525 	1901
f 1525 	1897 	1901
f 1614 	1617 	1986
f 1617 	1989 	1986
f 1617 	1622 	1989
f 1622 	1994 	1989
f 1622 	1620 	1994
f 1620 	1992 	1994
f 1620 	1615 	1992
f 1615 	1987 	1992
f 1615 	1610 	1987
f 1610 	1982 	1987
f 1610 	1604 	1982
f 1604 	1976 	1982
f 1604 	1598 	1976
f 1598 	1970 	1976
f 1598 	1592 	1970
f 1592 	1964 	1970
f 1592 	1586 	1964
f 1586 	1958 	1964
f 1586 	1583 	1958
f 1583 	1955 	1958
f 1583 	1577 	1955
f 1577 	1949 	1955
f 1577 	1571 	1949
f 1571 	1943 	1949
f 1571 	1568 	1943
f 1568 	1940 	1943
f 1568 	1559 	1940
f 1559 	1931 	1940
f 1559 	1556 	1931
f 1556 	1928 	1931
f 1556 	1553 	1928
f 1553 	1925 	1928
f 1553 	1550 	1925
f 1550 	1922 	1925
f 1550 	1547 	1922
f 1547 	1919 	1922
f 1547 	1545 	1919
f 1545 	1917 	1919
f 1545 	1542 	1917
f 1542 	1914 	1917
f 1542 	1540 	1914
f 1540 	1912 	1914
f 1540 	1537 	1912
f 1537 	1909 	1912
f 1537 	1531 	1909
f 1531 	1903 	1909
f 1531 	1527 	1903
f 1527 	1899 	1903
f 1527 	1523 	1899
f 1523 	1895 	1899
f 1523 	1516 	1895
f 1516 	1888 	1895
f 1516 	1512 	1888
f 1512 	1884 	1888
f 1512 	1508 	1884
f 1508 	1880 	1884
f 1508 	1504 	1880
f 1504 	1876 	1880
f 1504 	1500 	1876
f 1500 	1872 	1876
f 1500 	1497 	1872
f 1497 	1869 	1872
f 1497 	1494 	1869
f 1494 	1866 	1869
f 1494 	1490 	1866
f 1490 	1862 	1866
f 1490 	1486 	1862
f 1486 	1858 	1862
f 1486 	1482 	1858
f 1482 	1854 	1858
f 1482 	1478 	1854
f 1478 	1850 	1854
f 1478 	1474 	1850
f 1474 	1846 	1850
f 1474 	1470 	1846
f 1470 	1842 	1846
f 1470 	1466 	1842
f 1466 	1838 	1842
f 1466 	1462 	1838
f 1462 	1834 	1838
f 1462 	1458 	1834
f 1458 	1830 	1834
f 1458 	1455 	1830
f 1455 	1827 	1830
f 1455 	1452 	1827
f 1452 	1824 	1827
f 1452 	1448 	1824
f 1448 	1820 	1824
f 1448 	1445 	1820
f 1445 	1817 	1820
f 1445 	1406 	1817
f 1406 	1778 	1817
f 1406 	1404 	1778
f 1404 	1777 	1778
f 1404 	1451 	1777
f 1451 	1823 	1777
f 1451 	1454 	1823
f 1454 	1826 	1823
f 1454 	1457 	1826
f 1457 	1829 	1826
f 1457 	1461 	1829
f 1461 	1833 	1829
f 1461 	1465 	1833
f 1465 	1837 	1833
f 1465 	1469 	1837
f 1469 	1841 	1837
f 1469 	1473 	1841
f 1473 	1845 	1841
f 1473 	1477 	1845
f 1477 	1849 	1845
f 1477 	1481 	1849
f 1481 	1853 	1849
f 1481 	1485 	1853
f 1485 	1857 	1853
f 1485 	1489 	1857
f 1489 	1861 	1857
f 1489 	1493 	1861
f 1493 	1865 	1861
f 1493 	1499 	1865
f 1499 	1871 	1865
f 1499 	1503 	1871
f 1503 	1875 	1871
f 1503 	1507 	1875
f 1507 	1879 	1875
f 1507 	1511 	1879
f 1511 	1883 	1879
f 1511 	1515 	1883
f 1515 	1887 	1883
f 1515 	1519 	1887
f 1519 	1891 	1887
f 1519 	1522 	1891
f 1522 	1894 	1891
f 1522 	1526 	1894
f 1526 	1898 	1894
f 1526 	1530 	1898
f 1530 	1902 	1898
f 1530 	1534 	1902
f 1534 	1906 	1902
f 1534 	1536 	1906
f 1536 	1908 	1906
f 1536 	1539 	1908
f 1539 	1911 	1908
f 1539 	1541 	1911
f 1541 	1913 	1911
f 1541 	1544 	1913
f 1544 	1916 	1913
f 1544 	1549 	1916
f 1549 	1921 	1916
f 1549 	1552 	1921
f 1552 	1924 	1921
f 1552 	1555 	1924
f 1555 	1927 	1924
f 1555 	1558 	1927
f 1558 	1930 	1927
f 1558 	1561 	1930
f 1561 	1933 	1930
f 1561 	1564 	1933
f 1564 	1936 	1933
f 1564 	1567 	1936
f 1567 	1939 	1936
f 1567 	1570 	1939
f 1570 	1942 	1939
f 1570 	1573 	1942
f 1573 	1945 	1942
f 1573 	1576 	1945
f 1576 	1948 	1945
f 1576 	1579 	1948
f 1579 	1951 	1948
f 1579 	1582 	1951
f 1582 	1954 	1951
f 1582 	1585 	1954
f 1585 	1957 	1954
f 1585 	1588 	1957
f 1588 	1960 	1957
f 1588 	1591 	1960
f 1591 	1963 	1960
f 1591 	1594 	1963
f 1594 	1966 	1963
f 1594 	1597 	1966
f 1597 	1969 	1966
f 1597 	1600 	1969
f 1600 	1972 	1969
f 1600 	1603 	1972
f 1603 	1975 	1972
f 1603 	1606 	1975
f 1606 	1978 	1975
f 1606 	1609 	1978
f 1609 	1981 	1978
f 1609 	1611 	1981
f 1611 	1983 	1981
f 1611 	1614 	1983
f 1614 	1986 	1983
f 2003 	2004 	2005
f 2006 	2007 	2003
f 2008 	2009 	2006
f 2010 	2011 	2008
f 2012 	2013 	2010
f 2014 	2015 	2012
f 2016 	2017 	2014
f 2018 	2019 	2016
f 2020 	2021 	2018
f 2022 	2023 	2020
f 2024 	2025 	2022
f 2026 	2027 	2024
f 2028 	2029 	2026
f 2030 	2031 	2032
f 2031 	2030 	2033
f 2034 	2035 	2036
f 2037 	2038 	2034
f 2039 	2040 	2041
f 2042 	2043 	2039
f 2044 	2045 	2042
f 2046 	2047 	2044
f 2048 	2049 	2046
f 2050 	2051 	2048
f 2052 	2053 	2050
f 2054 	2055 	2052
f 2056 	2057 	2054
f 2058 	2059 	2056
f 2060 	2061 	2058
f 2062 	2063 	2060
f 2003 	2005 	2062
f 2008 	2006 	2003
f 2012 	2010 	2008
f 2016 	2014 	2012
f 2020 	2018 	2016
f 2024 	2022 	2020
f 2028 	2026 	2024
f 2030 	2032 	2064
f 2031 	2033 	2065
f 2034 	2036 	2066
f 2067 	2037 	2034
f 2042 	2039 	2041
f 2046 	2044 	2042
f 2050 	2048 	2046
f 2054 	2052 	2050
f 2058 	2056 	2054
f 2062 	2060 	2058
f 2008 	2003 	2062
f 2016 	2012 	2008
f 2024 	2020 	2016
f 2068 	2028 	2024
f 2030 	2064 	2069
f 2031 	2065 	2070
f 2034 	2066 	2071
f 2072 	2067 	2034
f 2046 	2042 	2041
f 2054 	2050 	2046
f 2062 	2058 	2054
f 2016 	2008 	2062
f 2068 	2024 	2016
f 2030 	2069 	2073
f 2031 	2070 	2074
f 2034 	2071 	2075
f 2076 	2072 	2034
f 2054 	2046 	2041
f 2016 	2062 	2054
f 2077 	2068 	2016
f 2030 	2073 	2078
f 2079 	2031 	2074
f 2034 	2075 	2080
f 2081 	2076 	2034
f 2082 	2077 	2016
f 2030 	2078 	2083
f 2034 	2080 	2084
f 2085 	2081 	2034
f 2086 	2082 	2016
f 2030 	2083 	2087
f 2034 	2084 	2088
f 2089 	2085 	2034
f 2090 	2086 	2016
f 2030 	2087 	2091
f 2034 	2088 	2092
f 2093 	2089 	2034
f 2094 	2090 	2016
f 2030 	2091 	2095
f 2034 	2092 	2096
f 2097 	2093 	2034
f 2098 	2094 	2016
f 2030 	2095 	2099
f 2034 	2096 	2100
f 2101 	2097 	2034
f 2102 	2098 	2016
f 2103 	2030 	2099
f 2034 	2100 	2104
f 2105 	2101 	2034
f 2106 	2102 	2016
f 2103 	2099 	2107
f 2034 	2104 	2108
f 2109 	2105 	2034
f 2110 	2106 	2016
f 2103 	2107 	2111
f 2109 	2034 	2108
f 2112 	2110 	2016
f 2103 	2111 	2113
f 2109 	2108 	2114
f 2115 	2112 	2016
f 2103 	2113 	2115
f 2109 	2114 	2116
f 2103 	2115 	2016
f 2109 	2116 	2117
f 2118 	2103 	2016
f 2109 	2117 	2119
f 2120 	2118 	2016
f 2109 	2119 	2121
f 2122 	2120 	2016
f 2109 	2121 	2123
f 2124 	2122 	2016
f 2109 	2123 	2125
f 2126 	2124 	2016
f 2109 	2125 	2127
f 2128 	2126 	2016
f 2109 	2127 	2129
f 2130 	2128 	2016
f 2109 	2129 	2131
f 2132 	2130 	2016
f 2109 	2131 	2133
f 2134 	2132 	2016
f 2109 	2133 	2079
f 2135 	2134 	2016
f 2136 	2109 	2079
f 2137 	2135 	2016
f 2138 	2136 	2079
f 2139 	2137 	2016
f 2140 	2138 	2079
f 2141 	2139 	2016
f 2142 	2140 	2079
f 2143 	2141 	2016
f 2144 	2142 	2079
f 2143 	2016 	2054
f 2145 	2144 	2079
f 2146 	2143 	2054
f 2147 	2145 	2079
f 2148 	2146 	2054
f 2149 	2147 	2079
f 2150 	2148 	2054
f 2151 	2149 	2079
f 2152 	2150 	2054
f 2153 	2151 	2079
f 2154 	2152 	2054
f 2155 	2153 	2079
f 2156 	2154 	2054
f 2157 	2155 	2079
f 2158 	2156 	2054
f 2159 	2157 	2079
f 2160 	2158 	2054
f 2161 	2159 	2079
f 2162 	2160 	2054
f 2041 	2161 	2079
f 2163 	2162 	2054
f 2041 	2079 	2074
f 2164 	2163 	2054
f 2041 	2074 	2165
f 2166 	2164 	2054
f 2041 	2165 	2167
f 2168 	2166 	2054
f 2041 	2167 	2169
f 2170 	2168 	2054
f 2041 	2169 	2171
f 2172 	2170 	2054
f 2041 	2171 	2173
f 2174 	2172 	2054
f 2041 	2173 	2175
f 2176 	2174 	2054
f 2054 	2041 	2175
f 2177 	2176 	2054
f 2054 	2175 	2178
f 2179 	2177 	2054
f 2054 	2178 	2180
f 2181 	2179 	2054
f 2054 	2180 	2182
f 2183 	2181 	2054
f 2054 	2182 	2184
f 2184 	2183 	2054
f 2185 	2186 	2187
f 2187 	2188 	2189
f 2189 	2190 	2191
f 2191 	2192 	2193
f 2193 	2194 	2195
f 2195 	2196 	2197
f 2197 	2198 	2199
f 2199 	2200 	2201
f 2201 	2202 	2203
f 2203 	2204 	2205
f 2205 	2206 	2207
f 2207 	2208 	2209
f 2209 	2210 	2211
f 2212 	2213 	2214
f 2215 	2214 	2213
f 2216 	2217 	2218
f 2218 	2219 	2220
f 2221 	2222 	2223
f 2223 	2224 	2225
f 2225 	2226 	2227
f 2227 	2228 	2229
f 2229 	2230 	2231
f 2231 	2232 	2233
f 2233 	2234 	2235
f 2235 	2236 	2237
f 2237 	2238 	2239
f 2239 	2240 	2241
f 2241 	2242 	2243
f 2243 	2244 	2245
f 2245 	2185 	2187
f 2187 	2189 	2191
f 2191 	2193 	2195
f 2195 	2197 	2199
f 2199 	2201 	2203
f 2203 	2205 	2207
f 2207 	2209 	2211
f 2246 	2212 	2214
f 2247 	2215 	2213
f 2248 	2216 	2218
f 2218 	2220 	2249
f 2221 	2223 	2225
f 2225 	2227 	2229
f 2229 	2231 	2233
f 2233 	2235 	2237
f 2237 	2239 	2241
f 2241 	2243 	2245
f 2245 	2187 	2191
f 2191 	2195 	2199
f 2199 	2203 	2207
f 2207 	2211 	2250
f 2251 	2246 	2214
f 2252 	2247 	2213
f 2253 	2248 	2218
f 2218 	2249 	2254
f 2221 	2225 	2229
f 2229 	2233 	2237
f 2237 	2241 	2245
f 2245 	2191 	2199
f 2199 	2207 	2250
f 2255 	2251 	2214
f 2256 	2252 	2213
f 2257 	2253 	2218
f 2218 	2254 	2258
f 2221 	2229 	2237
f 2237 	2245 	2199
f 2199 	2250 	2259
f 2260 	2255 	2214
f 2256 	2213 	2261
f 2262 	2257 	2218
f 2218 	2258 	2263
f 2199 	2259 	2264
f 2265 	2260 	2214
f 2266 	2262 	2218
f 2218 	2263 	2267
f 2199 	2264 	2268
f 2269 	2265 	2214
f 2270 	2266 	2218
f 2218 	2267 	2271
f 2199 	2268 	2272
f 2273 	2269 	2214
f 2274 	2270 	2218
f 2218 	2271 	2275
f 2199 	2272 	2276
f 2277 	2273 	2214
f 2278 	2274 	2218
f 2218 	2275 	2279
f 2199 	2276 	2280
f 2281 	2277 	2214
f 2282 	2278 	2218
f 2218 	2279 	2283
f 2199 	2280 	2284
f 2281 	2214 	2285
f 2286 	2282 	2218
f 2218 	2283 	2287
f 2199 	2284 	2288
f 2289 	2281 	2285
f 2290 	2286 	2218
f 2218 	2287 	2291
f 2199 	2288 	2292
f 2293 	2289 	2285
f 2290 	2218 	2291
f 2199 	2292 	2294
f 2295 	2293 	2285
f 2296 	2290 	2291
f 2199 	2294 	2297
f 2297 	2295 	2285
f 2298 	2296 	2291
f 2199 	2297 	2285
f 2299 	2298 	2291
f 2199 	2285 	2300
f 2301 	2299 	2291
f 2199 	2300 	2302
f 2303 	2301 	2291
f 2199 	2302 	2304
f 2305 	2303 	2291
f 2199 	2304 	2306
f 2307 	2305 	2291
f 2199 	2306 	2308
f 2309 	2307 	2291
f 2199 	2308 	2310
f 2311 	2309 	2291
f 2199 	2310 	2312
f 2313 	2311 	2291
f 2199 	2312 	2314
f 2315 	2313 	2291
f 2199 	2314 	2316
f 2261 	2315 	2291
f 2199 	2316 	2317
f 2261 	2291 	2318
f 2199 	2317 	2319
f 2261 	2318 	2320
f 2199 	2319 	2321
f 2261 	2320 	2322
f 2199 	2321 	2323
f 2261 	2322 	2324
f 2199 	2323 	2325
f 2261 	2324 	2326
f 2237 	2199 	2325
f 2261 	2326 	2327
f 2237 	2325 	2328
f 2261 	2327 	2329
f 2237 	2328 	2330
f 2261 	2329 	2331
f 2237 	2330 	2332
f 2261 	2331 	2333
f 2237 	2332 	2334
f 2261 	2333 	2335
f 2237 	2334 	2336
f 2261 	2335 	2337
f 2237 	2336 	2338
f 2261 	2337 	2339
f 2237 	2338 	2340
f 2261 	2339 	2341
f 2237 	2340 	2342
f 2261 	2341 	2343
f 2237 	2342 	2344
f 2261 	2343 	2221
f 2237 	2344 	2345
f 2256 	2261 	2221
f 2237 	2345 	2346
f 2347 	2256 	2221
f 2237 	2346 	2348
f 2349 	2347 	2221
f 2237 	2348 	2350
f 2351 	2349 	2221
f 2237 	2350 	2352
f 2353 	2351 	2221
f 2237 	2352 	2354
f 2355 	2353 	2221
f 2237 	2354 	2356
f 2357 	2355 	2221
f 2237 	2356 	2358
f 2357 	2221 	2237
f 2237 	2358 	2359
f 2360 	2357 	2237
f 2237 	2359 	2361
f 2362 	2360 	2237
f 2237 	2361 	2363
f 2364 	2362 	2237
f 2237 	2363 	2365
f 2366 	2364 	2237
f 2237 	2365 	2366
f 2004 	2003 	2186
f 2003 	2187 	2186
f 2003 	2007 	2187
f 2007 	2188 	2187
f 2007 	2006 	2188
f 2006 	2189 	2188
f 2006 	2009 	2189
f 2009 	2190 	2189
f 2009 	2008 	2190
f 2008 	2191 	2190
f 2008 	2011 	2191
f 2011 	2192 	2191
f 2011 	2010 	2192
f 2010 	2193 	2192
f 2010 	2013 	2193
f 2013 	2194 	2193
f 2013 	2012 	2194
f 2012 	2195 	2194
f 2012 	2015 	2195
f 2015 	2196 	2195
f 2015 	2014 	2196
f 2014 	2197 	2196
f 2014 	2017 	2197
f 2017 	2198 	2197
f 2017 	2016 	2198
f 2016 	2199 	2198
f 2016 	2019 	2199
f 2019 	2200 	2199
f 2019 	2018 	2200
f 2018 	2201 	2200
f 2018 	2021 	2201
f 2021 	2202 	2201
f 2021 	2020 	2202
f 2020 	2203 	2202
f 2020 	2023 	2203
f 2023 	2204 	2203
f 2023 	2022 	2204
f 2022 	2205 	2204
f 2022 	2025 	2205
f 2025 	2206 	2205
f 2025 	2024 	2206
f 2024 	2207 	2206
f 2024 	2027 	2207
f 2027 	2208 	2207
f 2027 	2026 	2208
f 2026 	2209 	2208
f 2026 	2029 	2209
f 2029 	2210 	2209
f 2029 	2028 	2210
f 2028 	2211 	2210
f 2028 	2068 	2211
f 2068 	2250 	2211
f 2068 	2077 	2250
f 2077 	2259 	2250
f 2077 	2082 	2259
f 2082 	2264 	2259
f 2082 	2086 	2264
f 2086 	2268 	2264
f 2086 	2090 	2268
f 2090 	2272 	2268
f 2090 	2094 	2272
f 2094 	2276 	2272
f 2094 	2098 	2276
f 2098 	2280 	2276
f 2098 	2102 	2280
f 2102 	2284 	2280
f 2102 	2106 	2284
f 2106 	2288 	2284
f 2106 	2110 	2288
f 2110 	2292 	2288
f 2110 	2112 	2292
f 2112 	2294 	2292
f 2112 	2115 	2294
f 2115 	2297 	2294
f 2115 	2113 	2297
f 2113 	2295 	2297
f 2113 	2111 	2295
f 2111 	2293 	2295
f 2111 	2107 	2293
f 2107 	2289 	2293
f 2107 	2099 	2289
f 2099 	2281 	2289
f 2099 	2095 	2281
f 2095 	2277 	2281
f 2095 	2091 	2277
f 2091 	2273 	2277
f 2091 	2087 	2273
f 2087 	2269 	2273
f 2087 	2083 	2269
f 2083 	2265 	2269
f 2083 	2078 	2265
f 2078 	2260 	2265
f 2078 	2073 	2260
f 2073 	2255 	2260
f 2073 	2069 	2255
f 2069 	2251 	2255
f 2069 	2064 	2251
f 2064 	2246 	2251
f 2064 	2032 	2246
f 2032 	2212 	2246
f 2032 	2031 	2212
f 2031 	2213 	2212
f 2031 	2079 	2213
f 2079 	2261 	2213
f 2079 	2133 	2261
f 2133 	2315 	2261
f 2133 	2131 	2315
f 2131 	2313 	2315
f 2131 	2129 	2313
f 2129 	2311 	2313
f 2129 	2127 	2311
f 2127 	2309 	2311
f 2127 	2125 	2309
f 2125 	2307 	2309
f 2125 	2123 	2307
f 2123 	2305 	2307
f 2123 	2121 	2305
f 2121 	2303 	2305
f 2121 	2119 	2303
f 2119 	2301 	2303
f 2119 	2117 	2301
f 2117 	2299 	2301
f 2117 	2116 	2299
f 2116 	2298 	2299
f 2116 	2114 	2298
f 2114 	2296 	2298
f 2114 	2108 	2296
f 2108 	2290 	2296
f 2108 	2104 	2290
f 2104 	2286 	2290
f 2104 	2100 	2286
f 2100 	2282 	2286
f 2100 	2096 	2282
f 2096 	2278 	2282
f 2096 	2092 	2278
f 2092 	2274 	2278
f 2092 	2088 	2274
f 2088 	2270 	2274
f 2088 	2084 	2270
f 2084 	2266 	2270
f 2084 	2080 	2266
f 2080 	2262 	2266
f 2080 	2075 	2262
f 2075 	2257 	2262
f 2075 	2071 	2257
f 2071 	2253 	2257
f 2071 	2066 	2253
f 2066 	2248 	2253
f 2066 	2036 	2248
f 2036 	2216 	2248
f 2036 	2035 	2216
f 2035 	2217 	2216
f 2035 	2034 	2217
f 2034 	2218 	2217
f 2034 	2038 	2218
f 2038 	2219 	2218
f 2038 	2037 	2219
f 2037 	2220 	2219
f 2037 	2067 	2220
f 2067 	2249 	2220
f 2067 	2072 	2249
f 2072 	2254 	2249
f 2072 	2076 	2254
f 2076 	2258 	2254
f 2076 	2081 	2258
f 2081 	2263 	2258
f 2081 	2085 	2263
f 2085 	2267 	2263
f 2085 	2089 	2267
f 2089 	2271 	2267
f 2089 	2093 	2271
f 2093 	2275 	2271
f 2093 	2097 	2275
f 2097 	2279 	2275
f 2097 	2101 	2279
f 2101 	2283 	2279
f 2101 	2105 	2283
f 2105 	2287 	2283
f 2105 	2109 	2287
f 2109 	2291 	2287
f 2109 	2136 	2291
f 2136 	2318 	2291
f 2136 	2138 	2318
f 2138 	2320 	2318
f 2138 	2140 	2320
f 2140 	2322 	2320
f 2140 	2142 	2322
f 2142 	2324 	2322
f 2142 	2144 	2324
f 2144 	2326 	2324
f 2144 	2145 	2326
f 2145 	2327 	2326
f 2145 	2147 	2327
f 2147 	2329 	2327
f 2147 	2149 	2329
f 2149 	2331 	2329
f 2149 	2151 	2331
f 2151 	2333 	2331
f 2151 	2153 	2333
f 2153 	2335 	2333
f 2153 	2155 	2335
f 2155 	2337 	2335
f 2155 	2157 	2337
f 2157 	2339 	2337
f 2157 	2159 	2339
f 2159 	2341 	2339
f 2159 	2161 	2341
f 2161 	2343 	2341
f 2161 	2041 	2343
f 2041 	2221 	2343
f 2041 	2040 	2221
f 2040 	2222 	2221
f 2040 	2039 	2222
f 2039 	2223 	2222
f 2039 	2043 	2223
f 2043 	2224 	2223
f 2043 	2042 	2224
f 2042 	2225 	2224
f 2042 	2045 	2225
f 2045 	2226 	2225
f 2045 	2044 	2226
f 2044 	2227 	2226
f 2044 	2047 	2227
f 2047 	2228 	2227
f 2047 	2046 	2228
f 2046 	2229 	2228
f 2046 	2049 	2229
f 2049 	2230 	2229
f 2049 	2048 	2230
f 2048 	2231 	2230
f 2048 	2051 	2231
f 2051 	2232 	2231
f 2051 	2050 	2232
f 2050 	2233 	2232
f 2050 	2053 	2233
f 2053 	2234 	2233
f 2053 	2052 	2234
f 2052 	2235 	2234
f 2052 	2055 	2235
f 2055 	2236 	2235
f 2055 	2054 	2236
f 2054 	2237 	2236
f 2054 	2057 	2237
f 2057 	2238 	2237
f 2057 	2056 	2238
f 2056 	2239 	2238
f 2056 	2059 	2239
f 2059 	2240 	2239
f 2059 	2058 	2240
f 2058 	2241 	2240
f 2058 	2061 	2241
f 2061 	2242 	2241
f 2061 	2060 	2242
f 2060 	2243 	2242
f 2060 	2063 	2243
f 2063 	2244 	2243
f 2063 	2062 	2244
f 2062 	2245 	2244
f 2062 	2005 	2245
f 2005 	2185 	2245
f 2005 	2004 	2185
f 2004 	2186 	2185
f 2103 	2118 	2285
f 2118 	2300 	2285
f 2118 	2120 	2300
f 2120 	2302 	2300
f 2120 	2122 	2302
f 2122 	2304 	2302
f 2122 	2124 	2304
f 2124 	2306 	2304
f 2124 	2126 	2306
f 2126 	2308 	2306
f 2126 	2128 	2308
f 2128 	2310 	2308
f 2128 	2130 	2310
f 2130 	2312 	2310
f 2130 	2132 	2312
f 2132 	2314 	2312
f 2132 	2134 	2314
f 2134 	2316 	2314
f 2134 	2135 	2316
f 2135 	2317 	2316
f 2135 	2137 	2317
f 2137 	2319 	2317
f 2137 	2139 	2319
f 2139 	2321 	2319
f 2139 	2141 	2321
f 2141 	2323 	2321
f 2141 	2143 	2323
f 2143 	2325 	2323
f 2143 	2146 	2325
f 2146 	2328 	2325
f 2146 	2148 	2328
f 2148 	2330 	2328
f 2148 	2150 	2330
f 2150 	2332 	2330
f 2150 	2152 	2332
f 2152 	2334 	2332
f 2152 	2154 	2334
f 2154 	2336 	2334
f 2154 	2156 	2336
f 2156 	2338 	2336
f 2156 	2158 	2338
f 2158 	2340 	2338
f 2158 	2160 	2340
f 2160 	2342 	2340
f 2160 	2162 	2342
f 2162 	2344 	2342
f 2162 	2163 	2344
f 2163 	2345 	2344
f 2163 	2164 	2345
f 2164 	2346 	2345
f 2164 	2166 	2346
f 2166 	2348 	2346
f 2166 	2168 	2348
f 2168 	2350 	2348
f 2168 	2170 	2350
f 2170 	2352 	2350
f 2170 	2172 	2352
f 2172 	2354 	2352
f 2172 	2174 	2354
f 2174 	2356 	2354
f 2174 	2176 	2356
f 2176 	2358 	2356
f 2176 	2177 	2358
f 2177 	2359 	2358
f 2177 	2179 	2359
f 2179 	2361 	2359
f 2179 	2181 	2361
f 2181 	2363 	2361
f 2181 	2183 	2363
f 2183 	2365 	2363
f 2183 	2184 	2365
f 2184 	2366 	2365
f 2184 	2182 	2366
f 2182 	2364 	2366
f 2182 	2180 	2364
f 2180 	2362 	2364
f 2180 	2178 	2362
f 2178 	2360 	2362
f 2178 	2175 	2360
f 2175 	2357 	2360
f 2175 	2173 	2357
f 2173 	2355 	2357
f 2173 	2171 	2355
f 2171 	2353 	2355
f 2171 	2169 	2353
f 2169 	2351 	2353
f 2169 	2167 	2351
f 2167 	2349 	2351
f 2167 	2165 	2349
f 2165 	2347 	2349
f 2165 	2074 	2347
f 2074 	2256 	2347
f 2074 	2070 	2256
f 2070 	2252 	2256
f 2070 	2065 	2252
f 2065 	2247 	2252
f 2065 	2033 	2247
f 2033 	2215 	2247
f 2033 	2030 	2215
f 2030 	2214 	2215
f 2030 	2103 	2214
f 2103 	2285 	2214
f 2367 	2368 	2369
f 2370 	2371 	2367
f 2372 	2373 	2374
f 2375 	2376 	2372
f 2377 	2378 	2379
f 2367 	2369 	2380
f 2381 	2370 	2367
f 2372 	2374 	2382
f 2383 	2375 	2372
f 2367 	2380 	2384
f 2385 	2381 	2367
f 2372 	2382 	2386
f 2387 	2383 	2372
f 2367 	2384 	2388
f 2389 	2385 	2367
f 2372 	2386 	2390
f 2391 	2387 	2372
f 2367 	2388 	2392
f 2393 	2389 	2367
f 2372 	2390 	2394
f 2395 	2391 	2372
f 2367 	2392 	2396
f 2397 	2393 	2367
f 2372 	2394 	2398
f 2399 	2395 	2372
f 2367 	2396 	2400
f 2401 	2397 	2367
f 2372 	2398 	2402
f 2379 	2399 	2372
f 2367 	2400 	2403
f 2404 	2401 	2367
f 2372 	2402 	2405
f 2377 	2379 	2372
f 2367 	2403 	2406
f 2407 	2404 	2367
f 2372 	2405 	2408
f 2409 	2377 	2372
f 2367 	2406 	2410
f 2411 	2407 	2367
f 2372 	2408 	2412
f 2413 	2409 	2372
f 2367 	2410 	2414
f 2415 	2411 	2367
f 2372 	2412 	2416
f 2417 	2413 	2372
f 2367 	2414 	2418
f 2419 	2415 	2367
f 2372 	2416 	2420
f 2421 	2417 	2372
f 2367 	2418 	2422
f 2423 	2419 	2367
f 2421 	2372 	2420
f 2367 	2422 	2424
f 2425 	2423 	2367
f 2421 	2420 	2426
f 2367 	2424 	2427
f 2428 	2425 	2367
f 2421 	2426 	2429
f 2367 	2427 	2430
f 2421 	2429 	2431
f 2367 	2430 	2432
f 2421 	2431 	2433
f 2367 	2432 	2434
f 2421 	2433 	2435
f 2367 	2434 	2436
f 2421 	2435 	2437
f 2367 	2436 	2438
f 2421 	2437 	2439
f 2367 	2438 	2440
f 2421 	2439 	2441
f 2428 	2367 	2440
f 2421 	2441 	2442
f 2428 	2440 	2443
f 2421 	2442 	2444
f 2428 	2443 	2445
f 2421 	2444 	2446
f 2428 	2445 	2447
f 2421 	2446 	2448
f 2428 	2447 	2449
f 2421 	2448 	2450
f 2428 	2449 	2451
f 2452 	2421 	2450
f 2428 	2451 	2453
f 2454 	2452 	2450
f 2428 	2453 	2455
f 2456 	2454 	2450
f 2428 	2455 	2457
f 2458 	2456 	2450
f 2428 	2457 	2459
f 2460 	2458 	2450
f 2428 	2459 	2461
f 2462 	2460 	2450
f 2428 	2461 	2463
f 2464 	2462 	2450
f 2450 	2428 	2463
f 2463 	2464 	2450
f 2465 	2466 	2467
f 2467 	2468 	2469
f 2470 	2471 	2472
f 2472 	2473 	2474
f 2475 	2476 	2477
f 2478 	2465 	2467
f 2467 	2469 	2479
f 2480 	2470 	2472
f 2472 	2474 	2481
f 2482 	2478 	2467
f 2467 	2479 	2483
f 2484 	2480 	2472
f 2472 	2481 	2485
f 2486 	2482 	2467
f 2467 	2483 	2487
f 2488 	2484 	2472
f 2472 	2485 	2489
f 2490 	2486 	2467
f 2467 	2487 	2491
f 2492 	2488 	2472
f 2472 	2489 	2493
f 2494 	2490 	2467
f 2467 	2491 	2495
f 2496 	2492 	2472
f 2472 	2493 	2497
f 2498 	2494 	2467
f 2467 	2495 	2499
f 2500 	2496 	2472
f 2472 	2497 	2475
f 2501 	2498 	2467
f 2467 	2499 	2502
f 2503 	2500 	2472
f 2472 	2475 	2477
f 2504 	2501 	2467
f 2467 	2502 	2505
f 2506 	2503 	2472
f 2472 	2477 	2507
f 2508 	2504 	2467
f 2467 	2505 	2509
f 2510 	2506 	2472
f 2472 	2507 	2511
f 2512 	2508 	2467
f 2467 	2509 	2513
f 2514 	2510 	2472
f 2472 	2511 	2515
f 2516 	2512 	2467
f 2467 	2513 	2517
f 2518 	2514 	2472
f 2472 	2515 	2519
f 2520 	2516 	2467
f 2467 	2517 	2521
f 2518 	2472 	2519
f 2522 	2520 	2467
f 2467 	2521 	2523
f 2524 	2518 	2519
f 2525 	2522 	2467
f 2467 	2523 	2526
f 2527 	2524 	2519
f 2528 	2525 	2467
f 2529 	2527 	2519
f 2530 	2528 	2467
f 2531 	2529 	2519
f 2532 	2530 	2467
f 2533 	2531 	2519
f 2534 	2532 	2467
f 2535 	2533 	2519
f 2536 	2534 	2467
f 2537 	2535 	2519
f 2538 	2536 	2467
f 2539 	2537 	2519
f 2538 	2467 	2526
f 2540 	2539 	2519
f 2541 	2538 	2526
f 2542 	2540 	2519
f 2543 	2541 	2526
f 2544 	2542 	2519
f 2545 	2543 	2526
f 2546 	2544 	2519
f 2547 	2545 	2526
f 2548 	2546 	2519
f 2549 	2547 	2526
f 2548 	2519 	2550
f 2551 	2549 	2526
f 2548 	2550 	2552
f 2553 	2551 	2526
f 2548 	2552 	2554
f 2555 	2553 	2526
f 2548 	2554 	2556
f 2557 	2555 	2526
f 2548 	2556 	2558
f 2559 	2557 	2526
f 2548 	2558 	2560
f 2561 	2559 	2526
f 2548 	2560 	2562
f 2561 	2526 	2548
f 2548 	2562 	2561
f 2367 	2371 	2467
f 2371 	2468 	2467
f 2371 	2370 	2468
f 2370 	2469 	2468
f 2370 	2381 	2469
f 2381 	2479 	2469
f 2381 	2385 	2479
f 2385 	2483 	2479
f 2385 	2389 	2483
f 2389 	2487 	2483
f 2389 	2393 	2487
f 2393 	2491 	2487
f 2393 	2397 	2491
f 2397 	2495 	2491
f 2397 	2401 	2495
f 2401 	2499 	2495
f 2401 	2404 	2499
f 2404 	2502 	2499
f 2404 	2407 	2502
f 2407 	2505 	2502
f 2407 	2411 	2505
f 2411 	2509 	2505
f 2411 	2415 	2509
f 2415 	2513 	2509
f 2415 	2419 	2513
f 2419 	2517 	2513
f 2419 	2423 	2517
f 2423 	2521 	2517
f 2423 	2425 	2521
f 2425 	2523 	2521
f 2425 	2428 	2523
f 2428 	2526 	2523
f 2428 	2450 	2526
f 2450 	2548 	2526
f 2450 	2448 	2548
f 2448 	2546 	2548
f 2448 	2446 	2546
f 2446 	2544 	2546
f 2446 	2444 	2544
f 2444 	2542 	2544
f 2444 	2442 	2542
f 2442 	2540 	2542
f 2442 	2441 	2540
f 2441 	2539 	2540
f 2441 	2439 	2539
f 2439 	2537 	2539
f 2439 	2437 	2537
f 2437 	2535 	2537
f 2437 	2435 	2535
f 2435 	2533 	2535
f 2435 	2433 	2533
f 2433 	2531 	2533
f 2433 	2431 	2531
f 2431 	2529 	2531
f 2431 	2429 	2529
f 2429 	2527 	2529
f 2429 	2426 	2527
f 2426 	2524 	2527
f 2426 	2420 	2524
f 2420 	2518 	2524
f 2420 	2416 	2518
f 2416 	2514 	2518
f 2416 	2412 	2514
f 2412 	2510 	2514
f 2412 	2408 	2510
f 2408 	2506 	2510
f 2408 	2405 	2506
f 2405 	2503 	2506
f 2405 	2402 	2503
f 2402 	2500 	2503
f 2402 	2398 	2500
f 2398 	2496 	2500
f 2398 	2394 	2496
f 2394 	2492 	2496
f 2394 	2390 	2492
f 2390 	2488 	2492
f 2390 	2386 	2488
f 2386 	2484 	2488
f 2386 	2382 	2484
f 2382 	2480 	2484
f 2382 	2374 	2480
f 2374 	2470 	2480
f 2374 	2373 	2470
f 2373 	2471 	2470
f 2373 	2372 	2471
f 2372 	2472 	2471
f 2372 	2376 	2472
f 2376 	2473 	2472
f 2376 	2375 	2473
f 2375 	2474 	2473
f 2375 	2383 	2474
f 2383 	2481 	2474
f 2383 	2387 	2481
f 2387 	2485 	2481
f 2387 	2391 	2485
f 2391 	2489 	2485
f 2391 	2395 	2489
f 2395 	2493 	2489
f 2395 	2399 	2493
f 2399 	2497 	2493
f 2399 	2379 	2497
f 2379 	2475 	2497
f 2379 	2378 	2475
f 2378 	2476 	2475
f 2378 	2377 	2476
f 2377 	2477 	2476
f 2377 	2409 	2477
f 2409 	2507 	2477
f 2409 	2413 	2507
f 2413 	2511 	2507
f 2413 	2417 	2511
f 2417 	2515 	2511
f 2417 	2421 	2515
f 2421 	2519 	2515
f 2421 	2452 	2519
f 2452 	2550 	2519
f 2452 	2454 	2550
f 2454 	2552 	2550
f 2454 	2456 	2552
f 2456 	2554 	2552
f 2456 	2458 	2554
f 2458 	2556 	2554
f 2458 	2460 	2556
f 2460 	2558 	2556
f 2460 	2462 	2558
f 2462 	2560 	2558
f 2462 	2464 	2560
f 2464 	2562 	2560
f 2464 	2463 	2562
f 2463 	2561 	2562
f 2463 	2461 	2561
f 2461 	2559 	2561
f 2461 	2459 	2559
f 2459 	2557 	2559
f 2459 	2457 	2557
f 2457 	2555 	2557
f 2457 	2455 	2555
f 2455 	2553 	2555
f 2455 	2453 	2553
f 2453 	2551 	2553
f 2453 	2451 	2551
f 2451 	2549 	2551
f 2451 	2449 	2549
f 2449 	2547 	2549
f 2449 	2447 	2547
f 2447 	2545 	2547
f 2447 	2445 	2545
f 2445 	2543 	2545
f 2445 	2443 	2543
f 2443 	2541 	2543
f 2443 	2440 	2541
f 2440 	2538 	2541
f 2440 	2438 	2538
f 2438 	2536 	2538
f 2438 	2436 	2536
f 2436 	2534 	2536
f 2436 	2434 	2534
f 2434 	2532 	2534
f 2434 	2432 	2532
f 2432 	2530 	2532
f 2432 	2430 	2530
f 2430 	2528 	2530
f 2430 	2427 	2528
f 2427 	2525 	2528
f 2427 	2424 	2525
f 2424 	2522 	2525
f 2424 	2422 	2522
f 2422 	2520 	2522
f 2422 	2418 	2520
f 2418 	2516 	2520
f 2418 	2414 	2516
f 2414 	2512 	2516
f 2414 	2410 	2512
f 2410 	2508 	2512
f 2410 	2406 	2508
f 2406 	2504 	2508
f 2406 	2403 	2504
f 2403 	2501 	2504
f 2403 	2400 	2501
f 2400 	2498 	2501
f 2400 	2396 	2498
f 2396 	2494 	2498
f 2396 	2392 	2494
f 2392 	2490 	2494
f 2392 	2388 	2490
f 2388 	2486 	2490
f 2388 	2384 	2486
f 2384 	2482 	2486
f 2384 	2380 	2482
f 2380 	2478 	2482
f 2380 	2369 	2478
f 2369 	2465 	2478
f 2369 	2368 	2465
f 2368 	2466 	2465
f 2368 	2367 	2466
f 2367 	2467 	2466
f 2563 	2564 	2565
f 2566 	2567 	2563
f 2568 	2569 	2570
f 2571 	2572 	2573
f 2574 	2575 	2571
f 2576 	2577 	2578
f 2579 	2580 	2576
f 2581 	2582 	2579
f 2583 	2584 	2581
f 2585 	2586 	2583
f 2587 	2588 	2585
f 2589 	2590 	2587
f 2591 	2592 	2589
f 2593 	2594 	2591
f 2595 	2596 	2593
f 2597 	2598 	2595
f 2599 	2600 	2597
f 2601 	2602 	2599
f 2603 	2604 	2605
f 2606 	2607 	2603
f 2608 	2609 	2610
f 2611 	2612 	2613
f 2563 	2565 	2614
f 2615 	2566 	2563
f 2616 	2568 	2570
f 2571 	2573 	2617
f 2618 	2574 	2571
f 2581 	2579 	2576
f 2585 	2583 	2581
f 2589 	2587 	2585
f 2593 	2591 	2589
f 2597 	2595 	2593
f 2601 	2599 	2597
f 2603 	2605 	2619
f 2620 	2606 	2603
f 2563 	2614 	2621
f 2622 	2615 	2563
f 2623 	2616 	2570
f 2571 	2617 	2624
f 2625 	2618 	2571
f 2581 	2576 	2578
f 2589 	2585 	2581
f 2597 	2593 	2589
f 2626 	2601 	2597
f 2603 	2619 	2627
f 2628 	2620 	2603
f 2563 	2621 	2629
f 2630 	2622 	2563
f 2571 	2624 	2631
f 2632 	2625 	2571
f 2589 	2581 	2578
f 2626 	2597 	2589
f 2603 	2627 	2633
f 2634 	2628 	2603
f 2563 	2629 	2635
f 2636 	2630 	2563
f 2571 	2631 	2637
f 2638 	2632 	2571
f 2603 	2633 	2639
f 2640 	2634 	2603
f 2563 	2635 	2641
f 2642 	2636 	2563
f 2571 	2637 	2643
f 2644 	2638 	2571
f 2603 	2639 	2645
f 2646 	2640 	2603
f 2563 	2641 	2647
f 2648 	2642 	2563
f 2571 	2643 	2649
f 2650 	2644 	2571
f 2603 	2645 	2651
f 2610 	2646 	2603
f 2563 	2647 	2652
f 2653 	2648 	2563
f 2571 	2649 	2654
f 2655 	2650 	2571
f 2603 	2651 	2656
f 2608 	2610 	2603
f 2563 	2652 	2657
f 2658 	2653 	2563
f 2571 	2654 	2659
f 2660 	2655 	2571
f 2608 	2603 	2656
f 2563 	2657 	2661
f 2662 	2658 	2563
f 2571 	2659 	2663
f 2664 	2660 	2571
f 2608 	2656 	2665
f 2563 	2661 	2666
f 2667 	2662 	2563
f 2571 	2663 	2668
f 2669 	2664 	2571
f 2608 	2665 	2670
f 2563 	2666 	2671
f 2672 	2667 	2563
f 2571 	2668 	2673
f 2674 	2669 	2571
f 2608 	2670 	2675
f 2563 	2671 	2676
f 2677 	2672 	2563
f 2571 	2673 	2678
f 2679 	2674 	2571
f 2608 	2675 	2680
f 2563 	2676 	2681
f 2571 	2678 	2682
f 2683 	2679 	2571
f 2608 	2680 	2684
f 2563 	2681 	2685
f 2683 	2571 	2682
f 2608 	2684 	2686
f 2563 	2685 	2687
f 2683 	2682 	2688
f 2608 	2686 	2689
f 2563 	2687 	2690
f 2683 	2688 	2691
f 2608 	2689 	2692
f 2563 	2690 	2693
f 2683 	2691 	2694
f 2608 	2692 	2695
f 2563 	2693 	2696
f 2683 	2694 	2697
f 2608 	2695 	2698
f 2563 	2696 	2699
f 2683 	2697 	2700
f 2608 	2698 	2701
f 2563 	2699 	2702
f 2683 	2700 	2703
f 2608 	2701 	2704
f 2563 	2702 	2705
f 2683 	2703 	2706
f 2608 	2704 	2707
f 2563 	2705 	2708
f 2683 	2706 	2623
f 2608 	2707 	2709
f 2563 	2708 	2710
f 2711 	2683 	2623
f 2712 	2608 	2709
f 2563 	2710 	2713
f 2714 	2711 	2623
f 2712 	2709 	2715
f 2563 	2713 	2716
f 2717 	2714 	2623
f 2712 	2715 	2718
f 2677 	2563 	2716
f 2719 	2717 	2623
f 2712 	2718 	2626
f 2720 	2677 	2716
f 2721 	2719 	2623
f 2722 	2712 	2626
f 2720 	2716 	2611
f 2723 	2721 	2623
f 2724 	2722 	2626
f 2725 	2720 	2611
f 2723 	2623 	2570
f 2726 	2724 	2626
f 2727 	2725 	2611
f 2728 	2723 	2570
f 2729 	2726 	2626
f 2727 	2611 	2613
f 2730 	2728 	2570
f 2731 	2729 	2626
f 2727 	2613 	2732
f 2733 	2730 	2570
f 2734 	2731 	2626
f 2727 	2732 	2735
f 2736 	2733 	2570
f 2734 	2626 	2589
f 2727 	2735 	2737
f 2578 	2736 	2570
f 2738 	2734 	2589
f 2727 	2737 	2739
f 2589 	2578 	2570
f 2740 	2738 	2589
f 2727 	2739 	2741
f 2589 	2570 	2742
f 2743 	2740 	2589
f 2744 	2727 	2741
f 2589 	2742 	2745
f 2741 	2743 	2589
f 2746 	2744 	2741
f 2589 	2745 	2747
f 2748 	2746 	2741
f 2589 	2747 	2749
f 2750 	2748 	2741
f 2589 	2749 	2751
f 2751 	2750 	2741
f 2741 	2589 	2751
f 2752 	2753 	2754
f 2754 	2755 	2756
f 2757 	2758 	2759
f 2760 	2761 	2762
f 2762 	2763 	2764
f 2765 	2766 	2767
f 2767 	2768 	2769
f 2769 	2770 	2771
f 2771 	2772 	2773
f 2773 	2774 	2775
f 2775 	2776 	2777
f 2777 	2778 	2779
f 2779 	2780 	2781
f 2781 	2782 	2783
f 2783 	2784 	2785
f 2785 	2786 	2787
f 2787 	2788 	2789
f 2789 	2790 	2791
f 2792 	2793 	2794
f 2794 	2795 	2796
f 2797 	2798 	2799
f 2800 	2801 	2802
f 2803 	2752 	2754
f 2754 	2756 	2804
f 2757 	2759 	2805
f 2806 	2760 	2762
f 2762 	2764 	2807
f 2767 	2769 	2771
f 2771 	2773 	2775
f 2775 	2777 	2779
f 2779 	2781 	2783
f 2783 	2785 	2787
f 2787 	2789 	2791
f 2808 	2792 	2794
f 2794 	2796 	2809
f 2810 	2803 	2754
f 2754 	2804 	2811
f 2757 	2805 	2812
f 2813 	2806 	2762
f 2762 	2807 	2814
f 2765 	2767 	2771
f 2771 	2775 	2779
f 2779 	2783 	2787
f 2787 	2791 	2815
f 2816 	2808 	2794
f 2794 	2809 	2817
f 2818 	2810 	2754
f 2754 	2811 	2819
f 2820 	2813 	2762
f 2762 	2814 	2821
f 2765 	2771 	2779
f 2779 	2787 	2815
f 2822 	2816 	2794
f 2794 	2817 	2823
f 2824 	2818 	2754
f 2754 	2819 	2825
f 2826 	2820 	2762
f 2762 	2821 	2827
f 2828 	2822 	2794
f 2794 	2823 	2829
f 2830 	2824 	2754
f 2754 	2825 	2831
f 2832 	2826 	2762
f 2762 	2827 	2833
f 2834 	2828 	2794
f 2794 	2829 	2835
f 2836 	2830 	2754
f 2754 	2831 	2837
f 2838 	2832 	2762
f 2762 	2833 	2839
f 2840 	2834 	2794
f 2794 	2835 	2797
f 2841 	2836 	2754
f 2754 	2837 	2842
f 2843 	2838 	2762
f 2762 	2839 	2844
f 2845 	2840 	2794
f 2794 	2797 	2799
f 2846 	2841 	2754
f 2754 	2842 	2847
f 2848 	2843 	2762
f 2762 	2844 	2849
f 2845 	2794 	2799
f 2850 	2846 	2754
f 2754 	2847 	2851
f 2852 	2848 	2762
f 2762 	2849 	2853
f 2854 	2845 	2799
f 2855 	2850 	2754
f 2754 	2851 	2856
f 2857 	2852 	2762
f 2762 	2853 	2858
f 2859 	2854 	2799
f 2860 	2855 	2754
f 2754 	2856 	2861
f 2862 	2857 	2762
f 2762 	2858 	2863
f 2864 	2859 	2799
f 2865 	2860 	2754
f 2754 	2861 	2866
f 2867 	2862 	2762
f 2762 	2863 	2868
f 2869 	2864 	2799
f 2870 	2865 	2754
f 2871 	2867 	2762
f 2762 	2868 	2872
f 2873 	2869 	2799
f 2874 	2870 	2754
f 2871 	2762 	2872
f 2875 	2873 	2799
f 2876 	2874 	2754
f 2877 	2871 	2872
f 2878 	2875 	2799
f 2879 	2876 	2754
f 2880 	2877 	2872
f 2881 	2878 	2799
f 2882 	2879 	2754
f 2883 	2880 	2872
f 2884 	2881 	2799
f 2885 	2882 	2754
f 2886 	2883 	2872
f 2887 	2884 	2799
f 2888 	2885 	2754
f 2889 	2886 	2872
f 2890 	2887 	2799
f 2891 	2888 	2754
f 2892 	2889 	2872
f 2893 	2890 	2799
f 2894 	2891 	2754
f 2895 	2892 	2872
f 2896 	2893 	2799
f 2897 	2894 	2754
f 2812 	2895 	2872
f 2898 	2896 	2799
f 2899 	2897 	2754
f 2812 	2872 	2900
f 2898 	2799 	2901
f 2902 	2899 	2754
f 2812 	2900 	2903
f 2904 	2898 	2901
f 2905 	2902 	2754
f 2812 	2903 	2906
f 2907 	2904 	2901
f 2905 	2754 	2866
f 2812 	2906 	2908
f 2815 	2907 	2901
f 2905 	2866 	2909
f 2812 	2908 	2910
f 2815 	2901 	2911
f 2802 	2905 	2909
f 2812 	2910 	2912
f 2815 	2911 	2913
f 2802 	2909 	2914
f 2757 	2812 	2912
f 2815 	2913 	2915
f 2802 	2914 	2916
f 2757 	2912 	2917
f 2815 	2915 	2918
f 2800 	2802 	2916
f 2757 	2917 	2919
f 2815 	2918 	2920
f 2921 	2800 	2916
f 2757 	2919 	2922
f 2815 	2920 	2923
f 2924 	2921 	2916
f 2757 	2922 	2925
f 2779 	2815 	2923
f 2926 	2924 	2916
f 2757 	2925 	2765
f 2779 	2923 	2927
f 2928 	2926 	2916
f 2757 	2765 	2779
f 2779 	2927 	2929
f 2930 	2928 	2916
f 2931 	2757 	2779
f 2779 	2929 	2932
f 2930 	2916 	2933
f 2934 	2931 	2779
f 2779 	2932 	2930
f 2930 	2933 	2935
f 2936 	2934 	2779
f 2930 	2935 	2937
f 2938 	2936 	2779
f 2930 	2937 	2939
f 2940 	2938 	2779
f 2930 	2939 	2940
f 2940 	2779 	2930
f 2563 	2567 	2754
f 2567 	2755 	2754
f 2567 	2566 	2755
f 2566 	2756 	2755
f 2566 	2615 	2756
f 2615 	2804 	2756
f 2615 	2622 	2804
f 2622 	2811 	2804
f 2622 	2630 	2811
f 2630 	2819 	2811
f 2630 	2636 	2819
f 2636 	2825 	2819
f 2636 	2642 	2825
f 2642 	2831 	2825
f 2642 	2648 	2831
f 2648 	2837 	2831
f 2648 	2653 	2837
f 2653 	2842 	2837
f 2653 	2658 	2842
f 2658 	2847 	2842
f 2658 	2662 	2847
f 2662 	2851 	2847
f 2662 	2667 	2851
f 2667 	2856 	2851
f 2667 	2672 	2856
f 2672 	2861 	2856
f 2672 	2677 	2861
f 2677 	2866 	2861
f 2677 	2720 	2866
f 2720 	2909 	2866
f 2720 	2725 	2909
f 2725 	2914 	2909
f 2725 	2727 	2914
f 2727 	2916 	2914
f 2727 	2744 	2916
f 2744 	2933 	2916
f 2744 	2746 	2933
f 2746 	2935 	2933
f 2746 	2748 	2935
f 2748 	2937 	2935
f 2748 	2750 	2937
f 2750 	2939 	2937
f 2750 	2751 	2939
f 2751 	2940 	2939
f 2751 	2749 	2940
f 2749 	2938 	2940
f 2749 	2747 	2938
f 2747 	2936 	2938
f 2747 	2745 	2936
f 2745 	2934 	2936
f 2745 	2742 	2934
f 2742 	2931 	2934
f 2742 	2570 	2931
f 2570 	2757 	2931
f 2570 	2569 	2757
f 2569 	2758 	2757
f 2569 	2568 	2758
f 2568 	2759 	2758
f 2568 	2616 	2759
f 2616 	2805 	2759
f 2616 	2623 	2805
f 2623 	2812 	2805
f 2623 	2706 	2812
f 2706 	2895 	2812
f 2706 	2703 	2895
f 2703 	2892 	2895
f 2703 	2700 	2892
f 2700 	2889 	2892
f 2700 	2697 	2889
f 2697 	2886 	2889
f 2697 	2694 	2886
f 2694 	2883 	2886
f 2694 	2691 	2883
f 2691 	2880 	2883
f 2691 	2688 	2880
f 2688 	2877 	2880
f 2688 	2682 	2877
f 2682 	2871 	2877
f 2682 	2678 	2871
f 2678 	2867 	2871
f 2678 	2673 	2867
f 2673 	2862 	2867
f 2673 	2668 	2862
f 2668 	2857 	2862
f 2668 	2663 	2857
f 2663 	2852 	2857
f 2663 	2659 	2852
f 2659 	2848 	2852
f 2659 	2654 	2848
f 2654 	2843 	2848
f 2654 	2649 	2843
f 2649 	2838 	2843
f 2649 	2643 	2838
f 2643 	2832 	2838
f 2643 	2637 	2832
f 2637 	2826 	2832
f 2637 	2631 	2826
f 2631 	2820 	2826
f 2631 	2624 	2820
f 2624 	2813 	2820
f 2624 	2617 	2813
f 2617 	2806 	2813
f 2617 	2573 	2806
f 2573 	2760 	2806
f 2573 	2572 	2760
f 2572 	2761 	2760
f 2572 	2571 	2761
f 2571 	2762 	2761
f 2571 	2575 	2762
f 2575 	2763 	2762
f 2575 	2574 	2763
f 2574 	2764 	2763
f 2574 	2618 	2764
f 2618 	2807 	2764
f 2618 	2625 	2807
f 2625 	2814 	2807
f 2625 	2632 	2814
f 2632 	2821 	2814
f 2632 	2638 	2821
f 2638 	2827 	2821
f 2638 	2644 	2827
f 2644 	2833 	2827
f 2644 	2650 	2833
f 2650 	2839 	2833
f 2650 	2655 	2839
f 2655 	2844 	2839
f 2655 	2660 	2844
f 2660 	2849 	2844
f 2660 	2664 	2849
f 2664 	2853 	2849
f 2664 	2669 	2853
f 2669 	2858 	2853
f 2669 	2674 	2858
f 2674 	2863 	2858
f 2674 	2679 	2863
f 2679 	2868 	2863
f 2679 	2683 	2868
f 2683 	2872 	2868
f 2683 	2711 	2872
f 2711 	2900 	2872
f 2711 	2714 	2900
f 2714 	2903 	2900
f 2714 	2717 	2903
f 2717 	2906 	2903
f 2717 	2719 	2906
f 2719 	2908 	2906
f 2719 	2721 	2908
f 2721 	2910 	2908
f 2721 	2723 	2910
f 2723 	2912 	2910
f 2723 	2728 	2912
f 2728 	2917 	2912
f 2728 	2730 	2917
f 2730 	2919 	2917
f 2730 	2733 	2919
f 2733 	2922 	2919
f 2733 	2736 	2922
f 2736 	2925 	2922
f 2736 	2578 	2925
f 2578 	2765 	2925
f 2578 	2577 	2765
f 2577 	2766 	2765
f 2577 	2576 	2766
f 2576 	2767 	2766
f 2576 	2580 	2767
f 2580 	2768 	2767
f 2580 	2579 	2768
f 2579 	2769 	2768
f 2579 	2582 	2769
f 2582 	2770 	2769
f 2582 	2581 	2770
f 2581 	2771 	2770
f 2581 	2584 	2771
f 2584 	2772 	2771
f 2584 	2583 	2772
f 2583 	2773 	2772
f 2583 	2586 	2773
f 2586 	2774 	2773
f 2586 	2585 	2774
f 2585 	2775 	2774
f 2585 	2588 	2775
f 2588 	2776 	2775
f 2588 	2587 	2776
f 2587 	2777 	2776
f 2587 	2590 	2777
f 2590 	2778 	2777
f 2590 	2589 	2778
f 2589 	2779 	2778
f 2589 	2592 	2779
f 2592 	2780 	2779
f 2592 	2591 	2780
f 2591 	2781 	2780
f 2591 	2594 	2781
f 2594 	2782 	2781
f 2594 	2593 	2782
f 2593 	2783 	2782
f 2593 	2596 	2783
f 2596 	2784 	2783
f 2596 	2595 	2784
f 2595 	2785 	2784
f 2595 	2598 	2785
f 2598 	2786 	2785
f 2598 	2597 	2786
f 2597 	2787 	2786
f 2597 	2600 	2787
f 2600 	2788 	2787
f 2600 	2599 	2788
f 2599 	2789 	2788
f 2599 	2602 	2789
f 2602 	2790 	2789
f 2602 	2601 	2790
f 2601 	2791 	2790
f 2601 	2626 	2791
f 2626 	2815 	2791
f 2626 	2718 	2815
f 2718 	2907 	2815
f 2718 	2715 	2907
f 2715 	2904 	2907
f 2715 	2709 	2904
f 2709 	2898 	2904
f 2709 	2707 	2898
f 2707 	2896 	2898
f 2707 	2704 	2896
f 2704 	2893 	2896
f 2704 	2701 	2893
f 2701 	2890 	2893
f 2701 	2698 	2890
f 2698 	2887 	2890
f 2698 	2695 	2887
f 2695 	2884 	2887
f 2695 	2692 	2884
f 2692 	2881 	2884
f 2692 	2689 	2881
f 2689 	2878 	2881
f 2689 	2686 	2878
f 2686 	2875 	2878
f 2686 	2684 	2875
f 2684 	2873 	2875
f 2684 	2680 	2873
f 2680 	2869 	2873
f 2680 	2675 	2869
f 2675 	2864 	2869
f 2675 	2670 	2864
f 2670 	2859 	2864
f 2670 	2665 	2859
f 2665 	2854 	2859
f 2665 	2656 	2854
f 2656 	2845 	2854
f 2656 	2651 	2845
f 2651 	2840 	2845
f 2651 	2645 	2840
f 2645 	2834 	2840
f 2645 	2639 	2834
f 2639 	2828 	2834
f 2639 	2633 	2828
f 2633 	2822 	2828
f 2633 	2627 	2822
f 2627 	2816 	2822
f 2627 	2619 	2816
f 2619 	2808 	2816
f 2619 	2605 	2808
f 2605 	2792 	2808
f 2605 	2604 	2792
f 2604 	2793 	2792
f 2604 	2603 	2793
f 2603 	2794 	2793
f 2603 	2607 	2794
f 2607 	2795 	2794
f 2607 	2606 	2795
f 2606 	2796 	2795
f 2606 	2620 	2796
f 2620 	2809 	2796
f 2620 	2628 	2809
f 2628 	2817 	2809
f 2628 	2634 	2817
f 2634 	2823 	2817
f 2634 	2640 	2823
f 2640 	2829 	2823
f 2640 	2646 	2829
f 2646 	2835 	2829
f 2646 	2610 	2835
f 2610 	2797 	2835
f 2610 	2609 	2797
f 2609 	2798 	2797
f 2609 	2608 	2798
f 2608 	2799 	2798
f 2608 	2712 	2799
f 2712 	2901 	2799
f 2712 	2722 	2901
f 2722 	2911 	2901
f 2722 	2724 	2911
f 2724 	2913 	2911
f 2724 	2726 	2913
f 2726 	2915 	2913
f 2726 	2729 	2915
f 2729 	2918 	2915
f 2729 	2731 	2918
f 2731 	2920 	2918
f 2731 	2734 	2920
f 2734 	2923 	2920
f 2734 	2738 	2923
f 2738 	2927 	2923
f 2738 	2740 	2927
f 2740 	2929 	2927
f 2740 	2743 	2929
f 2743 	2932 	2929
f 2743 	2741 	2932
f 2741 	2930 	2932
f 2741 	2739 	2930
f 2739 	2928 	2930
f 2739 	2737 	2928
f 2737 	2926 	2928
f 2737 	2735 	2926
f 2735 	2924 	2926
f 2735 	2732 	2924
f 2732 	2921 	2924
f 2732 	2613 	2921
f 2613 	2800 	2921
f 2613 	2612 	2800
f 2612 	2801 	2800
f 2612 	2611 	2801
f 2611 	2802 	2801
f 2611 	2716 	2802
f 2716 	2905 	2802
f 2716 	2713 	2905
f 2713 	2902 	2905
f 2713 	2710 	2902
f 2710 	2899 	2902
f 2710 	2708 	2899
f 2708 	2897 	2899
f 2708 	2705 	2897
f 2705 	2894 	2897
f 2705 	2702 	2894
f 2702 	2891 	2894
f 2702 	2699 	2891
f 2699 	2888 	2891
f 2699 	2696 	2888
f 2696 	2885 	2888
f 2696 	2693 	2885
f 2693 	2882 	2885
f 2693 	2690 	2882
f 2690 	2879 	2882
f 2690 	2687 	2879
f 2687 	2876 	2879
f 2687 	2685 	2876
f 2685 	2874 	2876
f 2685 	2681 	2874
f 2681 	2870 	2874
f 2681 	2676 	2870
f 2676 	2865 	2870
f 2676 	2671 	2865
f 2671 	2860 	2865
f 2671 	2666 	2860
f 2666 	2855 	2860
f 2666 	2661 	2855
f 2661 	2850 	2855
f 2661 	2657 	2850
f 2657 	2846 	2850
f 2657 	2652 	2846
f 2652 	2841 	2846
f 2652 	2647 	2841
f 2647 	2836 	2841
f 2647 	2641 	2836
f 2641 	2830 	2836
f 2641 	2635 	2830
f 2635 	2824 	2830
f 2635 	2629 	2824
f 2629 	2818 	2824
f 2629 	2621 	2818
f 2621 	2810 	2818
f 2621 	2614 	2810
f 2614 	2803 	2810
f 2614 	2565 	2803
f 2565 	2752 	2803
f 2565 	2564 	2752
f 2564 	2753 	2752
f 2564 	2563 	2753
f 2563 	2754 	2753
f 2941 	2942 	2943
f 2944 	2945 	2941
f 2946 	2947 	2948
f 2949 	2950 	2951
f 2952 	2953 	2954
f 2955 	2956 	2957
f 2958 	2959 	2960
f 2961 	2962 	2958
f 2963 	2964 	2965
f 2941 	2943 	2966
f 2967 	2944 	2941
f 2949 	2951 	2968
f 2969 	2952 	2954
f 2958 	2960 	2970
f 2971 	2961 	2958
f 2941 	2966 	2972
f 2973 	2967 	2941
f 2949 	2968 	2974
f 2975 	2969 	2954
f 2958 	2970 	2976
f 2977 	2971 	2958
f 2941 	2972 	2978
f 2979 	2973 	2941
f 2949 	2974 	2980
f 2981 	2975 	2954
f 2958 	2976 	2982
f 2983 	2977 	2958
f 2941 	2978 	2984
f 2985 	2979 	2941
f 2949 	2980 	2986
f 2987 	2981 	2954
f 2958 	2982 	2988
f 2989 	2983 	2958
f 2941 	2984 	2990
f 2991 	2985 	2941
f 2949 	2986 	2946
f 2992 	2987 	2954
f 2958 	2988 	2993
f 2994 	2989 	2958
f 2941 	2990 	2995
f 2996 	2991 	2941
f 2949 	2946 	2948
f 2957 	2992 	2954
f 2958 	2993 	2997
f 2998 	2994 	2958
f 2941 	2995 	2999
f 3000 	2996 	2941
f 2949 	2948 	3001
f 2955 	2957 	2954
f 2958 	2997 	3002
f 3003 	2998 	2958
f 2941 	2999 	3004
f 3005 	3000 	2941
f 2949 	3001 	3006
f 3007 	2955 	2954
f 2958 	3002 	3008
f 3009 	3003 	2958
f 2941 	3004 	3010
f 3011 	3005 	2941
f 2949 	3006 	3012
f 3013 	3007 	2954
f 2958 	3008 	3014
f 3015 	3009 	2958
f 2941 	3010 	3016
f 3017 	3011 	2941
f 2949 	3012 	3018
f 3019 	3013 	2954
f 2958 	3014 	3020
f 3021 	3015 	2958
f 2941 	3016 	3022
f 3023 	3017 	2941
f 3024 	2949 	3018
f 3025 	3019 	2954
f 2958 	3020 	3026
f 3027 	3021 	2958
f 2941 	3022 	3028
f 3024 	3018 	3029
f 3030 	3025 	2954
f 2958 	3026 	3031
f 3032 	3027 	2958
f 2941 	3028 	3033
f 3024 	3029 	3034
f 3035 	3030 	2954
f 3032 	2958 	3031
f 2941 	3033 	3036
f 3024 	3034 	3037
f 3038 	3035 	2954
f 3032 	3031 	3039
f 2941 	3036 	3040
f 3024 	3037 	3041
f 3042 	3038 	2954
f 3032 	3039 	3043
f 2941 	3040 	3044
f 3024 	3041 	3045
f 3046 	3042 	2954
f 3032 	3043 	3047
f 2941 	3044 	3048
f 3024 	3045 	3049
f 3050 	3046 	2954
f 3032 	3047 	3051
f 2941 	3048 	3052
f 3024 	3049 	3053
f 3054 	3050 	2954
f 3032 	3051 	3055
f 2941 	3052 	3056
f 3024 	3053 	3057
f 3058 	3054 	2954
f 3032 	3055 	3059
f 2941 	3056 	3060
f 3024 	3057 	3061
f 3062 	3058 	2954
f 3032 	3059 	3063
f 2941 	3060 	3064
f 3024 	3061 	3065
f 3066 	3062 	2954
f 3032 	3063 	3067
f 2941 	3064 	3068
f 3024 	3065 	3069
f 3070 	3066 	2954
f 3032 	3067 	3071
f 2941 	3068 	3072
f 3024 	3069 	3073
f 3074 	3070 	2954
f 3032 	3071 	3075
f 2941 	3072 	3076
f 3024 	3073 	3077
f 3078 	3074 	2954
f 3032 	3075 	3079
f 2941 	3076 	3080
f 3032 	3079 	3081
f 3023 	2941 	3080
f 3082 	3032 	3081
f 3083 	3023 	3080
f 3084 	3082 	3081
f 3085 	3083 	3080
f 3086 	3084 	3081
f 3087 	3085 	3080
f 3088 	3086 	3081
f 3089 	3087 	3080
f 3090 	3088 	3081
f 3091 	3089 	3080
f 3092 	3090 	3081
f 3093 	3091 	3080
f 3094 	3092 	3081
f 3095 	3093 	3080
f 3096 	3094 	3081
f 3095 	3080 	3097
f 3098 	3096 	3081
f 3099 	3095 	3097
f 3100 	3098 	3081
f 3101 	3099 	3097
f 3100 	3081 	3078
f 3102 	3101 	3097
f 3103 	3100 	3078
f 3104 	3102 	3097
f 3105 	3103 	3078
f 3106 	3104 	3097
f 3107 	3105 	3078
f 3108 	3106 	3097
f 2965 	3107 	3078
f 3077 	3108 	3097
f 2965 	3078 	2954
f 3024 	3077 	3097
f 2965 	2954 	3109
f 3024 	3097 	2963
f 2963 	2965 	3109
f 3109 	3024 	2963
f 3110 	3111 	3112
f 3112 	3113 	3114
f 3115 	3116 	3117
f 3118 	3119 	3120
f 3121 	3122 	3123
f 3124 	3125 	3126
f 3127 	3128 	3129
f 3129 	3130 	3131
f 3132 	3133 	3134
f 3135 	3110 	3112
f 3112 	3114 	3136
f 3137 	3118 	3120
f 3121 	3123 	3138
f 3139 	3127 	3129
f 3129 	3131 	3140
f 3141 	3135 	3112
f 3112 	3136 	3142
f 3143 	3137 	3120
f 3121 	3138 	3144
f 3145 	3139 	3129
f 3129 	3140 	3146
f 3147 	3141 	3112
f 3112 	3142 	3148
f 3149 	3143 	3120
f 3121 	3144 	3150
f 3151 	3145 	3129
f 3129 	3146 	3152
f 3153 	3147 	3112
f 3112 	3148 	3154
f 3155 	3149 	3120
f 3121 	3150 	3156
f 3157 	3151 	3129
f 3129 	3152 	3158
f 3159 	3153 	3112
f 3112 	3154 	3160
f 3117 	3155 	3120
f 3121 	3156 	3161
f 3162 	3157 	3129
f 3129 	3158 	3163
f 3164 	3159 	3112
f 3112 	3160 	3165
f 3115 	3117 	3120
f 3121 	3161 	3124
f 3166 	3162 	3129
f 3129 	3163 	3167
f 3168 	3164 	3112
f 3112 	3165 	3169
f 3170 	3115 	3120
f 3121 	3124 	3126
f 3171 	3166 	3129
f 3129 	3167 	3172
f 3173 	3168 	3112
f 3112 	3169 	3174
f 3175 	3170 	3120
f 3121 	3126 	3176
f 3177 	3171 	3129
f 3129 	3172 	3178
f 3179 	3173 	3112
f 3112 	3174 	3180
f 3181 	3175 	3120
f 3121 	3176 	3182
f 3183 	3177 	3129
f 3129 	3178 	3184
f 3185 	3179 	3112
f 3112 	3180 	3186
f 3187 	3181 	3120
f 3121 	3182 	3188
f 3189 	3183 	3129
f 3129 	3184 	3190
f 3191 	3185 	3112
f 3112 	3186 	3192
f 3187 	3120 	3193
f 3121 	3188 	3194
f 3195 	3189 	3129
f 3129 	3190 	3196
f 3197 	3191 	3112
f 3198 	3187 	3193
f 3121 	3194 	3199
f 3200 	3195 	3129
f 3129 	3196 	3201
f 3202 	3197 	3112
f 3203 	3198 	3193
f 3121 	3199 	3204
f 3200 	3129 	3201
f 3205 	3202 	3112
f 3206 	3203 	3193
f 3121 	3204 	3207
f 3208 	3200 	3201
f 3209 	3205 	3112
f 3210 	3206 	3193
f 3121 	3207 	3211
f 3212 	3208 	3201
f 3213 	3209 	3112
f 3214 	3210 	3193
f 3121 	3211 	3215
f 3216 	3212 	3201
f 3217 	3213 	3112
f 3218 	3214 	3193
f 3121 	3215 	3219
f 3220 	3216 	3201
f 3221 	3217 	3112
f 3222 	3218 	3193
f 3121 	3219 	3223
f 3224 	3220 	3201
f 3225 	3221 	3112
f 3226 	3222 	3193
f 3121 	3223 	3227
f 3228 	3224 	3201
f 3229 	3225 	3112
f 3230 	3226 	3193
f 3121 	3227 	3231
f 3232 	3228 	3201
f 3233 	3229 	3112
f 3234 	3230 	3193
f 3121 	3231 	3235
f 3236 	3232 	3201
f 3237 	3233 	3112
f 3238 	3234 	3193
f 3121 	3235 	3239
f 3240 	3236 	3201
f 3241 	3237 	3112
f 3242 	3238 	3193
f 3121 	3239 	3243
f 3244 	3240 	3201
f 3245 	3241 	3112
f 3246 	3242 	3193
f 3121 	3243 	3247
f 3248 	3244 	3201
f 3249 	3245 	3112
f 3250 	3248 	3201
f 3249 	3112 	3192
f 3250 	3201 	3251
f 3249 	3192 	3252
f 3250 	3251 	3253
f 3249 	3252 	3254
f 3250 	3253 	3255
f 3249 	3254 	3256
f 3250 	3255 	3257
f 3249 	3256 	3258
f 3250 	3257 	3259
f 3249 	3258 	3260
f 3250 	3259 	3261
f 3249 	3260 	3262
f 3250 	3261 	3263
f 3249 	3262 	3264
f 3250 	3263 	3265
f 3266 	3249 	3264
f 3250 	3265 	3267
f 3266 	3264 	3268
f 3250 	3267 	3269
f 3266 	3268 	3270
f 3247 	3250 	3269
f 3266 	3270 	3271
f 3247 	3269 	3272
f 3266 	3271 	3273
f 3247 	3272 	3274
f 3266 	3273 	3275
f 3247 	3274 	3276
f 3266 	3275 	3277
f 3247 	3276 	3132
f 3266 	3277 	3246
f 3121 	3247 	3132
f 3266 	3246 	3193
f 3278 	3121 	3132
f 3134 	3266 	3193
f 3278 	3132 	3134
f 3134 	3193 	3278
f 2941 	2945 	3112
f 2945 	3113 	3112
f 2945 	2944 	3113
f 2944 	3114 	3113
f 2944 	2967 	3114
f 2967 	3136 	3114
f 2967 	2973 	3136
f 2973 	3142 	3136
f 2973 	2979 	3142
f 2979 	3148 	3142
f 2979 	2985 	3148
f 2985 	3154 	3148
f 2985 	2991 	3154
f 2991 	3160 	3154
f 2991 	2996 	3160
f 2996 	3165 	3160
f 2996 	3000 	3165
f 3000 	3169 	3165
f 3000 	3005 	3169
f 3005 	3174 	3169
f 3005 	3011 	3174
f 3011 	3180 	3174
f 3011 	3017 	3180
f 3017 	3186 	3180
f 3017 	3023 	3186
f 3023 	3192 	3186
f 3023 	3083 	3192
f 3083 	3252 	3192
f 3083 	3085 	3252
f 3085 	3254 	3252
f 3085 	3087 	3254
f 3087 	3256 	3254
f 3087 	3089 	3256
f 3089 	3258 	3256
f 3089 	3091 	3258
f 3091 	3260 	3258
f 3091 	3093 	3260
f 3093 	3262 	3260
f 3093 	3095 	3262
f 3095 	3264 	3262
f 3095 	3099 	3264
f 3099 	3268 	3264
f 3099 	3101 	3268
f 3101 	3270 	3268
f 3101 	3102 	3270
f 3102 	3271 	3270
f 3102 	3104 	3271
f 3104 	3273 	3271
f 3104 	3106 	3273
f 3106 	3275 	3273
f 3106 	3108 	3275
f 3108 	3277 	3275
f 3108 	3077 	3277
f 3077 	3246 	3277
f 3077 	3073 	3246
f 3073 	3242 	3246
f 3073 	3069 	3242
f 3069 	3238 	3242
f 3069 	3065 	3238
f 3065 	3234 	3238
f 3065 	3061 	3234
f 3061 	3230 	3234
f 3061 	3057 	3230
f 3057 	3226 	3230
f 3057 	3053 	3226
f 3053 	3222 	3226
f 3053 	3049 	3222
f 3049 	3218 	3222
f 3049 	3045 	3218
f 3045 	3214 	3218
f 3045 	3041 	3214
f 3041 	3210 	3214
f 3041 	3037 	3210
f 3037 	3206 	3210
f 3037 	3034 	3206
f 3034 	3203 	3206
f 3034 	3029 	3203
f 3029 	3198 	3203
f 3029 	3018 	3198
f 3018 	3187 	3198
f 3018 	3012 	3187
f 3012 	3181 	3187
f 3012 	3006 	3181
f 3006 	3175 	3181
f 3006 	3001 	3175
f 3001 	3170 	3175
f 3001 	2948 	3170
f 2948 	3115 	3170
f 2948 	2947 	3115
f 2947 	3116 	3115
f 2947 	2946 	3116
f 2946 	3117 	3116
f 2946 	2986 	3117
f 2986 	3155 	3117
f 2986 	2980 	3155
f 2980 	3149 	3155
f 2980 	2974 	3149
f 2974 	3143 	3149
f 2974 	2968 	3143
f 2968 	3137 	3143
f 2968 	2951 	3137
f 2951 	3118 	3137
f 2951 	2950 	3118
f 2950 	3119 	3118
f 2950 	2949 	3119
f 2949 	3120 	3119
f 2949 	3024 	3120
f 3024 	3193 	3120
f 3024 	3109 	3193
f 3109 	3278 	3193
f 3109 	2954 	3278
f 2954 	3121 	3278
f 2954 	2953 	3121
f 2953 	3122 	3121
f 2953 	2952 	3122
f 2952 	3123 	3122
f 2952 	2969 	3123
f 2969 	3138 	3123
f 2969 	2975 	3138
f 2975 	3144 	3138
f 2975 	2981 	3144
f 2981 	3150 	3144
f 2981 	2987 	3150
f 2987 	3156 	3150
f 2987 	2992 	3156
f 2992 	3161 	3156
f 2992 	2957 	3161
f 2957 	3124 	3161
f 2957 	2956 	3124
f 2956 	3125 	3124
f 2956 	2955 	3125
f 2955 	3126 	3125
f 2955 	3007 	3126
f 3007 	3176 	3126
f 3007 	3013 	3176
f 3013 	3182 	3176
f 3013 	3019 	3182
f 3019 	3188 	3182
f 3019 	3025 	3188
f 3025 	3194 	3188
f 3025 	3030 	3194
f 3030 	3199 	3194
f 3030 	3035 	3199
f 3035 	3204 	3199
f 3035 	3038 	3204
f 3038 	3207 	3204
f 3038 	3042 	3207
f 3042 	3211 	3207
f 3042 	3046 	3211
f 3046 	3215 	3211
f 3046 	3050 	3215
f 3050 	3219 	3215
f 3050 	3054 	3219
f 3054 	3223 	3219
f 3054 	3058 	3223
f 3058 	3227 	3223
f 3058 	3062 	3227
f 3062 	3231 	3227
f 3062 	3066 	3231
f 3066 	3235 	3231
f 3066 	3070 	3235
f 3070 	3239 	3235
f 3070 	3074 	3239
f 3074 	3243 	3239
f 3074 	3078 	3243
f 3078 	3247 	3243
f 3078 	3081 	3247
f 3081 	3250 	3247
f 3081 	3079 	3250
f 3079 	3248 	3250
f 3079 	3075 	3248
f 3075 	3244 	3248
f 3075 	3071 	3244
f 3071 	3240 	3244
f 3071 	3067 	3240
f 3067 	3236 	3240
f 3067 	3063 	3236
f 3063 	3232 	3236
f 3063 	3059 	3232
f 3059 	3228 	3232
f 3059 	3055 	3228
f 3055 	3224 	3228
f 3055 	3051 	3224
f 3051 	3220 	3224
f 3051 	3047 	3220
f 3047 	3216 	3220
f 3047 	3043 	3216
f 3043 	3212 	3216
f 3043 	3039 	3212
f 3039 	3208 	3212
f 3039 	3031 	3208
f 3031 	3200 	3208
f 3031 	3026 	3200
f 3026 	3195 	3200
f 3026 	3020 	3195
f 3020 	3189 	3195
f 3020 	3014 	3189
f 3014 	3183 	3189
f 3014 	3008 	3183
f 3008 	3177 	3183
f 3008 	3002 	3177
f 3002 	3171 	3177
f 3002 	2997 	3171
f 2997 	3166 	3171
f 2997 	2993 	3166
f 2993 	3162 	3166
f 2993 	2988 	3162
f 2988 	3157 	3162
f 2988 	2982 	3157
f 2982 	3151 	3157
f 2982 	2976 	3151
f 2976 	3145 	3151
f 2976 	2970 	3145
f 2970 	3139 	3145
f 2970 	2960 	3139
f 2960 	3127 	3139
f 2960 	2959 	3127
f 2959 	3128 	3127
f 2959 	2958 	3128
f 2958 	3129 	3128
f 2958 	2962 	3129
f 2962 	3130 	3129
f 2962 	2961 	3130
f 2961 	3131 	3130
f 2961 	2971 	3131
f 2971 	3140 	3131
f 2971 	2977 	3140
f 2977 	3146 	3140
f 2977 	2983 	3146
f 2983 	3152 	3146
f 2983 	2989 	3152
f 2989 	3158 	3152
f 2989 	2994 	3158
f 2994 	3163 	3158
f 2994 	2998 	3163
f 2998 	3167 	3163
f 2998 	3003 	3167
f 3003 	3172 	3167
f 3003 	3009 	3172
f 3009 	3178 	3172
f 3009 	3015 	3178
f 3015 	3184 	3178
f 3015 	3021 	3184
f 3021 	3190 	3184
f 3021 	3027 	3190
f 3027 	3196 	3190
f 3027 	3032 	3196
f 3032 	3201 	3196
f 3032 	3082 	3201
f 3082 	3251 	3201
f 3082 	3084 	3251
f 3084 	3253 	3251
f 3084 	3086 	3253
f 3086 	3255 	3253
f 3086 	3088 	3255
f 3088 	3257 	3255
f 3088 	3090 	3257
f 3090 	3259 	3257
f 3090 	3092 	3259
f 3092 	3261 	3259
f 3092 	3094 	3261
f 3094 	3263 	3261
f 3094 	3096 	3263
f 3096 	3265 	3263
f 3096 	3098 	3265
f 3098 	3267 	3265
f 3098 	3100 	3267
f 3100 	3269 	3267
f 3100 	3103 	3269
f 3103 	3272 	3269
f 3103 	3105 	3272
f 3105 	3274 	3272
f 3105 	3107 	3274
f 3107 	3276 	3274
f 3107 	2965 	3276
f 2965 	3132 	3276
f 2965 	2964 	3132
f 2964 	3133 	3132
f 2964 	2963 	3133
f 2963 	3134 	3133
f 2963 	3097 	3134
f 3097 	3266 	3134
f 3097 	3080 	3266
f 3080 	3249 	3266
f 3080 	3076 	3249
f 3076 	3245 	3249
f 3076 	3072 	3245
f 3072 	3241 	3245
f 3072 	3068 	3241
f 3068 	3237 	3241
f 3068 	3064 	3237
f 3064 	3233 	3237
f 3064 	3060 	3233
f 3060 	3229 	3233
f 3060 	3056 	3229
f 3056 	3225 	3229
f 3056 	3052 	3225
f 3052 	3221 	3225
f 3052 	3048 	3221
f 3048 	3217 	3221
f 3048 	3044 	3217
f 3044 	3213 	3217
f 3044 	3040 	3213
f 3040 	3209 	3213
f 3040 	3036 	3209
f 3036 	3205 	3209
f 3036 	3033 	3205
f 3033 	3202 	3205
f 3033 	3028 	3202
f 3028 	3197 	3202
f 3028 	3022 	3197
f 3022 	3191 	3197
f 3022 	3016 	3191
f 3016 	3185 	3191
f 3016 	3010 	3185
f 3010 	3179 	3185
f 3010 	3004 	3179
f 3004 	3173 	3179
f 3004 	2999 	3173
f 2999 	3168 	3173
f 2999 	2995 	3168
f 2995 	3164 	3168
f 2995 	2990 	3164
f 2990 	3159 	3164
f 2990 	2984 	3159
f 2984 	3153 	3159
f 2984 	2978 	3153
f 2978 	3147 	3153
f 2978 	2972 	3147
f 2972 	3141 	3147
f 2972 	2966 	3141
f 2966 	3135 	3141
f 2966 	2943 	3135
f 2943 	3110 	3135
f 2943 	2942 	3110
f 2942 	3111 	3110
f 2942 	2941 	3111
f 2941 	3112 	3111
f 3279 	3280 	3281
f 3282 	3283 	3279
f 3284 	3285 	3282
f 3286 	3287 	3284
f 3288 	3289 	3286
f 3290 	3291 	3288
f 3292 	3293 	3290
f 3294 	3295 	3292
f 3296 	3297 	3294
f 3298 	3299 	3296
f 3300 	3301 	3298
f 3302 	3303 	3300
f 3304 	3305 	3302
f 3306 	3307 	3304
f 3308 	3309 	3306
f 3310 	3311 	3308
f 3312 	3313 	3310
f 3314 	3315 	3312
f 3316 	3317 	3314
f 3318 	3319 	3316
f 3320 	3321 	3318
f 3322 	3323 	3320
f 3324 	3325 	3322
f 3326 	3327 	3324
f 3328 	3329 	3326
f 3326 	3329 	3330
f 3331 	3332 	3326
f 3333 	3334 	3331
f 3335 	3336 	3333
f 3337 	3338 	3335
f 3339 	3340 	3337
f 3341 	3342 	3339
f 3343 	3344 	3341
f 3345 	3346 	3343
f 3347 	3348 	3345
f 3349 	3350 	3347
f 3351 	3352 	3349
f 3353 	3354 	3351
f 3355 	3356 	3353
f 3357 	3358 	3355
f 3359 	3360 	3357
f 3361 	3362 	3359
f 3363 	3364 	3361
f 3365 	3366 	3363
f 3367 	3368 	3365
f 3369 	3370 	3367
f 3371 	3372 	3369
f 3373 	3374 	3371
f 3375 	3376 	3373
f 3281 	3377 	3375
f 3282 	3279 	3281
f 3286 	3284 	3282
f 3290 	3288 	3286
f 3294 	3292 	3290
f 3298 	3296 	3294
f 3302 	3300 	3298
f 3306 	3304 	3302
f 3310 	3308 	3306
f 3314 	3312 	3310
f 3318 	3316 	3314
f 3322 	3320 	3318
f 3326 	3324 	3322
f 3378 	3328 	3326
f 3326 	3330 	3379
f 3333 	3331 	3326
f 3337 	3335 	3333
f 3341 	3339 	3337
f 3345 	3343 	3341
f 3349 	3347 	3345
f 3353 	3351 	3349
f 3357 	3355 	3353
f 3361 	3359 	3357
f 3365 	3363 	3361
f 3369 	3367 	3365
f 3373 	3371 	3369
f 3281 	3375 	3373
f 3286 	3282 	3281
f 3294 	3290 	3286
f 3302 	3298 	3294
f 3310 	3306 	3302
f 3318 	3314 	3310
f 3326 	3322 	3318
f 3380 	3378 	3326
f 3326 	3379 	3381
f 3337 	3333 	3326
f 3345 	3341 	3337
f 3353 	3349 	3345
f 3361 	3357 	3353
f 3369 	3365 	3361
f 3281 	3373 	3369
f 3294 	3286 	3281
f 3310 	3302 	3294
f 3326 	3318 	3310
f 3382 	3380 	3326
f 3326 	3381 	3383
f 3345 	3337 	3326
f 3361 	3353 	3345
f 3281 	3369 	3361
f 3382 	3326 	3310
f 3326 	3383 	3384
f 3294 	3281 	3361
f 3385 	3382 	3310
f 3326 	3384 	3386
f 3387 	3385 	3310
f 3326 	3386 	3388
f 3389 	3387 	3310
f 3326 	3388 	3390
f 3391 	3389 	3310
f 3326 	3390 	3392
f 3393 	3391 	3310
f 3326 	3392 	3394
f 3395 	3393 	3310
f 3326 	3394 	3396
f 3397 	3395 	3310
f 3326 	3396 	3398
f 3399 	3397 	3310
f 3326 	3398 	3400
f 3401 	3399 	3310
f 3326 	3400 	3402
f 3403 	3401 	3310
f 3326 	3402 	3404
f 3405 	3403 	3310
f 3345 	3326 	3404
f 3406 	3405 	3310
f 3345 	3404 	3407
f 3408 	3406 	3310
f 3345 	3407 	3409
f 3410 	3408 	3310
f 3345 	3409 	3411
f 3412 	3410 	3310
f 3345 	3411 	3413
f 3414 	3412 	3310
f 3345 	3413 	3415
f 3416 	3414 	3310
f 3345 	3415 	3417
f 3418 	3416 	3310
f 3345 	3417 	3419
f 3420 	3418 	3310
f 3345 	3419 	3421
f 3420 	3310 	3294
f 3345 	3421 	3422
f 3423 	3420 	3294
f 3345 	3422 	3424
f 3425 	3423 	3294
f 3361 	3345 	3424
f 3426 	3425 	3294
f 3361 	3424 	3427
f 3428 	3426 	3294
f 3361 	3427 	3429
f 3430 	3428 	3294
f 3361 	3429 	3431
f 3432 	3430 	3294
f 3361 	3431 	3433
f 3434 	3432 	3294
f 3361 	3433 	3435
f 3436 	3434 	3294
f 3361 	3435 	3437
f 3438 	3436 	3294
f 3361 	3437 	3439
f 3440 	3438 	3294
f 3361 	3439 	3441
f 3442 	3440 	3294
f 3361 	3441 	3443
f 3444 	3442 	3294
f 3361 	3443 	3445
f 3446 	3444 	3294
f 3361 	3445 	3447
f 3448 	3446 	3294
f 3361 	3447 	3449
f 3450 	3448 	3294
f 3361 	3449 	3451
f 3452 	3450 	3294
f 3361 	3451 	3453
f 3454 	3452 	3294
f 3361 	3453 	3455
f 3456 	3454 	3294
f 3361 	3455 	3457
f 3458 	3456 	3294
f 3361 	3457 	3459
f 3460 	3458 	3294
f 3361 	3459 	3461
f 3462 	3460 	3294
f 3361 	3461 	3463
f 3464 	3462 	3294
f 3361 	3463 	3465
f 3466 	3464 	3294
f 3361 	3465 	3467
f 3466 	3294 	3361
f 3361 	3467 	3468
f 3469 	3466 	3361
f 3361 	3468 	3470
f 3470 	3469 	3361
f 3471 	3472 	3473
f 3473 	3474 	3475
f 3475 	3476 	3477
f 3477 	3478 	3479
f 3479 	3480 	3481
f 3481 	3482 	3483
f 3483 	3484 	3485
f 3485 	3486 	3487
f 3487 	3488 	3489
f 3489 	3490 	3491
f 3491 	3492 	3493
f 3493 	3494 	3495
f 3495 	3496 	3497
f 3497 	3498 	3499
f 3499 	3500 	3501
f 3501 	3502 	3503
f 3503 	3504 	3505
f 3505 	3506 	3507
f 3507 	3508 	3509
f 3509 	3510 	3511
f 3511 	3512 	3513
f 3513 	3514 	3515
f 3515 	3516 	3517
f 3517 	3518 	3519
f 3519 	3520 	3521
f 3522 	3520 	3519
f 3519 	3523 	3524
f 3524 	3525 	3526
f 3526 	3527 	3528
f 3528 	3529 	3530
f 3530 	3531 	3532
f 3532 	3533 	3534
f 3534 	3535 	3536
f 3536 	3537 	3538
f 3538 	3539 	3540
f 3540 	3541 	3542
f 3542 	3543 	3544
f 3544 	3545 	3546
f 3546 	3547 	3548
f 3548 	3549 	3550
f 3550 	3551 	3552
f 3552 	3553 	3554
f 3554 	3555 	3556
f 3556 	3557 	3558
f 3558 	3559 	3560
f 3560 	3561 	3562
f 3562 	3563 	3564
f 3564 	3565 	3566
f 3566 	3567 	3568
f 3568 	3569 	3471
f 3471 	3473 	3475
f 3475 	3477 	3479
f 3479 	3481 	3483
f 3483 	3485 	3487
f 3487 	3489 	3491
f 3491 	3493 	3495
f 3495 	3497 	3499
f 3499 	3501 	3503
f 3503 	3505 	3507
f 3507 	3509 	3511
f 3511 	3513 	3515
f 3515 	3517 	3519
f 3519 	3521 	3570
f 3571 	3522 	3519
f 3519 	3524 	3526
f 3526 	3528 	3530
f 3530 	3532 	3534
f 3534 	3536 	3538
f 3538 	3540 	3542
f 3542 	3544 	3546
f 3546 	3548 	3550
f 3550 	3552 	3554
f 3554 	3556 	3558
f 3558 	3560 	3562
f 3562 	3564 	3566
f 3566 	3568 	3471
f 3471 	3475 	3479
f 3479 	3483 	3487
f 3487 	3491 	3495
f 3495 	3499 	3503
f 3503 	3507 	3511
f 3511 	3515 	3519
f 3519 	3570 	3572
f 3573 	3571 	3519
f 3519 	3526 	3530
f 3530 	3534 	3538
f 3538 	3542 	3546
f 3546 	3550 	3554
f 3554 	3558 	3562
f 3562 	3566 	3471
f 3471 	3479 	3487
f 3487 	3495 	3503
f 3503 	3511 	3519
f 3519 	3572 	3574
f 3575 	3573 	3519
f 3519 	3530 	3538
f 3538 	3546 	3554
f 3554 	3562 	3471
f 3503 	3519 	3574
f 3576 	3575 	3519
f 3554 	3471 	3487
f 3503 	3574 	3577
f 3578 	3576 	3519
f 3503 	3577 	3579
f 3580 	3578 	3519
f 3503 	3579 	3581
f 3582 	3580 	3519
f 3503 	3581 	3583
f 3584 	3582 	3519
f 3503 	3583 	3585
f 3586 	3584 	3519
f 3503 	3585 	3587
f 3588 	3586 	3519
f 3503 	3587 	3589
f 3590 	3588 	3519
f 3503 	3589 	3591
f 3592 	3590 	3519
f 3503 	3591 	3593
f 3594 	3592 	3519
f 3503 	3593 	3595
f 3596 	3594 	3519
f 3503 	3595 	3597
f 3596 	3519 	3538
f 3503 	3597 	3598
f 3599 	3596 	3538
f 3503 	3598 	3600
f 3601 	3599 	3538
f 3503 	3600 	3602
f 3603 	3601 	3538
f 3503 	3602 	3604
f 3605 	3603 	3538
f 3503 	3604 	3606
f 3607 	3605 	3538
f 3503 	3606 	3608
f 3609 	3607 	3538
f 3503 	3608 	3610
f 3611 	3609 	3538
f 3503 	3610 	3612
f 3613 	3611 	3538
f 3487 	3503 	3612
f 3614 	3613 	3538
f 3487 	3612 	3615
f 3616 	3614 	3538
f 3487 	3615 	3617
f 3616 	3538 	3554
f 3487 	3617 	3618
f 3619 	3616 	3554
f 3487 	3618 	3620
f 3621 	3619 	3554
f 3487 	3620 	3622
f 3623 	3621 	3554
f 3487 	3622 	3624
f 3625 	3623 	3554
f 3487 	3624 	3626
f 3627 	3625 	3554
f 3487 	3626 	3628
f 3629 	3627 	3554
f 3487 	3628 	3630
f 3631 	3629 	3554
f 3487 	3630 	3632
f 3633 	3631 	3554
f 3487 	3632 	3634
f 3635 	3633 	3554
f 3487 	3634 	3636
f 3637 	3635 	3554
f 3487 	3636 	3638
f 3639 	3637 	3554
f 3487 	3638 	3640
f 3641 	3639 	3554
f 3487 	3640 	3642
f 3643 	3641 	3554
f 3487 	3642 	3644
f 3645 	3643 	3554
f 3487 	3644 	3646
f 3647 	3645 	3554
f 3487 	3646 	3648
f 3649 	3647 	3554
f 3487 	3648 	3650
f 3651 	3649 	3554
f 3487 	3650 	3652
f 3653 	3651 	3554
f 3487 	3652 	3654
f 3655 	3653 	3554
f 3487 	3654 	3656
f 3657 	3655 	3554
f 3487 	3656 	3658
f 3659 	3657 	3554
f 3554 	3487 	3658
f 3660 	3659 	3554
f 3554 	3658 	3661
f 3662 	3660 	3554
f 3554 	3661 	3662
f 3280 	3279 	3472
f 3279 	3473 	3472
f 3279 	3283 	3473
f 3283 	3474 	3473
f 3283 	3282 	3474
f 3282 	3475 	3474
f 3282 	3285 	3475
f 3285 	3476 	3475
f 3285 	3284 	3476
f 3284 	3477 	3476
f 3284 	3287 	3477
f 3287 	3478 	3477
f 3287 	3286 	3478
f 3286 	3479 	3478
f 3286 	3289 	3479
f 3289 	3480 	3479
f 3289 	3288 	3480
f 3288 	3481 	3480
f 3288 	3291 	3481
f 3291 	3482 	3481
f 3291 	3290 	3482
f 3290 	3483 	3482
f 3290 	3293 	3483
f 3293 	3484 	3483
f 3293 	3292 	3484
f 3292 	3485 	3484
f 3292 	3295 	3485
f 3295 	3486 	3485
f 3295 	3294 	3486
f 3294 	3487 	3486
f 3294 	3297 	3487
f 3297 	3488 	3487
f 3297 	3296 	3488
f 3296 	3489 	3488
f 3296 	3299 	3489
f 3299 	3490 	3489
f 3299 	3298 	3490
f 3298 	3491 	3490
f 3298 	3301 	3491
f 3301 	3492 	3491
f 3301 	3300 	3492
f 3300 	3493 	3492
f 3300 	3303 	3493
f 3303 	3494 	3493
f 3303 	3302 	3494
f 3302 	3495 	3494
f 3302 	3305 	3495
f 3305 	3496 	3495
f 3305 	3304 	3496
f 3304 	3497 	3496
f 3304 	3307 	3497
f 3307 	3498 	3497
f 3307 	3306 	3498
f 3306 	3499 	3498
f 3306 	3309 	3499
f 3309 	3500 	3499
f 3309 	3308 	3500
f 3308 	3501 	3500
f 3308 	3311 	3501
f 3311 	3502 	3501
f 3311 	3310 	3502
f 3310 	3503 	3502
f 3310 	3313 	3503
f 3313 	3504 	3503
f 3313 	3312 	3504
f 3312 	3505 	3504
f 3312 	3315 	3505
f 3315 	3506 	3505
f 3315 	3314 	3506
f 3314 	3507 	3506
f 3314 	3317 	3507
f 3317 	3508 	3507
f 3317 	3316 	3508
f 3316 	3509 	3508
f 3316 	3319 	3509
f 3319 	3510 	3509
f 3319 	3318 	3510
f 3318 	3511 	3510
f 3318 	3321 	3511
f 3321 	3512 	3511
f 3321 	3320 	3512
f 3320 	3513 	3512
f 3320 	3323 	3513
f 3323 	3514 	3513
f 3323 	3322 	3514
f 3322 	3515 	3514
f 3322 	3325 	3515
f 3325 	3516 	3515
f 3325 	3324 	3516
f 3324 	3517 	3516
f 3324 	3327 	3517
f 3327 	3518 	3517
f 3327 	3326 	3518
f 3326 	3519 	3518
f 3326 	3332 	3519
f 3332 	3523 	3519
f 3332 	3331 	3523
f 3331 	3524 	3523
f 3331 	3334 	3524
f 3334 	3525 	3524
f 3334 	3333 	3525
f 3333 	3526 	3525
f 3333 	3336 	3526
f 3336 	3527 	3526
f 3336 	3335 	3527
f 3335 	3528 	3527
f 3335 	3338 	3528
f 3338 	3529 	3528
f 3338 	3337 	3529
f 3337 	3530 	3529
f 3337 	3340 	3530
f 3340 	3531 	3530
f 3340 	3339 	3531
f 3339 	3532 	3531
f 3339 	3342 	3532
f 3342 	3533 	3532
f 3342 	3341 	3533
f 3341 	3534 	3533
f 3341 	3344 	3534
f 3344 	3535 	3534
f 3344 	3343 	3535
f 3343 	3536 	3535
f 3343 	3346 	3536
f 3346 	3537 	3536
f 3346 	3345 	3537
f 3345 	3538 	3537
f 3345 	3348 	3538
f 3348 	3539 	3538
f 3348 	3347 	3539
f 3347 	3540 	3539
f 3347 	3350 	3540
f 3350 	3541 	3540
f 3350 	3349 	3541
f 3349 	3542 	3541
f 3349 	3352 	3542
f 3352 	3543 	3542
f 3352 	3351 	3543
f 3351 	3544 	3543
f 3351 	3354 	3544
f 3354 	3545 	3544
f 3354 	3353 	3545
f 3353 	3546 	3545
f 3353 	3356 	3546
f 3356 	3547 	3546
f 3356 	3355 	3547
f 3355 	3548 	3547
f 3355 	3358 	3548
f 3358 	3549 	3548
f 3358 	3357 	3549
f 3357 	3550 	3549
f 3357 	3360 	3550
f 3360 	3551 	3550
f 3360 	3359 	3551
f 3359 	3552 	3551
f 3359 	3362 	3552
f 3362 	3553 	3552
f 3362 	3361 	3553
f 3361 	3554 	3553
f 3361 	3364 	3554
f 3364 	3555 	3554
f 3364 	3363 	3555
f 3363 	3556 	3555
f 3363 	3366 	3556
f 3366 	3557 	3556
f 3366 	3365 	3557
f 3365 	3558 	3557
f 3365 	3368 	3558
f 3368 	3559 	3558
f 3368 	3367 	3559
f 3367 	3560 	3559
f 3367 	3370 	3560
f 3370 	3561 	3560
f 3370 	3369 	3561
f 3369 	3562 	3561
f 3369 	3372 	3562
f 3372 	3563 	3562
f 3372 	3371 	3563
f 3371 	3564 	3563
f 3371 	3374 	3564
f 3374 	3565 	3564
f 3374 	3373 	3565
f 3373 	3566 	3565
f 3373 	3376 	3566
f 3376 	3567 	3566
f 3376 	3375 	3567
f 3375 	3568 	3567
f 3375 	3377 	3568
f 3377 	3569 	3568
f 3377 	3281 	3569
f 3281 	3471 	3569
f 3281 	3280 	3471
f 3280 	3472 	3471
f 3328 	3378 	3521
f 3378 	3570 	3521
f 3378 	3380 	3570
f 3380 	3572 	3570
f 3380 	3382 	3572
f 3382 	3574 	3572
f 3382 	3385 	3574
f 3385 	3577 	3574
f 3385 	3387 	3577
f 3387 	3579 	3577
f 3387 	3389 	3579
f 3389 	3581 	3579
f 3389 	3391 	3581
f 3391 	3583 	3581
f 3391 	3393 	3583
f 3393 	3585 	3583
f 3393 	3395 	3585
f 3395 	3587 	3585
f 3395 	3397 	3587
f 3397 	3589 	3587
f 3397 	3399 	3589
f 3399 	3591 	3589
f 3399 	3401 	3591
f 3401 	3593 	3591
f 3401 	3403 	3593
f 3403 	3595 	3593
f 3403 	3405 	3595
f 3405 	3597 	3595
f 3405 	3406 	3597
f 3406 	3598 	3597
f 3406 	3408 	3598
f 3408 	3600 	3598
f 3408 	3410 	3600
f 3410 	3602 	3600
f 3410 	3412 	3602
f 3412 	3604 	3602
f 3412 	3414 	3604
f 3414 	3606 	3604
f 3414 	3416 	3606
f 3416 	3608 	3606
f 3416 	3418 	3608
f 3418 	3610 	3608
f 3418 	3420 	3610
f 3420 	3612 	3610
f 3420 	3423 	3612
f 3423 	3615 	3612
f 3423 	3425 	3615
f 3425 	3617 	3615
f 3425 	3426 	3617
f 3426 	3618 	3617
f 3426 	3428 	3618
f 3428 	3620 	3618
f 3428 	3430 	3620
f 3430 	3622 	3620
f 3430 	3432 	3622
f 3432 	3624 	3622
f 3432 	3434 	3624
f 3434 	3626 	3624
f 3434 	3436 	3626
f 3436 	3628 	3626
f 3436 	3438 	3628
f 3438 	3630 	3628
f 3438 	3440 	3630
f 3440 	3632 	3630
f 3440 	3442 	3632
f 3442 	3634 	3632
f 3442 	3444 	3634
f 3444 	3636 	3634
f 3444 	3446 	3636
f 3446 	3638 	3636
f 3446 	3448 	3638
f 3448 	3640 	3638
f 3448 	3450 	3640
f 3450 	3642 	3640
f 3450 	3452 	3642
f 3452 	3644 	3642
f 3452 	3454 	3644
f 3454 	3646 	3644
f 3454 	3456 	3646
f 3456 	3648 	3646
f 3456 	3458 	3648
f 3458 	3650 	3648
f 3458 	3460 	3650
f 3460 	3652 	3650
f 3460 	3462 	3652
f 3462 	3654 	3652
f 3462 	3464 	3654
f 3464 	3656 	3654
f 3464 	3466 	3656
f 3466 	3658 	3656
f 3466 	3469 	3658
f 3469 	3661 	3658
f 3469 	3470 	3661
f 3470 	3662 	3661
f 3470 	3468 	3662
f 3468 	3660 	3662
f 3468 	3467 	3660
f 3467 	3659 	3660
f 3467 	3465 	3659
f 3465 	3657 	3659
f 3465 	3463 	3657
f 3463 	3655 	3657
f 3463 	3461 	3655
f 3461 	3653 	3655
f 3461 	3459 	3653
f 3459 	3651 	3653
f 3459 	3457 	3651
f 3457 	3649 	3651
f 3457 	3455 	3649
f 3455 	3647 	3649
f 3455 	3453 	3647
f 3453 	3645 	3647
f 3453 	3451 	3645
f 3451 	3643 	3645
f 3451 	3449 	3643
f 3449 	3641 	3643
f 3449 	3447 	3641
f 3447 	3639 	3641
f 3447 	3445 	3639
f 3445 	3637 	3639
f 3445 	3443 	3637
f 3443 	3635 	3637
f 3443 	3441 	3635
f 3441 	3633 	3635
f 3441 	3439 	3633
f 3439 	3631 	3633
f 3439 	3437 	3631
f 3437 	3629 	3631
f 3437 	3435 	3629
f 3435 	3627 	3629
f 3435 	3433 	3627
f 3433 	3625 	3627
f 3433 	3431 	3625
f 3431 	3623 	3625
f 3431 	3429 	3623
f 3429 	3621 	3623
f 3429 	3427 	3621
f 3427 	3619 	3621
f 3427 	3424 	3619
f 3424 	3616 	3619
f 3424 	3422 	3616
f 3422 	3614 	3616
f 3422 	3421 	3614
f 3421 	3613 	3614
f 3421 	3419 	3613
f 3419 	3611 	3613
f 3419 	3417 	3611
f 3417 	3609 	3611
f 3417 	3415 	3609
f 3415 	3607 	3609
f 3415 	3413 	3607
f 3413 	3605 	3607
f 3413 	3411 	3605
f 3411 	3603 	3605
f 3411 	3409 	3603
f 3409 	3601 	3603
f 3409 	3407 	3601
f 3407 	3599 	3601
f 3407 	3404 	3599
f 3404 	3596 	3599
f 3404 	3402 	3596
f 3402 	3594 	3596
f 3402 	3400 	3594
f 3400 	3592 	3594
f 3400 	3398 	3592
f 3398 	3590 	3592
f 3398 	3396 	3590
f 3396 	3588 	3590
f 3396 	3394 	3588
f 3394 	3586 	3588
f 3394 	3392 	3586
f 3392 	3584 	3586
f 3392 	3390 	3584
f 3390 	3582 	3584
f 3390 	3388 	3582
f 3388 	3580 	3582
f 3388 	3386 	3580
f 3386 	3578 	3580
f 3386 	3384 	3578
f 3384 	3576 	3578
f 3384 	3383 	3576
f 3383 	3575 	3576
f 3383 	3381 	3575
f 3381 	3573 	3575
f 3381 	3379 	3573
f 3379 	3571 	3573
f 3379 	3330 	3571
f 3330 	3522 	3571
f 3330 	3329 	3522
f 3329 	3520 	3522
f 3329 	3328 	3520
f 3328 	3521 	3520
f 3663 	3664 	3665
f 3666 	3667 	3663
f 3668 	3669 	3670
f 3671 	3672 	3673
f 3674 	3675 	3676
f 3677 	3678 	3674
f 3679 	3680 	3681
f 3682 	3683 	3679
f 3684 	3685 	3682
f 3686 	3687 	3684
f 3688 	3689 	3686
f 3690 	3691 	3688
f 3692 	3693 	3690
f 3694 	3695 	3692
f 3696 	3697 	3694
f 3698 	3699 	3696
f 3700 	3701 	3698
f 3702 	3703 	3700
f 3704 	3705 	3702
f 3706 	3707 	3704
f 3708 	3709 	3706
f 3710 	3711 	3708
f 3712 	3713 	3710
f 3714 	3715 	3712
f 3716 	3717 	3714
f 3718 	3719 	3716
f 3720 	3721 	3718
f 3722 	3723 	3720
f 3724 	3725 	3722
f 3726 	3727 	3724
f 3728 	3729 	3726
f 3730 	3731 	3732
f 3663 	3665 	3733
f 3734 	3666 	3663
f 3674 	3676 	3735
f 3736 	3677 	3674
f 3682 	3679 	3681
f 3686 	3684 	3682
f 3690 	3688 	3686
f 3694 	3692 	3690
f 3698 	3696 	3694
f 3702 	3700 	3698
f 3706 	3704 	3702
f 3710 	3708 	3706
f 3714 	3712 	3710
f 3718 	3716 	3714
f 3722 	3720 	3718
f 3726 	3724 	3722
f 3663 	3733 	3737
f 3738 	3734 	3663
f 3674 	3735 	3739
f 3740 	3736 	3674
f 3686 	3682 	3681
f 3694 	3690 	3686
f 3702 	3698 	3694
f 3710 	3706 	3702
f 3718 	3714 	3710
f 3726 	3722 	3718
f 3663 	3737 	3741
f 3742 	3738 	3663
f 3674 	3739 	3743
f 3744 	3740 	3674
f 3686 	3681 	3745
f 3702 	3694 	3686
f 3718 	3710 	3702
f 3728 	3726 	3718
f 3663 	3741 	3746
f 3747 	3742 	3663
f 3674 	3743 	3748
f 3749 	3744 	3674
f 3750 	3728 	3718
f 3663 	3746 	3730
f 3751 	3747 	3663
f 3674 	3748 	3671
f 3752 	3749 	3674
f 3753 	3750 	3718
f 3663 	3730 	3732
f 3670 	3751 	3663
f 3674 	3671 	3673
f 3754 	3752 	3674
f 3663 	3732 	3755
f 3668 	3670 	3663
f 3674 	3673 	3756
f 3757 	3754 	3674
f 3663 	3755 	3758
f 3759 	3668 	3663
f 3674 	3756 	3760
f 3761 	3757 	3674
f 3663 	3758 	3762
f 3763 	3759 	3663
f 3674 	3760 	3764
f 3765 	3761 	3674
f 3663 	3762 	3766
f 3767 	3763 	3663
f 3674 	3764 	3768
f 3769 	3765 	3674
f 3767 	3663 	3766
f 3769 	3674 	3768
f 3767 	3766 	3770
f 3769 	3768 	3771
f 3767 	3770 	3772
f 3769 	3771 	3773
f 3767 	3772 	3774
f 3769 	3773 	3775
f 3767 	3774 	3776
f 3769 	3775 	3777
f 3767 	3776 	3778
f 3769 	3777 	3779
f 3767 	3778 	3780
f 3769 	3779 	3781
f 3767 	3780 	3782
f 3769 	3781 	3783
f 3767 	3782 	3784
f 3769 	3783 	3785
f 3767 	3784 	3786
f 3769 	3785 	3787
f 3767 	3786 	3788
f 3769 	3787 	3789
f 3767 	3788 	3753
f 3769 	3789 	3790
f 3791 	3767 	3753
f 3769 	3790 	3792
f 3793 	3791 	3753
f 3769 	3792 	3794
f 3795 	3793 	3753
f 3796 	3769 	3794
f 3797 	3795 	3753
f 3798 	3796 	3794
f 3799 	3797 	3753
f 3800 	3798 	3794
f 3801 	3799 	3753
f 3802 	3800 	3794
f 3803 	3801 	3753
f 3804 	3802 	3794
f 3805 	3803 	3753
f 3806 	3804 	3794
f 3807 	3805 	3753
f 3808 	3806 	3794
f 3809 	3807 	3753
f 3810 	3808 	3794
f 3811 	3809 	3753
f 3812 	3810 	3794
f 3813 	3811 	3753
f 3812 	3794 	3814
f 3813 	3753 	3718
f 3812 	3814 	3815
f 3816 	3813 	3718
f 3812 	3815 	3817
f 3818 	3816 	3718
f 3812 	3817 	3819
f 3820 	3818 	3718
f 3812 	3819 	3821
f 3822 	3820 	3718
f 3812 	3821 	3823
f 3824 	3822 	3718
f 3812 	3823 	3825
f 3826 	3824 	3718
f 3827 	3812 	3825
f 3828 	3826 	3718
f 3829 	3827 	3825
f 3830 	3828 	3718
f 3831 	3829 	3825
f 3832 	3830 	3718
f 3833 	3831 	3825
f 3834 	3832 	3718
f 3745 	3833 	3825
f 3835 	3834 	3718
f 3686 	3745 	3825
f 3836 	3835 	3718
f 3686 	3825 	3837
f 3838 	3836 	3718
f 3686 	3837 	3839
f 3840 	3838 	3718
f 3686 	3839 	3841
f 3842 	3840 	3718
f 3686 	3841 	3843
f 3844 	3842 	3718
f 3686 	3843 	3845
f 3846 	3844 	3718
f 3686 	3845 	3847
f 3846 	3718 	3702
f 3686 	3847 	3848
f 3849 	3846 	3702
f 3686 	3848 	3850
f 3851 	3849 	3702
f 3686 	3850 	3852
f 3853 	3851 	3702
f 3686 	3852 	3854
f 3855 	3853 	3702
f 3686 	3854 	3856
f 3857 	3855 	3702
f 3686 	3856 	3858
f 3859 	3857 	3702
f 3686 	3858 	3860
f 3861 	3859 	3702
f 3686 	3860 	3862
f 3863 	3861 	3702
f 3702 	3686 	3862
f 3864 	3863 	3702
f 3702 	3862 	3865
f 3866 	3864 	3702
f 3702 	3865 	3867
f 3868 	3866 	3702
f 3702 	3867 	3868
f 3869 	3870 	3871
f 3871 	3872 	3873
f 3874 	3875 	3876
f 3877 	3878 	3879
f 3880 	3881 	3882
f 3882 	3883 	3884
f 3885 	3886 	3887
f 3887 	3888 	3889
f 3889 	3890 	3891
f 3891 	3892 	3893
f 3893 	3894 	3895
f 3895 	3896 	3897
f 3897 	3898 	3899
f 3899 	3900 	3901
f 3901 	3902 	3903
f 3903 	3904 	3905
f 3905 	3906 	3907
f 3907 	3908 	3909
f 3909 	3910 	3911
f 3911 	3912 	3913
f 3913 	3914 	3915
f 3915 	3916 	3917
f 3917 	3918 	3919
f 3919 	3920 	3921
f 3921 	3922 	3923
f 3923 	3924 	3925
f 3925 	3926 	3927
f 3927 	3928 	3929
f 3929 	3930 	3931
f 3931 	3932 	3933
f 3933 	3934 	3935
f 3936 	3937 	3938
f 3939 	3869 	3871
f 3871 	3873 	3940
f 3941 	3880 	3882
f 3882 	3884 	3942
f 3885 	3887 	3889
f 3889 	3891 	3893
f 3893 	3895 	3897
f 3897 	3899 	3901
f 3901 	3903 	3905
f 3905 	3907 	3909
f 3909 	3911 	3913
f 3913 	3915 	3917
f 3917 	3919 	3921
f 3921 	3923 	3925
f 3925 	3927 	3929
f 3929 	3931 	3933
f 3943 	3939 	3871
f 3871 	3940 	3944
f 3945 	3941 	3882
f 3882 	3942 	3946
f 3885 	3889 	3893
f 3893 	3897 	3901
f 3901 	3905 	3909
f 3909 	3913 	3917
f 3917 	3921 	3925
f 3925 	3929 	3933
f 3947 	3943 	3871
f 3871 	3944 	3948
f 3949 	3945 	3882
f 3882 	3946 	3950
f 3951 	3885 	3893
f 3893 	3901 	3909
f 3909 	3917 	3925
f 3925 	3933 	3935
f 3952 	3947 	3871
f 3871 	3948 	3953
f 3954 	3949 	3882
f 3882 	3950 	3955
f 3925 	3935 	3956
f 3938 	3952 	3871
f 3871 	3953 	3957
f 3879 	3954 	3882
f 3882 	3955 	3958
f 3925 	3956 	3959
f 3936 	3938 	3871
f 3871 	3957 	3874
f 3877 	3879 	3882
f 3882 	3958 	3960
f 3961 	3936 	3871
f 3871 	3874 	3876
f 3962 	3877 	3882
f 3882 	3960 	3963
f 3964 	3961 	3871
f 3871 	3876 	3965
f 3966 	3962 	3882
f 3882 	3963 	3967
f 3968 	3964 	3871
f 3871 	3965 	3969
f 3970 	3966 	3882
f 3882 	3967 	3971
f 3972 	3968 	3871
f 3871 	3969 	3973
f 3974 	3970 	3882
f 3882 	3971 	3975
f 3972 	3871 	3973
f 3974 	3882 	3975
f 3976 	3972 	3973
f 3977 	3974 	3975
f 3978 	3976 	3973
f 3979 	3977 	3975
f 3980 	3978 	3973
f 3981 	3979 	3975
f 3982 	3980 	3973
f 3983 	3981 	3975
f 3984 	3982 	3973
f 3985 	3983 	3975
f 3986 	3984 	3973
f 3987 	3985 	3975
f 3988 	3986 	3973
f 3989 	3987 	3975
f 3990 	3988 	3973
f 3991 	3989 	3975
f 3992 	3990 	3973
f 3993 	3991 	3975
f 3994 	3992 	3973
f 3995 	3993 	3975
f 3959 	3994 	3973
f 3996 	3995 	3975
f 3959 	3973 	3997
f 3998 	3996 	3975
f 3959 	3997 	3999
f 4000 	3998 	3975
f 3959 	3999 	4001
f 4000 	3975 	4002
f 3959 	4001 	4003
f 4000 	4002 	4004
f 3959 	4003 	4005
f 4000 	4004 	4006
f 3959 	4005 	4007
f 4000 	4006 	4008
f 3959 	4007 	4009
f 4000 	4008 	4010
f 3959 	4009 	4011
f 4000 	4010 	4012
f 3959 	4011 	4013
f 4000 	4012 	4014
f 3959 	4013 	4015
f 4000 	4014 	4016
f 3959 	4015 	4017
f 4000 	4016 	4018
f 3959 	4017 	4019
f 4020 	4000 	4018
f 3925 	3959 	4019
f 4021 	4020 	4018
f 3925 	4019 	4022
f 4023 	4021 	4018
f 3925 	4022 	4024
f 4025 	4023 	4018
f 3925 	4024 	4026
f 4027 	4025 	4018
f 3925 	4026 	4028
f 4029 	4027 	4018
f 3925 	4028 	4030
f 4031 	4029 	4018
f 3925 	4030 	4032
f 4031 	4018 	4033
f 3925 	4032 	4034
f 4031 	4033 	4035
f 3925 	4034 	4036
f 4031 	4035 	4037
f 3925 	4036 	4038
f 4031 	4037 	4039
f 3925 	4038 	4040
f 4031 	4039 	3951
f 3925 	4040 	4041
f 4031 	3951 	3893
f 3925 	4041 	4042
f 4043 	4031 	3893
f 3925 	4042 	4044
f 4045 	4043 	3893
f 3925 	4044 	4046
f 4047 	4045 	3893
f 3925 	4046 	4048
f 4049 	4047 	3893
f 3925 	4048 	4050
f 4051 	4049 	3893
f 3925 	4050 	4052
f 4053 	4051 	3893
f 3909 	3925 	4052
f 4054 	4053 	3893
f 3909 	4052 	4055
f 4056 	4054 	3893
f 3909 	4055 	4057
f 4058 	4056 	3893
f 3909 	4057 	4059
f 4060 	4058 	3893
f 3909 	4059 	4061
f 4062 	4060 	3893
f 3909 	4061 	4063
f 4064 	4062 	3893
f 3909 	4063 	4065
f 4066 	4064 	3893
f 3909 	4065 	4067
f 4068 	4066 	3893
f 3909 	4067 	4069
f 4068 	3893 	3909
f 3909 	4069 	4070
f 4071 	4068 	3909
f 3909 	4070 	4072
f 4073 	4071 	3909
f 3909 	4072 	4074
f 4074 	4073 	3909
f 3663 	3667 	3871
f 3667 	3872 	3871
f 3667 	3666 	3872
f 3666 	3873 	3872
f 3666 	3734 	3873
f 3734 	3940 	3873
f 3734 	3738 	3940
f 3738 	3944 	3940
f 3738 	3742 	3944
f 3742 	3948 	3944
f 3742 	3747 	3948
f 3747 	3953 	3948
f 3747 	3751 	3953
f 3751 	3957 	3953
f 3751 	3670 	3957
f 3670 	3874 	3957
f 3670 	3669 	3874
f 3669 	3875 	3874
f 3669 	3668 	3875
f 3668 	3876 	3875
f 3668 	3759 	3876
f 3759 	3965 	3876
f 3759 	3763 	3965
f 3763 	3969 	3965
f 3763 	3767 	3969
f 3767 	3973 	3969
f 3767 	3791 	3973
f 3791 	3997 	3973
f 3791 	3793 	3997
f 3793 	3999 	3997
f 3793 	3795 	3999
f 3795 	4001 	3999
f 3795 	3797 	4001
f 3797 	4003 	4001
f 3797 	3799 	4003
f 3799 	4005 	4003
f 3799 	3801 	4005
f 3801 	4007 	4005
f 3801 	3803 	4007
f 3803 	4009 	4007
f 3803 	3805 	4009
f 3805 	4011 	4009
f 3805 	3807 	4011
f 3807 	4013 	4011
f 3807 	3809 	4013
f 3809 	4015 	4013
f 3809 	3811 	4015
f 3811 	4017 	4015
f 3811 	3813 	4017
f 3813 	4019 	4017
f 3813 	3816 	4019
f 3816 	4022 	4019
f 3816 	3818 	4022
f 3818 	4024 	4022
f 3818 	3820 	4024
f 3820 	4026 	4024
f 3820 	3822 	4026
f 3822 	4028 	4026
f 3822 	3824 	4028
f 3824 	4030 	4028
f 3824 	3826 	4030
f 3826 	4032 	4030
f 3826 	3828 	4032
f 3828 	4034 	4032
f 3828 	3830 	4034
f 3830 	4036 	4034
f 3830 	3832 	4036
f 3832 	4038 	4036
f 3832 	3834 	4038
f 3834 	4040 	4038
f 3834 	3835 	4040
f 3835 	4041 	4040
f 3835 	3836 	4041
f 3836 	4042 	4041
f 3836 	3838 	4042
f 3838 	4044 	4042
f 3838 	3840 	4044
f 3840 	4046 	4044
f 3840 	3842 	4046
f 3842 	4048 	4046
f 3842 	3844 	4048
f 3844 	4050 	4048
f 3844 	3846 	4050
f 3846 	4052 	4050
f 3846 	3849 	4052
f 3849 	4055 	4052
f 3849 	3851 	4055
f 3851 	4057 	4055
f 3851 	3853 	4057
f 3853 	4059 	4057
f 3853 	3855 	4059
f 3855 	4061 	4059
f 3855 	3857 	4061
f 3857 	4063 	4061
f 3857 	3859 	4063
f 3859 	4065 	4063
f 3859 	3861 	4065
f 3861 	4067 	4065
f 3861 	3863 	4067
f 3863 	4069 	4067
f 3863 	3864 	4069
f 3864 	4070 	4069
f 3864 	3866 	4070
f 3866 	4072 	4070
f 3866 	3868 	4072
f 3868 	4074 	4072
f 3868 	3867 	4074
f 3867 	4073 	4074
f 3867 	3865 	4073
f 3865 	4071 	4073
f 3865 	3862 	4071
f 3862 	4068 	4071
f 3862 	3860 	4068
f 3860 	4066 	4068
f 3860 	3858 	4066
f 3858 	4064 	4066
f 3858 	3856 	4064
f 3856 	4062 	4064
f 3856 	3854 	4062
f 3854 	4060 	4062
f 3854 	3852 	4060
f 3852 	4058 	4060
f 3852 	3850 	4058
f 3850 	4056 	4058
f 3850 	3848 	4056
f 3848 	4054 	4056
f 3848 	3847 	4054
f 3847 	4053 	4054
f 3847 	3845 	4053
f 3845 	4051 	4053
f 3845 	3843 	4051
f 3843 	4049 	4051
f 3843 	3841 	4049
f 3841 	4047 	4049
f 3841 	3839 	4047
f 3839 	4045 	4047
f 3839 	3837 	4045
f 3837 	4043 	4045
f 3837 	3825 	4043
f 3825 	4031 	4043
f 3825 	3823 	4031
f 3823 	4029 	4031
f 3823 	3821 	4029
f 3821 	4027 	4029
f 3821 	3819 	4027
f 3819 	4025 	4027
f 3819 	3817 	4025
f 3817 	4023 	4025
f 3817 	3815 	4023
f 3815 	4021 	4023
f 3815 	3814 	4021
f 3814 	4020 	4021
f 3814 	3794 	4020
f 3794 	4000 	4020
f 3794 	3792 	4000
f 3792 	3998 	4000
f 3792 	3790 	3998
f 3790 	3996 	3998
f 3790 	3789 	3996
f 3789 	3995 	3996
f 3789 	3787 	3995
f 3787 	3993 	3995
f 3787 	3785 	3993
f 3785 	3991 	3993
f 3785 	3783 	3991
f 3783 	3989 	3991
f 3783 	3781 	3989
f 3781 	3987 	3989
f 3781 	3779 	3987
f 3779 	3985 	3987
f 3779 	3777 	3985
f 3777 	3983 	3985
f 3777 	3775 	3983
f 3775 	3981 	3983
f 3775 	3773 	3981
f 3773 	3979 	3981
f 3773 	3771 	3979
f 3771 	3977 	3979
f 3771 	3768 	3977
f 3768 	3974 	3977
f 3768 	3764 	3974
f 3764 	3970 	3974
f 3764 	3760 	3970
f 3760 	3966 	3970
f 3760 	3756 	3966
f 3756 	3962 	3966
f 3756 	3673 	3962
f 3673 	3877 	3962
f 3673 	3672 	3877
f 3672 	3878 	3877
f 3672 	3671 	3878
f 3671 	3879 	3878
f 3671 	3748 	3879
f 3748 	3954 	3879
f 3748 	3743 	3954
f 3743 	3949 	3954
f 3743 	3739 	3949
f 3739 	3945 	3949
f 3739 	3735 	3945
f 3735 	3941 	3945
f 3735 	3676 	3941
f 3676 	3880 	3941
f 3676 	3675 	3880
f 3675 	3881 	3880
f 3675 	3674 	3881
f 3674 	3882 	3881
f 3674 	3678 	3882
f 3678 	3883 	3882
f 3678 	3677 	3883
f 3677 	3884 	3883
f 3677 	3736 	3884
f 3736 	3942 	3884
f 3736 	3740 	3942
f 3740 	3946 	3942
f 3740 	3744 	3946
f 3744 	3950 	3946
f 3744 	3749 	3950
f 3749 	3955 	3950
f 3749 	3752 	3955
f 3752 	3958 	3955
f 3752 	3754 	3958
f 3754 	3960 	3958
f 3754 	3757 	3960
f 3757 	3963 	3960
f 3757 	3761 	3963
f 3761 	3967 	3963
f 3761 	3765 	3967
f 3765 	3971 	3967
f 3765 	3769 	3971
f 3769 	3975 	3971
f 3769 	3796 	3975
f 3796 	4002 	3975
f 3796 	3798 	4002
f 3798 	4004 	4002
f 3798 	3800 	4004
f 3800 	4006 	4004
f 3800 	3802 	4006
f 3802 	4008 	4006
f 3802 	3804 	4008
f 3804 	4010 	4008
f 3804 	3806 	4010
f 3806 	4012 	4010
f 3806 	3808 	4012
f 3808 	4014 	4012
f 3808 	3810 	4014
f 3810 	4016 	4014
f 3810 	3812 	4016
f 3812 	4018 	4016
f 3812 	3827 	4018
f 3827 	4033 	4018
f 3827 	3829 	4033
f 3829 	4035 	4033
f 3829 	3831 	4035
f 3831 	4037 	4035
f 3831 	3833 	4037
f 3833 	4039 	4037
f 3833 	3745 	4039
f 3745 	3951 	4039
f 3745 	3681 	3951
f 3681 	3885 	3951
f 3681 	3680 	3885
f 3680 	3886 	3885
f 3680 	3679 	3886
f 3679 	3887 	3886
f 3679 	3683 	3887
f 3683 	3888 	3887
f 3683 	3682 	3888
f 3682 	3889 	3888
f 3682 	3685 	3889
f 3685 	3890 	3889
f 3685 	3684 	3890
f 3684 	3891 	3890
f 3684 	3687 	3891
f 3687 	3892 	3891
f 3687 	3686 	3892
f 3686 	3893 	3892
f 3686 	3689 	3893
f 3689 	3894 	3893
f 3689 	3688 	3894
f 3688 	3895 	3894
f 3688 	3691 	3895
f 3691 	3896 	3895
f 3691 	3690 	3896
f 3690 	3897 	3896
f 3690 	3693 	3897
f 3693 	3898 	3897
f 3693 	3692 	3898
f 3692 	3899 	3898
f 3692 	3695 	3899
f 3695 	3900 	3899
f 3695 	3694 	3900
f 3694 	3901 	3900
f 3694 	3697 	3901
f 3697 	3902 	3901
f 3697 	3696 	3902
f 3696 	3903 	3902
f 3696 	3699 	3903
f 3699 	3904 	3903
f 3699 	3698 	3904
f 3698 	3905 	3904
f 3698 	3701 	3905
f 3701 	3906 	3905
f 3701 	3700 	3906
f 3700 	3907 	3906
f 3700 	3703 	3907
f 3703 	3908 	3907
f 3703 	3702 	3908
f 3702 	3909 	3908
f 3702 	3705 	3909
f 3705 	3910 	3909
f 3705 	3704 	3910
f 3704 	3911 	3910
f 3704 	3707 	3911
f 3707 	3912 	3911
f 3707 	3706 	3912
f 3706 	3913 	3912
f 3706 	3709 	3913
f 3709 	3914 	3913
f 3709 	3708 	3914
f 3708 	3915 	3914
f 3708 	3711 	3915
f 3711 	3916 	3915
f 3711 	3710 	3916
f 3710 	3917 	3916
f 3710 	3713 	3917
f 3713 	3918 	3917
f 3713 	3712 	3918
f 3712 	3919 	3918
f 3712 	3715 	3919
f 3715 	3920 	3919
f 3715 	3714 	3920
f 3714 	3921 	3920
f 3714 	3717 	3921
f 3717 	3922 	3921
f 3717 	3716 	3922
f 3716 	3923 	3922
f 3716 	3719 	3923
f 3719 	3924 	3923
f 3719 	3718 	3924
f 3718 	3925 	3924
f 3718 	3721 	3925
f 3721 	3926 	3925
f 3721 	3720 	3926
f 3720 	3927 	3926
f 3720 	3723 	3927
f 3723 	3928 	3927
f 3723 	3722 	3928
f 3722 	3929 	3928
f 3722 	3725 	3929
f 3725 	3930 	3929
f 3725 	3724 	3930
f 3724 	3931 	3930
f 3724 	3727 	3931
f 3727 	3932 	3931
f 3727 	3726 	3932
f 3726 	3933 	3932
f 3726 	3729 	3933
f 3729 	3934 	3933
f 3729 	3728 	3934
f 3728 	3935 	3934
f 3728 	3750 	3935
f 3750 	3956 	3935
f 3750 	3753 	3956
f 3753 	3959 	3956
f 3753 	3788 	3959
f 3788 	3994 	3959
f 3788 	3786 	3994
f 3786 	3992 	3994
f 3786 	3784 	3992
f 3784 	3990 	3992
f 3784 	3782 	3990
f 3782 	3988 	3990
f 3782 	3780 	3988
f 3780 	3986 	3988
f 3780 	3778 	3986
f 3778 	3984 	3986
f 3778 	3776 	3984
f 3776 	3982 	3984
f 3776 	3774 	3982
f 3774 	3980 	3982
f 3774 	3772 	3980
f 3772 	3978 	3980
f 3772 	3770 	3978
f 3770 	3976 	3978
f 3770 	3766 	3976
f 3766 	3972 	3976
f 3766 	3762 	3972
f 3762 	3968 	3972
f 3762 	3758 	3968
f 3758 	3964 	3968
f 3758 	3755 	3964
f 3755 	3961 	3964
f 3755 	3732 	3961
f 3732 	3936 	3961
f 3732 	3731 	3936
f 3731 	3937 	3936
f 3731 	3730 	3937
f 3730 	3938 	3937
f 3730 	3746 	3938
f 3746 	3952 	3938
f 3746 	3741 	3952
f 3741 	3947 	3952
f 3741 	3737 	3947
f 3737 	3943 	3947
f 3737 	3733 	3943
f 3733 	3939 	3943
f 3733 	3665 	3939
f 3665 	3869 	3939
f 3665 	3664 	3869
f 3664 	3870 	3869
f 3664 	3663 	3870
f 3663 	3871 	3870
f 4075 	4076 	4077
f 4078 	4079 	4080
f 4081 	4082 	4078
f 4083 	4084 	4085
f 4086 	4087 	4083
f 4075 	4077 	4088
f 4081 	4078 	4080
f 4083 	4085 	4089
f 4090 	4086 	4083
f 4075 	4088 	4091
f 4092 	4081 	4080
f 4083 	4089 	4093
f 4094 	4090 	4083
f 4075 	4091 	4095
f 4096 	4092 	4080
f 4083 	4093 	4097
f 4098 	4094 	4083
f 4075 	4095 	4099
f 4100 	4096 	4080
f 4083 	4097 	4101
f 4102 	4098 	4083
f 4075 	4099 	4103
f 4104 	4100 	4080
f 4083 	4101 	4105
f 4106 	4102 	4083
f 4075 	4103 	4107
f 4108 	4104 	4080
f 4083 	4105 	4109
f 4110 	4106 	4083
f 4075 	4107 	4111
f 4112 	4108 	4080
f 4083 	4109 	4113
f 4114 	4110 	4083
f 4075 	4111 	4115
f 4116 	4112 	4080
f 4083 	4113 	4117
f 4118 	4114 	4083
f 4075 	4115 	4119
f 4120 	4116 	4080
f 4083 	4117 	4121
f 4122 	4118 	4083
f 4075 	4119 	4123
f 4124 	4120 	4080
f 4083 	4121 	4125
f 4126 	4122 	4083
f 4127 	4075 	4123
f 4128 	4124 	4080
f 4083 	4125 	4129
f 4130 	4126 	4083
f 4127 	4123 	4131
f 4132 	4128 	4080
f 4130 	4083 	4129
f 4127 	4131 	4133
f 4134 	4132 	4080
f 4130 	4129 	4135
f 4127 	4133 	4136
f 4137 	4134 	4080
f 4130 	4135 	4138
f 4127 	4136 	4139
f 4140 	4137 	4080
f 4130 	4138 	4141
f 4127 	4139 	4142
f 4143 	4140 	4080
f 4130 	4141 	4144
f 4127 	4142 	4145
f 4146 	4143 	4080
f 4130 	4144 	4147
f 4127 	4145 	4148
f 4149 	4146 	4080
f 4130 	4147 	4150
f 4127 	4148 	4151
f 4152 	4149 	4080
f 4130 	4150 	4153
f 4127 	4151 	4154
f 4155 	4152 	4080
f 4130 	4153 	4156
f 4127 	4154 	4157
f 4158 	4155 	4080
f 4130 	4156 	4159
f 4127 	4157 	4160
f 4158 	4080 	4127
f 4130 	4159 	4161
f 4127 	4160 	4162
f 4163 	4158 	4127
f 4130 	4161 	4164
f 4127 	4162 	4165
f 4166 	4163 	4127
f 4130 	4164 	4167
f 4127 	4165 	4168
f 4169 	4166 	4127
f 4130 	4167 	4170
f 4127 	4168 	4171
f 4172 	4169 	4127
f 4173 	4130 	4170
f 4172 	4127 	4171
f 4174 	4173 	4170
f 4172 	4171 	4175
f 4176 	4174 	4170
f 4172 	4175 	4177
f 4178 	4176 	4170
f 4172 	4177 	4179
f 4180 	4178 	4170
f 4172 	4179 	4181
f 4182 	4180 	4170
f 4172 	4181 	4183
f 4184 	4182 	4170
f 4172 	4183 	4185
f 4186 	4184 	4170
f 4172 	4185 	4186
f 4186 	4170 	4172
f 4187 	4188 	4189
f 4190 	4191 	4192
f 4192 	4193 	4194
f 4195 	4196 	4197
f 4197 	4198 	4199
f 4200 	4187 	4189
f 4190 	4192 	4194
f 4201 	4195 	4197
f 4197 	4199 	4202
f 4203 	4200 	4189
f 4190 	4194 	4204
f 4205 	4201 	4197
f 4197 	4202 	4206
f 4207 	4203 	4189
f 4190 	4204 	4208
f 4209 	4205 	4197
f 4197 	4206 	4210
f 4211 	4207 	4189
f 4190 	4208 	4212
f 4213 	4209 	4197
f 4197 	4210 	4214
f 4215 	4211 	4189
f 4190 	4212 	4216
f 4217 	4213 	4197
f 4197 	4214 	4218
f 4219 	4215 	4189
f 4190 	4216 	4220
f 4221 	4217 	4197
f 4197 	4218 	4222
f 4223 	4219 	4189
f 4190 	4220 	4224
f 4225 	4221 	4197
f 4197 	4222 	4226
f 4227 	4223 	4189
f 4190 	4224 	4228
f 4229 	4225 	4197
f 4197 	4226 	4230
f 4231 	4227 	4189
f 4190 	4228 	4232
f 4233 	4229 	4197
f 4197 	4230 	4234
f 4235 	4231 	4189
f 4190 	4232 	4236
f 4237 	4233 	4197
f 4197 	4234 	4238
f 4235 	4189 	4239
f 4190 	4236 	4240
f 4241 	4237 	4197
f 4197 	4238 	4242
f 4243 	4235 	4239
f 4190 	4240 	4244
f 4241 	4197 	4242
f 4245 	4243 	4239
f 4190 	4244 	4246
f 4247 	4241 	4242
f 4248 	4245 	4239
f 4190 	4246 	4249
f 4250 	4247 	4242
f 4251 	4248 	4239
f 4190 	4249 	4252
f 4253 	4250 	4242
f 4254 	4251 	4239
f 4190 	4252 	4255
f 4256 	4253 	4242
f 4257 	4254 	4239
f 4190 	4255 	4258
f 4259 	4256 	4242
f 4260 	4257 	4239
f 4190 	4258 	4261
f 4262 	4259 	4242
f 4263 	4260 	4239
f 4190 	4261 	4264
f 4265 	4262 	4242
f 4266 	4263 	4239
f 4190 	4264 	4267
f 4268 	4265 	4242
f 4269 	4266 	4239
f 4190 	4267 	4270
f 4271 	4268 	4242
f 4272 	4269 	4239
f 4239 	4190 	4270
f 4273 	4271 	4242
f 4274 	4272 	4239
f 4239 	4270 	4275
f 4276 	4273 	4242
f 4277 	4274 	4239
f 4239 	4275 	4278
f 4279 	4276 	4242
f 4280 	4277 	4239
f 4239 	4278 	4281
f 4282 	4279 	4242
f 4283 	4280 	4239
f 4239 	4281 	4284
f 4282 	4242 	4285
f 4283 	4239 	4284
f 4282 	4285 	4286
f 4287 	4283 	4284
f 4282 	4286 	4288
f 4289 	4287 	4284
f 4282 	4288 	4290
f 4291 	4289 	4284
f 4282 	4290 	4292
f 4293 	4291 	4284
f 4282 	4292 	4294
f 4295 	4293 	4284
f 4282 	4294 	4296
f 4297 	4295 	4284
f 4282 	4296 	4298
f 4298 	4297 	4284
f 4284 	4282 	4298
f 4171 	4168 	4283
f 4168 	4280 	4283
f 4168 	4165 	4280
f 4165 	4277 	4280
f 4165 	4162 	4277
f 4162 	4274 	4277
f 4162 	4160 	4274
f 4160 	4272 	4274
f 4160 	4157 	4272
f 4157 	4269 	4272
f 4157 	4154 	4269
f 4154 	4266 	4269
f 4154 	4151 	4266
f 4151 	4263 	4266
f 4151 	4148 	4263
f 4148 	4260 	4263
f 4148 	4145 	4260
f 4145 	4257 	4260
f 4145 	4142 	4257
f 4142 	4254 	4257
f 4142 	4139 	4254
f 4139 	4251 	4254
f 4139 	4136 	4251
f 4136 	4248 	4251
f 4136 	4133 	4248
f 4133 	4245 	4248
f 4133 	4131 	4245
f 4131 	4243 	4245
f 4131 	4123 	4243
f 4123 	4235 	4243
f 4123 	4119 	4235
f 4119 	4231 	4235
f 4119 	4115 	4231
f 4115 	4227 	4231
f 4115 	4111 	4227
f 4111 	4223 	4227
f 4111 	4107 	4223
f 4107 	4219 	4223
f 4107 	4103 	4219
f 4103 	4215 	4219
f 4103 	4099 	4215
f 4099 	4211 	4215
f 4099 	4095 	4211
f 4095 	4207 	4211
f 4095 	4091 	4207
f 4091 	4203 	4207
f 4091 	4088 	4203
f 4088 	4200 	4203
f 4088 	4077 	4200
f 4077 	4187 	4200
f 4077 	4076 	4187
f 4076 	4188 	4187
f 4076 	4075 	4188
f 4075 	4189 	4188
f 4075 	4127 	4189
f 4127 	4239 	4189
f 4127 	4080 	4239
f 4080 	4190 	4239
f 4080 	4079 	4190
f 4079 	4191 	4190
f 4079 	4078 	4191
f 4078 	4192 	4191
f 4078 	4082 	4192
f 4082 	4193 	4192
f 4082 	4081 	4193
f 4081 	4194 	4193
f 4081 	4092 	4194
f 4092 	4204 	4194
f 4092 	4096 	4204
f 4096 	4208 	4204
f 4096 	4100 	4208
f 4100 	4212 	4208
f 4100 	4104 	4212
f 4104 	4216 	4212
f 4104 	4108 	4216
f 4108 	4220 	4216
f 4108 	4112 	4220
f 4112 	4224 	4220
f 4112 	4116 	4224
f 4116 	4228 	4224
f 4116 	4120 	4228
f 4120 	4232 	4228
f 4120 	4124 	4232
f 4124 	4236 	4232
f 4124 	4128 	4236
f 4128 	4240 	4236
f 4128 	4132 	4240
f 4132 	4244 	4240
f 4132 	4134 	4244
f 4134 	4246 	4244
f 4134 	4137 	4246
f 4137 	4249 	4246
f 4137 	4140 	4249
f 4140 	4252 	4249
f 4140 	4143 	4252
f 4143 	4255 	4252
f 4143 	4146 	4255
f 4146 	4258 	4255
f 4146 	4149 	4258
f 4149 	4261 	4258
f 4149 	4152 	4261
f 4152 	4264 	4261
f 4152 	4155 	4264
f 4155 	4267 	4264
f 4155 	4158 	4267
f 4158 	4270 	4267
f 4158 	4163 	4270
f 4163 	4275 	4270
f 4163 	4166 	4275
f 4166 	4278 	4275
f 4166 	4169 	4278
f 4169 	4281 	4278
f 4169 	4172 	4281
f 4172 	4284 	4281
f 4172 	4170 	4284
f 4170 	4282 	4284
f 4170 	4167 	4282
f 4167 	4279 	4282
f 4167 	4164 	4279
f 4164 	4276 	4279
f 4164 	4161 	4276
f 4161 	4273 	4276
f 4161 	4159 	4273
f 4159 	4271 	4273
f 4159 	4156 	4271
f 4156 	4268 	4271
f 4156 	4153 	4268
f 4153 	4265 	4268
f 4153 	4150 	4265
f 4150 	4262 	4265
f 4150 	4147 	4262
f 4147 	4259 	4262
f 4147 	4144 	4259
f 4144 	4256 	4259
f 4144 	4141 	4256
f 4141 	4253 	4256
f 4141 	4138 	4253
f 4138 	4250 	4253
f 4138 	4135 	4250
f 4135 	4247 	4250
f 4135 	4129 	4247
f 4129 	4241 	4247
f 4129 	4125 	4241
f 4125 	4237 	4241
f 4125 	4121 	4237
f 4121 	4233 	4237
f 4121 	4117 	4233
f 4117 	4229 	4233
f 4117 	4113 	4229
f 4113 	4225 	4229
f 4113 	4109 	4225
f 4109 	4221 	4225
f 4109 	4105 	4221
f 4105 	4217 	4221
f 4105 	4101 	4217
f 4101 	4213 	4217
f 4101 	4097 	4213
f 4097 	4209 	4213
f 4097 	4093 	4209
f 4093 	4205 	4209
f 4093 	4089 	4205
f 4089 	4201 	4205
f 4089 	4085 	4201
f 4085 	4195 	4201
f 4085 	4084 	4195
f 4084 	4196 	4195
f 4084 	4083 	4196
f 4083 	4197 	4196
f 4083 	4087 	4197
f 4087 	4198 	4197
f 4087 	4086 	4198
f 4086 	4199 	4198
f 4086 	4090 	4199
f 4090 	4202 	4199
f 4090 	4094 	4202
f 4094 	4206 	4202
f 4094 	4098 	4206
f 4098 	4210 	4206
f 4098 	4102 	4210
f 4102 	4214 	4210
f 4102 	4106 	4214
f 4106 	4218 	4214
f 4106 	4110 	4218
f 4110 	4222 	4218
f 4110 	4114 	4222
f 4114 	4226 	4222
f 4114 	4118 	4226
f 4118 	4230 	4226
f 4118 	4122 	4230
f 4122 	4234 	4230
f 4122 	4126 	4234
f 4126 	4238 	4234
f 4126 	4130 	4238
f 4130 	4242 	4238
f 4130 	4173 	4242
f 4173 	4285 	4242
f 4173 	4174 	4285
f 4174 	4286 	4285
f 4174 	4176 	4286
f 4176 	4288 	4286
f 4176 	4178 	4288
f 4178 	4290 	4288
f 4178 	4180 	4290
f 4180 	4292 	4290
f 4180 	4182 	4292
f 4182 	4294 	4292
f 4182 	4184 	4294
f 4184 	4296 	4294
f 4184 	4186 	4296
f 4186 	4298 	4296
f 4186 	4185 	4298
f 4185 	4297 	4298
f 4185 	4183 	4297
f 4183 	4295 	4297
f 4183 	4181 	4295
f 4181 	4293 	4295
f 4181 	4179 	4293
f 4179 	4291 	4293
f 4179 	4177 	4291
f 4177 	4289 	4291
f 4177 	4175 	4289
f 4175 	4287 	4289
f 4175 	4171 	4287
f 4171 	4283 	4287
f 4299 	4300 	4301
f 4302 	4303 	4299
f 4304 	4305 	4306
f 4307 	4308 	4304
f 4309 	4310 	4311
f 4312 	4313 	4314
f 4315 	4316 	4312
f 4317 	4318 	4319
f 4320 	4321 	4317
f 4299 	4301 	4322
f 4323 	4302 	4299
f 4304 	4306 	4324
f 4325 	4307 	4304
f 4312 	4314 	4326
f 4327 	4315 	4312
f 4317 	4319 	4328
f 4329 	4320 	4317
f 4299 	4322 	4330
f 4331 	4323 	4299
f 4304 	4324 	4332
f 4333 	4325 	4304
f 4312 	4326 	4334
f 4335 	4327 	4312
f 4317 	4328 	4336
f 4337 	4329 	4317
f 4299 	4330 	4338
f 4339 	4331 	4299
f 4304 	4332 	4340
f 4341 	4333 	4304
f 4312 	4334 	4342
f 4343 	4335 	4312
f 4317 	4336 	4344
f 4345 	4337 	4317
f 4299 	4338 	4346
f 4347 	4339 	4299
f 4304 	4340 	4348
f 4349 	4341 	4304
f 4312 	4342 	4350
f 4351 	4343 	4312
f 4317 	4344 	4352
f 4353 	4345 	4317
f 4299 	4346 	4354
f 4355 	4347 	4299
f 4304 	4348 	4356
f 4357 	4349 	4304
f 4312 	4350 	4358
f 4359 	4351 	4312
f 4317 	4352 	4360
f 4361 	4353 	4317
f 4299 	4354 	4362
f 4363 	4355 	4299
f 4304 	4356 	4364
f 4365 	4357 	4304
f 4312 	4358 	4366
f 4367 	4359 	4312
f 4317 	4360 	4368
f 4369 	4361 	4317
f 4299 	4362 	4370
f 4371 	4363 	4299
f 4304 	4364 	4372
f 4373 	4365 	4304
f 4312 	4366 	4374
f 4375 	4367 	4312
f 4317 	4368 	4376
f 4377 	4369 	4317
f 4299 	4370 	4378
f 4379 	4371 	4299
f 4304 	4372 	4380
f 4381 	4373 	4304
f 4312 	4374 	4382
f 4383 	4375 	4312
f 4317 	4376 	4384
f 4385 	4377 	4317
f 4299 	4378 	4386
f 4387 	4379 	4299
f 4304 	4380 	4388
f 4389 	4381 	4304
f 4312 	4382 	4390
f 4391 	4383 	4312
f 4317 	4384 	4392
f 4393 	4385 	4317
f 4299 	4386 	4394
f 4395 	4387 	4299
f 4304 	4388 	4396
f 4397 	4389 	4304
f 4312 	4390 	4398
f 4399 	4391 	4312
f 4317 	4392 	4400
f 4401 	4393 	4317
f 4299 	4394 	4402
f 4403 	4395 	4299
f 4304 	4396 	4404
f 4405 	4397 	4304
f 4399 	4312 	4398
f 4317 	4400 	4406
f 4407 	4401 	4317
f 4299 	4402 	4408
f 4409 	4403 	4299
f 4405 	4304 	4404
f 4399 	4398 	4309
f 4407 	4317 	4406
f 4299 	4408 	4410
f 4405 	4404 	4411
f 4399 	4309 	4311
f 4407 	4406 	4412
f 4299 	4410 	4413
f 4405 	4411 	4414
f 4399 	4311 	4415
f 4407 	4412 	4416
f 4299 	4413 	4417
f 4405 	4414 	4418
f 4399 	4415 	4419
f 4407 	4416 	4420
f 4299 	4417 	4421
f 4405 	4418 	4422
f 4399 	4419 	4423
f 4407 	4420 	4424
f 4299 	4421 	4425
f 4405 	4422 	4426
f 4399 	4423 	4427
f 4407 	4424 	4428
f 4299 	4425 	4429
f 4405 	4426 	4430
f 4399 	4427 	4431
f 4407 	4428 	4432
f 4299 	4429 	4433
f 4405 	4430 	4434
f 4399 	4431 	4435
f 4407 	4432 	4436
f 4299 	4433 	4437
f 4405 	4434 	4438
f 4399 	4435 	4439
f 4407 	4436 	4440
f 4299 	4437 	4441
f 4405 	4438 	4442
f 4399 	4439 	4443
f 4407 	4440 	4444
f 4299 	4441 	4445
f 4405 	4442 	4446
f 4399 	4443 	4447
f 4407 	4444 	4448
f 4299 	4445 	4449
f 4405 	4446 	4450
f 4399 	4447 	4451
f 4407 	4448 	4452
f 4299 	4449 	4453
f 4405 	4450 	4454
f 4399 	4451 	4455
f 4407 	4452 	4456
f 4299 	4453 	4457
f 4405 	4454 	4458
f 4459 	4399 	4455
f 4407 	4456 	4460
f 4409 	4299 	4457
f 4461 	4405 	4458
f 4462 	4459 	4455
f 4463 	4407 	4460
f 4464 	4409 	4457
f 4465 	4461 	4458
f 4466 	4462 	4455
f 4467 	4463 	4460
f 4468 	4464 	4457
f 4469 	4465 	4458
f 4470 	4466 	4455
f 4471 	4467 	4460
f 4472 	4468 	4457
f 4473 	4469 	4458
f 4474 	4470 	4455
f 4475 	4471 	4460
f 4472 	4457 	4476
f 4477 	4473 	4458
f 4474 	4455 	4478
f 4479 	4475 	4460
f 4480 	4472 	4476
f 4481 	4477 	4458
f 4482 	4474 	4478
f 4483 	4479 	4460
f 4484 	4480 	4476
f 4485 	4481 	4458
f 4486 	4482 	4478
f 4487 	4483 	4460
f 4488 	4484 	4476
f 4485 	4458 	4489
f 4490 	4486 	4478
f 4491 	4487 	4460
f 4492 	4488 	4476
f 4493 	4485 	4489
f 4494 	4490 	4478
f 4491 	4460 	4495
f 4496 	4492 	4476
f 4493 	4489 	4497
f 4498 	4494 	4478
f 4491 	4495 	4499
f 4500 	4496 	4476
f 4493 	4497 	4501
f 4502 	4498 	4478
f 4491 	4499 	4503
f 4501 	4500 	4476
f 4504 	4493 	4501
f 4505 	4502 	4478
f 4491 	4503 	4505
f 4506 	4504 	4501
f 4507 	4491 	4505
f 4508 	4506 	4501
f 4509 	4507 	4505
f 4510 	4508 	4501
f 4511 	4509 	4505
f 4512 	4510 	4501
f 4513 	4511 	4505
f 4514 	4512 	4501
f 4515 	4513 	4505
f 4516 	4514 	4501
f 4517 	4515 	4505
f 4516 	4501 	4476
f 4518 	4517 	4505
f 4516 	4476 	4518
f 4518 	4505 	4478
f 4478 	4516 	4518
f 4519 	4520 	4521
f 4521 	4522 	4523
f 4524 	4525 	4526
f 4526 	4527 	4528
f 4529 	4530 	4531
f 4532 	4533 	4534
f 4534 	4535 	4536
f 4537 	4538 	4539
f 4539 	4540 	4541
f 4542 	4519 	4521
f 4521 	4523 	4543
f 4544 	4524 	4526
f 4526 	4528 	4545
f 4546 	4532 	4534
f 4534 	4536 	4547
f 4548 	4537 	4539
f 4539 	4541 	4549
f 4550 	4542 	4521
f 4521 	4543 	4551
f 4552 	4544 	4526
f 4526 	4545 	4553
f 4554 	4546 	4534
f 4534 	4547 	4555
f 4556 	4548 	4539
f 4539 	4549 	4557
f 4558 	4550 	4521
f 4521 	4551 	4559
f 4560 	4552 	4526
f 4526 	4553 	4561
f 4562 	4554 	4534
f 4534 	4555 	4563
f 4564 	4556 	4539
f 4539 	4557 	4565
f 4566 	4558 	4521
f 4521 	4559 	4567
f 4568 	4560 	4526
f 4526 	4561 	4569
f 4570 	4562 	4534
f 4534 	4563 	4571
f 4572 	4564 	4539
f 4539 	4565 	4573
f 4574 	4566 	4521
f 4521 	4567 	4575
f 4576 	4568 	4526
f 4526 	4569 	4577
f 4578 	4570 	4534
f 4534 	4571 	4579
f 4580 	4572 	4539
f 4539 	4573 	4581
f 4582 	4574 	4521
f 4521 	4575 	4583
f 4584 	4576 	4526
f 4526 	4577 	4585
f 4586 	4578 	4534
f 4534 	4579 	4587
f 4588 	4580 	4539
f 4539 	4581 	4589
f 4590 	4582 	4521
f 4521 	4583 	4591
f 4592 	4584 	4526
f 4526 	4585 	4593
f 4594 	4586 	4534
f 4534 	4587 	4595
f 4596 	4588 	4539
f 4539 	4589 	4597
f 4598 	4590 	4521
f 4521 	4591 	4599
f 4600 	4592 	4526
f 4526 	4593 	4601
f 4602 	4594 	4534
f 4534 	4595 	4603
f 4604 	4596 	4539
f 4539 	4597 	4605
f 4606 	4598 	4521
f 4521 	4599 	4607
f 4608 	4600 	4526
f 4526 	4601 	4609
f 4610 	4602 	4534
f 4534 	4603 	4611
f 4612 	4604 	4539
f 4539 	4605 	4613
f 4614 	4606 	4521
f 4521 	4607 	4615
f 4616 	4608 	4526
f 4526 	4609 	4617
f 4618 	4610 	4534
f 4534 	4611 	4619
f 4620 	4612 	4539
f 4539 	4613 	4621
f 4622 	4614 	4521
f 4521 	4615 	4623
f 4624 	4616 	4526
f 4526 	4617 	4625
f 4618 	4534 	4619
f 4626 	4620 	4539
f 4539 	4621 	4627
f 4628 	4622 	4521
f 4521 	4623 	4629
f 4624 	4526 	4625
f 4531 	4618 	4619
f 4626 	4539 	4627
f 4630 	4628 	4521
f 4631 	4624 	4625
f 4529 	4531 	4619
f 4632 	4626 	4627
f 4633 	4630 	4521
f 4634 	4631 	4625
f 4635 	4529 	4619
f 4636 	4632 	4627
f 4637 	4633 	4521
f 4638 	4634 	4625
f 4639 	4635 	4619
f 4640 	4636 	4627
f 4641 	4637 	4521
f 4642 	4638 	4625
f 4643 	4639 	4619
f 4644 	4640 	4627
f 4645 	4641 	4521
f 4646 	4642 	4625
f 4647 	4643 	4619
f 4648 	4644 	4627
f 4649 	4645 	4521
f 4650 	4646 	4625
f 4651 	4647 	4619
f 4652 	4648 	4627
f 4653 	4649 	4521
f 4654 	4650 	4625
f 4655 	4651 	4619
f 4656 	4652 	4627
f 4657 	4653 	4521
f 4658 	4654 	4625
f 4659 	4655 	4619
f 4660 	4656 	4627
f 4661 	4657 	4521
f 4662 	4658 	4625
f 4663 	4659 	4619
f 4664 	4660 	4627
f 4665 	4661 	4521
f 4666 	4662 	4625
f 4667 	4663 	4619
f 4668 	4664 	4627
f 4669 	4665 	4521
f 4670 	4666 	4625
f 4671 	4667 	4619
f 4672 	4668 	4627
f 4673 	4669 	4521
f 4674 	4670 	4625
f 4675 	4671 	4619
f 4676 	4672 	4627
f 4677 	4673 	4521
f 4678 	4674 	4625
f 4675 	4619 	4679
f 4680 	4676 	4627
f 4677 	4521 	4629
f 4678 	4625 	4681
f 4675 	4679 	4682
f 4680 	4627 	4683
f 4677 	4629 	4684
f 4678 	4681 	4685
f 4675 	4682 	4686
f 4680 	4683 	4687
f 4677 	4684 	4688
f 4678 	4685 	4689
f 4675 	4686 	4690
f 4680 	4687 	4691
f 4677 	4688 	4692
f 4678 	4689 	4693
f 4675 	4690 	4694
f 4680 	4691 	4695
f 4696 	4677 	4692
f 4678 	4693 	4697
f 4698 	4675 	4694
f 4680 	4695 	4699
f 4696 	4692 	4700
f 4678 	4697 	4701
f 4698 	4694 	4702
f 4680 	4699 	4703
f 4696 	4700 	4704
f 4678 	4701 	4705
f 4698 	4702 	4706
f 4680 	4703 	4707
f 4696 	4704 	4708
f 4709 	4678 	4705
f 4698 	4706 	4710
f 4680 	4707 	4711
f 4696 	4708 	4712
f 4709 	4705 	4713
f 4698 	4710 	4714
f 4715 	4680 	4711
f 4696 	4712 	4716
f 4717 	4709 	4713
f 4698 	4714 	4718
f 4719 	4715 	4711
f 4696 	4716 	4720
f 4721 	4717 	4713
f 4698 	4718 	4722
f 4723 	4719 	4711
f 4696 	4720 	4721
f 4721 	4713 	4724
f 4698 	4722 	4725
f 4725 	4723 	4711
f 4721 	4724 	4726
f 4725 	4711 	4727
f 4721 	4726 	4728
f 4725 	4727 	4729
f 4721 	4728 	4730
f 4725 	4729 	4731
f 4721 	4730 	4732
f 4725 	4731 	4733
f 4721 	4732 	4734
f 4725 	4733 	4735
f 4721 	4734 	4736
f 4725 	4735 	4737
f 4696 	4721 	4736
f 4725 	4737 	4738
f 4738 	4696 	4736
f 4698 	4725 	4738
f 4738 	4736 	4698
f 4299 	4303 	4521
f 4303 	4522 	4521
f 4303 	4302 	4522
f 4302 	4523 	4522
f 4302 	4323 	4523
f 4323 	4543 	4523
f 4323 	4331 	4543
f 4331 	4551 	4543
f 4331 	4339 	4551
f 4339 	4559 	4551
f 4339 	4347 	4559
f 4347 	4567 	4559
f 4347 	4355 	4567
f 4355 	4575 	4567
f 4355 	4363 	4575
f 4363 	4583 	4575
f 4363 	4371 	4583
f 4371 	4591 	4583
f 4371 	4379 	4591
f 4379 	4599 	4591
f 4379 	4387 	4599
f 4387 	4607 	4599
f 4387 	4395 	4607
f 4395 	4615 	4607
f 4395 	4403 	4615
f 4403 	4623 	4615
f 4403 	4409 	4623
f 4409 	4629 	4623
f 4409 	4464 	4629
f 4464 	4684 	4629
f 4464 	4468 	4684
f 4468 	4688 	4684
f 4468 	4472 	4688
f 4472 	4692 	4688
f 4472 	4480 	4692
f 4480 	4700 	4692
f 4480 	4484 	4700
f 4484 	4704 	4700
f 4484 	4488 	4704
f 4488 	4708 	4704
f 4488 	4492 	4708
f 4492 	4712 	4708
f 4492 	4496 	4712
f 4496 	4716 	4712
f 4496 	4500 	4716
f 4500 	4720 	4716
f 4500 	4501 	4720
f 4501 	4721 	4720
f 4501 	4497 	4721
f 4497 	4717 	4721
f 4497 	4489 	4717
f 4489 	4709 	4717
f 4489 	4458 	4709
f 4458 	4678 	4709
f 4458 	4454 	4678
f 4454 	4674 	4678
f 4454 	4450 	4674
f 4450 	4670 	4674
f 4450 	4446 	4670
f 4446 	4666 	4670
f 4446 	4442 	4666
f 4442 	4662 	4666
f 4442 	4438 	4662
f 4438 	4658 	4662
f 4438 	4434 	4658
f 4434 	4654 	4658
f 4434 	4430 	4654
f 4430 	4650 	4654
f 4430 	4426 	4650
f 4426 	4646 	4650
f 4426 	4422 	4646
f 4422 	4642 	4646
f 4422 	4418 	4642
f 4418 	4638 	4642
f 4418 	4414 	4638
f 4414 	4634 	4638
f 4414 	4411 	4634
f 4411 	4631 	4634
f 4411 	4404 	4631
f 4404 	4624 	4631
f 4404 	4396 	4624
f 4396 	4616 	4624
f 4396 	4388 	4616
f 4388 	4608 	4616
f 4388 	4380 	4608
f 4380 	4600 	4608
f 4380 	4372 	4600
f 4372 	4592 	4600
f 4372 	4364 	4592
f 4364 	4584 	4592
f 4364 	4356 	4584
f 4356 	4576 	4584
f 4356 	4348 	4576
f 4348 	4568 	4576
f 4348 	4340 	4568
f 4340 	4560 	4568
f 4340 	4332 	4560
f 4332 	4552 	4560
f 4332 	4324 	4552
f 4324 	4544 	4552
f 4324 	4306 	4544
f 4306 	4524 	4544
f 4306 	4305 	4524
f 4305 	4525 	4524
f 4305 	4304 	4525
f 4304 	4526 	4525
f 4304 	4308 	4526
f 4308 	4527 	4526
f 4308 	4307 	4527
f 4307 	4528 	4527
f 4307 	4325 	4528
f 4325 	4545 	4528
f 4325 	4333 	4545
f 4333 	4553 	4545
f 4333 	4341 	4553
f 4341 	4561 	4553
f 4341 	4349 	4561
f 4349 	4569 	4561
f 4349 	4357 	4569
f 4357 	4577 	4569
f 4357 	4365 	4577
f 4365 	4585 	4577
f 4365 	4373 	4585
f 4373 	4593 	4585
f 4373 	4381 	4593
f 4381 	4601 	4593
f 4381 	4389 	4601
f 4389 	4609 	4601
f 4389 	4397 	4609
f 4397 	4617 	4609
f 4397 	4405 	4617
f 4405 	4625 	4617
f 4405 	4461 	4625
f 4461 	4681 	4625
f 4461 	4465 	4681
f 4465 	4685 	4681
f 4465 	4469 	4685
f 4469 	4689 	4685
f 4469 	4473 	4689
f 4473 	4693 	4689
f 4473 	4477 	4693
f 4477 	4697 	4693
f 4477 	4481 	4697
f 4481 	4701 	4697
f 4481 	4485 	4701
f 4485 	4705 	4701
f 4485 	4493 	4705
f 4493 	4713 	4705
f 4493 	4504 	4713
f 4504 	4724 	4713
f 4504 	4506 	4724
f 4506 	4726 	4724
f 4506 	4508 	4726
f 4508 	4728 	4726
f 4508 	4510 	4728
f 4510 	4730 	4728
f 4510 	4512 	4730
f 4512 	4732 	4730
f 4512 	4514 	4732
f 4514 	4734 	4732
f 4514 	4516 	4734
f 4516 	4736 	4734
f 4516 	4478 	4736
f 4478 	4698 	4736
f 4478 	4455 	4698
f 4455 	4675 	4698
f 4455 	4451 	4675
f 4451 	4671 	4675
f 4451 	4447 	4671
f 4447 	4667 	4671
f 4447 	4443 	4667
f 4443 	4663 	4667
f 4443 	4439 	4663
f 4439 	4659 	4663
f 4439 	4435 	4659
f 4435 	4655 	4659
f 4435 	4431 	4655
f 4431 	4651 	4655
f 4431 	4427 	4651
f 4427 	4647 	4651
f 4427 	4423 	4647
f 4423 	4643 	4647
f 4423 	4419 	4643
f 4419 	4639 	4643
f 4419 	4415 	4639
f 4415 	4635 	4639
f 4415 	4311 	4635
f 4311 	4529 	4635
f 4311 	4310 	4529
f 4310 	4530 	4529
f 4310 	4309 	4530
f 4309 	4531 	4530
f 4309 	4398 	4531
f 4398 	4618 	4531
f 4398 	4390 	4618
f 4390 	4610 	4618
f 4390 	4382 	4610
f 4382 	4602 	4610
f 4382 	4374 	4602
f 4374 	4594 	4602
f 4374 	4366 	4594
f 4366 	4586 	4594
f 4366 	4358 	4586
f 4358 	4578 	4586
f 4358 	4350 	4578
f 4350 	4570 	4578
f 4350 	4342 	4570
f 4342 	4562 	4570
f 4342 	4334 	4562
f 4334 	4554 	4562
f 4334 	4326 	4554
f 4326 	4546 	4554
f 4326 	4314 	4546
f 4314 	4532 	4546
f 4314 	4313 	4532
f 4313 	4533 	4532
f 4313 	4312 	4533
f 4312 	4534 	4533
f 4312 	4316 	4534
f 4316 	4535 	4534
f 4316 	4315 	4535
f 4315 	4536 	4535
f 4315 	4327 	4536
f 4327 	4547 	4536
f 4327 	4335 	4547
f 4335 	4555 	4547
f 4335 	4343 	4555
f 4343 	4563 	4555
f 4343 	4351 	4563
f 4351 	4571 	4563
f 4351 	4359 	4571
f 4359 	4579 	4571
f 4359 	4367 	4579
f 4367 	4587 	4579
f 4367 	4375 	4587
f 4375 	4595 	4587
f 4375 	4383 	4595
f 4383 	4603 	4595
f 4383 	4391 	4603
f 4391 	4611 	4603
f 4391 	4399 	4611
f 4399 	4619 	4611
f 4399 	4459 	4619
f 4459 	4679 	4619
f 4459 	4462 	4679
f 4462 	4682 	4679
f 4462 	4466 	4682
f 4466 	4686 	4682
f 4466 	4470 	4686
f 4470 	4690 	4686
f 4470 	4474 	4690
f 4474 	4694 	4690
f 4474 	4482 	4694
f 4482 	4702 	4694
f 4482 	4486 	4702
f 4486 	4706 	4702
f 4486 	4490 	4706
f 4490 	4710 	4706
f 4490 	4494 	4710
f 4494 	4714 	4710
f 4494 	4498 	4714
f 4498 	4718 	4714
f 4498 	4502 	4718
f 4502 	4722 	4718
f 4502 	4505 	4722
f 4505 	4725 	4722
f 4505 	4503 	4725
f 4503 	4723 	4725
f 4503 	4499 	4723
f 4499 	4719 	4723
f 4499 	4495 	4719
f 4495 	4715 	4719
f 4495 	4460 	4715
f 4460 	4680 	4715
f 4460 	4456 	4680
f 4456 	4676 	4680
f 4456 	4452 	4676
f 4452 	4672 	4676
f 4452 	4448 	4672
f 4448 	4668 	4672
f 4448 	4444 	4668
f 4444 	4664 	4668
f 4444 	4440 	4664
f 4440 	4660 	4664
f 4440 	4436 	4660
f 4436 	4656 	4660
f 4436 	4432 	4656
f 4432 	4652 	4656
f 4432 	4428 	4652
f 4428 	4648 	4652
f 4428 	4424 	4648
f 4424 	4644 	4648
f 4424 	4420 	4644
f 4420 	4640 	4644
f 4420 	4416 	4640
f 4416 	4636 	4640
f 4416 	4412 	4636
f 4412 	4632 	4636
f 4412 	4406 	4632
f 4406 	4626 	4632
f 4406 	4400 	4626
f 4400 	4620 	4626
f 4400 	4392 	4620
f 4392 	4612 	4620
f 4392 	4384 	4612
f 4384 	4604 	4612
f 4384 	4376 	4604
f 4376 	4596 	4604
f 4376 	4368 	4596
f 4368 	4588 	4596
f 4368 	4360 	4588
f 4360 	4580 	4588
f 4360 	4352 	4580
f 4352 	4572 	4580
f 4352 	4344 	4572
f 4344 	4564 	4572
f 4344 	4336 	4564
f 4336 	4556 	4564
f 4336 	4328 	4556
f 4328 	4548 	4556
f 4328 	4319 	4548
f 4319 	4537 	4548
f 4319 	4318 	4537
f 4318 	4538 	4537
f 4318 	4317 	4538
f 4317 	4539 	4538
f 4317 	4321 	4539
f 4321 	4540 	4539
f 4321 	4320 	4540
f 4320 	4541 	4540
f 4320 	4329 	4541
f 4329 	4549 	4541
f 4329 	4337 	4549
f 4337 	4557 	4549
f 4337 	4345 	4557
f 4345 	4565 	4557
f 4345 	4353 	4565
f 4353 	4573 	4565
f 4353 	4361 	4573
f 4361 	4581 	4573
f 4361 	4369 	4581
f 4369 	4589 	4581
f 4369 	4377 	4589
f 4377 	4597 	4589
f 4377 	4385 	4597
f 4385 	4605 	4597
f 4385 	4393 	4605
f 4393 	4613 	4605
f 4393 	4401 	4613
f 4401 	4621 	4613
f 4401 	4407 	4621
f 4407 	4627 	4621
f 4407 	4463 	4627
f 4463 	4683 	4627
f 4463 	4467 	4683
f 4467 	4687 	4683
f 4467 	4471 	4687
f 4471 	4691 	4687
f 4471 	4475 	4691
f 4475 	4695 	4691
f 4475 	4479 	4695
f 4479 	4699 	4695
f 4479 	4483 	4699
f 4483 	4703 	4699
f 4483 	4487 	4703
f 4487 	4707 	4703
f 4487 	4491 	4707
f 4491 	4711 	4707
f 4491 	4507 	4711
f 4507 	4727 	4711
f 4507 	4509 	4727
f 4509 	4729 	4727
f 4509 	4511 	4729
f 4511 	4731 	4729
f 4511 	4513 	4731
f 4513 	4733 	4731
f 4513 	4515 	4733
f 4515 	4735 	4733
f 4515 	4517 	4735
f 4517 	4737 	4735
f 4517 	4518 	4737
f 4518 	4738 	4737
f 4518 	4476 	4738
f 4476 	4696 	4738
f 4476 	4457 	4696
f 4457 	4677 	4696
f 4457 	4453 	4677
f 4453 	4673 	4677
f 4453 	4449 	4673
f 4449 	4669 	4673
f 4449 	4445 	4669
f 4445 	4665 	4669
f 4445 	4441 	4665
f 4441 	4661 	4665
f 4441 	4437 	4661
f 4437 	4657 	4661
f 4437 	4433 	4657
f 4433 	4653 	4657
f 4433 	4429 	4653
f 4429 	4649 	4653
f 4429 	4425 	4649
f 4425 	4645 	4649
f 4425 	4421 	4645
f 4421 	4641 	4645
f 4421 	4417 	4641
f 4417 	4637 	4641
f 4417 	4413 	4637
f 4413 	4633 	4637
f 4413 	4410 	4633
f 4410 	4630 	4633
f 4410 	4408 	4630
f 4408 	4628 	4630
f 4408 	4402 	4628
f 4402 	4622 	4628
f 4402 	4394 	4622
f 4394 	4614 	4622
f 4394 	4386 	4614
f 4386 	4606 	4614
f 4386 	4378 	4606
f 4378 	4598 	4606
f 4378 	4370 	4598
f 4370 	4590 	4598
f 4370 	4362 	4590
f 4362 	4582 	4590
f 4362 	4354 	4582
f 4354 	4574 	4582
f 4354 	4346 	4574
f 4346 	4566 	4574
f 4346 	4338 	4566
f 4338 	4558 	4566
f 4338 	4330 	4558
f 4330 	4550 	4558
f 4330 	4322 	4550
f 4322 	4542 	4550
f 4322 	4301 	4542
f 4301 	4519 	4542
f 4301 	4300 	4519
f 4300 	4520 	4519
f 4300 	4299 	4520
f 4299 	4521 	4520
f 4739 	4740 	4741
f 4742 	4743 	4744
f 4745 	4746 	4747
f 4748 	4749 	4745
f 4750 	4751 	4752
f 4739 	4741 	4753
f 4754 	4742 	4744
f 4745 	4747 	4755
f 4756 	4748 	4745
f 4757 	4750 	4752
f 4739 	4753 	4758
f 4759 	4754 	4744
f 4745 	4755 	4760
f 4761 	4756 	4745
f 4739 	4758 	4762
f 4763 	4759 	4744
f 4745 	4760 	4764
f 4765 	4761 	4745
f 4739 	4762 	4766
f 4767 	4763 	4744
f 4745 	4764 	4768
f 4769 	4765 	4745
f 4739 	4766 	4770
f 4771 	4767 	4744
f 4745 	4768 	4772
f 4773 	4769 	4745
f 4744 	4739 	4770
f 4774 	4771 	4744
f 4745 	4772 	4775
f 4776 	4773 	4745
f 4744 	4770 	4777
f 4778 	4774 	4744
f 4745 	4775 	4779
f 4780 	4776 	4745
f 4744 	4777 	4781
f 4782 	4778 	4744
f 4745 	4779 	4783
f 4784 	4780 	4745
f 4744 	4781 	4785
f 4786 	4782 	4744
f 4745 	4783 	4787
f 4788 	4784 	4745
f 4744 	4785 	4789
f 4790 	4786 	4744
f 4745 	4787 	4791
f 4792 	4788 	4745
f 4744 	4789 	4793
f 4794 	4790 	4744
f 4745 	4791 	4795
f 4796 	4792 	4745
f 4744 	4793 	4797
f 4798 	4794 	4744
f 4745 	4795 	4799
f 4800 	4796 	4745
f 4744 	4797 	4801
f 4802 	4798 	4744
f 4800 	4745 	4799
f 4744 	4801 	4803
f 4804 	4802 	4744
f 4800 	4799 	4805
f 4804 	4744 	4803
f 4800 	4805 	4806
f 4807 	4804 	4803
f 4800 	4806 	4808
f 4809 	4807 	4803
f 4800 	4808 	4810
f 4809 	4803 	4757
f 4800 	4810 	4811
f 4812 	4809 	4757
f 4800 	4811 	4813
f 4812 	4757 	4752
f 4800 	4813 	4814
f 4815 	4812 	4752
f 4800 	4814 	4816
f 4817 	4815 	4752
f 4800 	4816 	4818
f 4817 	4752 	4819
f 4800 	4818 	4820
f 4817 	4819 	4821
f 4800 	4820 	4822
f 4817 	4821 	4823
f 4800 	4822 	4824
f 4825 	4817 	4823
f 4826 	4800 	4824
f 4825 	4823 	4827
f 4828 	4826 	4824
f 4825 	4827 	4829
f 4830 	4828 	4824
f 4825 	4829 	4831
f 4832 	4830 	4824
f 4825 	4831 	4833
f 4834 	4832 	4824
f 4835 	4825 	4833
f 4836 	4834 	4824
f 4837 	4835 	4833
f 4833 	4836 	4824
f 4838 	4837 	4833
f 4833 	4824 	4839
f 4840 	4838 	4833
f 4833 	4839 	4840
f 4841 	4842 	4843
f 4844 	4845 	4846
f 4847 	4848 	4849
f 4849 	4850 	4851
f 4852 	4853 	4854
f 4855 	4841 	4843
f 4844 	4846 	4856
f 4857 	4847 	4849
f 4849 	4851 	4858
f 4852 	4854 	4859
f 4860 	4855 	4843
f 4844 	4856 	4861
f 4862 	4857 	4849
f 4849 	4858 	4863
f 4864 	4860 	4843
f 4844 	4861 	4865
f 4866 	4862 	4849
f 4849 	4863 	4867
f 4868 	4864 	4843
f 4844 	4865 	4869
f 4870 	4866 	4849
f 4849 	4867 	4871
f 4872 	4868 	4843
f 4844 	4869 	4873
f 4874 	4870 	4849
f 4849 	4871 	4875
f 4872 	4843 	4844
f 4844 	4873 	4876
f 4877 	4874 	4849
f 4849 	4875 	4878
f 4879 	4872 	4844
f 4844 	4876 	4880
f 4881 	4877 	4849
f 4849 	4878 	4882
f 4883 	4879 	4844
f 4844 	4880 	4884
f 4885 	4881 	4849
f 4849 	4882 	4886
f 4887 	4883 	4844
f 4844 	4884 	4888
f 4889 	4885 	4849
f 4849 	4886 	4890
f 4891 	4887 	4844
f 4844 	4888 	4892
f 4893 	4889 	4849
f 4849 	4890 	4894
f 4895 	4891 	4844
f 4844 	4892 	4896
f 4897 	4893 	4849
f 4849 	4894 	4898
f 4899 	4895 	4844
f 4844 	4896 	4900
f 4901 	4897 	4849
f 4849 	4898 	4902
f 4903 	4899 	4844
f 4844 	4900 	4904
f 4901 	4849 	4902
f 4905 	4903 	4844
f 4844 	4904 	4906
f 4907 	4901 	4902
f 4905 	4844 	4906
f 4908 	4907 	4902
f 4905 	4906 	4909
f 4910 	4908 	4902
f 4905 	4909 	4911
f 4912 	4910 	4902
f 4859 	4905 	4911
f 4913 	4912 	4902
f 4859 	4911 	4914
f 4915 	4913 	4902
f 4852 	4859 	4914
f 4916 	4915 	4902
f 4852 	4914 	4917
f 4918 	4916 	4902
f 4852 	4917 	4919
f 4920 	4918 	4902
f 4921 	4852 	4919
f 4922 	4920 	4902
f 4923 	4921 	4919
f 4924 	4922 	4902
f 4925 	4923 	4919
f 4926 	4924 	4902
f 4925 	4919 	4927
f 4926 	4902 	4928
f 4929 	4925 	4927
f 4926 	4928 	4930
f 4931 	4929 	4927
f 4926 	4930 	4932
f 4933 	4931 	4927
f 4926 	4932 	4934
f 4935 	4933 	4927
f 4926 	4934 	4936
f 4935 	4927 	4937
f 4926 	4936 	4938
f 4935 	4937 	4939
f 4926 	4938 	4935
f 4935 	4939 	4940
f 4941 	4926 	4935
f 4935 	4940 	4942
f 4942 	4941 	4935
f 4739 	4744 	4843
f 4744 	4844 	4843
f 4744 	4743 	4844
f 4743 	4845 	4844
f 4743 	4742 	4845
f 4742 	4846 	4845
f 4742 	4754 	4846
f 4754 	4856 	4846
f 4754 	4759 	4856
f 4759 	4861 	4856
f 4759 	4763 	4861
f 4763 	4865 	4861
f 4763 	4767 	4865
f 4767 	4869 	4865
f 4767 	4771 	4869
f 4771 	4873 	4869
f 4771 	4774 	4873
f 4774 	4876 	4873
f 4774 	4778 	4876
f 4778 	4880 	4876
f 4778 	4782 	4880
f 4782 	4884 	4880
f 4782 	4786 	4884
f 4786 	4888 	4884
f 4786 	4790 	4888
f 4790 	4892 	4888
f 4790 	4794 	4892
f 4794 	4896 	4892
f 4794 	4798 	4896
f 4798 	4900 	4896
f 4798 	4802 	4900
f 4802 	4904 	4900
f 4802 	4804 	4904
f 4804 	4906 	4904
f 4804 	4807 	4906
f 4807 	4909 	4906
f 4807 	4809 	4909
f 4809 	4911 	4909
f 4809 	4812 	4911
f 4812 	4914 	4911
f 4812 	4815 	4914
f 4815 	4917 	4914
f 4815 	4817 	4917
f 4817 	4919 	4917
f 4817 	4825 	4919
f 4825 	4927 	4919
f 4825 	4835 	4927
f 4835 	4937 	4927
f 4835 	4837 	4937
f 4837 	4939 	4937
f 4837 	4838 	4939
f 4838 	4940 	4939
f 4838 	4840 	4940
f 4840 	4942 	4940
f 4840 	4839 	4942
f 4839 	4941 	4942
f 4839 	4824 	4941
f 4824 	4926 	4941
f 4824 	4822 	4926
f 4822 	4924 	4926
f 4822 	4820 	4924
f 4820 	4922 	4924
f 4820 	4818 	4922
f 4818 	4920 	4922
f 4818 	4816 	4920
f 4816 	4918 	4920
f 4816 	4814 	4918
f 4814 	4916 	4918
f 4814 	4813 	4916
f 4813 	4915 	4916
f 4813 	4811 	4915
f 4811 	4913 	4915
f 4811 	4810 	4913
f 4810 	4912 	4913
f 4810 	4808 	4912
f 4808 	4910 	4912
f 4808 	4806 	4910
f 4806 	4908 	4910
f 4806 	4805 	4908
f 4805 	4907 	4908
f 4805 	4799 	4907
f 4799 	4901 	4907
f 4799 	4795 	4901
f 4795 	4897 	4901
f 4795 	4791 	4897
f 4791 	4893 	4897
f 4791 	4787 	4893
f 4787 	4889 	4893
f 4787 	4783 	4889
f 4783 	4885 	4889
f 4783 	4779 	4885
f 4779 	4881 	4885
f 4779 	4775 	4881
f 4775 	4877 	4881
f 4775 	4772 	4877
f 4772 	4874 	4877
f 4772 	4768 	4874
f 4768 	4870 	4874
f 4768 	4764 	4870
f 4764 	4866 	4870
f 4764 	4760 	4866
f 4760 	4862 	4866
f 4760 	4755 	4862
f 4755 	4857 	4862
f 4755 	4747 	4857
f 4747 	4847 	4857
f 4747 	4746 	4847
f 4746 	4848 	4847
f 4746 	4745 	4848
f 4745 	4849 	4848
f 4745 	4749 	4849
f 4749 	4850 	4849
f 4749 	4748 	4850
f 4748 	4851 	4850
f 4748 	4756 	4851
f 4756 	4858 	4851
f 4756 	4761 	4858
f 4761 	4863 	4858
f 4761 	4765 	4863
f 4765 	4867 	4863
f 4765 	4769 	4867
f 4769 	4871 	4867
f 4769 	4773 	4871
f 4773 	4875 	4871
f 4773 	4776 	4875
f 4776 	4878 	4875
f 4776 	4780 	4878
f 4780 	4882 	4878
f 4780 	4784 	4882
f 4784 	4886 	4882
f 4784 	4788 	4886
f 4788 	4890 	4886
f 4788 	4792 	4890
f 4792 	4894 	4890
f 4792 	4796 	4894
f 4796 	4898 	4894
f 4796 	4800 	4898
f 4800 	4902 	4898
f 4800 	4826 	4902
f 4826 	4928 	4902
f 4826 	4828 	4928
f 4828 	4930 	4928
f 4828 	4830 	4930
f 4830 	4932 	4930
f 4830 	4832 	4932
f 4832 	4934 	4932
f 4832 	4834 	4934
f 4834 	4936 	4934
f 4834 	4836 	4936
f 4836 	4938 	4936
f 4836 	4833 	4938
f 4833 	4935 	4938
f 4833 	4831 	4935
f 4831 	4933 	4935
f 4831 	4829 	4933
f 4829 	4931 	4933
f 4829 	4827 	4931
f 4827 	4929 	4931
f 4827 	4823 	4929
f 4823 	4925 	4929
f 4823 	4821 	4925
f 4821 	4923 	4925
f 4821 	4819 	4923
f 4819 	4921 	4923
f 4819 	4752 	4921
f 4752 	4852 	4921
f 4752 	4751 	4852
f 4751 	4853 	4852
f 4751 	4750 	4853
f 4750 	4854 	4853
f 4750 	4757 	4854
f 4757 	4859 	4854
f 4757 	4803 	4859
f 4803 	4905 	4859
f 4803 	4801 	4905
f 4801 	4903 	4905
f 4801 	4797 	4903
f 4797 	4899 	4903
f 4797 	4793 	4899
f 4793 	4895 	4899
f 4793 	4789 	4895
f 4789 	4891 	4895
f 4789 	4785 	4891
f 4785 	4887 	4891
f 4785 	4781 	4887
f 4781 	4883 	4887
f 4781 	4777 	4883
f 4777 	4879 	4883
f 4777 	4770 	4879
f 4770 	4872 	4879
f 4770 	4766 	4872
f 4766 	4868 	4872
f 4766 	4762 	4868
f 4762 	4864 	4868
f 4762 	4758 	4864
f 4758 	4860 	4864
f 4758 	4753 	4860
f 4753 	4855 	4860
f 4753 	4741 	4855
f 4741 	4841 	4855
f 4741 	4740 	4841
f 4740 	4842 	4841
f 4740 	4739 	4842
f 4739 	4843 	4842
f 4943 	4944 	4945
f 4946 	4947 	4943
f 4948 	4949 	4950
f 4951 	4952 	4953
f 4954 	4955 	4956
f 4957 	4958 	4954
f 4959 	4960 	4961
f 4962 	4963 	4959
f 4964 	4965 	4962
f 4966 	4967 	4964
f 4968 	4969 	4966
f 4970 	4971 	4968
f 4972 	4973 	4970
f 4974 	4975 	4972
f 4976 	4977 	4974
f 4978 	4979 	4976
f 4980 	4981 	4978
f 4982 	4983 	4980
f 4984 	4985 	4982
f 4986 	4987 	4984
f 4988 	4989 	4986
f 4990 	4991 	4988
f 4992 	4993 	4990
f 4994 	4995 	4992
f 4996 	4997 	4994
f 4998 	4999 	4996
f 5000 	5001 	4998
f 5002 	5003 	5000
f 5004 	5005 	5002
f 5006 	5007 	5004
f 5008 	5009 	5006
f 5010 	5011 	5012
f 4943 	4945 	5013
f 5014 	4946 	4943
f 4954 	4956 	5015
f 5016 	4957 	4954
f 4962 	4959 	4961
f 4966 	4964 	4962
f 4970 	4968 	4966
f 4974 	4972 	4970
f 4978 	4976 	4974
f 4982 	4980 	4978
f 4986 	4984 	4982
f 4990 	4988 	4986
f 4994 	4992 	4990
f 4998 	4996 	4994
f 5002 	5000 	4998
f 5006 	5004 	5002
f 4943 	5013 	5017
f 5018 	5014 	4943
f 4954 	5015 	5019
f 5020 	5016 	4954
f 4966 	4962 	4961
f 4974 	4970 	4966
f 4982 	4978 	4974
f 4990 	4986 	4982
f 4998 	4994 	4990
f 5006 	5002 	4998
f 4943 	5017 	5021
f 5022 	5018 	4943
f 4954 	5019 	5023
f 5024 	5020 	4954
f 4966 	4961 	5025
f 4982 	4974 	4966
f 4998 	4990 	4982
f 5008 	5006 	4998
f 4943 	5021 	5026
f 5027 	5022 	4943
f 4954 	5023 	5028
f 5029 	5024 	4954
f 5030 	5008 	4998
f 4943 	5026 	5010
f 5031 	5027 	4943
f 4954 	5028 	4951
f 5032 	5029 	4954
f 5033 	5030 	4998
f 4943 	5010 	5012
f 4950 	5031 	4943
f 4954 	4951 	4953
f 5034 	5032 	4954
f 4943 	5012 	5035
f 4948 	4950 	4943
f 4954 	4953 	5036
f 5037 	5034 	4954
f 4943 	5035 	5038
f 5039 	4948 	4943
f 4954 	5036 	5040
f 5041 	5037 	4954
f 4943 	5038 	5042
f 5043 	5039 	4943
f 4954 	5040 	5044
f 5045 	5041 	4954
f 4943 	5042 	5046
f 5047 	5043 	4943
f 4954 	5044 	5048
f 5049 	5045 	4954
f 5047 	4943 	5046
f 5049 	4954 	5048
f 5047 	5046 	5050
f 5049 	5048 	5051
f 5047 	5050 	5052
f 5049 	5051 	5053
f 5047 	5052 	5054
f 5049 	5053 	5055
f 5047 	5054 	5056
f 5049 	5055 	5057
f 5047 	5056 	5058
f 5049 	5057 	5059
f 5047 	5058 	5060
f 5049 	5059 	5061
f 5047 	5060 	5062
f 5049 	5061 	5063
f 5047 	5062 	5064
f 5049 	5063 	5065
f 5047 	5064 	5066
f 5049 	5065 	5067
f 5047 	5066 	5068
f 5049 	5067 	5069
f 5047 	5068 	5033
f 5049 	5069 	5070
f 5071 	5047 	5033
f 5049 	5070 	5072
f 5073 	5071 	5033
f 5049 	5072 	5074
f 5075 	5073 	5033
f 5076 	5049 	5074
f 5077 	5075 	5033
f 5078 	5076 	5074
f 5079 	5077 	5033
f 5080 	5078 	5074
f 5081 	5079 	5033
f 5082 	5080 	5074
f 5083 	5081 	5033
f 5084 	5082 	5074
f 5085 	5083 	5033
f 5086 	5084 	5074
f 5087 	5085 	5033
f 5088 	5086 	5074
f 5089 	5087 	5033
f 5090 	5088 	5074
f 5091 	5089 	5033
f 5092 	5090 	5074
f 5093 	5091 	5033
f 5092 	5074 	5094
f 5093 	5033 	4998
f 5092 	5094 	5095
f 5096 	5093 	4998
f 5092 	5095 	5097
f 5098 	5096 	4998
f 5092 	5097 	5099
f 5100 	5098 	4998
f 5092 	5099 	5101
f 5102 	5100 	4998
f 5092 	5101 	5103
f 5104 	5102 	4998
f 5092 	5103 	5105
f 5106 	5104 	4998
f 5107 	5092 	5105
f 5108 	5106 	4998
f 5109 	5107 	5105
f 5110 	5108 	4998
f 5111 	5109 	5105
f 5112 	5110 	4998
f 5113 	5111 	5105
f 5114 	5112 	4998
f 5025 	5113 	5105
f 5115 	5114 	4998
f 4966 	5025 	5105
f 5116 	5115 	4998
f 4966 	5105 	5117
f 5118 	5116 	4998
f 4966 	5117 	5119
f 5120 	5118 	4998
f 4966 	5119 	5121
f 5122 	5120 	4998
f 4966 	5121 	5123
f 5124 	5122 	4998
f 4966 	5123 	5125
f 5126 	5124 	4998
f 4966 	5125 	5127
f 5126 	4998 	4982
f 4966 	5127 	5128
f 5129 	5126 	4982
f 4966 	5128 	5130
f 5131 	5129 	4982
f 4966 	5130 	5132
f 5133 	5131 	4982
f 4966 	5132 	5134
f 5135 	5133 	4982
f 4966 	5134 	5136
f 5137 	5135 	4982
f 4966 	5136 	5138
f 5139 	5137 	4982
f 4966 	5138 	5140
f 5141 	5139 	4982
f 4966 	5140 	5142
f 5143 	5141 	4982
f 4982 	4966 	5142
f 5144 	5143 	4982
f 4982 	5142 	5145
f 5146 	5144 	4982
f 4982 	5145 	5147
f 5148 	5146 	4982
f 4982 	5147 	5148
f 5149 	5150 	5151
f 5151 	5152 	5153
f 5154 	5155 	5156
f 5157 	5158 	5159
f 5160 	5161 	5162
f 5162 	5163 	5164
f 5165 	5166 	5167
f 5167 	5168 	5169
f 5169 	5170 	5171
f 5171 	5172 	5173
f 5173 	5174 	5175
f 5175 	5176 	5177
f 5177 	5178 	5179
f 5179 	5180 	5181
f 5181 	5182 	5183
f 5183 	5184 	5185
f 5185 	5186 	5187
f 5187 	5188 	5189
f 5189 	5190 	5191
f 5191 	5192 	5193
f 5193 	5194 	5195
f 5195 	5196 	5197
f 5197 	5198 	5199
f 5199 	5200 	5201
f 5201 	5202 	5203
f 5203 	5204 	5205
f 5205 	5206 	5207
f 5207 	5208 	5209
f 5209 	5210 	5211
f 5211 	5212 	5213
f 5213 	5214 	5215
f 5216 	5217 	5218
f 5219 	5149 	5151
f 5151 	5153 	5220
f 5221 	5160 	5162
f 5162 	5164 	5222
f 5165 	5167 	5169
f 5169 	5171 	5173
f 5173 	5175 	5177
f 5177 	5179 	5181
f 5181 	5183 	5185
f 5185 	5187 	5189
f 5189 	5191 	5193
f 5193 	5195 	5197
f 5197 	5199 	5201
f 5201 	5203 	5205
f 5205 	5207 	5209
f 5209 	5211 	5213
f 5223 	5219 	5151
f 5151 	5220 	5224
f 5225 	5221 	5162
f 5162 	5222 	5226
f 5165 	5169 	5173
f 5173 	5177 	5181
f 5181 	5185 	5189
f 5189 	5193 	5197
f 5197 	5201 	5205
f 5205 	5209 	5213
f 5227 	5223 	5151
f 5151 	5224 	5228
f 5229 	5225 	5162
f 5162 	5226 	5230
f 5231 	5165 	5173
f 5173 	5181 	5189
f 5189 	5197 	5205
f 5205 	5213 	5215
f 5232 	5227 	5151
f 5151 	5228 	5233
f 5234 	5229 	5162
f 5162 	5230 	5235
f 5205 	5215 	5236
f 5218 	5232 	5151
f 5151 	5233 	5237
f 5159 	5234 	5162
f 5162 	5235 	5238
f 5205 	5236 	5239
f 5216 	5218 	5151
f 5151 	5237 	5154
f 5157 	5159 	5162
f 5162 	5238 	5240
f 5241 	5216 	5151
f 5151 	5154 	5156
f 5242 	5157 	5162
f 5162 	5240 	5243
f 5244 	5241 	5151
f 5151 	5156 	5245
f 5246 	5242 	5162
f 5162 	5243 	5247
f 5248 	5244 	5151
f 5151 	5245 	5249
f 5250 	5246 	5162
f 5162 	5247 	5251
f 5252 	5248 	5151
f 5151 	5249 	5253
f 5254 	5250 	5162
f 5162 	5251 	5255
f 5252 	5151 	5253
f 5254 	5162 	5255
f 5256 	5252 	5253
f 5257 	5254 	5255
f 5258 	5256 	5253
f 5259 	5257 	5255
f 5260 	5258 	5253
f 5261 	5259 	5255
f 5262 	5260 	5253
f 5263 	5261 	5255
f 5264 	5262 	5253
f 5265 	5263 	5255
f 5266 	5264 	5253
f 5267 	5265 	5255
f 5268 	5266 	5253
f 5269 	5267 	5255
f 5270 	5268 	5253
f 5271 	5269 	5255
f 5272 	5270 	5253
f 5273 	5271 	5255
f 5274 	5272 	5253
f 5275 	5273 	5255
f 5239 	5274 	5253
f 5276 	5275 	5255
f 5239 	5253 	5277
f 5278 	5276 	5255
f 5239 	5277 	5279
f 5280 	5278 	5255
f 5239 	5279 	5281
f 5280 	5255 	5282
f 5239 	5281 	5283
f 5280 	5282 	5284
f 5239 	5283 	5285
f 5280 	5284 	5286
f 5239 	5285 	5287
f 5280 	5286 	5288
f 5239 	5287 	5289
f 5280 	5288 	5290
f 5239 	5289 	5291
f 5280 	5290 	5292
f 5239 	5291 	5293
f 5280 	5292 	5294
f 5239 	5293 	5295
f 5280 	5294 	5296
f 5239 	5295 	5297
f 5280 	5296 	5298
f 5239 	5297 	5299
f 5300 	5280 	5298
f 5205 	5239 	5299
f 5301 	5300 	5298
f 5205 	5299 	5302
f 5303 	5301 	5298
f 5205 	5302 	5304
f 5305 	5303 	5298
f 5205 	5304 	5306
f 5307 	5305 	5298
f 5205 	5306 	5308
f 5309 	5307 	5298
f 5205 	5308 	5310
f 5311 	5309 	5298
f 5205 	5310 	5312
f 5311 	5298 	5313
f 5205 	5312 	5314
f 5311 	5313 	5315
f 5205 	5314 	5316
f 5311 	5315 	5317
f 5205 	5316 	5318
f 5311 	5317 	5319
f 5205 	5318 	5320
f 5311 	5319 	5231
f 5205 	5320 	5321
f 5311 	5231 	5173
f 5205 	5321 	5322
f 5323 	5311 	5173
f 5205 	5322 	5324
f 5325 	5323 	5173
f 5205 	5324 	5326
f 5327 	5325 	5173
f 5205 	5326 	5328
f 5329 	5327 	5173
f 5205 	5328 	5330
f 5331 	5329 	5173
f 5205 	5330 	5332
f 5333 	5331 	5173
f 5189 	5205 	5332
f 5334 	5333 	5173
f 5189 	5332 	5335
f 5336 	5334 	5173
f 5189 	5335 	5337
f 5338 	5336 	5173
f 5189 	5337 	5339
f 5340 	5338 	5173
f 5189 	5339 	5341
f 5342 	5340 	5173
f 5189 	5341 	5343
f 5344 	5342 	5173
f 5189 	5343 	5345
f 5346 	5344 	5173
f 5189 	5345 	5347
f 5348 	5346 	5173
f 5189 	5347 	5349
f 5348 	5173 	5189
f 5189 	5349 	5350
f 5351 	5348 	5189
f 5189 	5350 	5352
f 5353 	5351 	5189
f 5189 	5352 	5354
f 5354 	5353 	5189
f 4943 	4947 	5151
f 4947 	5152 	5151
f 4947 	4946 	5152
f 4946 	5153 	5152
f 4946 	5014 	5153
f 5014 	5220 	5153
f 5014 	5018 	5220
f 5018 	5224 	5220
f 5018 	5022 	5224
f 5022 	5228 	5224
f 5022 	5027 	5228
f 5027 	5233 	5228
f 5027 	5031 	5233
f 5031 	5237 	5233
f 5031 	4950 	5237
f 4950 	5154 	5237
f 4950 	4949 	5154
f 4949 	5155 	5154
f 4949 	4948 	5155
f 4948 	5156 	5155
f 4948 	5039 	5156
f 5039 	5245 	5156
f 5039 	5043 	5245
f 5043 	5249 	5245
f 5043 	5047 	5249
f 5047 	5253 	5249
f 5047 	5071 	5253
f 5071 	5277 	5253
f 5071 	5073 	5277
f 5073 	5279 	5277
f 5073 	5075 	5279
f 5075 	5281 	5279
f 5075 	5077 	5281
f 5077 	5283 	5281
f 5077 	5079 	5283
f 5079 	5285 	5283
f 5079 	5081 	5285
f 5081 	5287 	5285
f 5081 	5083 	5287
f 5083 	5289 	5287
f 5083 	5085 	5289
f 5085 	5291 	5289
f 5085 	5087 	5291
f 5087 	5293 	5291
f 5087 	5089 	5293
f 5089 	5295 	5293
f 5089 	5091 	5295
f 5091 	5297 	5295
f 5091 	5093 	5297
f 5093 	5299 	5297
f 5093 	5096 	5299
f 5096 	5302 	5299
f 5096 	5098 	5302
f 5098 	5304 	5302
f 5098 	5100 	5304
f 5100 	5306 	5304
f 5100 	5102 	5306
f 5102 	5308 	5306
f 5102 	5104 	5308
f 5104 	5310 	5308
f 5104 	5106 	5310
f 5106 	5312 	5310
f 5106 	5108 	5312
f 5108 	5314 	5312
f 5108 	5110 	5314
f 5110 	5316 	5314
f 5110 	5112 	5316
f 5112 	5318 	5316
f 5112 	5114 	5318
f 5114 	5320 	5318
f 5114 	5115 	5320
f 5115 	5321 	5320
f 5115 	5116 	5321
f 5116 	5322 	5321
f 5116 	5118 	5322
f 5118 	5324 	5322
f 5118 	5120 	5324
f 5120 	5326 	5324
f 5120 	5122 	5326
f 5122 	5328 	5326
f 5122 	5124 	5328
f 5124 	5330 	5328
f 5124 	5126 	5330
f 5126 	5332 	5330
f 5126 	5129 	5332
f 5129 	5335 	5332
f 5129 	5131 	5335
f 5131 	5337 	5335
f 5131 	5133 	5337
f 5133 	5339 	5337
f 5133 	5135 	5339
f 5135 	5341 	5339
f 5135 	5137 	5341
f 5137 	5343 	5341
f 5137 	5139 	5343
f 5139 	5345 	5343
f 5139 	5141 	5345
f 5141 	5347 	5345
f 5141 	5143 	5347
f 5143 	5349 	5347
f 5143 	5144 	5349
f 5144 	5350 	5349
f 5144 	5146 	5350
f 5146 	5352 	5350
f 5146 	5148 	5352
f 5148 	5354 	5352
f 5148 	5147 	5354
f 5147 	5353 	5354
f 5147 	5145 	5353
f 5145 	5351 	5353
f 5145 	5142 	5351
f 5142 	5348 	5351
f 5142 	5140 	5348
f 5140 	5346 	5348
f 5140 	5138 	5346
f 5138 	5344 	5346
f 5138 	5136 	5344
f 5136 	5342 	5344
f 5136 	5134 	5342
f 5134 	5340 	5342
f 5134 	5132 	5340
f 5132 	5338 	5340
f 5132 	5130 	5338
f 5130 	5336 	5338
f 5130 	5128 	5336
f 5128 	5334 	5336
f 5128 	5127 	5334
f 5127 	5333 	5334
f 5127 	5125 	5333
f 5125 	5331 	5333
f 5125 	5123 	5331
f 5123 	5329 	5331
f 5123 	5121 	5329
f 5121 	5327 	5329
f 5121 	5119 	5327
f 5119 	5325 	5327
f 5119 	5117 	5325
f 5117 	5323 	5325
f 5117 	5105 	5323
f 5105 	5311 	5323
f 5105 	5103 	5311
f 5103 	5309 	5311
f 5103 	5101 	5309
f 5101 	5307 	5309
f 5101 	5099 	5307
f 5099 	5305 	5307
f 5099 	5097 	5305
f 5097 	5303 	5305
f 5097 	5095 	5303
f 5095 	5301 	5303
f 5095 	5094 	5301
f 5094 	5300 	5301
f 5094 	5074 	5300
f 5074 	5280 	5300
f 5074 	5072 	5280
f 5072 	5278 	5280
f 5072 	5070 	5278
f 5070 	5276 	5278
f 5070 	5069 	5276
f 5069 	5275 	5276
f 5069 	5067 	5275
f 5067 	5273 	5275
f 5067 	5065 	5273
f 5065 	5271 	5273
f 5065 	5063 	5271
f 5063 	5269 	5271
f 5063 	5061 	5269
f 5061 	5267 	5269
f 5061 	5059 	5267
f 5059 	5265 	5267
f 5059 	5057 	5265
f 5057 	5263 	5265
f 5057 	5055 	5263
f 5055 	5261 	5263
f 5055 	5053 	5261
f 5053 	5259 	5261
f 5053 	5051 	5259
f 5051 	5257 	5259
f 5051 	5048 	5257
f 5048 	5254 	5257
f 5048 	5044 	5254
f 5044 	5250 	5254
f 5044 	5040 	5250
f 5040 	5246 	5250
f 5040 	5036 	5246
f 5036 	5242 	5246
f 5036 	4953 	5242
f 4953 	5157 	5242
f 4953 	4952 	5157
f 4952 	5158 	5157
f 4952 	4951 	5158
f 4951 	5159 	5158
f 4951 	5028 	5159
f 5028 	5234 	5159
f 5028 	5023 	5234
f 5023 	5229 	5234
f 5023 	5019 	5229
f 5019 	5225 	5229
f 5019 	5015 	5225
f 5015 	5221 	5225
f 5015 	4956 	5221
f 4956 	5160 	5221
f 4956 	4955 	5160
f 4955 	5161 	5160
f 4955 	4954 	5161
f 4954 	5162 	5161
f 4954 	4958 	5162
f 4958 	5163 	5162
f 4958 	4957 	5163
f 4957 	5164 	5163
f 4957 	5016 	5164
f 5016 	5222 	5164
f 5016 	5020 	5222
f 5020 	5226 	5222
f 5020 	5024 	5226
f 5024 	5230 	5226
f 5024 	5029 	5230
f 5029 	5235 	5230
f 5029 	5032 	5235
f 5032 	5238 	5235
f 5032 	5034 	5238
f 5034 	5240 	5238
f 5034 	5037 	5240
f 5037 	5243 	5240
f 5037 	5041 	5243
f 5041 	5247 	5243
f 5041 	5045 	5247
f 5045 	5251 	5247
f 5045 	5049 	5251
f 5049 	5255 	5251
f 5049 	5076 	5255
f 5076 	5282 	5255
f 5076 	5078 	5282
f 5078 	5284 	5282
f 5078 	5080 	5284
f 5080 	5286 	5284
f 5080 	5082 	5286
f 5082 	5288 	5286
f 5082 	5084 	5288
f 5084 	5290 	5288
f 5084 	5086 	5290
f 5086 	5292 	5290
f 5086 	5088 	5292
f 5088 	5294 	5292
f 5088 	5090 	5294
f 5090 	5296 	5294
f 5090 	5092 	5296
f 5092 	5298 	5296
f 5092 	5107 	5298
f 5107 	5313 	5298
f 5107 	5109 	5313
f 5109 	5315 	5313
f 5109 	5111 	5315
f 5111 	5317 	5315
f 5111 	5113 	5317
f 5113 	5319 	5317
f 5113 	5025 	5319
f 5025 	5231 	5319
f 5025 	4961 	5231
f 4961 	5165 	5231
f 4961 	4960 	5165
f 4960 	5166 	5165
f 4960 	4959 	5166
f 4959 	5167 	5166
f 4959 	4963 	5167
f 4963 	5168 	5167
f 4963 	4962 	5168
f 4962 	5169 	5168
f 4962 	4965 	5169
f 4965 	5170 	5169
f 4965 	4964 	5170
f 4964 	5171 	5170
f 4964 	4967 	5171
f 4967 	5172 	5171
f 4967 	4966 	5172
f 4966 	5173 	5172
f 4966 	4969 	5173
f 4969 	5174 	5173
f 4969 	4968 	5174
f 4968 	5175 	5174
f 4968 	4971 	5175
f 4971 	5176 	5175
f 4971 	4970 	5176
f 4970 	5177 	5176
f 4970 	4973 	5177
f 4973 	5178 	5177
f 4973 	4972 	5178
f 4972 	5179 	5178
f 4972 	4975 	5179
f 4975 	5180 	5179
f 4975 	4974 	5180
f 4974 	5181 	5180
f 4974 	4977 	5181
f 4977 	5182 	5181
f 4977 	4976 	5182
f 4976 	5183 	5182
f 4976 	4979 	5183
f 4979 	5184 	5183
f 4979 	4978 	5184
f 4978 	5185 	5184
f 4978 	4981 	5185
f 4981 	5186 	5185
f 4981 	4980 	5186
f 4980 	5187 	5186
f 4980 	4983 	5187
f 4983 	5188 	5187
f 4983 	4982 	5188
f 4982 	5189 	5188
f 4982 	4985 	5189
f 4985 	5190 	5189
f 4985 	4984 	5190
f 4984 	5191 	5190
f 4984 	4987 	5191
f 4987 	5192 	5191
f 4987 	4986 	5192
f 4986 	5193 	5192
f 4986 	4989 	5193
f 4989 	5194 	5193
f 4989 	4988 	5194
f 4988 	5195 	5194
f 4988 	4991 	5195
f 4991 	5196 	5195
f 4991 	4990 	5196
f 4990 	5197 	5196
f 4990 	4993 	5197
f 4993 	5198 	5197
f 4993 	4992 	5198
f 4992 	5199 	5198
f 4992 	4995 	5199
f 4995 	5200 	5199
f 4995 	4994 	5200
f 4994 	5201 	5200
f 4994 	4997 	5201
f 4997 	5202 	5201
f 4997 	4996 	5202
f 4996 	5203 	5202
f 4996 	4999 	5203
f 4999 	5204 	5203
f 4999 	4998 	5204
f 4998 	5205 	5204
f 4998 	5001 	5205
f 5001 	5206 	5205
f 5001 	5000 	5206
f 5000 	5207 	5206
f 5000 	5003 	5207
f 5003 	5208 	5207
f 5003 	5002 	5208
f 5002 	5209 	5208
f 5002 	5005 	5209
f 5005 	5210 	5209
f 5005 	5004 	5210
f 5004 	5211 	5210
f 5004 	5007 	5211
f 5007 	5212 	5211
f 5007 	5006 	5212
f 5006 	5213 	5212
f 5006 	5009 	5213
f 5009 	5214 	5213
f 5009 	5008 	5214
f 5008 	5215 	5214
f 5008 	5030 	5215
f 5030 	5236 	5215
f 5030 	5033 	5236
f 5033 	5239 	5236
f 5033 	5068 	5239
f 5068 	5274 	5239
f 5068 	5066 	5274
f 5066 	5272 	5274
f 5066 	5064 	5272
f 5064 	5270 	5272
f 5064 	5062 	5270
f 5062 	5268 	5270
f 5062 	5060 	5268
f 5060 	5266 	5268
f 5060 	5058 	5266
f 5058 	5264 	5266
f 5058 	5056 	5264
f 5056 	5262 	5264
f 5056 	5054 	5262
f 5054 	5260 	5262
f 5054 	5052 	5260
f 5052 	5258 	5260
f 5052 	5050 	5258
f 5050 	5256 	5258
f 5050 	5046 	5256
f 5046 	5252 	5256
f 5046 	5042 	5252
f 5042 	5248 	5252
f 5042 	5038 	5248
f 5038 	5244 	5248
f 5038 	5035 	5244
f 5035 	5241 	5244
f 5035 	5012 	5241
f 5012 	5216 	5241
f 5012 	5011 	5216
f 5011 	5217 	5216
f 5011 	5010 	5217
f 5010 	5218 	5217
f 5010 	5026 	5218
f 5026 	5232 	5218
f 5026 	5021 	5232
f 5021 	5227 	5232
f 5021 	5017 	5227
f 5017 	5223 	5227
f 5017 	5013 	5223
f 5013 	5219 	5223
f 5013 	4945 	5219
f 4945 	5149 	5219
f 4945 	4944 	5149
f 4944 	5150 	5149
f 4944 	4943 	5150
f 4943 	5151 	5150
f 5355 	5356 	5357
f 5358 	5359 	5355
f 5360 	5361 	5362
f 5363 	5364 	5360
f 5365 	5366 	5363
f 5367 	5368 	5365
f 5369 	5370 	5367
f 5371 	5372 	5369
f 5373 	5374 	5371
f 5375 	5376 	5373
f 5377 	5378 	5375
f 5379 	5380 	5377
f 5381 	5382 	5379
f 5383 	5384 	5381
f 5385 	5386 	5383
f 5387 	5388 	5385
f 5389 	5390 	5391
f 5392 	5393 	5389
f 5394 	5395 	5392
f 5396 	5397 	5394
f 5398 	5399 	5396
f 5400 	5401 	5398
f 5402 	5403 	5400
f 5404 	5405 	5402
f 5406 	5407 	5404
f 5408 	5409 	5406
f 5410 	5411 	5408
f 5412 	5413 	5410
f 5414 	5415 	5412
f 5416 	5417 	5414
f 5418 	5419 	5416
f 5420 	5421 	5418
f 5422 	5423 	5420
f 5424 	5425 	5422
f 5426 	5427 	5424
f 5428 	5429 	5430
f 5431 	5429 	5428
f 5355 	5357 	5432
f 5433 	5358 	5355
f 5363 	5360 	5362
f 5367 	5365 	5363
f 5371 	5369 	5367
f 5375 	5373 	5371
f 5379 	5377 	5375
f 5383 	5381 	5379
f 5387 	5385 	5383
f 5392 	5389 	5391
f 5396 	5394 	5392
f 5400 	5398 	5396
f 5404 	5402 	5400
f 5408 	5406 	5404
f 5412 	5410 	5408
f 5416 	5414 	5412
f 5420 	5418 	5416
f 5424 	5422 	5420
f 5434 	5426 	5424
f 5428 	5430 	5435
f 5436 	5431 	5428
f 5355 	5432 	5437
f 5438 	5433 	5355
f 5367 	5363 	5362
f 5375 	5371 	5367
f 5383 	5379 	5375
f 5439 	5387 	5383
f 5396 	5392 	5391
f 5404 	5400 	5396
f 5412 	5408 	5404
f 5420 	5416 	5412
f 5434 	5424 	5420
f 5428 	5435 	5440
f 5441 	5436 	5428
f 5355 	5437 	5442
f 5443 	5438 	5355
f 5375 	5367 	5362
f 5439 	5383 	5375
f 5404 	5396 	5391
f 5420 	5412 	5404
f 5444 	5434 	5420
f 5428 	5440 	5445
f 5446 	5441 	5428
f 5355 	5442 	5447
f 5448 	5443 	5355
f 5449 	5439 	5375
f 5420 	5404 	5391
f 5450 	5444 	5420
f 5428 	5445 	5451
f 5452 	5446 	5428
f 5355 	5447 	5453
f 5454 	5448 	5355
f 5455 	5449 	5375
f 5456 	5450 	5420
f 5428 	5451 	5457
f 5458 	5452 	5428
f 5355 	5453 	5459
f 5460 	5454 	5355
f 5461 	5455 	5375
f 5462 	5456 	5420
f 5428 	5457 	5463
f 5464 	5458 	5428
f 5355 	5459 	5465
f 5466 	5460 	5355
f 5467 	5461 	5375
f 5468 	5462 	5420
f 5428 	5463 	5469
f 5470 	5464 	5428
f 5355 	5465 	5471
f 5472 	5466 	5355
f 5473 	5467 	5375
f 5474 	5468 	5420
f 5428 	5469 	5475
f 5355 	5471 	5476
f 5477 	5472 	5355
f 5478 	5473 	5375
f 5479 	5474 	5420
f 5428 	5475 	5480
f 5355 	5476 	5481
f 5482 	5477 	5355
f 5483 	5478 	5375
f 5484 	5479 	5420
f 5485 	5428 	5480
f 5355 	5481 	5486
f 5487 	5482 	5355
f 5488 	5483 	5375
f 5489 	5484 	5420
f 5485 	5480 	5490
f 5355 	5486 	5491
f 5492 	5487 	5355
f 5493 	5488 	5375
f 5494 	5489 	5420
f 5485 	5490 	5495
f 5355 	5491 	5496
f 5497 	5493 	5375
f 5498 	5494 	5420
f 5485 	5495 	5499
f 5355 	5496 	5500
f 5497 	5375 	5362
f 5499 	5498 	5420
f 5355 	5500 	5501
f 5502 	5497 	5362
f 5485 	5499 	5420
f 5355 	5501 	5503
f 5504 	5502 	5362
f 5505 	5485 	5420
f 5355 	5503 	5470
f 5506 	5504 	5362
f 5507 	5505 	5420
f 5492 	5355 	5470
f 5508 	5506 	5362
f 5509 	5507 	5420
f 5510 	5492 	5470
f 5511 	5508 	5362
f 5512 	5509 	5420
f 5513 	5510 	5470
f 5514 	5511 	5362
f 5515 	5512 	5420
f 5516 	5513 	5470
f 5517 	5514 	5362
f 5518 	5515 	5420
f 5519 	5516 	5470
f 5520 	5517 	5362
f 5521 	5518 	5420
f 5522 	5519 	5470
f 5523 	5520 	5362
f 5524 	5521 	5420
f 5525 	5522 	5470
f 5526 	5523 	5362
f 5527 	5524 	5420
f 5528 	5525 	5470
f 5529 	5526 	5362
f 5530 	5527 	5420
f 5531 	5528 	5470
f 5532 	5529 	5362
f 5533 	5530 	5420
f 5534 	5531 	5470
f 5535 	5532 	5362
f 5536 	5533 	5420
f 5537 	5534 	5470
f 5391 	5535 	5362
f 5538 	5536 	5420
f 5539 	5537 	5470
f 5391 	5362 	5540
f 5541 	5538 	5420
f 5542 	5539 	5470
f 5543 	5541 	5420
f 5540 	5542 	5470
f 5544 	5543 	5420
f 5540 	5470 	5428
f 5545 	5544 	5420
f 5540 	5428 	5546
f 5547 	5545 	5420
f 5540 	5546 	5548
f 5549 	5547 	5420
f 5540 	5548 	5550
f 5551 	5549 	5420
f 5540 	5550 	5552
f 5553 	5551 	5420
f 5540 	5552 	5554
f 5553 	5420 	5391
f 5540 	5554 	5555
f 5556 	5553 	5391
f 5540 	5555 	5557
f 5558 	5556 	5391
f 5540 	5557 	5559
f 5560 	5558 	5391
f 5540 	5559 	5561
f 5562 	5560 	5391
f 5391 	5540 	5561
f 5563 	5562 	5391
f 5391 	5561 	5564
f 5565 	5563 	5391
f 5391 	5564 	5566
f 5567 	5565 	5391
f 5391 	5566 	5568
f 5569 	5567 	5391
f 5391 	5568 	5570
f 5571 	5569 	5391
f 5391 	5570 	5572
f 5573 	5571 	5391
f 5391 	5572 	5574
f 5575 	5573 	5391
f 5391 	5574 	5576
f 5577 	5575 	5391
f 5391 	5576 	5577
f 5578 	5579 	5580
f 5580 	5581 	5582
f 5583 	5584 	5585
f 5585 	5586 	5587
f 5587 	5588 	5589
f 5589 	5590 	5591
f 5591 	5592 	5593
f 5593 	5594 	5595
f 5595 	5596 	5597
f 5597 	5598 	5599
f 5599 	5600 	5601
f 5601 	5602 	5603
f 5603 	5604 	5605
f 5605 	5606 	5607
f 5607 	5608 	5609
f 5609 	5610 	5611
f 5612 	5613 	5614
f 5614 	5615 	5616
f 5616 	5617 	5618
f 5618 	5619 	5620
f 5620 	5621 	5622
f 5622 	5623 	5624
f 5624 	5625 	5626
f 5626 	5627 	5628
f 5628 	5629 	5630
f 5630 	5631 	5632
f 5632 	5633 	5634
f 5634 	5635 	5636
f 5636 	5637 	5638
f 5638 	5639 	5640
f 5640 	5641 	5642
f 5642 	5643 	5644
f 5644 	5645 	5646
f 5646 	5647 	5648
f 5648 	5649 	5650
f 5651 	5652 	5653
f 5653 	5652 	5654
f 5655 	5578 	5580
f 5580 	5582 	5656
f 5583 	5585 	5587
f 5587 	5589 	5591
f 5591 	5593 	5595
f 5595 	5597 	5599
f 5599 	5601 	5603
f 5603 	5605 	5607
f 5607 	5609 	5611
f 5612 	5614 	5616
f 5616 	5618 	5620
f 5620 	5622 	5624
f 5624 	5626 	5628
f 5628 	5630 	5632
f 5632 	5634 	5636
f 5636 	5638 	5640
f 5640 	5642 	5644
f 5644 	5646 	5648
f 5648 	5650 	5657
f 5658 	5651 	5653
f 5653 	5654 	5659
f 5660 	5655 	5580
f 5580 	5656 	5661
f 5583 	5587 	5591
f 5591 	5595 	5599
f 5599 	5603 	5607
f 5607 	5611 	5662
f 5612 	5616 	5620
f 5620 	5624 	5628
f 5628 	5632 	5636
f 5636 	5640 	5644
f 5644 	5648 	5657
f 5663 	5658 	5653
f 5653 	5659 	5664
f 5665 	5660 	5580
f 5580 	5661 	5666
f 5583 	5591 	5599
f 5599 	5607 	5662
f 5612 	5620 	5628
f 5628 	5636 	5644
f 5644 	5657 	5667
f 5668 	5663 	5653
f 5653 	5664 	5669
f 5670 	5665 	5580
f 5580 	5666 	5671
f 5599 	5662 	5672
f 5612 	5628 	5644
f 5644 	5667 	5673
f 5674 	5668 	5653
f 5653 	5669 	5675
f 5676 	5670 	5580
f 5580 	5671 	5677
f 5599 	5672 	5678
f 5644 	5673 	5679
f 5680 	5674 	5653
f 5653 	5675 	5681
f 5682 	5676 	5580
f 5580 	5677 	5683
f 5599 	5678 	5684
f 5644 	5679 	5685
f 5686 	5680 	5653
f 5653 	5681 	5687
f 5688 	5682 	5580
f 5580 	5683 	5689
f 5599 	5684 	5690
f 5644 	5685 	5691
f 5692 	5686 	5653
f 5653 	5687 	5693
f 5694 	5688 	5580
f 5580 	5689 	5695
f 5599 	5690 	5696
f 5644 	5691 	5697
f 5698 	5692 	5653
f 5699 	5694 	5580
f 5580 	5695 	5700
f 5599 	5696 	5701
f 5644 	5697 	5702
f 5703 	5698 	5653
f 5704 	5699 	5580
f 5580 	5700 	5705
f 5599 	5701 	5706
f 5644 	5702 	5707
f 5703 	5653 	5708
f 5709 	5704 	5580
f 5580 	5705 	5710
f 5599 	5706 	5711
f 5644 	5707 	5712
f 5713 	5703 	5708
f 5714 	5709 	5580
f 5580 	5710 	5715
f 5599 	5711 	5716
f 5644 	5712 	5717
f 5718 	5713 	5708
f 5719 	5714 	5580
f 5599 	5716 	5720
f 5644 	5717 	5721
f 5722 	5718 	5708
f 5723 	5719 	5580
f 5583 	5599 	5720
f 5644 	5721 	5722
f 5724 	5723 	5580
f 5583 	5720 	5725
f 5644 	5722 	5708
f 5726 	5724 	5580
f 5583 	5725 	5727
f 5644 	5708 	5728
f 5693 	5726 	5580
f 5583 	5727 	5729
f 5644 	5728 	5730
f 5693 	5580 	5715
f 5583 	5729 	5731
f 5644 	5730 	5732
f 5693 	5715 	5733
f 5583 	5731 	5734
f 5644 	5732 	5735
f 5693 	5733 	5736
f 5583 	5734 	5737
f 5644 	5735 	5738
f 5693 	5736 	5739
f 5583 	5737 	5740
f 5644 	5738 	5741
f 5693 	5739 	5742
f 5583 	5740 	5743
f 5644 	5741 	5744
f 5693 	5742 	5745
f 5583 	5743 	5746
f 5644 	5744 	5747
f 5693 	5745 	5748
f 5583 	5746 	5749
f 5644 	5747 	5750
f 5693 	5748 	5751
f 5583 	5749 	5752
f 5644 	5750 	5753
f 5693 	5751 	5754
f 5583 	5752 	5755
f 5644 	5753 	5756
f 5693 	5754 	5757
f 5583 	5755 	5758
f 5644 	5756 	5759
f 5693 	5757 	5760
f 5583 	5758 	5612
f 5644 	5759 	5761
f 5693 	5760 	5762
f 5763 	5583 	5612
f 5644 	5761 	5764
f 5693 	5762 	5765
f 5644 	5764 	5766
f 5693 	5765 	5763
f 5644 	5766 	5767
f 5653 	5693 	5763
f 5644 	5767 	5768
f 5769 	5653 	5763
f 5644 	5768 	5770
f 5771 	5769 	5763
f 5644 	5770 	5772
f 5773 	5771 	5763
f 5644 	5772 	5774
f 5775 	5773 	5763
f 5644 	5774 	5776
f 5777 	5775 	5763
f 5612 	5644 	5776
f 5778 	5777 	5763
f 5612 	5776 	5779
f 5780 	5778 	5763
f 5612 	5779 	5781
f 5782 	5780 	5763
f 5612 	5781 	5783
f 5784 	5782 	5763
f 5612 	5783 	5785
f 5784 	5763 	5612
f 5612 	5785 	5786
f 5787 	5784 	5612
f 5612 	5786 	5788
f 5789 	5787 	5612
f 5612 	5788 	5790
f 5791 	5789 	5612
f 5612 	5790 	5792
f 5793 	5791 	5612
f 5612 	5792 	5794
f 5795 	5793 	5612
f 5612 	5794 	5796
f 5797 	5795 	5612
f 5612 	5796 	5798
f 5799 	5797 	5612
f 5612 	5798 	5800
f 5800 	5799 	5612
f 5356 	5355 	5579
f 5355 	5580 	5579
f 5355 	5359 	5580
f 5359 	5581 	5580
f 5359 	5358 	5581
f 5358 	5582 	5581
f 5358 	5433 	5582
f 5433 	5656 	5582
f 5433 	5438 	5656
f 5438 	5661 	5656
f 5438 	5443 	5661
f 5443 	5666 	5661
f 5443 	5448 	5666
f 5448 	5671 	5666
f 5448 	5454 	5671
f 5454 	5677 	5671
f 5454 	5460 	5677
f 5460 	5683 	5677
f 5460 	5466 	5683
f 5466 	5689 	5683
f 5466 	5472 	5689
f 5472 	5695 	5689
f 5472 	5477 	5695
f 5477 	5700 	5695
f 5477 	5482 	5700
f 5482 	5705 	5700
f 5482 	5487 	5705
f 5487 	5710 	5705
f 5487 	5492 	5710
f 5492 	5715 	5710
f 5492 	5510 	5715
f 5510 	5733 	5715
f 5510 	5513 	5733
f 5513 	5736 	5733
f 5513 	5516 	5736
f 5516 	5739 	5736
f 5516 	5519 	5739
f 5519 	5742 	5739
f 5519 	5522 	5742
f 5522 	5745 	5742
f 5522 	5525 	5745
f 5525 	5748 	5745
f 5525 	5528 	5748
f 5528 	5751 	5748
f 5528 	5531 	5751
f 5531 	5754 	5751
f 5531 	5534 	5754
f 5534 	5757 	5754
f 5534 	5537 	5757
f 5537 	5760 	5757
f 5537 	5539 	5760
f 5539 	5762 	5760
f 5539 	5542 	5762
f 5542 	5765 	5762
f 5542 	5540 	5765
f 5540 	5763 	5765
f 5540 	5362 	5763
f 5362 	5583 	5763
f 5362 	5361 	5583
f 5361 	5584 	5583
f 5361 	5360 	5584
f 5360 	5585 	5584
f 5360 	5364 	5585
f 5364 	5586 	5585
f 5364 	5363 	5586
f 5363 	5587 	5586
f 5363 	5366 	5587
f 5366 	5588 	5587
f 5366 	5365 	5588
f 5365 	5589 	5588
f 5365 	5368 	5589
f 5368 	5590 	5589
f 5368 	5367 	5590
f 5367 	5591 	5590
f 5367 	5370 	5591
f 5370 	5592 	5591
f 5370 	5369 	5592
f 5369 	5593 	5592
f 5369 	5372 	5593
f 5372 	5594 	5593
f 5372 	5371 	5594
f 5371 	5595 	5594
f 5371 	5374 	5595
f 5374 	5596 	5595
f 5374 	5373 	5596
f 5373 	5597 	5596
f 5373 	5376 	5597
f 5376 	5598 	5597
f 5376 	5375 	5598
f 5375 	5599 	5598
f 5375 	5378 	5599
f 5378 	5600 	5599
f 5378 	5377 	5600
f 5377 	5601 	5600
f 5377 	5380 	5601
f 5380 	5602 	5601
f 5380 	5379 	5602
f 5379 	5603 	5602
f 5379 	5382 	5603
f 5382 	5604 	5603
f 5382 	5381 	5604
f 5381 	5605 	5604
f 5381 	5384 	5605
f 5384 	5606 	5605
f 5384 	5383 	5606
f 5383 	5607 	5606
f 5383 	5386 	5607
f 5386 	5608 	5607
f 5386 	5385 	5608
f 5385 	5609 	5608
f 5385 	5388 	5609
f 5388 	5610 	5609
f 5388 	5387 	5610
f 5387 	5611 	5610
f 5387 	5439 	5611
f 5439 	5662 	5611
f 5439 	5449 	5662
f 5449 	5672 	5662
f 5449 	5455 	5672
f 5455 	5678 	5672
f 5455 	5461 	5678
f 5461 	5684 	5678
f 5461 	5467 	5684
f 5467 	5690 	5684
f 5467 	5473 	5690
f 5473 	5696 	5690
f 5473 	5478 	5696
f 5478 	5701 	5696
f 5478 	5483 	5701
f 5483 	5706 	5701
f 5483 	5488 	5706
f 5488 	5711 	5706
f 5488 	5493 	5711
f 5493 	5716 	5711
f 5493 	5497 	5716
f 5497 	5720 	5716
f 5497 	5502 	5720
f 5502 	5725 	5720
f 5502 	5504 	5725
f 5504 	5727 	5725
f 5504 	5506 	5727
f 5506 	5729 	5727
f 5506 	5508 	5729
f 5508 	5731 	5729
f 5508 	5511 	5731
f 5511 	5734 	5731
f 5511 	5514 	5734
f 5514 	5737 	5734
f 5514 	5517 	5737
f 5517 	5740 	5737
f 5517 	5520 	5740
f 5520 	5743 	5740
f 5520 	5523 	5743
f 5523 	5746 	5743
f 5523 	5526 	5746
f 5526 	5749 	5746
f 5526 	5529 	5749
f 5529 	5752 	5749
f 5529 	5532 	5752
f 5532 	5755 	5752
f 5532 	5535 	5755
f 5535 	5758 	5755
f 5535 	5391 	5758
f 5391 	5612 	5758
f 5391 	5390 	5612
f 5390 	5613 	5612
f 5390 	5389 	5613
f 5389 	5614 	5613
f 5389 	5393 	5614
f 5393 	5615 	5614
f 5393 	5392 	5615
f 5392 	5616 	5615
f 5392 	5395 	5616
f 5395 	5617 	5616
f 5395 	5394 	5617
f 5394 	5618 	5617
f 5394 	5397 	5618
f 5397 	5619 	5618
f 5397 	5396 	5619
f 5396 	5620 	5619
f 5396 	5399 	5620
f 5399 	5621 	5620
f 5399 	5398 	5621
f 5398 	5622 	5621
f 5398 	5401 	5622
f 5401 	5623 	5622
f 5401 	5400 	5623
f 5400 	5624 	5623
f 5400 	5403 	5624
f 5403 	5625 	5624
f 5403 	5402 	5625
f 5402 	5626 	5625
f 5402 	5405 	5626
f 5405 	5627 	5626
f 5405 	5404 	5627
f 5404 	5628 	5627
f 5404 	5407 	5628
f 5407 	5629 	5628
f 5407 	5406 	5629
f 5406 	5630 	5629
f 5406 	5409 	5630
f 5409 	5631 	5630
f 5409 	5408 	5631
f 5408 	5632 	5631
f 5408 	5411 	5632
f 5411 	5633 	5632
f 5411 	5410 	5633
f 5410 	5634 	5633
f 5410 	5413 	5634
f 5413 	5635 	5634
f 5413 	5412 	5635
f 5412 	5636 	5635
f 5412 	5415 	5636
f 5415 	5637 	5636
f 5415 	5414 	5637
f 5414 	5638 	5637
f 5414 	5417 	5638
f 5417 	5639 	5638
f 5417 	5416 	5639
f 5416 	5640 	5639
f 5416 	5419 	5640
f 5419 	5641 	5640
f 5419 	5418 	5641
f 5418 	5642 	5641
f 5418 	5421 	5642
f 5421 	5643 	5642
f 5421 	5420 	5643
f 5420 	5644 	5643
f 5420 	5423 	5644
f 5423 	5645 	5644
f 5423 	5422 	5645
f 5422 	5646 	5645
f 5422 	5425 	5646
f 5425 	5647 	5646
f 5425 	5424 	5647
f 5424 	5648 	5647
f 5424 	5427 	5648
f 5427 	5649 	5648
f 5427 	5426 	5649
f 5426 	5650 	5649
f 5426 	5434 	5650
f 5434 	5657 	5650
f 5434 	5444 	5657
f 5444 	5667 	5657
f 5444 	5450 	5667
f 5450 	5673 	5667
f 5450 	5456 	5673
f 5456 	5679 	5673
f 5456 	5462 	5679
f 5462 	5685 	5679
f 5462 	5468 	5685
f 5468 	5691 	5685
f 5468 	5474 	5691
f 5474 	5697 	5691
f 5474 	5479 	5697
f 5479 	5702 	5697
f 5479 	5484 	5702
f 5484 	5707 	5702
f 5484 	5489 	5707
f 5489 	5712 	5707
f 5489 	5494 	5712
f 5494 	5717 	5712
f 5494 	5498 	5717
f 5498 	5721 	5717
f 5498 	5499 	5721
f 5499 	5722 	5721
f 5499 	5495 	5722
f 5495 	5718 	5722
f 5495 	5490 	5718
f 5490 	5713 	5718
f 5490 	5480 	5713
f 5480 	5703 	5713
f 5480 	5475 	5703
f 5475 	5698 	5703
f 5475 	5469 	5698
f 5469 	5692 	5698
f 5469 	5463 	5692
f 5463 	5686 	5692
f 5463 	5457 	5686
f 5457 	5680 	5686
f 5457 	5451 	5680
f 5451 	5674 	5680
f 5451 	5445 	5674
f 5445 	5668 	5674
f 5445 	5440 	5668
f 5440 	5663 	5668
f 5440 	5435 	5663
f 5435 	5658 	5663
f 5435 	5430 	5658
f 5430 	5651 	5658
f 5430 	5429 	5651
f 5429 	5652 	5651
f 5429 	5431 	5652
f 5431 	5654 	5652
f 5431 	5436 	5654
f 5436 	5659 	5654
f 5436 	5441 	5659
f 5441 	5664 	5659
f 5441 	5446 	5664
f 5446 	5669 	5664
f 5446 	5452 	5669
f 5452 	5675 	5669
f 5452 	5458 	5675
f 5458 	5681 	5675
f 5458 	5464 	5681
f 5464 	5687 	5681
f 5464 	5470 	5687
f 5470 	5693 	5687
f 5470 	5503 	5693
f 5503 	5726 	5693
f 5503 	5501 	5726
f 5501 	5724 	5726
f 5501 	5500 	5724
f 5500 	5723 	5724
f 5500 	5496 	5723
f 5496 	5719 	5723
f 5496 	5491 	5719
f 5491 	5714 	5719
f 5491 	5486 	5714
f 5486 	5709 	5714
f 5486 	5481 	5709
f 5481 	5704 	5709
f 5481 	5476 	5704
f 5476 	5699 	5704
f 5476 	5471 	5699
f 5471 	5694 	5699
f 5471 	5465 	5694
f 5465 	5688 	5694
f 5465 	5459 	5688
f 5459 	5682 	5688
f 5459 	5453 	5682
f 5453 	5676 	5682
f 5453 	5447 	5676
f 5447 	5670 	5676
f 5447 	5442 	5670
f 5442 	5665 	5670
f 5442 	5437 	5665
f 5437 	5660 	5665
f 5437 	5432 	5660
f 5432 	5655 	5660
f 5432 	5357 	5655
f 5357 	5578 	5655
f 5357 	5356 	5578
f 5356 	5579 	5578
f 5485 	5505 	5708
f 5505 	5728 	5708
f 5505 	5507 	5728
f 5507 	5730 	5728
f 5507 	5509 	5730
f 5509 	5732 	5730
f 5509 	5512 	5732
f 5512 	5735 	5732
f 5512 	5515 	5735
f 5515 	5738 	5735
f 5515 	5518 	5738
f 5518 	5741 	5738
f 5518 	5521 	5741
f 5521 	5744 	5741
f 5521 	5524 	5744
f 5524 	5747 	5744
f 5524 	5527 	5747
f 5527 	5750 	5747
f 5527 	5530 	5750
f 5530 	5753 	5750
f 5530 	5533 	5753
f 5533 	5756 	5753
f 5533 	5536 	5756
f 5536 	5759 	5756
f 5536 	5538 	5759
f 5538 	5761 	5759
f 5538 	5541 	5761
f 5541 	5764 	5761
f 5541 	5543 	5764
f 5543 	5766 	5764
f 5543 	5544 	5766
f 5544 	5767 	5766
f 5544 	5545 	5767
f 5545 	5768 	5767
f 5545 	5547 	5768
f 5547 	5770 	5768
f 5547 	5549 	5770
f 5549 	5772 	5770
f 5549 	5551 	5772
f 5551 	5774 	5772
f 5551 	5553 	5774
f 5553 	5776 	5774
f 5553 	5556 	5776
f 5556 	5779 	5776
f 5556 	5558 	5779
f 5558 	5781 	5779
f 5558 	5560 	5781
f 5560 	5783 	5781
f 5560 	5562 	5783
f 5562 	5785 	5783
f 5562 	5563 	5785
f 5563 	5786 	5785
f 5563 	5565 	5786
f 5565 	5788 	5786
f 5565 	5567 	5788
f 5567 	5790 	5788
f 5567 	5569 	5790
f 5569 	5792 	5790
f 5569 	5571 	5792
f 5571 	5794 	5792
f 5571 	5573 	5794
f 5573 	5796 	5794
f 5573 	5575 	5796
f 5575 	5798 	5796
f 5575 	5577 	5798
f 5577 	5800 	5798
f 5577 	5576 	5800
f 5576 	5799 	5800
f 5576 	5574 	5799
f 5574 	5797 	5799
f 5574 	5572 	5797
f 5572 	5795 	5797
f 5572 	5570 	5795
f 5570 	5793 	5795
f 5570 	5568 	5793
f 5568 	5791 	5793
f 5568 	5566 	5791
f 5566 	5789 	5791
f 5566 	5564 	5789
f 5564 	5787 	5789
f 5564 	5561 	5787
f 5561 	5784 	5787
f 5561 	5559 	5784
f 5559 	5782 	5784
f 5559 	5557 	5782
f 5557 	5780 	5782
f 5557 	5555 	5780
f 5555 	5778 	5780
f 5555 	5554 	5778
f 5554 	5777 	5778
f 5554 	5552 	5777
f 5552 	5775 	5777
f 5552 	5550 	5775
f 5550 	5773 	5775
f 5550 	5548 	5773
f 5548 	5771 	5773
f 5548 	5546 	5771
f 5546 	5769 	5771
f 5546 	5428 	5769
f 5428 	5653 	5769
f 5428 	5485 	5653
f 5485 	5708 	5653
f 5801 	5802 	5803
f 5804 	5805 	5801
f 5806 	5807 	5808
f 5809 	5810 	5811
f 5812 	5813 	5809
f 5814 	5815 	5816
f 5817 	5818 	5814
f 5819 	5820 	5817
f 5821 	5822 	5819
f 5823 	5824 	5821
f 5825 	5826 	5823
f 5827 	5828 	5825
f 5829 	5830 	5827
f 5831 	5832 	5829
f 5833 	5834 	5831
f 5835 	5836 	5833
f 5837 	5838 	5835
f 5839 	5840 	5837
f 5841 	5842 	5843
f 5844 	5845 	5841
f 5846 	5847 	5848
f 5849 	5850 	5851
f 5801 	5803 	5852
f 5853 	5804 	5801
f 5854 	5806 	5808
f 5809 	5811 	5855
f 5856 	5812 	5809
f 5819 	5817 	5814
f 5823 	5821 	5819
f 5827 	5825 	5823
f 5831 	5829 	5827
f 5835 	5833 	5831
f 5839 	5837 	5835
f 5841 	5843 	5857
f 5858 	5844 	5841
f 5801 	5852 	5859
f 5860 	5853 	5801
f 5861 	5854 	5808
f 5809 	5855 	5862
f 5863 	5856 	5809
f 5819 	5814 	5816
f 5827 	5823 	5819
f 5835 	5831 	5827
f 5864 	5839 	5835
f 5841 	5857 	5865
f 5866 	5858 	5841
f 5801 	5859 	5867
f 5868 	5860 	5801
f 5809 	5862 	5869
f 5870 	5863 	5809
f 5827 	5819 	5816
f 5864 	5835 	5827
f 5841 	5865 	5871
f 5872 	5866 	5841
f 5801 	5867 	5873
f 5874 	5868 	5801
f 5809 	5869 	5875
f 5876 	5870 	5809
f 5841 	5871 	5877
f 5878 	5872 	5841
f 5801 	5873 	5879
f 5880 	5874 	5801
f 5809 	5875 	5881
f 5882 	5876 	5809
f 5841 	5877 	5883
f 5884 	5878 	5841
f 5801 	5879 	5885
f 5886 	5880 	5801
f 5809 	5881 	5887
f 5888 	5882 	5809
f 5841 	5883 	5889
f 5848 	5884 	5841
f 5801 	5885 	5890
f 5891 	5886 	5801
f 5809 	5887 	5892
f 5893 	5888 	5809
f 5841 	5889 	5894
f 5846 	5848 	5841
f 5801 	5890 	5895
f 5896 	5891 	5801
f 5809 	5892 	5897
f 5898 	5893 	5809
f 5846 	5841 	5894
f 5801 	5895 	5899
f 5900 	5896 	5801
f 5809 	5897 	5901
f 5902 	5898 	5809
f 5846 	5894 	5903
f 5801 	5899 	5904
f 5905 	5900 	5801
f 5809 	5901 	5906
f 5907 	5902 	5809
f 5846 	5903 	5908
f 5801 	5904 	5909
f 5910 	5905 	5801
f 5809 	5906 	5911
f 5912 	5907 	5809
f 5846 	5908 	5913
f 5801 	5909 	5914
f 5915 	5910 	5801
f 5809 	5911 	5916
f 5917 	5912 	5809
f 5846 	5913 	5918
f 5801 	5914 	5919
f 5809 	5916 	5920
f 5921 	5917 	5809
f 5846 	5918 	5922
f 5801 	5919 	5923
f 5921 	5809 	5920
f 5846 	5922 	5924
f 5801 	5923 	5925
f 5921 	5920 	5926
f 5846 	5924 	5927
f 5801 	5925 	5928
f 5921 	5926 	5929
f 5846 	5927 	5930
f 5801 	5928 	5931
f 5921 	5929 	5932
f 5846 	5930 	5933
f 5801 	5931 	5934
f 5921 	5932 	5935
f 5846 	5933 	5936
f 5801 	5934 	5937
f 5921 	5935 	5938
f 5846 	5936 	5939
f 5801 	5937 	5940
f 5921 	5938 	5941
f 5846 	5939 	5942
f 5801 	5940 	5943
f 5921 	5941 	5944
f 5846 	5942 	5945
f 5801 	5943 	5946
f 5921 	5944 	5861
f 5846 	5945 	5947
f 5801 	5946 	5948
f 5949 	5921 	5861
f 5950 	5846 	5947
f 5801 	5948 	5951
f 5952 	5949 	5861
f 5950 	5947 	5953
f 5801 	5951 	5954
f 5955 	5952 	5861
f 5950 	5953 	5956
f 5915 	5801 	5954
f 5957 	5955 	5861
f 5950 	5956 	5864
f 5958 	5915 	5954
f 5959 	5957 	5861
f 5960 	5950 	5864
f 5958 	5954 	5849
f 5961 	5959 	5861
f 5962 	5960 	5864
f 5963 	5958 	5849
f 5961 	5861 	5808
f 5964 	5962 	5864
f 5965 	5963 	5849
f 5966 	5961 	5808
f 5967 	5964 	5864
f 5965 	5849 	5851
f 5968 	5966 	5808
f 5969 	5967 	5864
f 5965 	5851 	5970
f 5971 	5968 	5808
f 5972 	5969 	5864
f 5965 	5970 	5973
f 5974 	5971 	5808
f 5972 	5864 	5827
f 5965 	5973 	5975
f 5816 	5974 	5808
f 5976 	5972 	5827
f 5965 	5975 	5977
f 5827 	5816 	5808
f 5978 	5976 	5827
f 5965 	5977 	5979
f 5827 	5808 	5980
f 5981 	5978 	5827
f 5982 	5965 	5979
f 5827 	5980 	5983
f 5979 	5981 	5827
f 5984 	5982 	5979
f 5827 	5983 	5985
f 5986 	5984 	5979
f 5827 	5985 	5987
f 5988 	5986 	5979
f 5827 	5987 	5989
f 5989 	5988 	5979
f 5979 	5827 	5989
f 5990 	5991 	5992
f 5992 	5993 	5994
f 5995 	5996 	5997
f 5998 	5999 	6000
f 6000 	6001 	6002
f 6003 	6004 	6005
f 6005 	6006 	6007
f 6007 	6008 	6009
f 6009 	6010 	6011
f 6011 	6012 	6013
f 6013 	6014 	6015
f 6015 	6016 	6017
f 6017 	6018 	6019
f 6019 	6020 	6021
f 6021 	6022 	6023
f 6023 	6024 	6025
f 6025 	6026 	6027
f 6027 	6028 	6029
f 6030 	6031 	6032
f 6032 	6033 	6034
f 6035 	6036 	6037
f 6038 	6039 	6040
f 6041 	5990 	5992
f 5992 	5994 	6042
f 5995 	5997 	6043
f 6044 	5998 	6000
f 6000 	6002 	6045
f 6005 	6007 	6009
f 6009 	6011 	6013
f 6013 	6015 	6017
f 6017 	6019 	6021
f 6021 	6023 	6025
f 6025 	6027 	6029
f 6046 	6030 	6032
f 6032 	6034 	6047
f 6048 	6041 	5992
f 5992 	6042 	6049
f 5995 	6043 	6050
f 6051 	6044 	6000
f 6000 	6045 	6052
f 6003 	6005 	6009
f 6009 	6013 	6017
f 6017 	6021 	6025
f 6025 	6029 	6053
f 6054 	6046 	6032
f 6032 	6047 	6055
f 6056 	6048 	5992
f 5992 	6049 	6057
f 6058 	6051 	6000
f 6000 	6052 	6059
f 6003 	6009 	6017
f 6017 	6025 	6053
f 6060 	6054 	6032
f 6032 	6055 	6061
f 6062 	6056 	5992
f 5992 	6057 	6063
f 6064 	6058 	6000
f 6000 	6059 	6065
f 6066 	6060 	6032
f 6032 	6061 	6067
f 6068 	6062 	5992
f 5992 	6063 	6069
f 6070 	6064 	6000
f 6000 	6065 	6071
f 6072 	6066 	6032
f 6032 	6067 	6073
f 6074 	6068 	5992
f 5992 	6069 	6075
f 6076 	6070 	6000
f 6000 	6071 	6077
f 6078 	6072 	6032
f 6032 	6073 	6035
f 6079 	6074 	5992
f 5992 	6075 	6080
f 6081 	6076 	6000
f 6000 	6077 	6082
f 6083 	6078 	6032
f 6032 	6035 	6037
f 6084 	6079 	5992
f 5992 	6080 	6085
f 6086 	6081 	6000
f 6000 	6082 	6087
f 6083 	6032 	6037
f 6088 	6084 	5992
f 5992 	6085 	6089
f 6090 	6086 	6000
f 6000 	6087 	6091
f 6092 	6083 	6037
f 6093 	6088 	5992
f 5992 	6089 	6094
f 6095 	6090 	6000
f 6000 	6091 	6096
f 6097 	6092 	6037
f 6098 	6093 	5992
f 5992 	6094 	6099
f 6100 	6095 	6000
f 6000 	6096 	6101
f 6102 	6097 	6037
f 6103 	6098 	5992
f 5992 	6099 	6104
f 6105 	6100 	6000
f 6000 	6101 	6106
f 6107 	6102 	6037
f 6108 	6103 	5992
f 6109 	6105 	6000
f 6000 	6106 	6110
f 6111 	6107 	6037
f 6112 	6108 	5992
f 6109 	6000 	6110
f 6113 	6111 	6037
f 6114 	6112 	5992
f 6115 	6109 	6110
f 6116 	6113 	6037
f 6117 	6114 	5992
f 6118 	6115 	6110
f 6119 	6116 	6037
f 6120 	6117 	5992
f 6121 	6118 	6110
f 6122 	6119 	6037
f 6123 	6120 	5992
f 6124 	6121 	6110
f 6125 	6122 	6037
f 6126 	6123 	5992
f 6127 	6124 	6110
f 6128 	6125 	6037
f 6129 	6126 	5992
f 6130 	6127 	6110
f 6131 	6128 	6037
f 6132 	6129 	5992
f 6133 	6130 	6110
f 6134 	6131 	6037
f 6135 	6132 	5992
f 6050 	6133 	6110
f 6136 	6134 	6037
f 6137 	6135 	5992
f 6050 	6110 	6138
f 6136 	6037 	6139
f 6140 	6137 	5992
f 6050 	6138 	6141
f 6142 	6136 	6139
f 6143 	6140 	5992
f 6050 	6141 	6144
f 6145 	6142 	6139
f 6143 	5992 	6104
f 6050 	6144 	6146
f 6053 	6145 	6139
f 6143 	6104 	6147
f 6050 	6146 	6148
f 6053 	6139 	6149
f 6040 	6143 	6147
f 6050 	6148 	6150
f 6053 	6149 	6151
f 6040 	6147 	6152
f 5995 	6050 	6150
f 6053 	6151 	6153
f 6040 	6152 	6154
f 5995 	6150 	6155
f 6053 	6153 	6156
f 6038 	6040 	6154
f 5995 	6155 	6157
f 6053 	6156 	6158
f 6159 	6038 	6154
f 5995 	6157 	6160
f 6053 	6158 	6161
f 6162 	6159 	6154
f 5995 	6160 	6163
f 6017 	6053 	6161
f 6164 	6162 	6154
f 5995 	6163 	6003
f 6017 	6161 	6165
f 6166 	6164 	6154
f 5995 	6003 	6017
f 6017 	6165 	6167
f 6168 	6166 	6154
f 6169 	5995 	6017
f 6017 	6167 	6170
f 6168 	6154 	6171
f 6172 	6169 	6017
f 6017 	6170 	6168
f 6168 	6171 	6173
f 6174 	6172 	6017
f 6168 	6173 	6175
f 6176 	6174 	6017
f 6168 	6175 	6177
f 6178 	6176 	6017
f 6168 	6177 	6178
f 6178 	6017 	6168
f 5801 	5805 	5992
f 5805 	5993 	5992
f 5805 	5804 	5993
f 5804 	5994 	5993
f 5804 	5853 	5994
f 5853 	6042 	5994
f 5853 	5860 	6042
f 5860 	6049 	6042
f 5860 	5868 	6049
f 5868 	6057 	6049
f 5868 	5874 	6057
f 5874 	6063 	6057
f 5874 	5880 	6063
f 5880 	6069 	6063
f 5880 	5886 	6069
f 5886 	6075 	6069
f 5886 	5891 	6075
f 5891 	6080 	6075
f 5891 	5896 	6080
f 5896 	6085 	6080
f 5896 	5900 	6085
f 5900 	6089 	6085
f 5900 	5905 	6089
f 5905 	6094 	6089
f 5905 	5910 	6094
f 5910 	6099 	6094
f 5910 	5915 	6099
f 5915 	6104 	6099
f 5915 	5958 	6104
f 5958 	6147 	6104
f 5958 	5963 	6147
f 5963 	6152 	6147
f 5963 	5965 	6152
f 5965 	6154 	6152
f 5965 	5982 	6154
f 5982 	6171 	6154
f 5982 	5984 	6171
f 5984 	6173 	6171
f 5984 	5986 	6173
f 5986 	6175 	6173
f 5986 	5988 	6175
f 5988 	6177 	6175
f 5988 	5989 	6177
f 5989 	6178 	6177
f 5989 	5987 	6178
f 5987 	6176 	6178
f 5987 	5985 	6176
f 5985 	6174 	6176
f 5985 	5983 	6174
f 5983 	6172 	6174
f 5983 	5980 	6172
f 5980 	6169 	6172
f 5980 	5808 	6169
f 5808 	5995 	6169
f 5808 	5807 	5995
f 5807 	5996 	5995
f 5807 	5806 	5996
f 5806 	5997 	5996
f 5806 	5854 	5997
f 5854 	6043 	5997
f 5854 	5861 	6043
f 5861 	6050 	6043
f 5861 	5944 	6050
f 5944 	6133 	6050
f 5944 	5941 	6133
f 5941 	6130 	6133
f 5941 	5938 	6130
f 5938 	6127 	6130
f 5938 	5935 	6127
f 5935 	6124 	6127
f 5935 	5932 	6124
f 5932 	6121 	6124
f 5932 	5929 	6121
f 5929 	6118 	6121
f 5929 	5926 	6118
f 5926 	6115 	6118
f 5926 	5920 	6115
f 5920 	6109 	6115
f 5920 	5916 	6109
f 5916 	6105 	6109
f 5916 	5911 	6105
f 5911 	6100 	6105
f 5911 	5906 	6100
f 5906 	6095 	6100
f 5906 	5901 	6095
f 5901 	6090 	6095
f 5901 	5897 	6090
f 5897 	6086 	6090
f 5897 	5892 	6086
f 5892 	6081 	6086
f 5892 	5887 	6081
f 5887 	6076 	6081
f 5887 	5881 	6076
f 5881 	6070 	6076
f 5881 	5875 	6070
f 5875 	6064 	6070
f 5875 	5869 	6064
f 5869 	6058 	6064
f 5869 	5862 	6058
f 5862 	6051 	6058
f 5862 	5855 	6051
f 5855 	6044 	6051
f 5855 	5811 	6044
f 5811 	5998 	6044
f 5811 	5810 	5998
f 5810 	5999 	5998
f 5810 	5809 	5999
f 5809 	6000 	5999
f 5809 	5813 	6000
f 5813 	6001 	6000
f 5813 	5812 	6001
f 5812 	6002 	6001
f 5812 	5856 	6002
f 5856 	6045 	6002
f 5856 	5863 	6045
f 5863 	6052 	6045
f 5863 	5870 	6052
f 5870 	6059 	6052
f 5870 	5876 	6059
f 5876 	6065 	6059
f 5876 	5882 	6065
f 5882 	6071 	6065
f 5882 	5888 	6071
f 5888 	6077 	6071
f 5888 	5893 	6077
f 5893 	6082 	6077
f 5893 	5898 	6082
f 5898 	6087 	6082
f 5898 	5902 	6087
f 5902 	6091 	6087
f 5902 	5907 	6091
f 5907 	6096 	6091
f 5907 	5912 	6096
f 5912 	6101 	6096
f 5912 	5917 	6101
f 5917 	6106 	6101
f 5917 	5921 	6106
f 5921 	6110 	6106
f 5921 	5949 	6110
f 5949 	6138 	6110
f 5949 	5952 	6138
f 5952 	6141 	6138
f 5952 	5955 	6141
f 5955 	6144 	6141
f 5955 	5957 	6144
f 5957 	6146 	6144
f 5957 	5959 	6146
f 5959 	6148 	6146
f 5959 	5961 	6148
f 5961 	6150 	6148
f 5961 	5966 	6150
f 5966 	6155 	6150
f 5966 	5968 	6155
f 5968 	6157 	6155
f 5968 	5971 	6157
f 5971 	6160 	6157
f 5971 	5974 	6160
f 5974 	6163 	6160
f 5974 	5816 	6163
f 5816 	6003 	6163
f 5816 	5815 	6003
f 5815 	6004 	6003
f 5815 	5814 	6004
f 5814 	6005 	6004
f 5814 	5818 	6005
f 5818 	6006 	6005
f 5818 	5817 	6006
f 5817 	6007 	6006
f 5817 	5820 	6007
f 5820 	6008 	6007
f 5820 	5819 	6008
f 5819 	6009 	6008
f 5819 	5822 	6009
f 5822 	6010 	6009
f 5822 	5821 	6010
f 5821 	6011 	6010
f 5821 	5824 	6011
f 5824 	6012 	6011
f 5824 	5823 	6012
f 5823 	6013 	6012
f 5823 	5826 	6013
f 5826 	6014 	6013
f 5826 	5825 	6014
f 5825 	6015 	6014
f 5825 	5828 	6015
f 5828 	6016 	6015
f 5828 	5827 	6016
f 5827 	6017 	6016
f 5827 	5830 	6017
f 5830 	6018 	6017
f 5830 	5829 	6018
f 5829 	6019 	6018
f 5829 	5832 	6019
f 5832 	6020 	6019
f 5832 	5831 	6020
f 5831 	6021 	6020
f 5831 	5834 	6021
f 5834 	6022 	6021
f 5834 	5833 	6022
f 5833 	6023 	6022
f 5833 	5836 	6023
f 5836 	6024 	6023
f 5836 	5835 	6024
f 5835 	6025 	6024
f 5835 	5838 	6025
f 5838 	6026 	6025
f 5838 	5837 	6026
f 5837 	6027 	6026
f 5837 	5840 	6027
f 5840 	6028 	6027
f 5840 	5839 	6028
f 5839 	6029 	6028
f 5839 	5864 	6029
f 5864 	6053 	6029
f 5864 	5956 	6053
f 5956 	6145 	6053
f 5956 	5953 	6145
f 5953 	6142 	6145
f 5953 	5947 	6142
f 5947 	6136 	6142
f 5947 	5945 	6136
f 5945 	6134 	6136
f 5945 	5942 	6134
f 5942 	6131 	6134
f 5942 	5939 	6131
f 5939 	6128 	6131
f 5939 	5936 	6128
f 5936 	6125 	6128
f 5936 	5933 	6125
f 5933 	6122 	6125
f 5933 	5930 	6122
f 5930 	6119 	6122
f 5930 	5927 	6119
f 5927 	6116 	6119
f 5927 	5924 	6116
f 5924 	6113 	6116
f 5924 	5922 	6113
f 5922 	6111 	6113
f 5922 	5918 	6111
f 5918 	6107 	6111
f 5918 	5913 	6107
f 5913 	6102 	6107
f 5913 	5908 	6102
f 5908 	6097 	6102
f 5908 	5903 	6097
f 5903 	6092 	6097
f 5903 	5894 	6092
f 5894 	6083 	6092
f 5894 	5889 	6083
f 5889 	6078 	6083
f 5889 	5883 	6078
f 5883 	6072 	6078
f 5883 	5877 	6072
f 5877 	6066 	6072
f 5877 	5871 	6066
f 5871 	6060 	6066
f 5871 	5865 	6060
f 5865 	6054 	6060
f 5865 	5857 	6054
f 5857 	6046 	6054
f 5857 	5843 	6046
f 5843 	6030 	6046
f 5843 	5842 	6030
f 5842 	6031 	6030
f 5842 	5841 	6031
f 5841 	6032 	6031
f 5841 	5845 	6032
f 5845 	6033 	6032
f 5845 	5844 	6033
f 5844 	6034 	6033
f 5844 	5858 	6034
f 5858 	6047 	6034
f 5858 	5866 	6047
f 5866 	6055 	6047
f 5866 	5872 	6055
f 5872 	6061 	6055
f 5872 	5878 	6061
f 5878 	6067 	6061
f 5878 	5884 	6067
f 5884 	6073 	6067
f 5884 	5848 	6073
f 5848 	6035 	6073
f 5848 	5847 	6035
f 5847 	6036 	6035
f 5847 	5846 	6036
f 5846 	6037 	6036
f 5846 	5950 	6037
f 5950 	6139 	6037
f 5950 	5960 	6139
f 5960 	6149 	6139
f 5960 	5962 	6149
f 5962 	6151 	6149
f 5962 	5964 	6151
f 5964 	6153 	6151
f 5964 	5967 	6153
f 5967 	6156 	6153
f 5967 	5969 	6156
f 5969 	6158 	6156
f 5969 	5972 	6158
f 5972 	6161 	6158
f 5972 	5976 	6161
f 5976 	6165 	6161
f 5976 	5978 	6165
f 5978 	6167 	6165
f 5978 	5981 	6167
f 5981 	6170 	6167
f 5981 	5979 	6170
f 5979 	6168 	6170
f 5979 	5977 	6168
f 5977 	6166 	6168
f 5977 	5975 	6166
f 5975 	6164 	6166
f 5975 	5973 	6164
f 5973 	6162 	6164
f 5973 	5970 	6162
f 5970 	6159 	6162
f 5970 	5851 	6159
f 5851 	6038 	6159
f 5851 	5850 	6038
f 5850 	6039 	6038
f 5850 	5849 	6039
f 5849 	6040 	6039
f 5849 	5954 	6040
f 5954 	6143 	6040
f 5954 	5951 	6143
f 5951 	6140 	6143
f 5951 	5948 	6140
f 5948 	6137 	6140
f 5948 	5946 	6137
f 5946 	6135 	6137
f 5946 	5943 	6135
f 5943 	6132 	6135
f 5943 	5940 	6132
f 5940 	6129 	6132
f 5940 	5937 	6129
f 5937 	6126 	6129
f 5937 	5934 	6126
f 5934 	6123 	6126
f 5934 	5931 	6123
f 5931 	6120 	6123
f 5931 	5928 	6120
f 5928 	6117 	6120
f 5928 	5925 	6117
f 5925 	6114 	6117
f 5925 	5923 	6114
f 5923 	6112 	6114
f 5923 	5919 	6112
f 5919 	6108 	6112
f 5919 	5914 	6108
f 5914 	6103 	6108
f 5914 	5909 	6103
f 5909 	6098 	6103
f 5909 	5904 	6098
f 5904 	6093 	6098
f 5904 	5899 	6093
f 5899 	6088 	6093
f 5899 	5895 	6088
f 5895 	6084 	6088
f 5895 	5890 	6084
f 5890 	6079 	6084
f 5890 	5885 	6079
f 5885 	6074 	6079
f 5885 	5879 	6074
f 5879 	6068 	6074
f 5879 	5873 	6068
f 5873 	6062 	6068
f 5873 	5867 	6062
f 5867 	6056 	6062
f 5867 	5859 	6056
f 5859 	6048 	6056
f 5859 	5852 	6048
f 5852 	6041 	6048
f 5852 	5803 	6041
f 5803 	5990 	6041
f 5803 	5802 	5990
f 5802 	5991 	5990
f 5802 	5801 	5991
f 5801 	5992 	5991
# 12316 faces

 #end of obj_0

o obj_1
v 33 		4 		0
v 33 		-33 		0
v 30 		29 		0
v 30 		29 		5
v 23 		4 		6
v 23 		-33 		6
v 30 		4.003 		5
v 30 		4.003 		0
v 23 		22 		5
v 23 		22 		8
v -6 		22 		8
v -6 		-48.727 		8
v 23 		-48.727 		8
v 23 		4 		5
v 30 		-57 		5
v 23.998 		4 		5
v 23.998 		4.003 		5
v 30 		-57 		0
v 23 		-48.727 		5
v 30 		-33.003 		0
v 23 		-33 		5
v -6 		-48.727 		5
v 30 		-33.003 		5
v -14 		29 		5
v -14 		29 		0
v 23.998 		-33.003 		5
v -14 		-57 		0
v -14 		-57 		5
v -6 		22 		5
v 23.998 		-33 		5
v 23.998 		-33 		0
v 23.998 		4 		0
v 23.998 		4.003 		0
v 23.998 		-33.003 		0
# 34 vertices

g group_1_2829873

usemtl color_2829873
s 0

f 6209 	6179 	6180
f 6183 	6184 	6180
f 6183 	6180 	6179
f 6181 	6182 	6185
f 6181 	6185 	6186
f 6188 	6189 	6190
f 6188 	6190 	6191
f 6191 	6183 	6188
f 6187 	6188 	6183
f 6187 	6183 	6192
f 6195 	6185 	6187
f 6187 	6192 	6195
f 6194 	6195 	6192
f 6199 	6184 	6197
f 6191 	6197 	6184
f 6193 	6196 	6198
f 6193 	6198 	6201
f 6191 	6184 	6183
f 6189 	6207 	6200
f 6189 	6200 	6190
f 6205 	6196 	6206
f 6208 	6199 	6204
f 6199 	6197 	6204
f 6193 	6201 	6197
f 6197 	6200 	6193
f 6202 	6203 	6205
f 6202 	6205 	6206
f 6203 	6202 	6181
f 6182 	6181 	6202
f 6209 	6210 	6179
f 6206 	6200 	6202
f 6202 	6200 	6207
f 6183 	6179 	6194
f 6183 	6194 	6192
f 6186 	6211 	6181
f 6194 	6179 	6210
f 6199 	6208 	6184
f 6180 	6184 	6208
f 6206 	6193 	6200
f 6196 	6205 	6212
f 6196 	6212 	6198
f 6208 	6209 	6180
f 6205 	6203 	6210
f 6209 	6205 	6210
f 6212 	6205 	6209
f 6211 	6210 	6203
f 6181 	6211 	6203
f 6182 	6202 	6207
f 6182 	6207 	6187
f 6193 	6206 	6196
f 6195 	6211 	6186
f 6195 	6186 	6185
f 6190 	6200 	6197
f 6190 	6197 	6191
f 6201 	6198 	6212
f 6201 	6212 	6204
f 6188 	6187 	6207
f 6188 	6207 	6189
f 6211 	6195 	6194
f 6211 	6194 	6210
f 6182 	6187 	6185
f 6209 	6208 	6204
f 6209 	6204 	6212
f 6204 	6197 	6201
# 64 faces

 #end of obj_1

