# Object Export From Tinkercad Server 2015

mtllib obj.mtl

o obj_0
v 16.4783 		-33.4773 		2.0225
v 15.4397 		-33.4773 		2.0225
v 15.4397 		-33.1371 		2.1414
v 16.2753 		-33.1371 		2.1414
v 16.4783 		-33.1371 		2.1414
v 15.8639 		-28.898 		3.6233
v 16.1466 		-28.898 		3.6233
v 16.1466 		-32.7233 		2.2861
v 15.4532 		-29.584 		3.3835
v 15.4687 		-29.5647 		3.3903
v 15.4847 		-29.5455 		3.397
v 15.3005 		-29.7557 		3.3235
v 15.3002 		-29.721 		3.3356
v 15.313 		-29.713 		3.3385
v 15.3029 		-29.8222 		3.3003
v 15.3014 		-29.7895 		3.3117
v 15.3077 		-29.8845 		3.2785
v 15.305 		-29.8538 		3.2892
v 15.3155 		-29.9426 		3.2582
v 15.3111 		-29.9141 		3.2681
v 15.3256 		-29.9957 		3.2396
v 15.3203 		-29.9698 		3.2487
v 15.3372 		-30.0437 		3.2228
v 15.3312 		-30.0204 		3.231
v 15.3505 		-30.085 		3.2084
v 15.3437 		-30.0658 		3.2151
v 15.365 		-30.1187 		3.1966
v 15.3576 		-30.1026 		3.2022
v 15.3807 		-30.1463 		3.187
v 15.3727 		-30.1333 		3.1915
v 15.3982 		-30.1676 		3.1795
v 15.389 		-30.1578 		3.1829
v 15.4171 		-30.1819 		3.1745
v 15.4075 		-30.1757 		3.1767
v 15.4368 		-30.1891 		3.172
v 15.4269 		-30.1864 		3.1729
v 15.4596 		-30.1887 		3.1721
v 15.447 		-30.19 		3.1717
v 15.4846 		-30.1785 		3.1757
v 15.4722 		-30.1849 		3.1735
v 15.5092 		-30.158 		3.1829
v 15.4969 		-30.1695 		3.1788
v 15.534 		-30.1261 		3.194
v 15.5213 		-30.144 		3.1878
v 15.5598 		-30.0842 		3.2087
v 15.5469 		-30.1062 		3.201
v 15.586 		-30.0342 		3.2262
v 15.5729 		-30.0602 		3.2171
v 15.6121 		-29.976 		3.2465
v 15.5993 		-30.0061 		3.236
v 15.6387 		-29.9107 		3.2693
v 15.6252 		-29.9442 		3.2576
v 15.6665 		-29.8381 		3.2947
v 15.6524 		-29.8753 		3.2817
v 15.6949 		-29.7584 		3.3226
v 15.6808 		-29.7992 		3.3083
v 15.7243 		-29.6716 		3.3529
v 15.7094 		-29.7159 		3.3374
v 15.7553 		-29.5776 		3.3858
v 15.7396 		-29.6255 		3.369
v 15.6446 		-33.1371 		2.1414
v 16.2625 		-33.1364 		2.1417
v 16.1468 		-32.7564 		2.2745
v 15.326 		-29.7041 		3.3415
v 15.7714 		-29.5279 		3.4031
v 15.6552 		-33.1366 		2.1416
v 16.2504 		-33.1345 		2.1423
v 16.1473 		-32.7882 		2.2634
v 15.3391 		-29.6946 		3.3449
v 15.6653 		-33.135 		2.1422
v 16.2391 		-33.1313 		2.1434
v 16.148 		-32.8187 		2.2527
v 15.3525 		-29.6842 		3.3485
v 15.6749 		-33.1325 		2.143
v 16.2286 		-33.1269 		2.145
v 16.1491 		-32.8479 		2.2425
v 15.3661 		-29.6731 		3.3524
v 15.684 		-33.1289 		2.1443
v 16.2189 		-33.1211 		2.147
v 16.1504 		-32.8759 		2.2327
v 15.3799 		-29.6612 		3.3565
v 15.6926 		-33.1243 		2.1459
v 16.2101 		-33.1141 		2.1495
v 16.1521 		-32.9026 		2.2234
v 15.394 		-29.6483 		3.361
v 15.7008 		-33.1187 		2.1479
v 16.2019 		-33.1041 		2.153
v 15.4083 		-29.6342 		3.366
v 15.7084 		-33.1118 		2.1503
v 15.423 		-29.6187 		3.3714
v 15.7157 		-33.1034 		2.1532
v 15.7225 		-33.0934 		2.1567
v 15.4379 		-29.602 		3.3772
v 15.729 		-33.0819 		2.1607
v 15.735 		-33.0689 		2.1653
v 15.7406 		-33.0543 		2.1704
v 15.501 		-29.5248 		3.4042
v 15.7453 		-33.0367 		2.1765
v 15.5177 		-29.5026 		3.412
v 15.7495 		-33.0175 		2.1832
v 15.5348 		-29.4789 		3.4203
v 15.7533 		-32.9968 		2.1905
v 15.5523 		-29.4536 		3.4291
v 15.7567 		-32.9746 		2.1982
v 15.5703 		-29.4267 		3.4385
v 15.7598 		-32.9509 		2.2065
v 15.5886 		-29.3983 		3.4485
v 15.7624 		-32.9256 		2.2154
v 15.6073 		-29.368 		3.459
v 15.7652 		-32.8983 		2.2249
v 15.6264 		-29.3359 		3.4702
v 15.7674 		-32.8684 		2.2354
v 15.646 		-29.3021 		3.4821
v 15.7692 		-32.8359 		2.2467
v 15.6659 		-29.2665 		3.4945
v 15.7704 		-32.8009 		2.2589
v 15.6863 		-29.229 		3.5076
v 15.7712 		-32.7634 		2.2721
v 15.7714 		-32.7233 		2.2861
v 16.1541 		-32.9279 		2.2146
v 16.1944 		-33.0926 		2.157
v 16.1565 		-32.9516 		2.2063
v 16.1874 		-33.0796 		2.1615
v 16.1811 		-33.065 		2.1666
v 16.1593 		-32.9739 		2.1985
v 16.1753 		-33.049 		2.1722
v 16.1626 		-32.9946 		2.1913
v 16.1702 		-33.0313 		2.1784
v 16.1662 		-33.0137 		2.1846
v 15.4397 		-35.0954 		3.8282
v 15.4397 		-35.4356 		3.7093
v 16.4783 		-35.4356 		3.7093
v 16.4783 		-35.0954 		3.8282
v 16.2753 		-35.0954 		3.8282
v 16.1466 		-34.6816 		3.9729
v 16.1466 		-30.8563 		5.3101
v 15.8639 		-30.8563 		5.3101
v 15.4847 		-31.5038 		5.0838
v 15.4687 		-31.523 		5.0771
v 15.4532 		-31.5423 		5.0703
v 15.313 		-31.6713 		5.0252
v 15.3002 		-31.6793 		5.0224
v 15.3005 		-31.7141 		5.0103
v 15.3014 		-31.7478 		4.9985
v 15.3029 		-31.7805 		4.9871
v 15.305 		-31.8121 		4.976
v 15.3077 		-31.8428 		4.9653
v 15.3111 		-31.8724 		4.9549
v 15.3155 		-31.9009 		4.945
v 15.3203 		-31.9281 		4.9355
v 15.3256 		-31.954 		4.9264
v 15.3312 		-31.9787 		4.9178
v 15.3372 		-32.0021 		4.9096
v 15.3437 		-32.0242 		4.9019
v 15.3505 		-32.0433 		4.8952
v 15.3576 		-32.0609 		4.889
v 15.365 		-32.077 		4.8834
v 15.3727 		-32.0916 		4.8783
v 15.3807 		-32.1046 		4.8737
v 15.389 		-32.1161 		4.8697
v 15.3982 		-32.1259 		4.8663
v 15.4075 		-32.134 		4.8635
v 15.4171 		-32.1402 		4.8613
v 15.4269 		-32.1447 		4.8597
v 15.4368 		-32.1474 		4.8588
v 15.447 		-32.1483 		4.8585
v 15.4596 		-32.147 		4.8589
v 15.4722 		-32.1432 		4.8603
v 15.4846 		-32.1368 		4.8625
v 15.4969 		-32.1279 		4.8656
v 15.5092 		-32.1164 		4.8696
v 15.5213 		-32.1023 		4.8746
v 15.534 		-32.0844 		4.8808
v 15.5469 		-32.0645 		4.8878
v 15.5598 		-32.0425 		4.8954
v 15.5729 		-32.0185 		4.9038
v 15.586 		-31.9925 		4.9129
v 15.5993 		-31.9644 		4.9228
v 15.6121 		-31.9344 		4.9333
v 15.6252 		-31.9026 		4.9444
v 15.6387 		-31.869 		4.9561
v 15.6524 		-31.8336 		4.9685
v 15.6665 		-31.7964 		4.9815
v 15.6808 		-31.7575 		4.9951
v 15.6949 		-31.7167 		5.0093
v 15.7094 		-31.6742 		5.0242
v 15.7243 		-31.6299 		5.0397
v 15.7396 		-31.5838 		5.0558
v 15.7553 		-31.5359 		5.0726
v 15.6446 		-35.0954 		3.8282
v 16.2625 		-35.0948 		3.8284
v 16.1468 		-34.7147 		3.9613
v 15.326 		-31.6625 		5.0283
v 15.7714 		-31.4862 		5.0899
v 15.6552 		-35.0949 		3.8284
v 16.2504 		-35.0928 		3.8291
v 16.1473 		-34.7465 		3.9502
v 15.3391 		-31.6529 		5.0317
v 15.6653 		-35.0934 		3.8289
v 16.2391 		-35.0897 		3.8302
v 16.148 		-34.777 		3.9395
v 15.3525 		-31.6425 		5.0353
v 15.6749 		-35.0908 		3.8298
v 16.2286 		-35.0852 		3.8318
v 16.1491 		-34.8063 		3.9293
v 15.3661 		-31.6314 		5.0392
v 15.684 		-35.0872 		3.8311
v 16.2189 		-35.0794 		3.8338
v 16.1504 		-34.8342 		3.9195
v 15.3799 		-31.6196 		5.0433
v 15.6926 		-35.0826 		3.8327
v 16.2101 		-35.0724 		3.8363
v 16.1521 		-34.8609 		3.9102
v 15.394 		-31.6067 		5.0478
v 15.7008 		-35.077 		3.8347
v 16.2019 		-35.0625 		3.8397
v 15.4083 		-31.5925 		5.0528
v 15.7084 		-35.0701 		3.8371
v 15.423 		-31.577 		5.0582
v 15.7157 		-35.0617 		3.84
v 15.7225 		-35.0517 		3.8435
v 15.4379 		-31.5603 		5.064
v 15.729 		-35.0402 		3.8475
v 15.735 		-35.0272 		3.8521
v 15.7406 		-35.0126 		3.8572
v 15.501 		-31.4832 		5.091
v 15.7453 		-34.995 		3.8633
v 15.5177 		-31.4609 		5.0988
v 15.7495 		-34.9759 		3.87
v 15.5348 		-31.4372 		5.1071
v 15.7533 		-34.9552 		3.8772
v 15.5523 		-31.4119 		5.1159
v 15.7567 		-34.933 		3.885
v 15.5703 		-31.3851 		5.1253
v 15.7598 		-34.9092 		3.8933
v 15.5886 		-31.3566 		5.1352
v 15.7624 		-34.8839 		3.9022
v 15.6073 		-31.3263 		5.1458
v 15.7652 		-34.8566 		3.9117
v 15.6264 		-31.2943 		5.157
v 15.7674 		-34.8267 		3.9222
v 15.646 		-31.2604 		5.1689
v 15.7692 		-34.7943 		3.9335
v 15.6659 		-31.2248 		5.1813
v 15.7704 		-34.7593 		3.9457
v 15.6863 		-31.1874 		5.1944
v 15.7712 		-34.7217 		3.9589
v 15.7714 		-34.6816 		3.9729
v 16.1541 		-34.8862 		3.9014
v 16.1944 		-35.051 		3.8438
v 16.1565 		-34.91 		3.893
v 16.1874 		-35.0379 		3.8483
v 16.1811 		-35.0234 		3.8534
v 16.1593 		-34.9322 		3.8853
v 16.1753 		-35.0073 		3.859
v 16.1626 		-34.9529 		3.878
v 16.1702 		-34.9897 		3.8652
v 16.1662 		-34.972 		3.8714
v 17.2974 		-33.5197 		2.0077
v 17.2375 		-33.5362 		2.0019
v 17.1744 		-33.5417 		2
v 17.408 		-33.4538 		2.0307
v 17.3543 		-33.4922 		2.0173
v 17.5061 		-33.344 		2.0691
v 17.4586 		-33.4044 		2.048
v 17.5913 		-33.1958 		2.1209
v 17.55 		-33.274 		2.0936
v 17.6656 		-33.015 		2.1841
v 17.6298 		-33.1095 		2.1511
v 17.729 		-32.8014 		2.2588
v 17.6987 		-32.9123 		2.22
v 17.7818 		-32.5583 		2.3438
v 17.7567 		-32.6832 		2.3001
v 17.8241 		-32.2886 		2.4381
v 17.8042 		-32.4267 		2.3898
v 17.8559 		-31.9923 		2.5416
v 17.8413 		-32.1437 		2.4887
v 17.8791 		-31.6781 		2.6515
v 17.8686 		-31.8371 		2.5959
v 17.893 		-31.3486 		2.7667
v 17.8872 		-31.5152 		2.7084
v 17.8976 		-31.0038 		2.8872
v 17.8964 		-31.1781 		2.8263
v 17.8924 		-30.6472 		3.0119
v 17.8963 		-30.8211 		2.9511
v 17.8766 		-30.3253 		3.1244
v 17.8858 		-30.4819 		3.0696
v 17.8505 		-30.0382 		3.2247
v 17.8649 		-30.1774 		3.1761
v 17.815 		-29.7843 		3.3135
v 17.8337 		-29.9073 		3.2705
v 17.7715 		-29.5621 		3.3912
v 17.7943 		-29.6693 		3.3537
v 17.72 		-29.3716 		3.4578
v 17.7467 		-29.4629 		3.4259
v 17.6597 		-29.2122 		3.5135
v 17.6907 		-29.2881 		3.487
v 17.5927 		-29.0835 		3.5585
v 17.6271 		-29.144 		3.5374
v 17.5188 		-28.9854 		3.5928
v 17.5566 		-29.0306 		3.577
v 17.44 		-28.9139 		3.6178
v 17.48 		-28.946 		3.6066
v 17.356 		-28.8709 		3.6328
v 17.3987 		-28.8888 		3.6266
v 17.2668 		-28.8566 		3.6378
v 17.3121 		-28.8602 		3.6366
v 17.1804 		-28.8694 		3.6333
v 17.2229 		-28.8598 		3.6367
v 17.1001 		-28.9077 		3.6199
v 17.1395 		-28.8854 		3.6278
v 17.0257 		-28.9716 		3.5976
v 17.0621 		-28.9365 		3.6099
v 16.9581 		-29.0559 		3.5682
v 16.991 		-29.011 		3.5838
v 16.8977 		-29.1616 		3.5312
v 16.927 		-29.1061 		3.5506
v 16.8445 		-29.2888 		3.4867
v 16.8702 		-29.2225 		3.5099
v 16.7988 		-29.4329 		3.4364
v 16.8207 		-29.3586 		3.4623
v 16.7607 		-29.5953 		3.3796
v 16.7788 		-29.5118 		3.4088
v 16.7303 		-29.7762 		3.3164
v 16.7445 		-29.6835 		3.3488
v 16.7091 		-29.9729 		3.2476
v 16.7187 		-29.8729 		3.2826
v 16.6965 		-30.1828 		3.1742
v 16.7017 		-30.0762 		3.2115
v 16.6922 		-30.4061 		3.0962
v 16.6933 		-30.2928 		3.1358
v 17.0582 		-30.196 		3.1696
v 17.0566 		-30.3693 		3.109
v 17.0582 		-30.5105 		3.0596
v 16.6961 		-30.6124 		3.024
v 16.6932 		-30.5113 		3.0594
v 16.7075 		-30.8025 		2.9576
v 16.7008 		-30.7095 		2.9901
v 16.7267 		-30.9762 		2.8969
v 16.7161 		-30.8914 		2.9265
v 16.7541 		-31.1325 		2.8422
v 16.7396 		-31.0566 		2.8687
v 16.7879 		-31.2704 		2.794
v 16.7702 		-31.2038 		2.8173
v 16.8282 		-31.39 		2.7522
v 16.8072 		-31.3325 		2.7723
v 16.8745 		-31.4916 		2.7167
v 16.8506 		-31.443 		2.7337
v 16.9265 		-31.5759 		2.6872
v 16.8998 		-31.5359 		2.7012
v 16.9841 		-31.6428 		2.6638
v 16.9545 		-31.6115 		2.6747
v 17.0453 		-31.6888 		2.6477
v 17.0142 		-31.6681 		2.655
v 17.1105 		-31.7164 		2.6381
v 17.0774 		-31.7049 		2.6421
v 17.1798 		-31.7256 		2.6349
v 17.1447 		-31.7233 		2.6357
v 17.2221 		-31.722 		2.6361
v 17.2013 		-31.7247 		2.6352
v 17.262 		-31.7113 		2.6399
v 17.2423 		-31.7175 		2.6377
v 17.2994 		-31.6934 		2.6461
v 17.281 		-31.7032 		2.6427
v 17.3347 		-31.6689 		2.6547
v 17.3173 		-31.6819 		2.6501
v 17.3679 		-31.6382 		2.6654
v 17.3516 		-31.6543 		2.6598
v 17.3991 		-31.6015 		2.6783
v 17.3838 		-31.6206 		2.6716
v 17.4283 		-31.5621 		2.692
v 17.414 		-31.5824 		2.6849
v 17.4555 		-31.5177 		2.7076
v 17.4422 		-31.5405 		2.6996
v 17.4807 		-31.4681 		2.7249
v 17.4684 		-31.4935 		2.716
v 17.5041 		-31.4145 		2.7436
v 17.4926 		-31.4417 		2.7341
v 17.5258 		-31.3578 		2.7635
v 17.5151 		-31.3865 		2.7534
v 17.546 		-31.298 		2.7843
v 17.5361 		-31.3283 		2.7738
v 16.8641 		-32.4737 		2.3733
v 16.8844 		-32.4612 		2.3777
v 16.8906 		-32.5082 		2.3613
v 16.8291 		-32.5095 		2.3608
v 16.8457 		-32.4898 		2.3677
v 16.8013 		-32.5596 		2.3433
v 16.8143 		-32.5327 		2.3527
v 16.7812 		-32.6233 		2.3211
v 16.7901 		-32.59 		2.3327
v 16.7684 		-32.6969 		2.2953
v 16.774 		-32.6589 		2.3086
v 16.7619 		-32.7796 		2.2664
v 16.7643 		-32.7371 		2.2813
v 16.7617 		-32.8702 		2.2348
v 16.7611 		-32.8244 		2.2507
v 16.7665 		-32.9601 		2.2033
v 16.7635 		-32.9154 		2.2189
v 16.7762 		-33.0479 		2.1726
v 16.7708 		-33.0043 		2.1879
v 16.7909 		-33.1332 		2.1428
v 16.7829 		-33.0911 		2.1575
v 16.8114 		-33.2129 		2.1149
v 16.8004 		-33.1739 		2.1286
v 16.838 		-33.2865 		2.0892
v 16.8239 		-33.2505 		2.1018
v 16.8707 		-33.3534 		2.0658
v 16.8535 		-33.321 		2.0771
v 16.9097 		-33.4106 		2.0458
v 16.8894 		-33.3833 		2.0554
v 16.9553 		-33.4576 		2.0294
v 16.9317 		-33.4354 		2.0371
v 17.008 		-33.497 		2.0156
v 16.9804 		-33.4773 		2.0225
v 17.0688 		-33.5256 		2.0056
v 17.0374 		-33.5131 		2.01
v 17.1373 		-33.5399 		2.0006
v 17.1021 		-33.5345 		2.0025
v 17.063 		-30.64 		3.0144
v 16.8973 		-32.5542 		2.3452
v 17.0711 		-30.7578 		2.9732
v 16.9043 		-32.5992 		2.3295
v 17.0823 		-30.8638 		2.9361
v 16.9118 		-32.6431 		2.3141
v 17.063 		-30.0377 		3.2249
v 17.0968 		-30.958 		2.9032
v 16.9196 		-32.686 		2.2991
v 17.0711 		-29.8946 		3.275
v 17.1146 		-31.0405 		2.8744
v 16.9279 		-32.7279 		2.2845
v 17.0823 		-29.7665 		3.3197
v 17.1361 		-31.1094 		2.8503
v 16.9372 		-32.7684 		2.2703
v 17.0968 		-29.6534 		3.3593
v 17.1609 		-31.1657 		2.8306
v 17.1146 		-29.5555 		3.3935
v 16.947 		-32.8071 		2.2568
v 17.1358 		-29.4726 		3.4225
v 17.1889 		-31.2095 		2.8153
v 16.9573 		-32.844 		2.2439
v 17.1597 		-29.4048 		3.4462
v 17.2201 		-31.2408 		2.8043
v 16.9681 		-32.8791 		2.2316
v 17.1862 		-29.352 		3.4646
v 17.2545 		-31.2596 		2.7978
v 16.9795 		-32.9124 		2.22
v 17.2153 		-29.3144 		3.4778
v 17.2922 		-31.2658 		2.7956
v 16.9913 		-32.944 		2.2089
v 17.3217 		-31.2626 		2.7967
v 17.0037 		-32.9736 		2.1986
v 17.247 		-29.2918 		3.4857
v 17.3498 		-31.2531 		2.8001
v 17.0169 		-33.0012 		2.1889
v 17.2813 		-29.2842 		3.4883
v 17.3765 		-31.2371 		2.8056
v 17.0307 		-33.0267 		2.18
v 17.301 		-29.2868 		3.4874
v 17.4018 		-31.2147 		2.8135
v 17.0453 		-33.0502 		2.1718
v 17.32 		-29.2944 		3.4848
v 17.4256 		-31.186 		2.8235
v 17.0605 		-33.0717 		2.1643
v 17.3384 		-29.3072 		3.4803
v 17.4481 		-31.1509 		2.8358
v 17.0765 		-33.0911 		2.1575
v 17.3562 		-29.3251 		3.474
v 17.4691 		-31.1104 		2.8499
v 17.0932 		-33.1066 		2.1521
v 17.3735 		-29.3481 		3.466
v 17.4886 		-31.0656 		2.8656
v 17.1107 		-33.1192 		2.1477
v 17.3901 		-29.3762 		3.4562
v 17.5065 		-31.0164 		2.8828
v 17.1291 		-33.129 		2.1443
v 17.406 		-29.4095 		3.4445
v 17.523 		-30.9629 		2.9015
v 17.1482 		-33.1361 		2.1418
v 17.4213 		-29.4482 		3.431
v 17.1681 		-33.1403 		2.1403
v 17.4358 		-29.4923 		3.4156
v 17.5379 		-30.905 		2.9217
v 17.1889 		-33.1417 		2.1398
v 17.4497 		-29.5417 		3.3983
v 17.5514 		-30.8428 		2.9435
v 17.2441 		-33.1289 		2.1443
v 17.4628 		-29.5965 		3.3792
v 17.5434 		-31.5919 		2.6816
v 17.2948 		-33.0906 		2.1577
v 17.4753 		-29.6566 		3.3581
v 17.3411 		-33.0267 		2.18
v 17.4863 		-29.7224 		3.3351
v 17.4966 		-29.7941 		3.3101
v 17.383 		-32.9373 		2.2113
v 17.5061 		-29.8716 		3.283
v 17.4205 		-32.8224 		2.2514
v 17.5147 		-29.955 		3.2538
v 17.4535 		-32.6819 		2.3006
v 17.5226 		-30.0442 		3.2226
v 17.4818 		-32.5145 		2.3591
v 17.5296 		-30.1394 		3.1894
v 17.5049 		-32.3218 		2.4265
v 17.5363 		-30.2407 		3.154
v 17.5228 		-32.1037 		2.5027
v 17.5417 		-30.3483 		3.1163
v 17.5357 		-31.8605 		2.5877
v 17.546 		-30.4624 		3.0765
v 17.549 		-30.5828 		3.0344
v 17.5508 		-30.7096 		2.99
v 17.1744 		-35.5 		3.6868
v 17.2375 		-35.4945 		3.6887
v 17.2974 		-35.478 		3.6945
v 17.3543 		-35.4506 		3.7041
v 17.408 		-35.4121 		3.7175
v 17.4586 		-35.3627 		3.7348
v 17.5061 		-35.3023 		3.7559
v 17.55 		-35.2323 		3.7804
v 17.5913 		-35.1542 		3.8077
v 17.6298 		-35.0678 		3.8379
v 17.6656 		-34.9733 		3.8709
v 17.6987 		-34.8706 		3.9068
v 17.729 		-34.7598 		3.9456
v 17.7567 		-34.6415 		3.9869
v 17.7818 		-34.5166 		4.0306
v 17.8042 		-34.3851 		4.0765
v 17.8241 		-34.2469 		4.1249
v 17.8413 		-34.102 		4.1755
v 17.8559 		-33.9506 		4.2284
v 17.8686 		-33.7954 		4.2827
v 17.8791 		-33.6364 		4.3383
v 17.8872 		-33.4736 		4.3952
v 17.893 		-33.3069 		4.4534
v 17.8964 		-33.1364 		4.5131
v 17.8976 		-32.9621 		4.574
v 17.8963 		-32.7794 		4.6378
v 17.8924 		-32.6055 		4.6986
v 17.8858 		-32.4402 		4.7564
v 17.8766 		-32.2837 		4.8112
v 17.8649 		-32.1358 		4.8629
v 17.8505 		-31.9966 		4.9115
v 17.8337 		-31.8657 		4.9573
v 17.815 		-31.7427 		5.0003
v 17.7943 		-31.6276 		5.0405
v 17.7715 		-31.5205 		5.078
v 17.7467 		-31.4212 		5.1127
v 17.72 		-31.3299 		5.1446
v 17.6907 		-31.2464 		5.1738
v 17.6597 		-31.1705 		5.2003
v 17.6271 		-31.1023 		5.2241
v 17.5927 		-31.0418 		5.2453
v 17.5566 		-30.9889 		5.2638
v 17.5188 		-30.9437 		5.2796
v 17.48 		-30.9044 		5.2933
v 17.44 		-30.8722 		5.3046
v 17.3987 		-30.8471 		5.3133
v 17.356 		-30.8293 		5.3196
v 17.3121 		-30.8185 		5.3233
v 17.2668 		-30.815 		5.3246
v 17.2229 		-30.8182 		5.3235
v 17.1804 		-30.8277 		5.3201
v 17.1395 		-30.8437 		5.3145
v 17.1001 		-30.866 		5.3067
v 17.0621 		-30.8948 		5.2967
v 17.0257 		-30.9299 		5.2844
v 16.991 		-30.9694 		5.2706
v 16.9581 		-31.0142 		5.2549
v 16.927 		-31.0644 		5.2374
v 16.8977 		-31.1199 		5.218
v 16.8702 		-31.1809 		5.1967
v 16.8445 		-31.2471 		5.1735
v 16.8207 		-31.3169 		5.1491
v 16.7988 		-31.3912 		5.1231
v 16.7788 		-31.4701 		5.0956
v 16.7607 		-31.5537 		5.0664
v 16.7445 		-31.6418 		5.0355
v 16.7303 		-31.7345 		5.0031
v 16.7187 		-31.8312 		4.9693
v 16.7091 		-31.9312 		4.9344
v 16.7017 		-32.0345 		4.8983
v 16.6965 		-32.1411 		4.861
v 16.6933 		-32.2511 		4.8225
v 16.6922 		-32.3644 		4.7829
v 17.0566 		-32.3276 		4.7958
v 17.0582 		-32.1543 		4.8564
v 17.0582 		-32.4689 		4.7464
v 16.6932 		-32.4696 		4.7462
v 16.6961 		-32.5708 		4.7108
v 16.7008 		-32.6678 		4.6769
v 16.7075 		-32.7608 		4.6444
v 16.7161 		-32.8497 		4.6133
v 16.7267 		-32.9345 		4.5836
v 16.7396 		-33.015 		4.5555
v 16.7541 		-33.0908 		4.529
v 16.7702 		-33.1621 		4.5041
v 16.7879 		-33.2287 		4.4808
v 16.8072 		-33.2908 		4.4591
v 16.8282 		-33.3483 		4.439
v 16.8506 		-33.4013 		4.4205
v 16.8745 		-33.4499 		4.4034
v 16.8998 		-33.4943 		4.388
v 16.9265 		-33.5342 		4.374
v 16.9545 		-33.5699 		4.3615
v 16.9841 		-33.6012 		4.3506
v 17.0142 		-33.6264 		4.3417
v 17.0453 		-33.6471 		4.3345
v 17.0774 		-33.6632 		4.3289
v 17.1105 		-33.6747 		4.3249
v 17.1447 		-33.6816 		4.3225
v 17.1798 		-33.6839 		4.3217
v 17.2013 		-33.683 		4.322
v 17.2221 		-33.6803 		4.3229
v 17.2423 		-33.6759 		4.3245
v 17.262 		-33.6696 		4.3267
v 17.281 		-33.6616 		4.3295
v 17.2994 		-33.6517 		4.3329
v 17.3173 		-33.6402 		4.3369
v 17.3347 		-33.6272 		4.3415
v 17.3516 		-33.6127 		4.3466
v 17.3679 		-33.5966 		4.3522
v 17.3838 		-33.5789 		4.3584
v 17.3991 		-33.5598 		4.365
v 17.414 		-33.5407 		4.3717
v 17.4283 		-33.5204 		4.3788
v 17.4422 		-33.4989 		4.3863
v 17.4555 		-33.476 		4.3943
v 17.4684 		-33.4519 		4.4028
v 17.4807 		-33.4264 		4.4117
v 17.4926 		-33.4 		4.4209
v 17.5041 		-33.3728 		4.4304
v 17.5151 		-33.3448 		4.4402
v 17.5258 		-33.3161 		4.4502
v 17.5361 		-33.2866 		4.4605
v 17.546 		-33.2563 		4.4711
v 16.8906 		-34.4665 		4.0481
v 16.8844 		-34.4195 		4.0645
v 16.8641 		-34.4321 		4.0601
v 16.8457 		-34.4482 		4.0545
v 16.8291 		-34.4678 		4.0476
v 16.8143 		-34.4911 		4.0395
v 16.8013 		-34.5179 		4.0301
v 16.7901 		-34.5483 		4.0195
v 16.7812 		-34.5816 		4.0078
v 16.774 		-34.6172 		3.9954
v 16.7684 		-34.6552 		3.9821
v 16.7643 		-34.6954 		3.9681
v 16.7619 		-34.7379 		3.9532
v 16.7611 		-34.7828 		3.9375
v 16.7617 		-34.8285 		3.9215
v 16.7635 		-34.8737 		3.9057
v 16.7665 		-34.9184 		3.8901
v 16.7708 		-34.9626 		3.8747
v 16.7762 		-35.0063 		3.8594
v 16.7829 		-35.0494 		3.8443
v 16.7909 		-35.0916 		3.8296
v 16.8004 		-35.1322 		3.8154
v 16.8114 		-35.1713 		3.8017
v 16.8239 		-35.2088 		3.7886
v 16.838 		-35.2448 		3.776
v 16.8535 		-35.2793 		3.7639
v 16.8707 		-35.3118 		3.7526
v 16.8894 		-35.3416 		3.7421
v 16.9097 		-35.369 		3.7326
v 16.9317 		-35.3937 		3.7239
v 16.9553 		-35.416 		3.7162
v 16.9804 		-35.4356 		3.7093
v 17.008 		-35.4553 		3.7024
v 17.0374 		-35.4714 		3.6968
v 17.0688 		-35.4839 		3.6924
v 17.1021 		-35.4928 		3.6893
v 17.1373 		-35.4982 		3.6874
v 17.063 		-32.5984 		4.7011
v 16.8973 		-34.5125 		4.032
v 17.0711 		-32.7161 		4.66
v 16.9043 		-34.5575 		4.0163
v 17.0823 		-32.8221 		4.6229
v 16.9118 		-34.6014 		4.0009
v 17.063 		-31.9961 		4.9117
v 17.0968 		-32.9164 		4.59
v 16.9196 		-34.6443 		3.9859
v 17.0711 		-31.8529 		4.9617
v 17.1146 		-32.9989 		4.5611
v 16.9279 		-34.6862 		3.9713
v 17.0823 		-31.7248 		5.0065
v 17.1361 		-33.0677 		4.5371
v 16.9372 		-34.7267 		3.9571
v 17.0968 		-31.6118 		5.046
v 17.1609 		-33.124 		4.5174
v 17.1146 		-31.5138 		5.0803
v 16.947 		-34.7654 		3.9436
v 17.1358 		-31.4309 		5.1093
v 17.1889 		-33.1678 		4.5021
v 16.9573 		-34.8023 		3.9307
v 17.1597 		-31.3631 		5.133
v 17.2201 		-33.1991 		4.4911
v 16.9681 		-34.8374 		3.9184
v 17.1862 		-31.3104 		5.1514
v 17.2545 		-33.2179 		4.4846
v 16.9795 		-34.8708 		3.9068
v 17.2153 		-31.2727 		5.1646
v 17.2922 		-33.2241 		4.4824
v 16.9913 		-34.9023 		3.8957
v 17.3217 		-33.221 		4.4835
v 17.0037 		-34.9319 		3.8854
v 17.247 		-31.2501 		5.1725
v 17.3498 		-33.2114 		4.4868
v 17.0169 		-34.9595 		3.8757
v 17.2813 		-31.2425 		5.1751
v 17.3765 		-33.1954 		4.4924
v 17.0307 		-34.9851 		3.8668
v 17.301 		-31.2451 		5.1742
v 17.4018 		-33.1731 		4.5002
v 17.0453 		-35.0086 		3.8586
v 17.32 		-31.2528 		5.1715
v 17.4256 		-33.1443 		4.5103
v 17.0605 		-35.03 		3.8511
v 17.3384 		-31.2655 		5.1671
v 17.4481 		-33.1092 		4.5226
v 17.0765 		-35.0494 		3.8443
v 17.3562 		-31.2834 		5.1608
v 17.4691 		-33.0687 		4.5367
v 17.0932 		-35.0649 		3.8389
v 17.3735 		-31.3064 		5.1528
v 17.4886 		-33.0239 		4.5524
v 17.1107 		-35.0775 		3.8345
v 17.3901 		-31.3345 		5.143
v 17.5065 		-32.9747 		4.5696
v 17.1291 		-35.0874 		3.831
v 17.406 		-31.3678 		5.1313
v 17.523 		-32.9212 		4.5883
v 17.1482 		-35.0944 		3.8286
v 17.4213 		-31.4065 		5.1178
v 17.1681 		-35.0986 		3.8271
v 17.4358 		-31.4506 		5.1024
v 17.5379 		-32.8634 		4.6085
v 17.1889 		-35.1 		3.8266
v 17.4497 		-31.5 		5.0851
v 17.5514 		-32.8012 		4.6302
v 17.2441 		-35.0872 		3.8311
v 17.4628 		-31.5548 		5.066
v 17.5434 		-33.5502 		4.3684
v 17.2948 		-35.0489 		3.8445
v 17.4753 		-31.615 		5.0449
v 17.3411 		-34.9851 		3.8668
v 17.4863 		-31.6807 		5.0219
v 17.4966 		-31.7524 		4.9969
v 17.383 		-34.8957 		3.898
v 17.5061 		-31.8299 		4.9698
v 17.4205 		-34.7807 		3.9382
v 17.5147 		-31.9133 		4.9406
v 17.4535 		-34.6402 		3.9873
v 17.5226 		-32.0026 		4.9094
v 17.4818 		-34.4728 		4.0459
v 17.5296 		-32.0977 		4.8762
v 17.5049 		-34.2801 		4.1132
v 17.5363 		-32.199 		4.8408
v 17.5228 		-34.0621 		4.1895
v 17.5417 		-32.3067 		4.8031
v 17.5357 		-33.8188 		4.2745
v 17.546 		-32.4207 		4.7632
v 17.549 		-32.5411 		4.7211
v 17.5508 		-32.668 		4.6768
v 18.6389 		-33.4773 		2.0225
v 18.425 		-33.4773 		2.0225
v 19.0957 		-29.6153 		3.3726
v 19.335 		-28.921 		3.6153
v 19.335 		-29.2336 		3.506
v 18.2728 		-30.2635 		3.146
v 18.1278 		-30.2635 		3.146
v 18.1278 		-28.921 		3.6153
v 18.2873 		-29.9417 		3.2585
v 18.4323 		-29.6153 		3.3726
v 18.2905 		-29.8902 		3.2765
v 18.4103 		-29.6176 		3.3718
v 18.2951 		-29.8431 		3.293
v 18.3902 		-29.6245 		3.3694
v 18.3013 		-29.8003 		3.3079
v 18.372 		-29.6359 		3.3654
v 18.309 		-29.7619 		3.3214
v 18.3183 		-29.7278 		3.3333
v 18.3558 		-29.652 		3.3597
v 18.329 		-29.698 		3.3437
v 18.3414 		-29.6727 		3.3525
v 19.0957 		-31.5736 		5.0594
v 18.425 		-35.4356 		3.7093
v 18.6389 		-35.4356 		3.7093
v 19.335 		-31.192 		5.1928
v 19.335 		-30.8793 		5.3021
v 18.1278 		-30.8793 		5.3021
v 18.1278 		-32.2219 		4.8328
v 18.2728 		-32.2219 		4.8328
v 18.2873 		-31.9 		4.9453
v 18.4323 		-31.5736 		5.0594
v 18.2905 		-31.8485 		4.9633
v 18.4103 		-31.5759 		5.0586
v 18.2951 		-31.8014 		4.9797
v 18.3902 		-31.5828 		5.0562
v 18.3013 		-31.7586 		4.9947
v 18.372 		-31.5943 		5.0522
v 18.309 		-31.7202 		5.0081
v 18.3183 		-31.6861 		5.0201
v 18.3558 		-31.6104 		5.0465
v 18.329 		-31.6563 		5.0305
v 18.3414 		-31.6311 		5.0393
v 19.4945 		-32.3187 		2.4275
v 19.8352 		-32.3417 		2.4195
v 19.8358 		-32.4035 		2.3979
v 19.4985 		-32.4842 		2.3697
v 19.4955 		-32.4022 		2.3983
v 19.5106 		-32.6436 		2.314
v 19.5035 		-32.5647 		2.3415
v 19.5307 		-32.7969 		2.2604
v 19.5196 		-32.721 		2.2869
v 19.5591 		-32.9404 		2.2102
v 19.5439 		-32.8703 		2.2347
v 19.596 		-33.0707 		2.1647
v 19.5765 		-33.0072 		2.1868
v 19.6413 		-33.1877 		2.1238
v 19.6176 		-33.1308 		2.1436
v 19.6965 		-33.2878 		2.0888
v 19.6678 		-33.2395 		2.1056
v 19.7605 		-33.3736 		2.0588
v 19.7274 		-33.3325 		2.0731
v 19.8334 		-33.4451 		2.0338
v 19.7959 		-33.4112 		2.0456
v 19.9144 		-33.4988 		2.015
v 19.8727 		-33.4746 		2.0234
v 20.005 		-33.5309 		2.0038
v 19.9585 		-33.5175 		2.0084
v 20.1053 		-33.5417 		2
v 20.0539 		-33.539 		2.0009
v 20.2032 		-33.5325 		2.0032
v 20.1551 		-33.5394 		2.0008
v 20.2938 		-33.5049 		2.0129
v 20.2494 		-33.521 		2.0072
v 20.3772 		-33.4589 		2.0289
v 20.3364 		-33.4842 		2.0201
v 20.4529 		-33.3925 		2.0521
v 20.4161 		-33.4278 		2.0398
v 20.5206 		-33.3097 		2.0811
v 20.4877 		-33.3532 		2.0659
v 20.5802 		-33.2106 		2.1157
v 20.5514 		-33.2622 		2.0977
v 20.6303 		-33.0952 		2.1561
v 20.6063 		-33.155 		2.1352
v 20.672 		-32.9634 		2.2022
v 20.6522 		-33.0313 		2.1784
v 20.7053 		-32.8152 		2.2539
v 20.6897 		-32.8914 		2.2273
v 20.7304 		-32.6492 		2.312
v 20.7191 		-32.7339 		2.2824
v 20.7455 		-32.4699 		2.3747
v 20.7392 		-32.5612 		2.3427
v 20.7506 		-32.2773 		2.442
v 20.7493 		-32.3753 		2.4078
v 20.748 		-32.1511 		2.4861
v 20.7499 		-32.2136 		2.4643
v 20.7401 		-32.0301 		2.5284
v 20.7447 		-32.09 		2.5075
v 20.727 		-31.9141 		2.569
v 20.7342 		-31.9714 		2.5489
v 20.7085 		-31.8022 		2.6081
v 20.7184 		-31.8578 		2.5887
v 20.6843 		-31.6934 		2.6461
v 20.6971 		-31.7474 		2.6272
v 20.6545 		-31.5877 		2.6831
v 20.6701 		-31.6402 		2.6647
v 20.6174 		-31.4875 		2.7181
v 20.6368 		-31.5373 		2.7007
v 20.5739 		-31.3894 		2.7524
v 20.5965 		-31.4382 		2.7353
v 20.524 		-31.2934 		2.786
v 20.5498 		-31.3412 		2.7693
v 20.4672 		-31.1984 		2.8192
v 20.4965 		-31.2459 		2.8026
v 20.4032 		-31.1034 		2.8524
v 20.4361 		-31.1509 		2.8358
v 20.3319 		-31.0084 		2.8856
v 20.3684 		-31.0559 		2.869
v 20.3822 		-30.9409 		2.9092
v 20.3574 		-30.9746 		2.8974
v 20.4293 		-30.8735 		2.9328
v 20.4062 		-30.9072 		2.921
v 20.4732 		-30.8061 		2.9563
v 20.4517 		-30.8398 		2.9445
v 20.5125 		-30.734 		2.9815
v 20.4933 		-30.7704 		2.9688
v 20.5482 		-30.6589 		3.0078
v 20.5308 		-30.6969 		2.9945
v 20.5802 		-30.5808 		3.0351
v 20.5646 		-30.6202 		3.0213
v 20.607 		-30.498 		3.064
v 20.5941 		-30.5402 		3.0493
v 20.6293 		-30.4091 		3.0951
v 20.6187 		-30.4543 		3.0793
v 20.6473 		-30.3141 		3.1283
v 20.6388 		-30.3624 		3.1114
v 20.6614 		-30.2114 		3.1642
v 20.655 		-30.2639 		3.1458
v 20.6698 		-30.0995 		3.2033
v 20.6663 		-30.1566 		3.1833
v 20.6726 		-29.9785 		3.2456
v 20.6719 		-30.0402 		3.2241
v 20.6688 		-29.8206 		3.3008
v 20.6717 		-29.8984 		3.2736
v 20.6573 		-29.672 		3.3528
v 20.664 		-29.7451 		3.3272
v 20.6382 		-29.5325 		3.4015
v 20.6487 		-29.6011 		3.3776
v 20.6116 		-29.4012 		3.4474
v 20.6258 		-29.4652 		3.4251
v 20.5778 		-29.2832 		3.4887
v 20.5956 		-29.3405 		3.4686
v 20.5367 		-29.1785 		3.5253
v 20.5581 		-29.2292 		3.5076
v 20.4884 		-29.085 		3.558
v 20.5134 		-29.1298 		3.5423
v 20.4328 		-29.0068 		3.5853
v 20.4615 		-29.044 		3.5723
v 20.3699 		-28.944 		3.6073
v 20.4023 		-28.9735 		3.597
v 20.2988 		-28.8955 		3.6242
v 20.3352 		-28.9173 		3.6166
v 20.2209 		-28.8663 		3.6344
v 20.2607 		-28.8785 		3.6302
v 20.1361 		-28.8566 		3.6378
v 20.1794 		-28.8591 		3.637
v 20.034 		-28.8679 		3.6339
v 20.0837 		-28.8594 		3.6368
v 19.9428 		-28.9016 		3.6221
v 19.987 		-28.8819 		3.629
v 19.8624 		-28.9578 		3.6024
v 19.9012 		-28.9269 		3.6132
v 19.7933 		-29.0293 		3.5774
v 19.8267 		-28.9918 		3.5906
v 19.7335 		-29.1151 		3.5474
v 19.7623 		-29.0704 		3.5631
v 19.683 		-29.2153 		3.5124
v 19.7071 		-29.1634 		3.5306
v 19.6413 		-29.3302 		3.4723
v 19.6611 		-29.2716 		3.4927
v 19.608 		-29.4543 		3.4289
v 19.6236 		-29.3911 		3.451
v 19.5833 		-29.5877 		3.3822
v 19.5946 		-29.5199 		3.406
v 19.5672 		-29.7297 		3.3326
v 19.5744 		-29.6584 		3.3575
v 19.5575 		-29.8737 		3.2822
v 19.5615 		-29.8015 		3.3075
v 19.9077 		-29.9463 		3.2569
v 19.5551 		-29.9465 		3.2568
v 19.9082 		-30.0003 		3.238
v 19.5565 		-30.1428 		3.1882
v 19.5543 		-30.0199 		3.2312
v 19.5742 		-30.3727 		3.1078
v 19.5631 		-30.2605 		3.1471
v 19.6097 		-30.5812 		3.0349
v 19.5897 		-30.4796 		3.0704
v 19.6626 		-30.7691 		2.9692
v 19.634 		-30.6773 		3.0013
v 19.7315 		-30.9428 		2.9085
v 19.6951 		-30.8577 		2.9383
v 19.816 		-31.1032 		2.8524
v 19.7718 		-31.0247 		2.8799
v 19.8105 		-31.25 		2.8011
v 19.8369 		-31.214 		2.8137
v 19.8642 		-31.1785 		2.8261
v 19.7603 		-31.3235 		2.7754
v 19.7849 		-31.2865 		2.7884
v 19.7138 		-31.3992 		2.749
v 19.7366 		-31.3611 		2.7623
v 19.6701 		-31.4758 		2.7222
v 19.6914 		-31.4367 		2.7359
v 19.6308 		-31.5585 		2.6933
v 19.6499 		-31.5164 		2.708
v 19.596 		-31.6474 		2.6622
v 19.6128 		-31.6022 		2.678
v 19.5658 		-31.7399 		2.6299
v 19.5803 		-31.6928 		2.6463
v 19.5404 		-31.8395 		2.595
v 19.5525 		-31.7888 		2.6128
v 19.5198 		-31.9463 		2.5577
v 19.5295 		-31.892 		2.5767
v 19.5057 		-32.0612 		2.5175
v 19.5121 		-32.0026 		2.538
v 19.4973 		-32.1854 		2.4741
v 19.5008 		-32.1221 		2.4962
v 19.4952 		-32.2509 		2.4512
v 19.8356 		-32.2873 		2.4385
v 19.8374 		-32.4633 		2.377
v 19.9095 		-30.052 		3.2199
v 19.8368 		-32.2344 		2.457
v 19.8402 		-32.521 		2.3568
v 19.9118 		-30.1015 		3.2026
v 19.8388 		-32.1831 		2.4749
v 19.8441 		-32.5767 		2.3373
v 19.9081 		-29.8949 		3.2748
v 19.915 		-30.1486 		3.1862
v 19.8491 		-32.6303 		2.3186
v 19.9091 		-29.8451 		3.2922
v 19.9191 		-30.1934 		3.1705
v 19.8552 		-32.6819 		2.3006
v 19.9109 		-29.7969 		3.3091
v 19.924 		-30.2359 		3.1556
v 19.8417 		-32.1333 		2.4924
v 19.8623 		-32.7327 		2.2828
v 19.9134 		-29.7501 		3.3255
v 19.9305 		-30.2766 		3.1414
v 19.8453 		-32.085 		2.5092
v 19.8703 		-32.781 		2.2659
v 19.9165 		-29.7049 		3.3413
v 19.9379 		-30.3156 		3.1278
v 19.8497 		-32.0382 		2.5256
v 19.8792 		-32.8267 		2.2499
v 19.9204 		-29.6612 		3.3565
v 19.9462 		-30.3532 		3.1146
v 19.8549 		-31.993 		2.5414
v 19.889 		-32.8699 		2.2348
v 19.9256 		-29.6192 		3.3712
v 19.9555 		-30.3892 		3.102
v 19.8608 		-31.9493 		2.5566
v 19.8997 		-32.9105 		2.2206
v 19.9315 		-29.579 		3.3853
v 19.9656 		-30.4237 		3.09
v 19.8674 		-31.9072 		2.5714
v 19.9114 		-32.9486 		2.2073
v 19.9381 		-29.5405 		3.3987
v 19.9766 		-30.4566 		3.0785
v 19.8747 		-31.8666 		2.5856
v 19.9244 		-32.984 		2.195
v 19.9454 		-29.5039 		3.4115
v 19.9885 		-30.4897 		3.0669
v 19.8827 		-31.8275 		2.5992
v 19.9383 		-33.0165 		2.1836
v 19.9534 		-29.469 		3.4237
v 20.0014 		-30.5215 		3.0558
v 19.8914 		-31.79 		2.6124
v 19.953 		-33.0463 		2.1732
v 19.9621 		-29.4359 		3.4353
v 20.0151 		-30.552 		3.0451
v 19.9007 		-31.7538 		2.625
v 19.9685 		-33.0732 		2.1638
v 20.0298 		-30.5813 		3.0349
v 19.9105 		-31.7189 		2.6372
v 19.9715 		-29.4049 		3.4461
v 20.0453 		-30.6092 		3.0251
v 19.9209 		-31.6854 		2.6489
v 19.9849 		-33.0974 		2.1553
v 19.9816 		-29.3762 		3.4562
v 20.0618 		-30.6359 		3.0158
v 19.9317 		-31.653 		2.6602
v 20.002 		-33.1187 		2.1479
v 19.9925 		-29.3497 		3.4654
v 20.0791 		-30.6634 		3.0062
v 19.943 		-31.622 		2.6711
v 20.0198 		-33.137 		2.1415
v 20.004 		-29.3256 		3.4739
v 20.0972 		-30.6906 		2.9967
v 19.9549 		-31.5923 		2.6815
v 20.0382 		-33.1519 		2.1363
v 20.0162 		-29.3038 		3.4815
v 20.1162 		-30.7175 		2.9873
v 19.9671 		-31.5622 		2.692
v 20.0573 		-33.1635 		2.1322
v 20.0292 		-29.2842 		3.4883
v 19.9796 		-31.5335 		2.702
v 20.0769 		-33.1718 		2.1293
v 20.0428 		-29.2674 		3.4942
v 20.1359 		-30.7442 		2.9779
v 19.9925 		-31.5061 		2.7116
v 20.0971 		-33.1768 		2.1276
v 20.057 		-29.2536 		3.499
v 20.1565 		-30.7707 		2.9687
v 20.0056 		-31.4799 		2.7208
v 20.118 		-33.1785 		2.127
v 20.0718 		-29.2428 		3.5028
v 20.1778 		-30.7969 		2.9595
v 20.019 		-31.455 		2.7295
v 20.1393 		-33.1769 		2.1275
v 20.0872 		-29.2352 		3.5055
v 20.1599 		-33.1723 		2.1291
v 20.1032 		-29.2306 		3.5071
v 20.1931 		-30.7736 		2.9677
v 20.1796 		-33.1647 		2.1318
v 20.1198 		-29.229 		3.5076
v 20.2076 		-30.7499 		2.976
v 20.1387 		-29.2308 		3.507
v 20.2213 		-30.7256 		2.9845
v 20.1985 		-33.1539 		2.1355
v 20.1569 		-29.2362 		3.5051
v 20.2342 		-30.7008 		2.9931
v 20.2167 		-33.1401 		2.1404
v 20.2463 		-30.6755 		3.002
v 20.234 		-33.1233 		2.1463
v 20.1742 		-29.2451 		3.502
v 20.2576 		-30.6497 		3.011
v 20.2511 		-33.1021 		2.1537
v 20.1907 		-29.2577 		3.4976
v 20.2681 		-30.623 		3.0203
v 20.2674 		-33.0783 		2.162
v 20.2064 		-29.2737 		3.492
v 20.2781 		-30.5951 		3.0301
v 20.2829 		-33.052 		2.1712
v 20.2213 		-29.2934 		3.4851
v 20.2875 		-30.5658 		3.0403
v 20.2976 		-33.0232 		2.1813
v 20.2354 		-29.316 		3.4772
v 20.0328 		-31.4313 		2.7377
v 20.3115 		-32.9917 		2.1922
v 20.2487 		-29.3409 		3.4685
v 20.0646 		-31.4694 		2.7244
v 20.3246 		-32.9578 		2.2041
v 20.2612 		-29.3681 		3.459
v 20.2962 		-30.5353 		3.051
v 20.3362 		-32.9214 		2.2168
v 20.2729 		-29.3976 		3.4487
v 20.3044 		-30.5035 		3.0621
v 20.347 		-32.8827 		2.2304
v 20.2837 		-29.4294 		3.4376
v 20.0948 		-31.5069 		2.7113
v 20.3568 		-32.8417 		2.2447
v 20.2938 		-29.4635 		3.4256
v 20.3119 		-30.4704 		3.0737
v 20.3657 		-32.7984 		2.2598
v 20.3036 		-29.4981 		3.4135
v 20.1234 		-31.544 		2.6984
v 20.3737 		-32.7528 		2.2758
v 20.3125 		-29.5345 		3.4008
v 20.3189 		-30.4362 		3.0856
v 20.3808 		-32.7049 		2.2925
v 20.3205 		-29.5727 		3.3875
v 20.3252 		-30.4009 		3.0979
v 20.3869 		-32.6551 		2.3099
v 20.3276 		-29.6127 		3.3735
v 20.1504 		-31.5805 		2.6856
v 20.3919 		-32.6037 		2.3279
v 20.3338 		-29.6545 		3.3589
v 20.331 		-30.3647 		3.1106
v 20.3958 		-32.5509 		2.3464
v 20.3391 		-29.698 		3.3437
v 20.1758 		-31.6165 		2.673
v 20.3985 		-32.4965 		2.3654
v 20.3441 		-29.7425 		3.3281
v 20.3361 		-30.3274 		3.1237
v 20.4002 		-32.4405 		2.3849
v 20.3482 		-29.7869 		3.3126
v 20.1996 		-31.652 		2.6606
v 20.4007 		-32.3831 		2.405
v 20.3514 		-29.8313 		3.2971
v 20.3406 		-30.2891 		3.1371
v 20.4001 		-32.3318 		2.4229
v 20.3536 		-29.8758 		3.2815
v 20.2219 		-31.686 		2.6487
v 20.3983 		-32.2824 		2.4402
v 20.355 		-29.9202 		3.266
v 20.3446 		-30.2497 		3.1508
v 20.3554 		-29.9647 		3.2505
v 20.2429 		-31.7205 		2.6367
v 20.3953 		-32.2348 		2.4569
v 20.3551 		-30.0173 		3.2321
v 20.3479 		-30.2073 		3.1656
v 20.3911 		-32.1889 		2.4729
v 20.3542 		-30.0679 		3.2144
v 20.2625 		-31.7555 		2.6244
v 20.3856 		-32.1449 		2.4883
v 20.3506 		-30.1629 		3.1812
v 20.379 		-32.1026 		2.5031
v 20.3527 		-30.1164 		3.1974
v 20.2809 		-31.791 		2.612
v 20.3716 		-32.0602 		2.5179
v 20.298 		-31.827 		2.5994
v 20.3629 		-32.0188 		2.5324
v 20.3527 		-31.9785 		2.5465
v 20.3411 		-31.9391 		2.5602
v 20.3137 		-31.8635 		2.5867
v 20.3281 		-31.9008 		2.5736
v 19.8358 		-34.3618 		4.0847
v 19.8352 		-34.3 		4.1063
v 19.4945 		-34.277 		4.1143
v 19.4955 		-34.3605 		4.0851
v 19.4985 		-34.4425 		4.0565
v 19.5035 		-34.523 		4.0283
v 19.5106 		-34.6019 		4.0007
v 19.5196 		-34.6793 		3.9737
v 19.5307 		-34.7552 		3.9472
v 19.5439 		-34.8286 		3.9215
v 19.5591 		-34.8987 		3.897
v 19.5765 		-34.9655 		3.8736
v 19.596 		-35.029 		3.8514
v 19.6176 		-35.0891 		3.8304
v 19.6413 		-35.146 		3.8105
v 19.6678 		-35.1978 		3.7924
v 19.6965 		-35.2461 		3.7755
v 19.7274 		-35.2908 		3.7599
v 19.7605 		-35.3319 		3.7455
v 19.7959 		-35.3695 		3.7324
v 19.8334 		-35.4034 		3.7205
v 19.8727 		-35.433 		3.7102
v 19.9144 		-35.4571 		3.7018
v 19.9585 		-35.4759 		3.6952
v 20.005 		-35.4893 		3.6905
v 20.0539 		-35.4973 		3.6877
v 20.1053 		-35.5 		3.6868
v 20.1551 		-35.4977 		3.6876
v 20.2032 		-35.4908 		3.69
v 20.2494 		-35.4793 		3.694
v 20.2938 		-35.4632 		3.6996
v 20.3364 		-35.4425 		3.7069
v 20.3772 		-35.4172 		3.7157
v 20.4161 		-35.3861 		3.7266
v 20.4529 		-35.3508 		3.7389
v 20.4877 		-35.3115 		3.7527
v 20.5206 		-35.2681 		3.7679
v 20.5514 		-35.2206 		3.7845
v 20.5802 		-35.169 		3.8025
v 20.6063 		-35.1133 		3.822
v 20.6303 		-35.0535 		3.8429
v 20.6522 		-34.9897 		3.8652
v 20.672 		-34.9217 		3.8889
v 20.6897 		-34.8497 		3.9141
v 20.7053 		-34.7736 		3.9407
v 20.7191 		-34.6922 		3.9692
v 20.7304 		-34.6075 		3.9988
v 20.7392 		-34.5195 		4.0295
v 20.7455 		-34.4282 		4.0615
v 20.7493 		-34.3336 		4.0945
v 20.7506 		-34.2356 		4.1288
v 20.7499 		-34.1719 		4.1511
v 20.748 		-34.1095 		4.1729
v 20.7447 		-34.0483 		4.1943
v 20.7401 		-33.9884 		4.2152
v 20.7342 		-33.9298 		4.2357
v 20.727 		-33.8724 		4.2558
v 20.7184 		-33.8161 		4.2754
v 20.7085 		-33.7605 		4.2949
v 20.6971 		-33.7058 		4.314
v 20.6843 		-33.6517 		4.3329
v 20.6701 		-33.5985 		4.3515
v 20.6545 		-33.546 		4.3699
v 20.6368 		-33.4957 		4.3875
v 20.6174 		-33.4459 		4.4049
v 20.5965 		-33.3966 		4.4221
v 20.5739 		-33.3478 		4.4392
v 20.5498 		-33.2995 		4.456
v 20.524 		-33.2517 		4.4727
v 20.4965 		-33.2042 		4.4893
v 20.4672 		-33.1567 		4.506
v 20.4361 		-33.1092 		4.5226
v 20.4032 		-33.0617 		4.5392
v 20.3684 		-33.0142 		4.5558
v 20.3319 		-32.9667 		4.5724
v 20.3574 		-32.933 		4.5842
v 20.3822 		-32.8992 		4.596
v 20.4062 		-32.8655 		4.6077
v 20.4293 		-32.8318 		4.6195
v 20.4517 		-32.7981 		4.6313
v 20.4732 		-32.7644 		4.6431
v 20.4933 		-32.7287 		4.6556
v 20.5125 		-32.6923 		4.6683
v 20.5308 		-32.6552 		4.6813
v 20.5482 		-32.6173 		4.6945
v 20.5646 		-32.5786 		4.7081
v 20.5802 		-32.5391 		4.7219
v 20.5941 		-32.4985 		4.7361
v 20.607 		-32.4563 		4.7508
v 20.6187 		-32.4127 		4.7661
v 20.6293 		-32.3674 		4.7819
v 20.6388 		-32.3207 		4.7982
v 20.6473 		-32.2724 		4.8151
v 20.655 		-32.2222 		4.8326
v 20.6614 		-32.1697 		4.851
v 20.6663 		-32.115 		4.8701
v 20.6698 		-32.0579 		4.8901
v 20.6719 		-31.9985 		4.9109
v 20.6726 		-31.9368 		4.9324
v 20.6717 		-31.8567 		4.9604
v 20.6688 		-31.7789 		4.9876
v 20.664 		-31.7035 		5.014
v 20.6573 		-31.6303 		5.0396
v 20.6487 		-31.5594 		5.0643
v 20.6382 		-31.4908 		5.0883
v 20.6258 		-31.4235 		5.1118
v 20.6116 		-31.3595 		5.1342
v 20.5956 		-31.2989 		5.1554
v 20.5778 		-31.2415 		5.1755
v 20.5581 		-31.1875 		5.1944
v 20.5367 		-31.1368 		5.2121
v 20.5134 		-31.0881 		5.2291
v 20.4884 		-31.0433 		5.2448
v 20.4615 		-31.0023 		5.2591
v 20.4328 		-30.9652 		5.2721
v 20.4023 		-30.9318 		5.2837
v 20.3699 		-30.9023 		5.294
v 20.3352 		-30.8756 		5.3034
v 20.2988 		-30.8538 		5.311
v 20.2607 		-30.8368 		5.317
v 20.2209 		-30.8247 		5.3212
v 20.1794 		-30.8174 		5.3237
v 20.1361 		-30.815 		5.3246
v 20.0837 		-30.8178 		5.3236
v 20.034 		-30.8262 		5.3207
v 19.987 		-30.8403 		5.3157
v 19.9428 		-30.8599 		5.3089
v 19.9012 		-30.8852 		5.3
v 19.8624 		-30.9161 		5.2892
v 19.8267 		-30.9501 		5.2774
v 19.7933 		-30.9876 		5.2642
v 19.7623 		-31.0288 		5.2498
v 19.7335 		-31.0735 		5.2342
v 19.7071 		-31.1217 		5.2173
v 19.683 		-31.1736 		5.1992
v 19.6611 		-31.2299 		5.1795
v 19.6413 		-31.2885 		5.159
v 19.6236 		-31.3494 		5.1377
v 19.608 		-31.4127 		5.1156
v 19.5946 		-31.4782 		5.0927
v 19.5833 		-31.546 		5.069
v 19.5744 		-31.6167 		5.0443
v 19.5672 		-31.688 		5.0194
v 19.5615 		-31.7598 		4.9943
v 19.5575 		-31.8321 		4.969
v 19.5551 		-31.9049 		4.9436
v 19.9077 		-31.9046 		4.9437
v 19.9082 		-31.9586 		4.9248
v 19.5543 		-31.9782 		4.9179
v 19.5565 		-32.1012 		4.875
v 19.5631 		-32.2188 		4.8338
v 19.5742 		-32.331 		4.7946
v 19.5897 		-32.4379 		4.7572
v 19.6097 		-32.5395 		4.7217
v 19.634 		-32.6356 		4.6881
v 19.6626 		-32.7275 		4.656
v 19.6951 		-32.816 		4.6251
v 19.7315 		-32.9012 		4.5953
v 19.7718 		-32.983 		4.5667
v 19.816 		-33.0616 		4.5392
v 19.8642 		-33.1368 		4.5129
v 19.8369 		-33.1723 		4.5005
v 19.8105 		-33.2083 		4.4879
v 19.7849 		-33.2448 		4.4751
v 19.7603 		-33.2819 		4.4622
v 19.7366 		-33.3194 		4.4491
v 19.7138 		-33.3575 		4.4358
v 19.6914 		-33.395 		4.4226
v 19.6701 		-33.4341 		4.409
v 19.6499 		-33.4747 		4.3948
v 19.6308 		-33.5169 		4.3801
v 19.6128 		-33.5605 		4.3648
v 19.596 		-33.6058 		4.349
v 19.5803 		-33.6511 		4.3331
v 19.5658 		-33.6982 		4.3167
v 19.5525 		-33.7471 		4.2996
v 19.5404 		-33.7978 		4.2818
v 19.5295 		-33.8503 		4.2635
v 19.5198 		-33.9046 		4.2445
v 19.5121 		-33.9609 		4.2248
v 19.5057 		-34.0195 		4.2043
v 19.5008 		-34.0805 		4.183
v 19.4973 		-34.1437 		4.1609
v 19.4952 		-34.2092 		4.138
v 19.8356 		-34.2456 		4.1253
v 19.8374 		-34.4216 		4.0638
v 19.9095 		-32.0104 		4.9067
v 19.8368 		-34.1927 		4.1438
v 19.8402 		-34.4793 		4.0436
v 19.9118 		-32.0598 		4.8894
v 19.8388 		-34.1414 		4.1617
v 19.8441 		-34.535 		4.0241
v 19.9081 		-31.8533 		4.9616
v 19.915 		-32.1069 		4.8729
v 19.8491 		-34.5886 		4.0054
v 19.9091 		-31.8035 		4.979
v 19.9191 		-32.1517 		4.8573
v 19.8552 		-34.6402 		3.9873
v 19.9109 		-31.7552 		4.9959
v 19.924 		-32.1943 		4.8424
v 19.8417 		-34.0916 		4.1791
v 19.8623 		-34.6911 		3.9696
v 19.9134 		-31.7084 		5.0122
v 19.9305 		-32.2349 		4.8282
v 19.8453 		-34.0433 		4.196
v 19.8703 		-34.7393 		3.9527
v 19.9165 		-31.6632 		5.028
v 19.9379 		-32.274 		4.8145
v 19.8497 		-33.9966 		4.2124
v 19.8792 		-34.7851 		3.9367
v 19.9204 		-31.6196 		5.0433
v 19.9462 		-32.3115 		4.8014
v 19.8549 		-33.9513 		4.2282
v 19.889 		-34.8282 		3.9216
v 19.9256 		-31.5775 		5.058
v 19.9555 		-32.3475 		4.7888
v 19.8608 		-33.9077 		4.2434
v 19.8997 		-34.8688 		3.9074
v 19.9315 		-31.5373 		5.0721
v 19.9656 		-32.382 		4.7768
v 19.8674 		-33.8655 		4.2582
v 19.9114 		-34.9069 		3.8941
v 19.9381 		-31.4989 		5.0855
v 19.9766 		-32.415 		4.7653
v 19.8747 		-33.8249 		4.2724
v 19.9244 		-34.9423 		3.8818
v 19.9454 		-31.4622 		5.0983
v 19.9885 		-32.448 		4.7537
v 19.8827 		-33.7858 		4.286
v 19.9383 		-34.9748 		3.8704
v 19.9534 		-31.4273 		5.1105
v 20.0014 		-32.4798 		4.7426
v 19.8914 		-33.7483 		4.2992
v 19.953 		-35.0046 		3.86
v 19.9621 		-31.3943 		5.1221
v 20.0151 		-32.5104 		4.7319
v 19.9007 		-33.7121 		4.3118
v 19.9685 		-35.0315 		3.8505
v 20.0298 		-32.5396 		4.7217
v 19.9105 		-33.6773 		4.324
v 19.9715 		-31.3632 		5.1329
v 20.0453 		-32.5676 		4.7119
v 19.9209 		-33.6437 		4.3357
v 19.9849 		-35.0557 		3.8421
v 19.9816 		-31.3345 		5.143
v 20.0618 		-32.5943 		4.7026
v 19.9317 		-33.6114 		4.347
v 20.002 		-35.077 		3.8347
v 19.9925 		-31.3081 		5.1522
v 20.0791 		-32.6217 		4.693
v 19.943 		-33.5803 		4.3579
v 20.0198 		-35.0953 		3.8283
v 20.004 		-31.2839 		5.1606
v 20.0972 		-32.6489 		4.6835
v 19.9549 		-33.5506 		4.3683
v 20.0382 		-35.1102 		3.823
v 20.0162 		-31.2621 		5.1683
v 20.1162 		-32.6759 		4.674
v 19.9671 		-33.5206 		4.3788
v 20.0573 		-35.1218 		3.819
v 20.0292 		-31.2425 		5.1751
v 19.9796 		-33.4918 		4.3888
v 20.0769 		-35.1301 		3.8161
v 20.0428 		-31.2257 		5.181
v 20.1359 		-32.7026 		4.6647
v 19.9925 		-33.4644 		4.3984
v 20.0971 		-35.1351 		3.8143
v 20.057 		-31.2119 		5.1858
v 20.1565 		-32.729 		4.6555
v 20.0056 		-33.4382 		4.4076
v 20.118 		-35.1368 		3.8138
v 20.0718 		-31.2012 		5.1896
v 20.1778 		-32.7552 		4.6463
v 20.019 		-33.4133 		4.4163
v 20.1393 		-35.1353 		3.8143
v 20.0872 		-31.1935 		5.1923
v 20.1599 		-35.1307 		3.8159
v 20.1032 		-31.1889 		5.1939
v 20.1931 		-32.7319 		4.6544
v 20.1796 		-35.123 		3.8186
v 20.1198 		-31.1874 		5.1944
v 20.2076 		-32.7082 		4.6628
v 20.1387 		-31.1892 		5.1938
v 20.2213 		-32.6839 		4.6712
v 20.1985 		-35.1123 		3.8223
v 20.1569 		-31.1945 		5.1919
v 20.2342 		-32.6591 		4.6799
v 20.2167 		-35.0985 		3.8272
v 20.2463 		-32.6339 		4.6887
v 20.234 		-35.0816 		3.833
v 20.1742 		-31.2035 		5.1888
v 20.2576 		-32.6081 		4.6978
v 20.2511 		-35.0604 		3.8405
v 20.1907 		-31.216 		5.1844
v 20.2681 		-32.5814 		4.7071
v 20.2674 		-35.0367 		3.8488
v 20.2064 		-31.2321 		5.1788
v 20.2781 		-32.5534 		4.7169
v 20.2829 		-35.0103 		3.858
v 20.2213 		-31.2517 		5.1719
v 20.2875 		-32.5242 		4.7271
v 20.2976 		-34.9815 		3.868
v 20.2354 		-31.2743 		5.164
v 20.0328 		-33.3897 		4.4245
v 20.3115 		-34.9501 		3.879
v 20.2487 		-31.2993 		5.1553
v 20.0646 		-33.4277 		4.4112
v 20.3246 		-34.9161 		3.8909
v 20.2612 		-31.3265 		5.1458
v 20.2962 		-32.4936 		4.7378
v 20.3362 		-34.8797 		3.9036
v 20.2729 		-31.356 		5.1355
v 20.3044 		-32.4618 		4.7489
v 20.347 		-34.841 		3.9172
v 20.2837 		-31.3878 		5.1243
v 20.0948 		-33.4653 		4.3981
v 20.3568 		-34.8 		3.9315
v 20.2938 		-31.4219 		5.1124
v 20.3119 		-32.4287 		4.7604
v 20.3657 		-34.7567 		3.9466
v 20.3036 		-31.4565 		5.1003
v 20.1234 		-33.5023 		4.3851
v 20.3737 		-34.7111 		3.9626
v 20.3125 		-31.4929 		5.0876
v 20.3189 		-32.3945 		4.7724
v 20.3808 		-34.6632 		3.9793
v 20.3205 		-31.5311 		5.0743
v 20.3252 		-32.3593 		4.7847
v 20.3869 		-34.6134 		3.9967
v 20.3276 		-31.571 		5.0603
v 20.1504 		-33.5388 		4.3724
v 20.3919 		-34.5621 		4.0147
v 20.3338 		-31.6128 		5.0457
v 20.331 		-32.323 		4.7974
v 20.3958 		-34.5092 		4.0331
v 20.3391 		-31.6563 		5.0305
v 20.1758 		-33.5748 		4.3598
v 20.3985 		-34.4548 		4.0522
v 20.3441 		-31.7008 		5.0149
v 20.3361 		-32.2857 		4.8104
v 20.4002 		-34.3989 		4.0717
v 20.3482 		-31.7452 		4.9994
v 20.1996 		-33.6104 		4.3474
v 20.4007 		-34.3414 		4.0918
v 20.3514 		-31.7897 		4.9838
v 20.3406 		-32.2474 		4.8238
v 20.4001 		-34.2902 		4.1097
v 20.3536 		-31.8341 		4.9683
v 20.2219 		-33.6443 		4.3355
v 20.3983 		-34.2407 		4.127
v 20.355 		-31.8786 		4.9528
v 20.3446 		-32.2081 		4.8376
v 20.3554 		-31.923 		4.9372
v 20.2429 		-33.6788 		4.3234
v 20.3953 		-34.1931 		4.1436
v 20.3551 		-31.9756 		4.9188
v 20.3479 		-32.1657 		4.8524
v 20.3911 		-34.1473 		4.1597
v 20.3542 		-32.0262 		4.9012
v 20.2625 		-33.7138 		4.3112
v 20.3856 		-34.1032 		4.1751
v 20.3506 		-32.1212 		4.8679
v 20.379 		-34.0609 		4.1899
v 20.3527 		-32.0747 		4.8842
v 20.2809 		-33.7493 		4.2988
v 20.3716 		-34.0185 		4.2047
v 20.298 		-33.7853 		4.2862
v 20.3629 		-33.9771 		4.2191
v 20.3527 		-33.9368 		4.2333
v 20.3411 		-33.8975 		4.247
v 20.3137 		-33.8218 		4.2734
v 20.3281 		-33.8591 		4.2604
v 22.7747 		-30.1565 		3.1834
v 22.7498 		-30.1578 		3.1829
v 22.7494 		-30.1043 		3.2017
v 22.8214 		-30.1463 		3.187
v 22.7986 		-30.1527 		3.1847
v 22.8641 		-30.1259 		3.1941
v 22.8433 		-30.1373 		3.1901
v 22.9033 		-30.0971 		3.2042
v 22.884 		-30.1118 		3.199
v 22.9388 		-30.0624 		3.2163
v 22.9216 		-30.0806 		3.2099
v 22.9698 		-30.0205 		3.2309
v 22.9549 		-30.0423 		3.2233
v 22.9964 		-29.9716 		3.248
v 22.9837 		-29.9969 		3.2392
v 23.0185 		-29.9164 		3.2673
v 23.008 		-29.9448 		3.2574
v 23.0363 		-29.8551 		3.2888
v 23.028 		-29.8865 		3.2778
v 23.0496 		-29.7879 		3.3122
v 23.0435 		-29.8222 		3.3003
v 23.0584 		-29.7164 		3.3372
v 23.0545 		-29.7527 		3.3246
v 23.0629 		-29.6408 		3.3637
v 23.0612 		-29.6791 		3.3503
v 23.0624 		-29.5499 		3.3955
v 23.0634 		-29.6015 		3.3774
v 23.0543 		-29.4497 		3.4305
v 23.0594 		-29.4993 		3.4131
v 23.0382 		-29.3537 		3.464
v 23.0473 		-29.4012 		3.4474
v 23.0146 		-29.2637 		3.4955
v 23.0272 		-29.3072 		3.4803
v 22.9832 		-29.1819 		3.5241
v 23 		-29.2219 		3.5101
v 22.9433 		-29.1073 		3.5502
v 22.9643 		-29.1437 		3.5374
v 22.8956 		-29.0416 		3.5732
v 22.9202 		-29.0727 		3.5623
v 22.8405 		-28.9854 		3.5928
v 22.8691 		-29.0124 		3.5833
v 22.7772 		-28.9374 		3.6096
v 22.8099 		-28.9603 		3.6016
v 22.7053 		-28.8981 		3.6233
v 22.7426 		-28.9164 		3.6169
v 22.6248 		-28.8716 		3.6326
v 22.6661 		-28.8832 		3.6285
v 22.5362 		-28.8583 		3.6372
v 22.5815 		-28.8633 		3.6355
v 22.4189 		-28.8615 		3.6361
v 22.4888 		-28.8566 		3.6378
v 22.2876 		-28.9003 		3.6225
v 22.3519 		-28.876 		3.631
v 22.1676 		-28.978 		3.5954
v 22.2262 		-28.9343 		3.6107
v 22.0595 		-29.0919 		3.5556
v 22.1118 		-29.0313 		3.5767
v 21.9636 		-29.2359 		3.5052
v 22.0101 		-29.1601 		3.5317
v 21.8794 		-29.4107 		3.4441
v 21.9201 		-29.3195 		3.476
v 21.8069 		-29.6156 		3.3725
v 21.8417 		-29.5095 		3.4096
v 21.7461 		-29.8486 		3.291
v 21.7751 		-29.7287 		3.333
v 21.697 		-30.1091 		3.2
v 21.7201 		-29.9754 		3.2467
v 21.6602 		-30.3948 		3.1001
v 21.6768 		-30.2497 		3.1508
v 21.636 		-30.7003 		2.9933
v 21.6466 		-30.545 		3.0476
v 21.6239 		-31.0262 		2.8794
v 21.6285 		-30.8607 		2.9372
v 21.6239 		-31.3704 		2.759
v 21.6224 		-31.1969 		2.8197
v 21.6356 		-31.7015 		2.6433
v 21.6283 		-31.5386 		2.7002
v 21.6589 		-32.011 		2.5351
v 21.6458 		-31.8589 		2.5883
v 21.6946 		-32.2984 		2.4346
v 21.675 		-32.1578 		2.4838
v 21.743 		-32.5589 		2.3436
v 21.7173 		-32.4321 		2.3879
v 21.8034 		-32.7919 		2.2621
v 21.7717 		-32.6788 		2.3016
v 21.8759 		-32.9968 		2.1905
v 21.8381 		-32.898 		2.225
v 21.9605 		-33.1716 		2.1294
v 21.9167 		-33.088 		2.1586
v 22.0571 		-33.3156 		2.079
v 22.0073 		-33.2474 		2.1029
v 22.1659 		-33.4267 		2.0402
v 22.11 		-33.3762 		2.0579
v 22.2872 		-33.5003 		2.0145
v 22.225 		-33.4681 		2.0257
v 22.4209 		-33.5371 		2.0016
v 22.3525 		-33.5233 		2.0064
v 22.5443 		-33.5395 		2.0008
v 22.4924 		-33.5417 		2
v 22.6397 		-33.5221 		2.0068
v 22.5933 		-33.533 		2.003
v 22.7243 		-33.4874 		2.019
v 22.6834 		-33.5069 		2.0121
v 22.7976 		-33.4348 		2.0374
v 22.7625 		-33.4635 		2.0273
v 22.8609 		-33.3704 		2.0599
v 22.8304 		-33.4037 		2.0482
v 22.9148 		-33.2968 		2.0856
v 22.889 		-33.3348 		2.0723
v 22.9591 		-33.2146 		2.1143
v 22.9383 		-33.2566 		2.0997
v 22.9945 		-33.1267 		2.1451
v 22.9778 		-33.1713 		2.1295
v 23.0219 		-33.0338 		2.1776
v 23.0092 		-33.0809 		2.1611
v 23.0415 		-32.9353 		2.212
v 23.0326 		-32.9854 		2.1945
v 23.0543 		-32.8382 		2.2459
v 23.0487 		-32.8862 		2.2291
v 23.0608 		-32.7453 		2.2784
v 23.0584 		-32.7912 		2.2623
v 23.0612 		-32.673 		2.3037
v 23.0616 		-32.7003 		2.2941
v 23.0584 		-32.6198 		2.3223
v 23.0602 		-32.6461 		2.3131
v 23.0528 		-32.5688 		2.3401
v 23.056 		-32.594 		2.3313
v 23.0407 		-32.496 		2.3656
v 23.045 		-32.5189 		2.3575
v 23.0489 		-32.544 		2.3488
v 23.0304 		-32.4561 		2.3795
v 23.0358 		-32.475 		2.3729
v 23.0181 		-32.4244 		2.3906
v 23.0245 		-32.4393 		2.3854
v 22.7482 		-30.051 		3.2203
v 22.7462 		-29.998 		3.2388
v 23.007 		-32.4598 		2.3782
v 22.7434 		-29.9453 		3.2572
v 22.9953 		-32.4954 		2.3657
v 22.7398 		-29.8928 		3.2756
v 22.9832 		-32.5313 		2.3532
v 22.7353 		-29.8405 		3.2938
v 22.9706 		-32.5675 		2.3406
v 22.7306 		-29.7892 		3.3118
v 22.9574 		-32.6039 		2.3278
v 22.7247 		-29.7394 		3.3292
v 22.9438 		-32.6405 		2.315
v 22.9289 		-32.6767 		2.3024
v 22.7177 		-29.6911 		3.3461
v 22.7096 		-29.6444 		3.3624
v 22.9134 		-32.7115 		2.2902
v 22.7003 		-29.5992 		3.3782
v 22.8971 		-32.7451 		2.2785
v 22.69 		-29.5555 		3.3935
v 22.8801 		-32.7774 		2.2672
v 22.6785 		-29.514 		3.408
v 22.8625 		-32.8085 		2.2563
v 22.6659 		-29.4753 		3.4215
v 22.8441 		-32.8382 		2.2459
v 22.652 		-29.4394 		3.4341
v 22.8249 		-32.8665 		2.236
v 22.6369 		-29.4063 		3.4456
v 22.8048 		-32.8929 		2.2268
v 22.6205 		-29.376 		3.4562
v 22.7838 		-32.9175 		2.2182
v 22.603 		-29.3486 		3.4658
v 22.7619 		-32.9404 		2.2102
v 22.5848 		-29.3233 		3.4747
v 22.7391 		-32.9615 		2.2028
v 22.5652 		-29.3026 		3.4819
v 22.7154 		-32.9808 		2.1961
v 22.5441 		-29.2865 		3.4875
v 22.6912 		-32.9962 		2.1907
v 22.5217 		-29.275 		3.4915
v 22.6659 		-33.0089 		2.1863
v 22.4978 		-29.2681 		3.494
v 22.6393 		-33.0187 		2.1828
v 22.4725 		-29.2658 		3.4948
v 22.6115 		-33.0257 		2.1804
v 22.4336 		-29.2694 		3.4935
v 22.5825 		-33.0299 		2.1789
v 22.5523 		-33.0313 		2.1784
v 22.3968 		-29.2801 		3.4898
v 22.5064 		-33.0283 		2.1795
v 22.3619 		-29.298 		3.4835
v 22.463 		-33.0191 		2.1827
v 22.3291 		-29.323 		3.4748
v 22.4222 		-33.0037 		2.1881
v 22.2983 		-29.3552 		3.4635
v 22.3839 		-32.9823 		2.1956
v 22.2695 		-29.3946 		3.4498
v 22.2432 		-29.4408 		3.4336
v 22.3481 		-32.9547 		2.2052
v 22.2186 		-29.4937 		3.4151
v 22.3148 		-32.921 		2.217
v 22.1956 		-29.5532 		3.3943
v 22.2838 		-32.8795 		2.2315
v 22.2548 		-32.8316 		2.2482
v 22.1744 		-29.6193 		3.3712
v 22.2278 		-32.7773 		2.2672
v 22.155 		-29.6921 		3.3457
v 22.2028 		-32.7166 		2.2884
v 22.1372 		-29.7716 		3.318
v 22.1799 		-32.6496 		2.3119
v 22.1216 		-29.856 		3.2884
v 22.1589 		-32.5762 		2.3375
v 22.1076 		-29.9468 		3.2567
v 22.1394 		-32.4963 		2.3654
v 22.095 		-30.044 		3.2227
v 22.1217 		-32.4101 		2.3956
v 22.084 		-30.1476 		3.1865
v 22.0745 		-30.2575 		3.1481
v 22.1059 		-32.3175 		2.4279
v 22.0665 		-30.3739 		3.1074
v 22.0921 		-32.2186 		2.4625
v 22.0599 		-30.4976 		3.0641
v 22.0801 		-32.1132 		2.4994
v 22.0544 		-30.6267 		3.019
v 22.0701 		-32.0015 		2.5384
v 22.0502 		-30.7612 		2.972
v 22.0624 		-31.8833 		2.5797
v 22.0472 		-30.9011 		2.9231
v 22.056 		-31.7588 		2.6233
v 22.0454 		-31.0463 		2.8723
v 22.0511 		-31.6279 		2.669
v 22.0447 		-31.1969 		2.8197
v 22.0476 		-31.4906 		2.717
v 22.0455 		-31.3469 		2.7672
v 22.7494 		-32.0626 		4.8884
v 22.7498 		-32.1161 		4.8697
v 22.7747 		-32.1148 		4.8702
v 22.7986 		-32.111 		4.8715
v 22.8214 		-32.1046 		4.8737
v 22.8433 		-32.0957 		4.8769
v 22.8641 		-32.0842 		4.8809
v 22.884 		-32.0701 		4.8858
v 22.9033 		-32.0554 		4.8909
v 22.9216 		-32.039 		4.8967
v 22.9388 		-32.0207 		4.9031
v 22.9549 		-32.0007 		4.9101
v 22.9698 		-31.9788 		4.9177
v 22.9837 		-31.9552 		4.926
v 22.9964 		-31.9299 		4.9348
v 23.008 		-31.9031 		4.9442
v 23.0185 		-31.8747 		4.9541
v 23.028 		-31.8448 		4.9646
v 23.0363 		-31.8134 		4.9755
v 23.0435 		-31.7805 		4.9871
v 23.0496 		-31.7462 		4.999
v 23.0545 		-31.711 		5.0113
v 23.0584 		-31.6747 		5.024
v 23.0612 		-31.6374 		5.0371
v 23.0629 		-31.5991 		5.0505
v 23.0634 		-31.5598 		5.0642
v 23.0624 		-31.5082 		5.0822
v 23.0594 		-31.4576 		5.0999
v 23.0543 		-31.4081 		5.1172
v 23.0473 		-31.3595 		5.1342
v 23.0382 		-31.312 		5.1508
v 23.0272 		-31.2655 		5.1671
v 23.0146 		-31.222 		5.1823
v 23 		-31.1802 		5.1969
v 22.9832 		-31.1402 		5.2109
v 22.9643 		-31.1021 		5.2242
v 22.9433 		-31.0657 		5.2369
v 22.9202 		-31.0311 		5.249
v 22.8956 		-30.9999 		5.2599
v 22.8691 		-30.9708 		5.2701
v 22.8405 		-30.9437 		5.2796
v 22.8099 		-30.9187 		5.2883
v 22.7772 		-30.8957 		5.2964
v 22.7426 		-30.8747 		5.3037
v 22.7053 		-30.8565 		5.3101
v 22.6661 		-30.8415 		5.3153
v 22.6248 		-30.8299 		5.3194
v 22.5815 		-30.8216 		5.3223
v 22.5362 		-30.8166 		5.324
v 22.4888 		-30.815 		5.3246
v 22.4189 		-30.8198 		5.3229
v 22.3519 		-30.8344 		5.3178
v 22.2876 		-30.8586 		5.3093
v 22.2262 		-30.8926 		5.2974
v 22.1676 		-30.9363 		5.2822
v 22.1118 		-30.9897 		5.2635
v 22.0595 		-31.0502 		5.2423
v 22.0101 		-31.1184 		5.2185
v 21.9636 		-31.1943 		5.192
v 21.9201 		-31.2778 		5.1628
v 21.8794 		-31.369 		5.1309
v 21.8417 		-31.4678 		5.0964
v 21.8069 		-31.574 		5.0593
v 21.7751 		-31.687 		5.0197
v 21.7461 		-31.8069 		4.9778
v 21.7201 		-31.9337 		4.9335
v 21.697 		-32.0674 		4.8867
v 21.6768 		-32.2081 		4.8376
v 21.6602 		-32.3531 		4.7869
v 21.6466 		-32.5033 		4.7344
v 21.636 		-32.6586 		4.6801
v 21.6285 		-32.819 		4.624
v 21.6239 		-32.9846 		4.5661
v 21.6224 		-33.1552 		4.5065
v 21.6239 		-33.3287 		4.4458
v 21.6283 		-33.4969 		4.387
v 21.6356 		-33.6598 		4.3301
v 21.6458 		-33.8172 		4.275
v 21.6589 		-33.9694 		4.2219
v 21.675 		-34.1161 		4.1706
v 21.6946 		-34.2567 		4.1214
v 21.7173 		-34.3904 		4.0747
v 21.743 		-34.5172 		4.0303
v 21.7717 		-34.6372 		3.9884
v 21.8034 		-34.7502 		3.9489
v 21.8381 		-34.8563 		3.9118
v 21.8759 		-34.9552 		3.8772
v 21.9167 		-35.0464 		3.8454
v 21.9605 		-35.1299 		3.8162
v 22.0073 		-35.2057 		3.7896
v 22.0571 		-35.2739 		3.7658
v 22.11 		-35.3345 		3.7446
v 22.1659 		-35.3851 		3.727
v 22.225 		-35.4264 		3.7125
v 22.2872 		-35.4586 		3.7012
v 22.3525 		-35.4816 		3.6932
v 22.4209 		-35.4954 		3.6884
v 22.4924 		-35.5 		3.6868
v 22.5443 		-35.4978 		3.6875
v 22.5933 		-35.4913 		3.6898
v 22.6397 		-35.4805 		3.6936
v 22.6834 		-35.4653 		3.6989
v 22.7243 		-35.4457 		3.7058
v 22.7625 		-35.4218 		3.7141
v 22.7976 		-35.3931 		3.7242
v 22.8304 		-35.3621 		3.735
v 22.8609 		-35.3287 		3.7467
v 22.889 		-35.2931 		3.7591
v 22.9148 		-35.2552 		3.7724
v 22.9383 		-35.2149 		3.7864
v 22.9591 		-35.1729 		3.8011
v 22.9778 		-35.1296 		3.8163
v 22.9945 		-35.0851 		3.8318
v 23.0092 		-35.0392 		3.8479
v 23.0219 		-34.9921 		3.8643
v 23.0326 		-34.9437 		3.8813
v 23.0415 		-34.8936 		3.8988
v 23.0487 		-34.8446 		3.9159
v 23.0543 		-34.7966 		3.9327
v 23.0584 		-34.7496 		3.9491
v 23.0608 		-34.7036 		3.9652
v 23.0616 		-34.6586 		3.9809
v 23.0612 		-34.6313 		3.9905
v 23.0602 		-34.6045 		3.9998
v 23.0584 		-34.5782 		4.009
v 23.056 		-34.5524 		4.0181
v 23.0528 		-34.5271 		4.0269
v 23.0489 		-34.5023 		4.0356
v 23.045 		-34.4773 		4.0443
v 23.0407 		-34.4543 		4.0523
v 23.0358 		-34.4333 		4.0597
v 23.0304 		-34.4144 		4.0663
v 23.0245 		-34.3976 		4.0722
v 23.0181 		-34.3828 		4.0773
v 22.7482 		-32.0093 		4.9071
v 22.7462 		-31.9563 		4.9256
v 23.007 		-34.4181 		4.065
v 22.7434 		-31.9036 		4.944
v 22.9953 		-34.4538 		4.0525
v 22.7398 		-31.8511 		4.9624
v 22.9832 		-34.4897 		4.04
v 22.7353 		-31.7989 		4.9806
v 22.9706 		-34.5258 		4.0273
v 22.7306 		-31.7475 		4.9986
v 22.9574 		-34.5622 		4.0146
v 22.7247 		-31.6977 		5.016
v 22.9438 		-34.5989 		4.0018
v 22.9289 		-34.635 		3.9892
v 22.7177 		-31.6494 		5.0329
v 22.7096 		-31.6027 		5.0492
v 22.9134 		-34.6699 		3.977
v 22.7003 		-31.5575 		5.065
v 22.8971 		-34.7035 		3.9652
v 22.69 		-31.5138 		5.0803
v 22.8801 		-34.7358 		3.9539
v 22.6785 		-31.4723 		5.0948
v 22.8625 		-34.7668 		3.9431
v 22.6659 		-31.4336 		5.1083
v 22.8441 		-34.7966 		3.9327
v 22.652 		-31.3977 		5.1209
v 22.8249 		-34.8248 		3.9228
v 22.6369 		-31.3646 		5.1324
v 22.8048 		-34.8512 		3.9136
v 22.6205 		-31.3344 		5.143
v 22.7838 		-34.8759 		3.905
v 22.603 		-31.3069 		5.1526
v 22.7619 		-34.8987 		3.897
v 22.5848 		-31.2816 		5.1614
v 22.7391 		-34.9198 		3.8896
v 22.5652 		-31.2609 		5.1687
v 22.7154 		-34.9391 		3.8829
v 22.5441 		-31.2448 		5.1743
v 22.6912 		-34.9545 		3.8775
v 22.5217 		-31.2334 		5.1783
v 22.6659 		-34.9672 		3.873
v 22.4978 		-31.2265 		5.1807
v 22.6393 		-34.977 		3.8696
v 22.4725 		-31.2242 		5.1815
v 22.6115 		-34.984 		3.8672
v 22.4336 		-31.2277 		5.1803
v 22.5825 		-34.9883 		3.8657
v 22.5523 		-34.9897 		3.8652
v 22.3968 		-31.2385 		5.1765
v 22.5064 		-34.9866 		3.8663
v 22.3619 		-31.2563 		5.1703
v 22.463 		-34.9774 		3.8695
v 22.3291 		-31.2814 		5.1615
v 22.4222 		-34.9621 		3.8748
v 22.2983 		-31.3136 		5.1503
v 22.3839 		-34.9406 		3.8823
v 22.2695 		-31.3529 		5.1365
v 22.2432 		-31.3991 		5.1204
v 22.3481 		-34.913 		3.892
v 22.2186 		-31.452 		5.1019
v 22.3148 		-34.8793 		3.9038
v 22.1956 		-31.5115 		5.0811
v 22.2838 		-34.8378 		3.9183
v 22.2548 		-34.7899 		3.935
v 22.1744 		-31.5777 		5.058
v 22.2278 		-34.7356 		3.954
v 22.155 		-31.6505 		5.0325
v 22.2028 		-34.675 		3.9752
v 22.1372 		-31.7299 		5.0047
v 22.1799 		-34.6079 		3.9986
v 22.1216 		-31.8143 		4.9752
v 22.1589 		-34.5345 		4.0243
v 22.1076 		-31.9051 		4.9435
v 22.1394 		-34.4547 		4.0522
v 22.095 		-32.0023 		4.9095
v 22.1217 		-34.3685 		4.0823
v 22.084 		-32.1059 		4.8733
v 22.0745 		-32.2159 		4.8349
v 22.1059 		-34.2759 		4.1147
v 22.0665 		-32.3322 		4.7942
v 22.0921 		-34.1769 		4.1493
v 22.0599 		-32.456 		4.7509
v 22.0801 		-34.0715 		4.1862
v 22.0544 		-32.5851 		4.7058
v 22.0701 		-33.9598 		4.2252
v 22.0502 		-32.7196 		4.6588
v 22.0624 		-33.8416 		4.2665
v 22.0472 		-32.8594 		4.6099
v 22.056 		-33.7171 		4.31
v 22.0454 		-33.0046 		4.5591
v 22.0511 		-33.5862 		4.3558
v 22.0447 		-33.1552 		4.5065
v 22.0476 		-33.4489 		4.4038
v 22.0455 		-33.3052 		4.454
v 25.1569 		-33.4773 		2.0225
v 24.2869 		-33.4773 		2.0225
v 24.2869 		-33.1371 		2.1414
v 25.05 		-33.1371 		2.1414
v 25.1569 		-33.1371 		2.1414
v 25.1569 		-28.921 		3.6153
v 25.1569 		-29.2612 		3.4964
v 25.05 		-29.2612 		3.4964
v 24.2869 		-29.2612 		3.4964
v 24.2869 		-28.921 		3.6153
v 23.9119 		-29.3204 		3.4757
v 23.9063 		-29.3348 		3.4706
v 23.9004 		-29.3497 		3.4654
v 24.1056 		-28.921 		3.6153
v 24.1056 		-29.2612 		3.4964
v 23.9969 		-29.2612 		3.4964
v 23.2356 		-29.2612 		3.4964
v 23.2356 		-28.921 		3.6153
v 23.2356 		-33.4773 		2.0225
v 23.2356 		-33.1371 		2.1414
v 23.3407 		-33.1371 		2.1414
v 24.1056 		-33.1371 		2.1414
v 24.1056 		-33.4773 		2.0225
v 24.3938 		-33.1371 		2.1414
v 25.0416 		-33.1368 		2.1415
v 25.0416 		-29.2616 		3.4962
v 24.3938 		-29.2612 		3.4964
v 23.9879 		-29.2616 		3.4962
v 23.3407 		-29.2612 		3.4964
v 23.3497 		-33.1367 		2.1416
v 23.9969 		-33.1371 		2.1414
v 24.4028 		-33.1367 		2.1416
v 25.0333 		-33.1361 		2.1418
v 25.0333 		-29.2628 		3.4958
v 24.4028 		-29.2616 		3.4962
v 23.9792 		-29.2628 		3.4958
v 23.3491 		-29.2616 		3.4962
v 23.3585 		-33.1355 		2.142
v 23.9879 		-33.1367 		2.1416
v 24.4116 		-33.1355 		2.142
v 25.0251 		-33.1348 		2.1422
v 25.0251 		-29.2647 		3.4952
v 24.4116 		-29.2628 		3.4958
v 23.9706 		-29.2647 		3.4952
v 23.3574 		-29.2628 		3.4958
v 23.367 		-33.1336 		2.1426
v 23.9792 		-33.1355 		2.142
v 24.4201 		-33.1336 		2.1426
v 25.017 		-33.133 		2.1429
v 25.017 		-29.2674 		3.4942
v 24.4201 		-29.2647 		3.4952
v 23.9622 		-29.2674 		3.4942
v 23.3657 		-29.2647 		3.4952
v 23.3754 		-33.1309 		2.1436
v 23.9706 		-33.1336 		2.1426
v 24.4285 		-33.1309 		2.1436
v 25.009 		-33.1307 		2.1437
v 25.009 		-29.2708 		3.493
v 24.4285 		-29.2674 		3.4942
v 23.9541 		-29.2708 		3.493
v 23.3738 		-29.2674 		3.4942
v 23.3835 		-33.1275 		2.1448
v 23.9622 		-33.1309 		2.1436
v 24.4366 		-33.1275 		2.1448
v 25.001 		-33.1279 		2.1447
v 25.001 		-29.275 		3.4915
v 24.4366 		-29.2708 		3.493
v 23.9461 		-29.275 		3.4915
v 23.3818 		-29.2708 		3.493
v 23.3915 		-33.1233 		2.1463
v 23.9541 		-33.1275 		2.1448
v 24.4446 		-33.1233 		2.1463
v 24.9939 		-33.1226 		2.1465
v 24.9933 		-29.2805 		3.4896
v 24.4446 		-29.275 		3.4915
v 23.9385 		-29.2805 		3.4896
v 23.3897 		-29.275 		3.4915
v 23.3992 		-33.1179 		2.1481
v 23.9461 		-33.1233 		2.1463
v 24.4523 		-33.1179 		2.1481
v 24.9869 		-33.1161 		2.1488
v 24.9859 		-29.2878 		3.4871
v 24.4523 		-29.2805 		3.4896
v 23.9312 		-29.2878 		3.4871
v 23.3974 		-29.2804 		3.4897
v 23.4066 		-33.111 		2.1505
v 23.9385 		-33.1179 		2.1481
v 24.4597 		-33.111 		2.1505
v 24.9802 		-33.1083 		2.1515
v 24.9788 		-29.2969 		3.4839
v 24.4597 		-29.2878 		3.4871
v 23.9244 		-29.2969 		3.4839
v 23.4048 		-29.2873 		3.4873
v 23.4137 		-33.1026 		2.1535
v 23.9312 		-33.111 		2.1505
v 24.4668 		-33.1026 		2.1535
v 24.9737 		-33.0993 		2.1547
v 24.972 		-29.3077 		3.4801
v 24.4668 		-29.2969 		3.4839
v 23.9179 		-29.3077 		3.4801
v 23.4119 		-29.2957 		3.4843
v 23.4205 		-33.0926 		2.157
v 23.9244 		-33.1026 		2.1535
v 24.4736 		-33.0926 		2.157
v 24.9673 		-33.0889 		2.1583
v 24.9655 		-29.3204 		3.4757
v 24.4736 		-29.3077 		3.4801
v 23.427 		-33.0811 		2.161
v 23.9179 		-33.0926 		2.157
v 24.4801 		-33.0811 		2.161
v 24.9612 		-33.0773 		2.1623
v 24.4863 		-33.0681 		2.1655
v 24.9594 		-29.3348 		3.4706
v 23.4332 		-33.0681 		2.1655
v 24.4921 		-33.0519 		2.1712
v 24.9536 		-29.3497 		3.4654
v 23.895 		-29.367 		3.4594
v 23.439 		-33.0519 		2.1712
v 24.4974 		-33.0339 		2.1775
v 24.9483 		-29.367 		3.4594
v 23.8899 		-29.3865 		3.4526
v 23.4443 		-33.0339 		2.1775
v 24.5021 		-33.0141 		2.1844
v 24.9435 		-29.3865 		3.4526
v 23.8853 		-29.4084 		3.4449
v 23.449 		-33.0141 		2.1844
v 24.5064 		-32.9925 		2.192
v 24.9392 		-29.4084 		3.4449
v 23.8811 		-29.4325 		3.4365
v 23.4533 		-32.9925 		2.192
v 24.5102 		-32.9691 		2.2001
v 24.9354 		-29.4325 		3.4365
v 23.8773 		-29.4589 		3.4273
v 23.4571 		-32.9691 		2.2001
v 24.5135 		-32.944 		2.2089
v 24.9322 		-29.4589 		3.4273
v 23.8745 		-29.4879 		3.4171
v 23.4604 		-32.944 		2.2089
v 24.5168 		-32.9149 		2.2191
v 24.9294 		-29.4879 		3.4171
v 23.8722 		-29.5197 		3.406
v 23.4637 		-32.9149 		2.2191
v 24.5195 		-32.8827 		2.2304
v 24.9271 		-29.5197 		3.406
v 23.8705 		-29.5543 		3.3939
v 23.4664 		-32.8827 		2.2304
v 24.5216 		-32.8474 		2.2427
v 24.9254 		-29.5543 		3.3939
v 23.8692 		-29.5918 		3.3808
v 23.4685 		-32.8474 		2.2427
v 24.5231 		-32.8091 		2.2561
v 24.9241 		-29.5918 		3.3808
v 23.8684 		-29.632 		3.3668
v 23.47 		-32.8091 		2.2561
v 24.524 		-32.7677 		2.2706
v 24.9234 		-29.632 		3.3668
v 23.8682 		-29.675 		3.3517
v 23.4709 		-32.7677 		2.2706
v 24.5243 		-32.7233 		2.2861
v 24.9231 		-29.675 		3.3517
v 23.4187 		-29.3057 		3.4808
v 23.4712 		-32.7233 		2.2861
v 24.4801 		-29.3204 		3.4757
v 23.4252 		-29.3172 		3.4768
v 23.9119 		-33.0811 		2.161
v 24.9553 		-33.0626 		2.1675
v 24.4863 		-29.3348 		3.4706
v 23.4314 		-29.3302 		3.4723
v 23.9063 		-33.0681 		2.1655
v 24.9499 		-33.0461 		2.1732
v 24.4921 		-29.3497 		3.4654
v 23.4372 		-29.345 		3.4671
v 23.9004 		-33.0519 		2.1712
v 24.9449 		-33.0279 		2.1796
v 24.4974 		-29.367 		3.4594
v 23.4426 		-29.3619 		3.4612
v 23.895 		-33.0339 		2.1775
v 24.5243 		-31.298 		2.7843
v 24.5021 		-29.3865 		3.4526
v 23.8682 		-30.9072 		2.921
v 23.8899 		-33.0141 		2.1844
v 24.9402 		-33.0078 		2.1866
v 24.5064 		-29.4084 		3.4449
v 23.4477 		-29.3808 		3.4546
v 23.8853 		-32.9925 		2.192
v 24.936 		-32.986 		2.1943
v 24.5102 		-29.4325 		3.4365
v 23.4523 		-29.4017 		3.4473
v 23.8811 		-32.9691 		2.2001
v 24.9322 		-32.9624 		2.2025
v 24.9231 		-32.7601 		2.2732
v 23.4565 		-29.4247 		3.4392
v 23.8773 		-32.944 		2.2089
v 24.9294 		-32.935 		2.2121
v 24.5135 		-29.4589 		3.4273
v 23.4604 		-29.4497 		3.4305
v 23.4712 		-29.652 		3.3597
v 24.9271 		-32.9052 		2.2225
v 24.9234 		-32.8002 		2.2592
v 23.4637 		-29.4758 		3.4214
v 23.4709 		-29.6107 		3.3742
v 24.9254 		-32.8727 		2.2339
v 24.9241 		-32.8377 		2.2461
v 23.4664 		-29.5049 		3.4112
v 23.47 		-29.5723 		3.3876
v 24.5168 		-29.4879 		3.4171
v 23.4685 		-29.5371 		3.3999
v 24.5195 		-29.5197 		3.406
v 23.8745 		-32.9149 		2.2191
v 24.5216 		-29.5543 		3.3939
v 23.8722 		-32.8827 		2.2304
v 24.5231 		-29.5918 		3.3808
v 23.8705 		-32.8474 		2.2427
v 24.524 		-29.632 		3.3668
v 23.8692 		-32.8091 		2.2561
v 24.5243 		-29.675 		3.3517
v 23.8684 		-32.7677 		2.2706
v 24.5243 		-30.9072 		2.921
v 23.8682 		-32.7233 		2.2861
v 23.8682 		-31.298 		2.7843
v 24.2869 		-35.0954 		3.8282
v 24.2869 		-35.4356 		3.7093
v 25.1569 		-35.4356 		3.7093
v 25.1569 		-35.0954 		3.8282
v 25.05 		-35.0954 		3.8282
v 25.05 		-31.2196 		5.1831
v 25.1569 		-31.2196 		5.1831
v 25.1569 		-30.8793 		5.3021
v 24.2869 		-30.8793 		5.3021
v 24.2869 		-31.2196 		5.1831
v 23.9004 		-31.3081 		5.1522
v 23.9063 		-31.2931 		5.1574
v 23.9119 		-31.2787 		5.1625
v 23.9969 		-31.2196 		5.1831
v 24.1056 		-31.2196 		5.1831
v 24.1056 		-30.8793 		5.3021
v 23.2356 		-30.8793 		5.3021
v 23.2356 		-31.2196 		5.1831
v 23.3407 		-35.0954 		3.8282
v 23.2356 		-35.0954 		3.8282
v 23.2356 		-35.4356 		3.7093
v 24.1056 		-35.4356 		3.7093
v 24.1056 		-35.0954 		3.8282
v 24.3938 		-35.0954 		3.8282
v 25.0416 		-35.0951 		3.8283
v 25.0416 		-31.2199 		5.183
v 24.3938 		-31.2196 		5.1831
v 23.9879 		-31.2199 		5.183
v 23.3407 		-31.2196 		5.1831
v 23.3497 		-35.095 		3.8284
v 23.9969 		-35.0954 		3.8282
v 24.4028 		-35.095 		3.8284
v 25.0333 		-35.0944 		3.8286
v 25.0333 		-31.2211 		5.1826
v 24.4028 		-31.2199 		5.183
v 23.9792 		-31.2211 		5.1826
v 23.3491 		-31.2199 		5.183
v 23.3585 		-35.0939 		3.8288
v 23.9879 		-35.095 		3.8284
v 24.4116 		-35.0939 		3.8288
v 25.0251 		-35.0931 		3.829
v 25.0251 		-31.223 		5.1819
v 24.4116 		-31.2211 		5.1826
v 23.9706 		-31.223 		5.1819
v 23.3574 		-31.2211 		5.1826
v 23.367 		-35.092 		3.8294
v 23.9792 		-35.0939 		3.8288
v 24.4201 		-35.092 		3.8294
v 25.017 		-35.0913 		3.8297
v 25.017 		-31.2257 		5.181
v 24.4201 		-31.223 		5.1819
v 23.9622 		-31.2257 		5.181
v 23.3657 		-31.223 		5.1819
v 23.3754 		-35.0893 		3.8304
v 23.9706 		-35.092 		3.8294
v 24.4285 		-35.0893 		3.8304
v 25.009 		-35.089 		3.8305
v 25.009 		-31.2291 		5.1798
v 24.4285 		-31.2257 		5.181
v 23.9541 		-31.2291 		5.1798
v 23.3738 		-31.2257 		5.181
v 23.3835 		-35.0858 		3.8316
v 23.9622 		-35.0893 		3.8304
v 24.4366 		-35.0858 		3.8316
v 25.001 		-35.0862 		3.8314
v 25.001 		-31.2334 		5.1783
v 24.4366 		-31.2291 		5.1798
v 23.9461 		-31.2334 		5.1783
v 23.3818 		-31.2291 		5.1798
v 23.3915 		-35.0816 		3.833
v 23.9541 		-35.0858 		3.8316
v 24.4446 		-35.0816 		3.833
v 24.9939 		-35.081 		3.8333
v 24.9933 		-31.2388 		5.1764
v 24.4446 		-31.2334 		5.1783
v 23.9385 		-31.2388 		5.1764
v 23.3897 		-31.2334 		5.1783
v 23.3992 		-35.0762 		3.8349
v 23.9461 		-35.0816 		3.833
v 24.4523 		-35.0762 		3.8349
v 24.9869 		-35.0745 		3.8355
v 24.9859 		-31.2461 		5.1739
v 24.4523 		-31.2388 		5.1764
v 23.9312 		-31.2461 		5.1739
v 23.3974 		-31.2387 		5.1765
v 23.4066 		-35.0694 		3.8373
v 23.9385 		-35.0762 		3.8349
v 24.4597 		-35.0694 		3.8373
v 24.9802 		-35.0667 		3.8383
v 24.9788 		-31.2552 		5.1707
v 24.4597 		-31.2461 		5.1739
v 23.9244 		-31.2552 		5.1707
v 23.4048 		-31.2456 		5.174
v 23.4137 		-35.0609 		3.8403
v 23.9312 		-35.0694 		3.8373
v 24.4668 		-35.0609 		3.8403
v 24.9737 		-35.0576 		3.8414
v 24.972 		-31.266 		5.1669
v 24.4668 		-31.2552 		5.1707
v 23.9179 		-31.266 		5.1669
v 23.4119 		-31.254 		5.1711
v 23.4205 		-35.051 		3.8438
v 23.9244 		-35.0609 		3.8403
v 24.4736 		-35.051 		3.8438
v 24.9673 		-35.0473 		3.8451
v 24.9655 		-31.2787 		5.1625
v 24.4736 		-31.266 		5.1669
v 23.427 		-35.0395 		3.8478
v 23.9179 		-35.051 		3.8438
v 24.4801 		-35.0395 		3.8478
v 24.9612 		-35.0356 		3.8491
v 24.4863 		-35.0264 		3.8523
v 24.9594 		-31.2931 		5.1574
v 23.4332 		-35.0264 		3.8523
v 24.4921 		-35.0102 		3.858
v 24.9536 		-31.3081 		5.1522
v 23.895 		-31.3253 		5.1462
v 23.439 		-35.0102 		3.858
v 24.4974 		-34.9922 		3.8643
v 24.9483 		-31.3253 		5.1462
v 23.8899 		-31.3448 		5.1393
v 23.4443 		-34.9922 		3.8643
v 24.5021 		-34.9724 		3.8712
v 24.9435 		-31.3448 		5.1393
v 23.8853 		-31.3667 		5.1317
v 23.449 		-34.9724 		3.8712
v 24.5064 		-34.9508 		3.8788
v 24.9392 		-31.3667 		5.1317
v 23.8811 		-31.3908 		5.1233
v 23.4533 		-34.9508 		3.8788
v 24.5102 		-34.9275 		3.8869
v 24.9354 		-31.3908 		5.1233
v 23.8773 		-31.4173 		5.114
v 23.4571 		-34.9275 		3.8869
v 24.5135 		-34.9023 		3.8957
v 24.9322 		-31.4173 		5.114
v 23.8745 		-31.4463 		5.1039
v 23.4604 		-34.9023 		3.8957
v 24.5168 		-34.8732 		3.9059
v 24.9294 		-31.4463 		5.1039
v 23.8722 		-31.4781 		5.0928
v 23.4637 		-34.8732 		3.9059
v 24.5195 		-34.841 		3.9172
v 24.9271 		-31.4781 		5.0928
v 23.8705 		-31.5127 		5.0807
v 23.4664 		-34.841 		3.9172
v 24.5216 		-34.8058 		3.9295
v 24.9254 		-31.5127 		5.0807
v 23.8692 		-31.5501 		5.0676
v 23.4685 		-34.8058 		3.9295
v 24.5231 		-34.7674 		3.9429
v 24.9241 		-31.5501 		5.0676
v 23.8684 		-31.5903 		5.0535
v 23.47 		-34.7674 		3.9429
v 24.524 		-34.7261 		3.9573
v 24.9234 		-31.5903 		5.0535
v 23.8682 		-31.6334 		5.0385
v 23.4709 		-34.7261 		3.9573
v 24.5243 		-34.6816 		3.9729
v 24.9231 		-31.6334 		5.0385
v 23.4187 		-31.264 		5.1676
v 23.4712 		-34.6816 		3.9729
v 24.4801 		-31.2787 		5.1625
v 23.4252 		-31.2755 		5.1636
v 23.9119 		-35.0395 		3.8478
v 24.9553 		-35.0209 		3.8543
v 24.4863 		-31.2931 		5.1574
v 23.4314 		-31.2885 		5.159
v 23.9063 		-35.0264 		3.8523
v 24.9499 		-35.0045 		3.86
v 24.4921 		-31.3081 		5.1522
v 23.4372 		-31.3033 		5.1539
v 23.9004 		-35.0102 		3.858
v 24.9449 		-34.9862 		3.8664
v 24.4974 		-31.3253 		5.1462
v 23.4426 		-31.3202 		5.148
v 23.895 		-34.9922 		3.8643
v 24.5243 		-33.2563 		4.4711
v 24.5021 		-31.3448 		5.1393
v 23.8682 		-32.8655 		4.6077
v 23.8899 		-34.9724 		3.8712
v 24.9402 		-34.9662 		3.8734
v 24.5064 		-31.3667 		5.1317
v 23.4477 		-31.3391 		5.1414
v 23.8853 		-34.9508 		3.8788
v 24.936 		-34.9443 		3.881
v 24.5102 		-31.3908 		5.1233
v 23.4523 		-31.36 		5.134
v 23.8811 		-34.9275 		3.8869
v 24.9322 		-34.9207 		3.8893
v 24.9231 		-34.7184 		3.96
v 23.4565 		-31.383 		5.126
v 23.8773 		-34.9023 		3.8957
v 24.9294 		-34.8934 		3.8989
v 24.5135 		-31.4173 		5.114
v 23.4604 		-31.4081 		5.1172
v 23.4712 		-31.6104 		5.0465
v 24.9271 		-34.8635 		3.9093
v 24.9234 		-34.7585 		3.946
v 23.4637 		-31.4341 		5.1081
v 23.4709 		-31.569 		5.061
v 24.9254 		-34.831 		3.9206
v 24.9241 		-34.796 		3.9329
v 23.4664 		-31.4632 		5.098
v 23.47 		-31.5307 		5.0744
v 24.5168 		-31.4463 		5.1039
v 23.4685 		-31.4954 		5.0867
v 24.5195 		-31.4781 		5.0928
v 23.8745 		-34.8732 		3.9059
v 24.5216 		-31.5127 		5.0807
v 23.8722 		-34.841 		3.9172
v 24.5231 		-31.5501 		5.0676
v 23.8705 		-34.8058 		3.9295
v 24.524 		-31.5903 		5.0535
v 23.8692 		-34.7674 		3.9429
v 24.5243 		-31.6334 		5.0385
v 23.8684 		-34.7261 		3.9573
v 24.5243 		-32.8655 		4.6077
v 23.8682 		-34.6816 		3.9729
v 23.8682 		-33.2563 		4.4711
v 26.529 		-30.9072 		2.921
v 26.529 		-31.2888 		2.7876
v 25.9309 		-31.2888 		2.7876
v 26.6994 		-30.098 		3.2038
v 26.529 		-30.098 		3.2038
v 26.5164 		-29.7992 		3.3083
v 25.2965 		-29.2612 		3.4964
v 25.2965 		-28.921 		3.6153
v 26.6994 		-28.921 		3.6153
v 25.2965 		-33.4773 		2.0225
v 25.2965 		-33.1371 		2.1414
v 25.4016 		-33.1371 		2.1414
v 26.616 		-32.3049 		2.4324
v 26.781 		-32.3049 		2.4324
v 26.781 		-33.4773 		2.0225
v 26.5941 		-32.6385 		2.3157
v 26.5961 		-32.6037 		2.3279
v 26.5741 		-32.8255 		2.2504
v 26.578 		-32.7969 		2.2604
v 26.582 		-32.7672 		2.2707
v 25.9309 		-30.9072 		2.921
v 26.512 		-29.7241 		3.3346
v 25.4016 		-29.2612 		3.4964
v 25.4106 		-33.1368 		2.1415
v 26.5063 		-29.6551 		3.3587
v 25.4111 		-29.2616 		3.4962
v 25.4193 		-33.1361 		2.1418
v 26.5917 		-32.6722 		2.304
v 26.4991 		-29.5923 		3.3806
v 25.4204 		-29.2628 		3.4958
v 25.4279 		-33.1348 		2.1422
v 26.5889 		-32.7049 		2.2925
v 26.4906 		-29.5356 		3.4005
v 25.4293 		-29.2647 		3.4952
v 25.4363 		-33.133 		2.1429
v 26.5856 		-32.7366 		2.2815
v 26.4806 		-29.485 		3.4181
v 25.4379 		-29.2674 		3.4942
v 25.4444 		-33.1307 		2.1437
v 26.4692 		-29.4405 		3.4337
v 25.4462 		-29.2708 		3.493
v 25.4524 		-33.1279 		2.1447
v 26.456 		-29.4012 		3.4474
v 25.4542 		-29.275 		3.4915
v 25.4601 		-33.1225 		2.1465
v 26.5697 		-32.853 		2.2407
v 25.4618 		-29.2805 		3.4896
v 25.4675 		-33.1156 		2.1489
v 26.5648 		-32.8796 		2.2314
v 26.4404 		-29.369 		3.4587
v 25.4691 		-29.2878 		3.4871
v 25.4746 		-33.1072 		2.1519
v 26.5595 		-32.9052 		2.2225
v 26.4226 		-29.344 		3.4674
v 25.4759 		-29.2969 		3.4839
v 25.4814 		-33.0972 		2.1554
v 26.5536 		-32.9297 		2.2139
v 26.4024 		-29.3261 		3.4737
v 25.4824 		-29.3077 		3.4801
v 25.4879 		-33.0857 		2.1594
v 26.5472 		-32.9532 		2.2057
v 26.3799 		-29.3154 		3.4774
v 25.4884 		-29.3204 		3.4757
v 26.5403 		-32.9739 		2.1985
v 26.355 		-29.3118 		3.4787
v 25.4941 		-29.3348 		3.4706
v 25.4941 		-33.0727 		2.1639
v 26.5331 		-32.993 		2.1918
v 25.9309 		-29.3118 		3.4787
v 25.4999 		-29.3497 		3.4654
v 25.4999 		-33.0593 		2.1686
v 26.5254 		-33.0106 		2.1856
v 25.5051 		-33.0436 		2.1741
v 26.5174 		-33.0267 		2.18
v 25.5051 		-29.367 		3.4594
v 25.5099 		-33.0256 		2.1804
v 26.5089 		-33.0413 		2.1749
v 25.5142 		-33.0053 		2.1875
v 26.5 		-33.0543 		2.1704
v 25.5099 		-29.3865 		3.4526
v 25.518 		-32.9827 		2.1954
v 26.4907 		-33.0642 		2.1669
v 25.5213 		-32.9578 		2.2041
v 26.4807 		-33.0722 		2.1641
v 25.5142 		-29.4084 		3.4449
v 25.5246 		-32.9318 		2.2132
v 26.4701 		-33.0785 		2.1619
v 25.518 		-29.4325 		3.4365
v 25.5273 		-32.9031 		2.2232
v 26.459 		-33.0829 		2.1604
v 25.5213 		-29.4589 		3.4273
v 26.4472 		-33.0856 		2.1594
v 25.5246 		-29.4866 		3.4176
v 26.4348 		-33.0865 		2.1591
v 25.9309 		-33.0865 		2.1591
v 25.5273 		-29.5177 		3.4067
v 25.5294 		-29.552 		3.3947
v 25.5294 		-32.8716 		2.2343
v 25.5309 		-29.5897 		3.3815
v 25.5309 		-32.8372 		2.2463
v 25.5318 		-29.6307 		3.3672
v 25.5318 		-32.8 		2.2593
v 25.5321 		-29.675 		3.3517
v 25.5321 		-32.7601 		2.2732
v 25.9309 		-33.2471 		4.4743
v 26.529 		-33.2471 		4.4743
v 26.529 		-32.8655 		4.6077
v 26.5164 		-31.7575 		4.9951
v 26.529 		-32.0563 		4.8906
v 26.6994 		-32.0563 		4.8906
v 26.6994 		-30.8793 		5.3021
v 25.2965 		-30.8793 		5.3021
v 25.2965 		-31.2196 		5.1831
v 25.4016 		-35.0954 		3.8282
v 25.2965 		-35.0954 		3.8282
v 25.2965 		-35.4356 		3.7093
v 26.781 		-35.4356 		3.7093
v 26.781 		-34.2632 		4.1191
v 26.616 		-34.2632 		4.1191
v 26.5961 		-34.5621 		4.0147
v 26.5941 		-34.5968 		4.0025
v 26.582 		-34.7255 		3.9575
v 26.578 		-34.7552 		3.9472
v 26.5741 		-34.7838 		3.9372
v 25.9309 		-32.8655 		4.6077
v 26.512 		-31.6824 		5.0213
v 25.4016 		-31.2196 		5.1831
v 25.4106 		-35.0951 		3.8283
v 26.5063 		-31.6134 		5.0455
v 25.4111 		-31.2199 		5.183
v 25.4193 		-35.0944 		3.8286
v 26.5917 		-34.6305 		3.9907
v 26.4991 		-31.5506 		5.0674
v 25.4204 		-31.2211 		5.1826
v 25.4279 		-35.0931 		3.829
v 26.5889 		-34.6632 		3.9793
v 26.4906 		-31.4939 		5.0872
v 25.4293 		-31.223 		5.1819
v 25.4363 		-35.0913 		3.8297
v 26.5856 		-34.6949 		3.9682
v 26.4806 		-31.4433 		5.1049
v 25.4379 		-31.2257 		5.181
v 25.4444 		-35.089 		3.8305
v 26.4692 		-31.3989 		5.1205
v 25.4462 		-31.2291 		5.1798
v 25.4524 		-35.0862 		3.8314
v 26.456 		-31.3595 		5.1342
v 25.4542 		-31.2334 		5.1783
v 25.4601 		-35.0808 		3.8333
v 26.5697 		-34.8114 		3.9275
v 25.4618 		-31.2388 		5.1764
v 25.4675 		-35.0739 		3.8357
v 26.5648 		-34.8379 		3.9182
v 26.4404 		-31.3273 		5.1455
v 25.4691 		-31.2461 		5.1739
v 25.4746 		-35.0655 		3.8387
v 26.5595 		-34.8635 		3.9093
v 26.4226 		-31.3023 		5.1542
v 25.4759 		-31.2552 		5.1707
v 25.4814 		-35.0556 		3.8422
v 26.5536 		-34.888 		3.9007
v 26.4024 		-31.2844 		5.1605
v 25.4824 		-31.266 		5.1669
v 25.4879 		-35.0441 		3.8462
v 26.5472 		-34.9115 		3.8925
v 26.3799 		-31.2737 		5.1642
v 25.4884 		-31.2787 		5.1625
v 26.5403 		-34.9322 		3.8853
v 26.355 		-31.2701 		5.1655
v 25.4941 		-31.2931 		5.1574
v 25.4941 		-35.031 		3.8507
v 26.5331 		-34.9513 		3.8786
v 25.9309 		-31.2701 		5.1655
v 25.4999 		-31.3081 		5.1522
v 25.4999 		-35.0176 		3.8554
v 26.5254 		-34.969 		3.8724
v 25.5051 		-35.0019 		3.8609
v 26.5174 		-34.9851 		3.8668
v 25.5051 		-31.3253 		5.1462
v 25.5099 		-34.9839 		3.8672
v 26.5089 		-34.9996 		3.8617
v 25.5142 		-34.9636 		3.8743
v 26.5 		-35.0126 		3.8572
v 25.5099 		-31.3448 		5.1393
v 25.518 		-34.941 		3.8822
v 26.4907 		-35.0225 		3.8537
v 25.5213 		-34.9161 		3.8909
v 26.4807 		-35.0305 		3.8509
v 25.5142 		-31.3667 		5.1317
v 25.5246 		-34.8902 		3.9
v 26.4701 		-35.0368 		3.8487
v 25.518 		-31.3908 		5.1233
v 25.5273 		-34.8614 		3.91
v 26.459 		-35.0413 		3.8472
v 25.5213 		-31.4173 		5.114
v 26.4472 		-35.0439 		3.8462
v 25.5246 		-31.445 		5.1043
v 26.4348 		-35.0448 		3.8459
v 25.9309 		-35.0448 		3.8459
v 25.5273 		-31.476 		5.0935
v 25.5294 		-31.5104 		5.0815
v 25.5294 		-34.8299 		3.921
v 25.5309 		-31.548 		5.0683
v 25.5309 		-34.7955 		3.9331
v 25.5318 		-31.589 		5.054
v 25.5318 		-34.7584 		3.946
v 25.5321 		-31.6334 		5.0385
v 25.5321 		-34.7184 		3.96
v 28.6298 		-28.921 		3.6153
v 28.6298 		-29.2566 		3.498
v 28.5066 		-29.2566 		3.498
v 27.9791 		-29.2566 		3.498
v 27.9791 		-28.921 		3.6153
v 28.2051 		-29.5698 		3.3885
v 28.2063 		-29.5556 		3.3935
v 28.2075 		-29.5417 		3.3983
v 28.2026 		-29.5989 		3.3783
v 28.2039 		-29.5842 		3.3835
v 28.2002 		-29.629 		3.3678
v 28.2014 		-29.6139 		3.3731
v 27.9193 		-31.7302 		2.6333
v 28.1803 		-29.79 		3.3115
v 28.1821 		-29.7776 		3.3159
v 27.9118 		-31.791 		2.612
v 27.9156 		-31.7599 		2.6229
v 27.904 		-31.8569 		2.589
v 27.908 		-31.8233 		2.6007
v 27.8957 		-31.9279 		2.5642
v 27.8999 		-31.8917 		2.5768
v 27.8873 		-31.9984 		2.5395
v 27.8915 		-31.9631 		2.5518
v 27.8746 		-32.1041 		2.5025
v 27.8788 		-32.0689 		2.5149
v 27.883 		-32.0336 		2.5272
v 27.8667 		-32.1757 		2.4775
v 27.8703 		-32.1394 		2.4902
v 27.8457 		-32.3712 		2.4092
v 27.8486 		-32.3417 		2.4195
v 27.8522 		-32.3105 		2.4304
v 27.8409 		-32.4233 		2.391
v 27.8432 		-32.3984 		2.3997
v 27.8373 		-32.4662 		2.376
v 27.8389 		-32.4459 		2.3831
v 27.8331 		-32.4244 		2.3906
v 27.8346 		-32.4547 		2.38
v 27.8359 		-32.4842 		2.3697
v 27.8295 		-32.3616 		2.4125
v 27.8314 		-32.3934 		2.4014
v 27.825 		-32.2957 		2.4356
v 27.8273 		-32.329 		2.4239
v 27.819 		-32.2252 		2.4602
v 27.822 		-32.2605 		2.4479
v 27.8099 		-32.1195 		2.4972
v 27.8129 		-32.1547 		2.4849
v 27.816 		-32.19 		2.4725
v 27.8038 		-32.0492 		2.5217
v 27.8069 		-32.0842 		2.5095
v 27.7974 		-31.9808 		2.5457
v 27.8007 		-32.0147 		2.5338
v 27.7905 		-31.9144 		2.5689
v 27.794 		-31.9473 		2.5574
v 27.7834 		-31.8504 		2.5913
v 27.787 		-31.8819 		2.5802
v 27.7765 		-31.7911 		2.612
v 27.7799 		-31.8201 		2.6018
v 27.7701 		-31.737 		2.6309
v 27.7733 		-31.7634 		2.6217
v 27.5096 		-29.744 		3.3276
v 27.767 		-31.7118 		2.6397
v 27.5236 		-29.2985 		3.4833
v 27.5187 		-29.3072 		3.4803
v 27.514 		-29.3154 		3.4774
v 27.5556 		-29.2662 		3.4946
v 27.5495 		-29.2704 		3.4932
v 27.5441 		-29.274 		3.4919
v 27.7018 		-28.921 		3.6153
v 27.7018 		-29.2566 		3.498
v 27.5858 		-29.2566 		3.498
v 26.8716 		-29.2566 		3.498
v 26.8716 		-28.921 		3.6153
v 26.9767 		-29.2801 		3.4898
v 26.9695 		-29.275 		3.4915
v 26.9623 		-29.2694 		3.4935
v 27.6202 		-33.4773 		2.0225
v 27.0837 		-29.5693 		3.3887
v 27.0798 		-29.5395 		3.3991
v 28.3934 		-29.6782 		3.3506
v 28.3869 		-29.7256 		3.334
v 27.8722 		-33.4773 		2.0225
v 28.5012 		-29.2573 		3.4977
v 28.1096 		-29.2566 		3.498
v 28.1839 		-29.7649 		3.3203
v 27.8558 		-32.2783 		2.4416
v 27.5797 		-29.257 		3.4978
v 26.9278 		-29.2566 		3.498
v 28.4959 		-29.2592 		3.4971
v 28.1243 		-29.2583 		3.4974
v 28.1857 		-29.752 		3.3248
v 27.8595 		-32.2451 		2.4532
v 27.5072 		-29.7262 		3.3338
v 27.5737 		-29.2582 		3.4974
v 26.9345 		-29.2571 		3.4978
v 27.0754 		-29.5116 		3.4089
v 28.4907 		-29.2624 		3.496
v 28.138 		-29.2633 		3.4957
v 28.2086 		-29.5284 		3.403
v 28.1875 		-29.7389 		3.3294
v 27.5676 		-29.2601 		3.4968
v 26.9413 		-29.2587 		3.4973
v 27.0705 		-29.4854 		3.418
v 28.4856 		-29.2669 		3.4944
v 28.1508 		-29.2716 		3.4927
v 28.1894 		-29.7255 		3.3341
v 27.8631 		-32.2109 		2.4652
v 27.5616 		-29.2628 		3.4958
v 26.9482 		-29.2612 		3.4964
v 28.4806 		-29.2726 		3.4924
v 28.1628 		-29.2832 		3.4887
v 27.5048 		-29.7067 		3.3406
v 26.9552 		-29.2648 		3.4951
v 28.4757 		-29.2796 		3.4899
v 28.1738 		-29.2981 		3.4835
v 28.1912 		-29.7118 		3.3389
v 28.4715 		-29.2866 		3.4875
v 28.1839 		-29.3164 		3.4771
v 27.5388 		-29.2786 		3.4903
v 28.4671 		-29.2955 		3.4844
v 28.1922 		-29.3362 		3.4702
v 27.5337 		-29.2842 		3.4883
v 26.984 		-29.2863 		3.4876
v 27.5286 		-29.2909 		3.486
v 26.9912 		-29.2934 		3.4851
v 28.4626 		-29.3061 		3.4807
v 26.9985 		-29.3016 		3.4823
v 28.458 		-29.3184 		3.4764
v 27.0057 		-29.3108 		3.479
v 28.4533 		-29.3326 		3.4714
v 27.5096 		-29.3246 		3.4742
v 27.013 		-29.321 		3.4755
v 28.4486 		-29.3486 		3.4658
v 28.4443 		-29.3666 		3.4595
v 27.5056 		-29.3348 		3.4706
v 28.4399 		-29.3869 		3.4524
v 27.5018 		-29.346 		3.4667
v 28.4354 		-29.4095 		3.4445
v 27.4983 		-29.3583 		3.4624
v 28.4308 		-29.4344 		3.4358
v 27.4951 		-29.3716 		3.4578
v 28.4261 		-29.4616 		3.4263
v 27.4929 		-29.3859 		3.4528
v 28.4214 		-29.4911 		3.416
v 27.4911 		-29.4012 		3.4474
v 28.4164 		-29.5219 		3.4052
v 27.4897 		-29.4176 		3.4417
v 28.4111 		-29.556 		3.3933
v 27.4887 		-29.4349 		3.4356
v 28.4055 		-29.5934 		3.3802
v 27.4881 		-29.4533 		3.4292
v 28.3996 		-29.6342 		3.366
v 27.4879 		-29.4727 		3.4224
v 27.4881 		-29.4932 		3.4153
v 28.199 		-29.3588 		3.4623
v 27.4887 		-29.5146 		3.4078
v 28.2043 		-29.3842 		3.4534
v 27.4897 		-29.5371 		3.3999
v 28.2081 		-29.4124 		3.4435
v 27.4911 		-29.5606 		3.3917
v 28.2103 		-29.4435 		3.4327
v 27.4929 		-29.5851 		3.3831
v 28.2111 		-29.4773 		3.4208
v 27.4951 		-29.6107 		3.3742
v 28.211 		-29.4855 		3.418
v 27.4976 		-29.6373 		3.3649
v 28.2107 		-29.4947 		3.4148
v 27.5 		-29.6623 		3.3562
v 28.2102 		-29.5049 		3.4112
v 27.5024 		-29.6854 		3.3481
v 28.2095 		-29.5161 		3.4073
v 27.0201 		-29.3339 		3.471
v 27.0271 		-29.3481 		3.466
v 27.0338 		-29.3635 		3.4606
v 28.199 		-29.6428 		3.363
v 27.0404 		-29.3803 		3.4548
v 28.1976 		-29.6566 		3.3581
v 27.0467 		-29.3983 		3.4485
v 28.1962 		-29.6704 		3.3533
v 27.0529 		-29.4176 		3.4417
v 28.1946 		-29.6842 		3.3485
v 27.0593 		-29.4384 		3.4344
v 28.1929 		-29.698 		3.3437
v 27.0652 		-29.461 		3.4265
v 28.5066 		-31.215 		5.1848
v 28.6298 		-31.215 		5.1848
v 28.6298 		-30.8793 		5.3021
v 27.9791 		-30.8793 		5.3021
v 27.9791 		-31.215 		5.1848
v 28.2075 		-31.5 		5.0851
v 28.2063 		-31.5139 		5.0802
v 28.2051 		-31.5281 		5.0753
v 28.2039 		-31.5425 		5.0702
v 28.2026 		-31.5572 		5.0651
v 28.2014 		-31.5722 		5.0599
v 28.2002 		-31.5874 		5.0546
v 28.1821 		-31.7359 		5.0026
v 28.1803 		-31.7483 		4.9983
v 27.9193 		-33.6885 		4.32
v 27.9156 		-33.7183 		4.3096
v 27.9118 		-33.7493 		4.2988
v 27.908 		-33.7816 		4.2875
v 27.904 		-33.8152 		4.2758
v 27.8999 		-33.8501 		4.2636
v 27.8957 		-33.8862 		4.2509
v 27.8915 		-33.9215 		4.2386
v 27.8873 		-33.9567 		4.2263
v 27.883 		-33.992 		4.214
v 27.8788 		-34.0272 		4.2016
v 27.8746 		-34.0625 		4.1893
v 27.8703 		-34.0977 		4.177
v 27.8667 		-34.134 		4.1643
v 27.8522 		-34.2688 		4.1172
v 27.8486 		-34.3 		4.1063
v 27.8457 		-34.3295 		4.096
v 27.8432 		-34.3567 		4.0865
v 27.8409 		-34.3816 		4.0778
v 27.8389 		-34.4042 		4.0698
v 27.8373 		-34.4245 		4.0627
v 27.8359 		-34.4425 		4.0565
v 27.8346 		-34.413 		4.0668
v 27.8331 		-34.3828 		4.0773
v 27.8314 		-34.3517 		4.0882
v 27.8295 		-34.3199 		4.0993
v 27.8273 		-34.2874 		4.1107
v 27.825 		-34.254 		4.1224
v 27.822 		-34.2188 		4.1347
v 27.819 		-34.1835 		4.147
v 27.816 		-34.1483 		4.1593
v 27.8129 		-34.113 		4.1716
v 27.8099 		-34.0778 		4.184
v 27.8069 		-34.0425 		4.1963
v 27.8038 		-34.0075 		4.2085
v 27.8007 		-33.9731 		4.2206
v 27.7974 		-33.9391 		4.2324
v 27.794 		-33.9056 		4.2441
v 27.7905 		-33.8727 		4.2557
v 27.787 		-33.8402 		4.267
v 27.7834 		-33.8087 		4.278
v 27.7799 		-33.7784 		4.2886
v 27.7765 		-33.7494 		4.2987
v 27.7733 		-33.7217 		4.3084
v 27.7701 		-33.6953 		4.3177
v 27.767 		-33.6701 		4.3265
v 27.5096 		-31.7023 		5.0144
v 27.514 		-31.2737 		5.1642
v 27.5187 		-31.2655 		5.1671
v 27.5236 		-31.2569 		5.1701
v 27.5441 		-31.2323 		5.1787
v 27.5495 		-31.2288 		5.1799
v 27.5556 		-31.2245 		5.1814
v 27.5858 		-31.215 		5.1848
v 27.7018 		-31.215 		5.1848
v 27.7018 		-30.8793 		5.3021
v 26.8716 		-30.8793 		5.3021
v 26.8716 		-31.215 		5.1848
v 26.9623 		-31.2277 		5.1803
v 26.9695 		-31.2334 		5.1783
v 26.9767 		-31.2385 		5.1765
v 27.0798 		-31.4978 		5.0859
v 27.0837 		-31.5276 		5.0755
v 27.6202 		-35.4356 		3.7093
v 27.8722 		-35.4356 		3.7093
v 28.3869 		-31.6839 		5.0208
v 28.3934 		-31.6365 		5.0374
v 28.5012 		-31.2156 		5.1845
v 28.1096 		-31.215 		5.1848
v 28.1839 		-31.7233 		5.0071
v 27.8558 		-34.2367 		4.1284
v 27.5797 		-31.2153 		5.1846
v 26.9278 		-31.215 		5.1848
v 28.4959 		-31.2175 		5.1839
v 28.1243 		-31.2166 		5.1842
v 28.1857 		-31.7104 		5.0116
v 27.8595 		-34.2035 		4.14
v 27.5072 		-31.6846 		5.0206
v 27.5737 		-31.2165 		5.1842
v 26.9345 		-31.2155 		5.1846
v 27.0754 		-31.4699 		5.0956
v 28.4907 		-31.2207 		5.1827
v 28.138 		-31.2216 		5.1824
v 28.2086 		-31.4867 		5.0897
v 28.1875 		-31.6972 		5.0162
v 27.5676 		-31.2184 		5.1835
v 26.9413 		-31.217 		5.184
v 27.0705 		-31.4437 		5.1048
v 28.4856 		-31.2252 		5.1812
v 28.1508 		-31.2299 		5.1795
v 28.1894 		-31.6838 		5.0209
v 27.8631 		-34.1692 		4.152
v 27.5616 		-31.2211 		5.1826
v 26.9482 		-31.2196 		5.1831
v 28.4806 		-31.2309 		5.1792
v 28.1628 		-31.2415 		5.1755
v 27.5048 		-31.665 		5.0274
v 26.9552 		-31.2231 		5.1819
v 28.4757 		-31.2379 		5.1767
v 28.1738 		-31.2565 		5.1702
v 28.1912 		-31.6701 		5.0256
v 28.4715 		-31.245 		5.1743
v 28.1839 		-31.2747 		5.1639
v 27.5388 		-31.2369 		5.1771
v 28.4671 		-31.2538 		5.1712
v 28.1922 		-31.2945 		5.1569
v 27.5337 		-31.2425 		5.1751
v 26.984 		-31.2446 		5.1744
v 27.5286 		-31.2492 		5.1728
v 26.9912 		-31.2517 		5.1719
v 28.4626 		-31.2644 		5.1675
v 26.9985 		-31.2599 		5.169
v 28.458 		-31.2768 		5.1631
v 27.0057 		-31.2691 		5.1658
v 28.4533 		-31.291 		5.1582
v 27.5096 		-31.2829 		5.161
v 27.013 		-31.2793 		5.1623
v 28.4486 		-31.3069 		5.1526
v 28.4443 		-31.3249 		5.1463
v 27.5056 		-31.2931 		5.1574
v 28.4399 		-31.3452 		5.1392
v 27.5018 		-31.3044 		5.1535
v 28.4354 		-31.3678 		5.1313
v 27.4983 		-31.3166 		5.1492
v 28.4308 		-31.3927 		5.1226
v 27.4951 		-31.3299 		5.1446
v 28.4261 		-31.4199 		5.1131
v 27.4929 		-31.3442 		5.1396
v 28.4214 		-31.4494 		5.1028
v 27.4911 		-31.3595 		5.1342
v 28.4164 		-31.4802 		5.092
v 27.4897 		-31.3759 		5.1285
v 28.4111 		-31.5143 		5.0801
v 27.4887 		-31.3932 		5.1224
v 28.4055 		-31.5517 		5.067
v 27.4881 		-31.4116 		5.116
v 28.3996 		-31.5925 		5.0528
v 27.4879 		-31.4311 		5.1092
v 27.4881 		-31.4515 		5.1021
v 28.199 		-31.3171 		5.149
v 27.4887 		-31.4729 		5.0946
v 28.2043 		-31.3425 		5.1402
v 27.4897 		-31.4954 		5.0867
v 28.2081 		-31.3708 		5.1303
v 27.4911 		-31.5189 		5.0785
v 28.2103 		-31.4018 		5.1194
v 27.4929 		-31.5434 		5.0699
v 28.2111 		-31.4357 		5.1076
v 27.4951 		-31.569 		5.061
v 28.211 		-31.4438 		5.1047
v 27.4976 		-31.5957 		5.0517
v 28.2107 		-31.453 		5.1015
v 27.5 		-31.6206 		5.043
v 28.2102 		-31.4632 		5.098
v 27.5024 		-31.6437 		5.0349
v 28.2095 		-31.4745 		5.094
v 27.0201 		-31.2922 		5.1577
v 27.0271 		-31.3064 		5.1528
v 27.0338 		-31.3219 		5.1474
v 28.199 		-31.6012 		5.0497
v 27.0404 		-31.3386 		5.1415
v 28.1976 		-31.615 		5.0449
v 27.0467 		-31.3566 		5.1352
v 28.1962 		-31.6288 		5.0401
v 27.0529 		-31.3759 		5.1285
v 28.1946 		-31.6425 		5.0353
v 27.0593 		-31.3967 		5.1212
v 28.1929 		-31.6563 		5.0305
v 27.0652 		-31.4193 		5.1133
v 29.5705 		-33.4773 		2.0225
v 28.7005 		-33.4773 		2.0225
v 28.7005 		-33.1371 		2.1414
v 29.4618 		-33.1371 		2.1414
v 29.5705 		-33.1371 		2.1414
v 29.8106 		-32.9638 		2.202
v 29.7971 		-32.9072 		2.2218
v 29.4998 		-31.5003 		2.7136
v 29.8388 		-33.067 		2.166
v 29.8245 		-33.017 		2.1834
v 29.8686 		-33.1569 		2.1345
v 29.8535 		-33.1136 		2.1497
v 29.8997 		-33.2324 		2.1081
v 29.8841 		-33.1968 		2.1205
v 29.934 		-33.2957 		2.086
v 29.9163 		-33.2653 		2.0966
v 29.9722 		-33.3488 		2.0674
v 29.9526 		-33.3235 		2.0763
v 30.0146 		-33.3919 		2.0524
v 29.9929 		-33.3716 		2.0595
v 30.0613 		-33.4256 		2.0406
v 30.0374 		-33.4099 		2.0461
v 30.1124 		-33.4501 		2.032
v 30.0863 		-33.439 		2.0359
v 30.1688 		-33.4645 		2.027
v 30.1397 		-33.4589 		2.0289
v 30.2317 		-33.4727 		2.0241
v 30.1995 		-33.4691 		2.0254
v 30.3005 		-33.4768 		2.0227
v 30.2653 		-33.4753 		2.0232
v 30.4188 		-33.4773 		2.0225
v 30.3372 		-33.4773 		2.0225
v 30.4098 		-33.1371 		2.1414
v 30.4188 		-33.1371 		2.1414
v 29.9008 		-31.2648 		2.796
v 29.8798 		-31.2893 		2.7874
v 29.8587 		-31.3118 		2.7795
v 29.9425 		-31.2096 		2.8152
v 29.9217 		-31.2382 		2.8052
v 29.9838 		-31.1463 		2.8374
v 29.9632 		-31.179 		2.826
v 30.0225 		-31.0737 		2.8627
v 30.0034 		-31.1113 		2.8496
v 30.0587 		-30.991 		2.8917
v 30.0409 		-31.0336 		2.8768
v 30.0926 		-30.898 		2.9242
v 30.0759 		-30.9458 		2.9075
v 30.123 		-30.7943 		2.9604
v 30.1083 		-30.8476 		2.9418
v 30.1489 		-30.6794 		3.0006
v 30.1365 		-30.7382 		2.98
v 30.1705 		-30.5532 		3.0447
v 30.1603 		-30.6177 		3.0222
v 30.1876 		-30.4158 		3.0928
v 30.1799 		-30.4859 		3.0683
v 30.1979 		-30.2671 		3.1447
v 30.1936 		-30.3428 		3.1183
v 30.2013 		-30.1072 		3.2006
v 30.2004 		-30.1886 		3.1722
v 30.1828 		-29.7517 		3.3249
v 30.1967 		-29.9218 		3.2655
v 30.1272 		-29.4574 		3.4278
v 30.1596 		-29.5969 		3.379
v 30.0345 		-29.2245 		3.5092
v 30.0855 		-29.3333 		3.4712
v 29.9022 		-29.0559 		3.5682
v 29.9737 		-29.1317 		3.5416
v 29.7276 		-28.9547 		3.6035
v 29.8202 		-28.9969 		3.5888
v 29.5107 		-28.921 		3.6153
v 29.6245 		-28.9294 		3.6124
v 28.7005 		-29.2612 		3.4964
v 28.7005 		-28.921 		3.6153
v 29.3331 		-31.1279 		2.8438
v 28.9361 		-32.7601 		2.2732
v 28.9361 		-29.6474 		3.3614
v 28.9358 		-32.8002 		2.2592
v 28.8056 		-33.1371 		2.1414
v 29.4534 		-33.1368 		2.1415
v 28.8056 		-29.2612 		3.4964
v 28.9358 		-29.6073 		3.3754
v 28.9349 		-32.8377 		2.2461
v 28.814 		-33.1368 		2.1415
v 29.4451 		-33.1361 		2.1418
v 30.3978 		-33.1363 		2.1417
v 28.9349 		-29.5698 		3.3885
v 28.9334 		-32.8727 		2.2339
v 28.8223 		-33.1361 		2.1418
v 29.4369 		-33.1348 		2.1422
v 28.814 		-29.2616 		3.4962
v 28.9334 		-29.5348 		3.4007
v 28.9313 		-32.9052 		2.2225
v 28.8305 		-33.1348 		2.1422
v 29.4287 		-33.133 		2.1429
v 30.3862 		-33.134 		2.1425
v 28.8223 		-29.2628 		3.4958
v 28.9313 		-29.5024 		3.4121
v 28.9286 		-32.935 		2.2121
v 28.8387 		-33.133 		2.1429
v 29.4207 		-33.1307 		2.1437
v 30.3749 		-33.1302 		2.1439
v 28.8305 		-29.2647 		3.4952
v 28.9286 		-29.4725 		3.4225
v 28.9253 		-32.9624 		2.2025
v 28.8467 		-33.1307 		2.1437
v 29.4128 		-33.1279 		2.1447
v 30.3638 		-33.1248 		2.1457
v 28.8387 		-29.2674 		3.4942
v 28.9253 		-29.4451 		3.4321
v 28.9214 		-32.986 		2.1943
v 28.8546 		-33.1279 		2.1447
v 29.4051 		-33.1226 		2.1465
v 30.3531 		-33.1179 		2.1481
v 28.8467 		-29.2708 		3.493
v 28.9214 		-29.4202 		3.4408
v 28.9172 		-33.0078 		2.1866
v 28.8623 		-33.1226 		2.1465
v 29.3977 		-33.1161 		2.1488
v 30.3427 		-33.1095 		2.1511
v 28.8546 		-29.275 		3.4915
v 28.9172 		-29.3976 		3.4487
v 28.8697 		-33.1161 		2.1488
v 29.3906 		-33.1083 		2.1515
v 30.3319 		-33.0993 		2.1547
v 28.8623 		-29.2804 		3.4897
v 28.9126 		-29.3773 		3.4558
v 28.8768 		-33.1083 		2.1515
v 29.3838 		-33.0993 		2.1547
v 30.3211 		-33.087 		2.1589
v 28.8697 		-29.2873 		3.4873
v 29.3331 		-29.298 		3.4835
v 28.8836 		-33.0993 		2.1547
v 29.3773 		-33.0889 		2.1583
v 30.3105 		-33.0727 		2.1639
v 28.8768 		-29.2957 		3.4843
v 28.9075 		-29.3593 		3.4621
v 28.8901 		-33.0889 		2.1583
v 29.3711 		-33.0773 		2.1623
v 30.3 		-33.0564 		2.1697
v 28.8836 		-29.3057 		3.4808
v 28.9021 		-29.3436 		3.4676
v 28.8963 		-33.0773 		2.1623
v 30.2896 		-33.038 		2.1761
v 28.8901 		-29.3172 		3.4768
v 28.8963 		-29.3302 		3.4723
v 28.9021 		-33.0626 		2.1675
v 28.9075 		-33.0461 		2.1732
v 30.2792 		-33.0175 		2.1832
v 28.9126 		-33.0279 		2.1796
v 30.2695 		-32.9952 		2.191
v 29.469 		-29.298 		3.4835
v 30.2597 		-32.9711 		2.1995
v 29.4961 		-29.2994 		3.483
v 30.2498 		-32.9451 		2.2085
v 29.5218 		-29.3036 		3.4815
v 29.3653 		-33.0626 		2.1675
v 30.2398 		-32.9174 		2.2182
v 29.5461 		-29.3107 		3.4791
v 29.3599 		-33.0461 		2.1732
v 30.2297 		-32.8879 		2.2285
v 29.5689 		-29.3205 		3.4756
v 29.3548 		-33.0279 		2.1796
v 30.2194 		-32.8566 		2.2395
v 29.5904 		-29.3331 		3.4712
v 29.3502 		-33.0078 		2.1866
v 30.2097 		-32.8219 		2.2516
v 29.6104 		-29.3486 		3.4658
v 29.346 		-32.986 		2.1943
v 30.1997 		-32.7851 		2.2645
v 29.6297 		-29.367 		3.4594
v 29.3421 		-32.9624 		2.2025
v 30.1895 		-32.7463 		2.2781
v 29.6477 		-29.3884 		3.4519
v 29.3394 		-32.935 		2.2121
v 30.1792 		-32.7054 		2.2923
v 29.6643 		-29.413 		3.4433
v 29.3371 		-32.9052 		2.2225
v 30.1686 		-32.6625 		2.3073
v 29.6797 		-29.4405 		3.4337
v 29.3353 		-32.8727 		2.2339
v 30.1578 		-32.6175 		2.3231
v 29.6937 		-29.4712 		3.423
v 29.3341 		-32.8377 		2.2461
v 29.7065 		-29.5049 		3.4112
v 29.3333 		-32.8002 		2.2592
v 29.3331 		-31.5003 		2.7136
v 29.7186 		-29.5419 		3.3982
v 29.3331 		-32.7601 		2.2732
v 29.7294 		-29.5826 		3.384
v 29.7391 		-29.6267 		3.3686
v 29.7476 		-29.6745 		3.3519
v 29.4727 		-31.1279 		2.8438
v 29.7548 		-29.7259 		3.3339
v 29.5014 		-31.1264 		2.8444
v 29.7609 		-29.7808 		3.3147
v 29.5284 		-31.1218 		2.846
v 29.7664 		-29.8394 		3.2943
v 29.5538 		-31.1141 		2.8486
v 29.7709 		-29.9018 		3.2724
v 29.5774 		-31.1034 		2.8524
v 29.5993 		-31.0896 		2.8572
v 29.7744 		-29.9681 		3.2492
v 29.6195 		-31.0727 		2.8631
v 29.777 		-30.0382 		3.2247
v 29.6381 		-31.0511 		2.8706
v 29.7785 		-30.1122 		3.1989
v 29.6555 		-31.0262 		2.8794
v 29.779 		-30.19 		3.1717
v 29.7785 		-30.2666 		3.1449
v 29.6716 		-30.998 		2.8892
v 29.7772 		-30.3402 		3.1192
v 29.6863 		-30.9665 		2.9002
v 29.7749 		-30.4107 		3.0945
v 29.6998 		-30.9316 		2.9124
v 29.7717 		-30.4781 		3.071
v 29.7119 		-30.8934 		2.9258
v 29.7676 		-30.5425 		3.0485
v 29.7234 		-30.8534 		2.9398
v 29.7627 		-30.6038 		3.027
v 29.7337 		-30.8101 		2.9549
v 29.7572 		-30.6603 		3.0073
v 29.7427 		-30.7635 		2.9712
v 29.7506 		-30.7136 		2.9886
v 28.7005 		-35.0954 		3.8282
v 28.7005 		-35.4356 		3.7093
v 29.5705 		-35.4356 		3.7093
v 29.5705 		-35.0954 		3.8282
v 29.4618 		-35.0954 		3.8282
v 29.4998 		-33.4586 		4.4004
v 29.7971 		-34.8655 		3.9086
v 29.8106 		-34.9221 		3.8888
v 29.8245 		-34.9754 		3.8702
v 29.8388 		-35.0253 		3.8527
v 29.8535 		-35.0719 		3.8364
v 29.8686 		-35.1152 		3.8213
v 29.8841 		-35.1552 		3.8073
v 29.8997 		-35.1907 		3.7949
v 29.9163 		-35.2236 		3.7834
v 29.934 		-35.254 		3.7728
v 29.9526 		-35.2819 		3.763
v 29.9722 		-35.3072 		3.7542
v 29.9929 		-35.3299 		3.7463
v 30.0146 		-35.3502 		3.7392
v 30.0374 		-35.3682 		3.7329
v 30.0613 		-35.3839 		3.7274
v 30.0863 		-35.3973 		3.7227
v 30.1124 		-35.4084 		3.7188
v 30.1397 		-35.4172 		3.7157
v 30.1688 		-35.4229 		3.7137
v 30.1995 		-35.4275 		3.7121
v 30.2317 		-35.431 		3.7109
v 30.2653 		-35.4336 		3.71
v 30.3005 		-35.4351 		3.7095
v 30.3372 		-35.4356 		3.7093
v 30.4188 		-35.4356 		3.7093
v 30.4188 		-35.0954 		3.8282
v 30.4098 		-35.0954 		3.8282
v 29.8587 		-33.2701 		4.4663
v 29.8798 		-33.2476 		4.4742
v 29.9008 		-33.2231 		4.4827
v 29.9217 		-33.1966 		4.492
v 29.9425 		-33.168 		4.502
v 29.9632 		-33.1373 		4.5127
v 29.9838 		-33.1046 		4.5242
v 30.0034 		-33.0696 		4.5364
v 30.0225 		-33.0321 		4.5495
v 30.0409 		-32.992 		4.5635
v 30.0587 		-32.9493 		4.5785
v 30.0759 		-32.9041 		4.5943
v 30.0926 		-32.8563 		4.611
v 30.1083 		-32.8059 		4.6286
v 30.123 		-32.7526 		4.6472
v 30.1365 		-32.6966 		4.6668
v 30.1489 		-32.6377 		4.6874
v 30.1603 		-32.576 		4.709
v 30.1705 		-32.5115 		4.7315
v 30.1799 		-32.4442 		4.755
v 30.1876 		-32.3741 		4.7795
v 30.1936 		-32.3012 		4.805
v 30.1979 		-32.2254 		4.8315
v 30.2004 		-32.1469 		4.859
v 30.2013 		-32.0655 		4.8874
v 30.1967 		-31.8801 		4.9522
v 30.1828 		-31.71 		5.0117
v 30.1596 		-31.5552 		5.0658
v 30.1272 		-31.4157 		5.1146
v 30.0855 		-31.2916 		5.158
v 30.0345 		-31.1828 		5.196
v 29.9737 		-31.0901 		5.2284
v 29.9022 		-31.0142 		5.2549
v 29.8202 		-30.9552 		5.2756
v 29.7276 		-30.913 		5.2903
v 29.6245 		-30.8878 		5.2991
v 29.5107 		-30.8793 		5.3021
v 28.7005 		-30.8793 		5.3021
v 28.7005 		-31.2196 		5.1831
v 28.9361 		-31.6058 		5.0481
v 28.9361 		-34.7184 		3.96
v 29.3331 		-33.0862 		4.5306
v 28.9358 		-34.7585 		3.946
v 28.8056 		-35.0954 		3.8282
v 29.4534 		-35.0951 		3.8283
v 28.8056 		-31.2196 		5.1831
v 28.9358 		-31.5657 		5.0622
v 28.9349 		-34.796 		3.9329
v 28.814 		-35.0951 		3.8283
v 29.4451 		-35.0944 		3.8286
v 30.3978 		-35.0946 		3.8285
v 28.9349 		-31.5281 		5.0753
v 28.9334 		-34.831 		3.9206
v 28.8223 		-35.0944 		3.8286
v 29.4369 		-35.0931 		3.829
v 28.814 		-31.2199 		5.183
v 28.9334 		-31.4931 		5.0875
v 28.9313 		-34.8635 		3.9093
v 28.8305 		-35.0931 		3.829
v 29.4287 		-35.0913 		3.8297
v 30.3862 		-35.0923 		3.8293
v 28.8223 		-31.2211 		5.1826
v 28.9313 		-31.4607 		5.0989
v 28.9286 		-34.8934 		3.8989
v 28.8387 		-35.0913 		3.8297
v 29.4207 		-35.089 		3.8305
v 30.3749 		-35.0885 		3.8306
v 28.8305 		-31.223 		5.1819
v 28.9286 		-31.4308 		5.1093
v 28.9253 		-34.9207 		3.8893
v 28.8467 		-35.089 		3.8305
v 29.4128 		-35.0862 		3.8314
v 30.3638 		-35.0831 		3.8325
v 28.8387 		-31.2257 		5.181
v 28.9253 		-31.4035 		5.1189
v 28.9214 		-34.9443 		3.881
v 28.8546 		-35.0862 		3.8314
v 29.4051 		-35.081 		3.8333
v 30.3531 		-35.0762 		3.8349
v 28.8467 		-31.2291 		5.1798
v 28.9214 		-31.3786 		5.1276
v 28.9172 		-34.9662 		3.8734
v 28.8623 		-35.081 		3.8333
v 29.3977 		-35.0745 		3.8355
v 30.3427 		-35.0678 		3.8379
v 28.8546 		-31.2334 		5.1783
v 28.9172 		-31.356 		5.1355
v 28.8697 		-35.0745 		3.8355
v 29.3906 		-35.0667 		3.8383
v 30.3319 		-35.0576 		3.8414
v 28.8623 		-31.2387 		5.1765
v 28.9126 		-31.3357 		5.1426
v 28.8768 		-35.0667 		3.8383
v 29.3838 		-35.0576 		3.8414
v 30.3211 		-35.0453 		3.8457
v 28.8697 		-31.2456 		5.174
v 29.3331 		-31.2563 		5.1703
v 28.8836 		-35.0576 		3.8414
v 29.3773 		-35.0473 		3.8451
v 30.3105 		-35.031 		3.8507
v 28.8768 		-31.254 		5.1711
v 28.9075 		-31.3176 		5.1489
v 28.8901 		-35.0473 		3.8451
v 29.3711 		-35.0356 		3.8491
v 30.3 		-35.0147 		3.8564
v 28.8836 		-31.264 		5.1676
v 28.9021 		-31.3019 		5.1544
v 28.8963 		-35.0356 		3.8491
v 30.2896 		-34.9963 		3.8629
v 28.8901 		-31.2755 		5.1636
v 28.8963 		-31.2885 		5.159
v 28.9021 		-35.0209 		3.8543
v 28.9075 		-35.0045 		3.86
v 30.2792 		-34.9759 		3.87
v 28.9126 		-34.9862 		3.8664
v 30.2695 		-34.9535 		3.8778
v 29.469 		-31.2563 		5.1703
v 30.2597 		-34.9294 		3.8863
v 29.4961 		-31.2577 		5.1698
v 30.2498 		-34.9035 		3.8953
v 29.5218 		-31.262 		5.1683
v 29.3653 		-35.0209 		3.8543
v 30.2398 		-34.8757 		3.905
v 29.5461 		-31.269 		5.1659
v 29.3599 		-35.0045 		3.86
v 30.2297 		-34.8462 		3.9153
v 29.5689 		-31.2788 		5.1624
v 29.3548 		-34.9862 		3.8664
v 30.2194 		-34.8149 		3.9263
v 29.5904 		-31.2915 		5.158
v 29.3502 		-34.9662 		3.8734
v 30.2097 		-34.7802 		3.9384
v 29.6104 		-31.3069 		5.1526
v 29.346 		-34.9443 		3.881
v 30.1997 		-34.7434 		3.9513
v 29.6297 		-31.3253 		5.1462
v 29.3421 		-34.9207 		3.8893
v 30.1895 		-34.7046 		3.9648
v 29.6477 		-31.3468 		5.1387
v 29.3394 		-34.8934 		3.8989
v 30.1792 		-34.6637 		3.9791
v 29.6643 		-31.3713 		5.1301
v 29.3371 		-34.8635 		3.9093
v 30.1686 		-34.6208 		3.9941
v 29.6797 		-31.3989 		5.1205
v 29.3353 		-34.831 		3.9206
v 30.1578 		-34.5759 		4.0098
v 29.6937 		-31.4295 		5.1097
v 29.3341 		-34.796 		3.9329
v 29.7065 		-31.4632 		5.098
v 29.3333 		-34.7585 		3.946
v 29.3331 		-33.4586 		4.4004
v 29.7186 		-31.5003 		5.085
v 29.3331 		-34.7184 		3.96
v 29.7294 		-31.5409 		5.0708
v 29.7391 		-31.5851 		5.0554
v 29.7476 		-31.6328 		5.0387
v 29.4727 		-33.0862 		4.5306
v 29.7548 		-31.6842 		5.0207
v 29.5014 		-33.0847 		4.5311
v 29.7609 		-31.7391 		5.0015
v 29.5284 		-33.0801 		4.5327
v 29.7664 		-31.7977 		4.981
v 29.5538 		-33.0724 		4.5354
v 29.7709 		-31.8602 		4.9592
v 29.5774 		-33.0617 		4.5392
v 29.5993 		-33.0479 		4.544
v 29.7744 		-31.9265 		4.936
v 29.6195 		-33.031 		4.5499
v 29.777 		-31.9966 		4.9115
v 29.6381 		-33.0095 		4.5574
v 29.7785 		-32.0705 		4.8857
v 29.6555 		-32.9846 		4.5661
v 29.779 		-32.1483 		4.8585
v 29.7785 		-32.2249 		4.8317
v 29.6716 		-32.9563 		4.576
v 29.7772 		-32.2985 		4.806
v 29.6863 		-32.9248 		4.587
v 29.7749 		-32.369 		4.7813
v 29.6998 		-32.8899 		4.5992
v 29.7717 		-32.4364 		4.7578
v 29.7119 		-32.8517 		4.6126
v 29.7676 		-32.5008 		4.7353
v 29.7234 		-32.8118 		4.6265
v 29.7627 		-32.5621 		4.7138
v 29.7337 		-32.7685 		4.6417
v 29.7572 		-32.6187 		4.694
v 29.7427 		-32.7219 		4.658
v 29.7506 		-32.6719 		4.6754
v 32.2469 		-30.8525 		2.9401
v 32.2516 		-31.0219 		2.8809
v 32.2531 		-31.1969 		2.8197
v 32.2282 		-30.5307 		3.0526
v 32.2391 		-30.6888 		2.9973
v 32.1969 		-30.2313 		3.1572
v 32.2141 		-30.3782 		3.1059
v 32.1536 		-29.9596 		3.2522
v 32.1768 		-30.0921 		3.2059
v 32.0987 		-29.7144 		3.338
v 32.1276 		-29.8336 		3.2963
v 32.032 		-29.4957 		3.4144
v 32.0668 		-29.6017 		3.3773
v 31.9541 		-29.3062 		3.4806
v 31.9944 		-29.397 		3.4489
v 31.8652 		-29.1483 		3.5358
v 31.911 		-29.2233 		3.5096
v 31.7656 		-29.0222 		3.5799
v 31.8168 		-29.0813 		3.5593
v 31.6554 		-28.9276 		3.613
v 31.7117 		-28.9702 		3.5981
v 31.5352 		-28.8709 		3.6328
v 31.5965 		-28.8946 		3.6245
v 31.4049 		-28.852 		3.6394
v 31.4713 		-28.8568 		3.6378
v 31.2663 		-28.8709 		3.6328
v 31.334 		-28.8568 		3.6378
v 31.1406 		-28.9276 		3.613
v 31.2018 		-28.8946 		3.6245
v 31.0278 		-29.0222 		3.5799
v 31.0826 		-28.9702 		3.5981
v 30.9263 		-29.1478 		3.536
v 30.9756 		-29.0812 		3.5593
v 30.8369 		-29.3041 		3.4814
v 30.8801 		-29.2222 		3.51
v 30.7596 		-29.4911 		3.416
v 30.7967 		-29.3938 		3.45
v 30.6953 		-29.7103 		3.3394
v 30.726 		-29.5972 		3.3789
v 30.6428 		-29.957 		3.2531
v 30.6676 		-29.8302 		3.2975
v 30.6019 		-30.2313 		3.1572
v 30.6209 		-30.0907 		3.2064
v 30.5727 		-30.5302 		3.0528
v 30.5858 		-30.3781 		3.1059
v 30.5552 		-30.8505 		2.9408
v 30.5625 		-30.6877 		2.9977
v 30.5493 		-31.1923 		2.8213
v 30.5508 		-31.0187 		2.882
v 30.9723 		-31.0465 		2.8723
v 30.9716 		-31.1969 		2.8197
v 30.9723 		-31.3473 		2.7671
v 30.5552 		-31.5345 		2.7017
v 30.5508 		-31.3659 		2.7606
v 30.5727 		-31.8564 		2.5892
v 30.5625 		-31.698 		2.6445
v 30.6019 		-32.1578 		2.4838
v 30.5858 		-32.0096 		2.5356
v 30.6428 		-32.4321 		2.3879
v 30.6209 		-32.2984 		2.4346
v 30.6953 		-32.6788 		2.3016
v 30.6676 		-32.5589 		2.3436
v 30.7596 		-32.898 		2.225
v 30.726 		-32.7919 		2.2621
v 30.8359 		-33.088 		2.1586
v 30.7962 		-32.9968 		2.1905
v 30.9247 		-33.2474 		2.1029
v 30.8788 		-33.1716 		2.1294
v 31.026 		-33.3762 		2.0579
v 30.9738 		-33.3156 		2.079
v 31.1394 		-33.4681 		2.0257
v 31.0813 		-33.4267 		2.0402
v 31.2645 		-33.5233 		2.0064
v 31.2005 		-33.5003 		2.0145
v 31.4012 		-33.5417 		2
v 31.3314 		-33.5371 		2.0016
v 31.5327 		-33.5233 		2.0064
v 31.4682 		-33.5371 		2.0016
v 31.6542 		-33.4681 		2.0257
v 31.5947 		-33.5003 		2.0145
v 31.7656 		-33.3762 		2.0579
v 31.7111 		-33.4267 		2.0402
v 31.8652 		-33.2474 		2.1029
v 31.8168 		-33.3156 		2.079
v 31.9541 		-33.088 		2.1586
v 31.911 		-33.1716 		2.1294
v 32.032 		-32.898 		2.225
v 31.9944 		-32.9968 		2.1905
v 32.0987 		-32.6788 		2.3016
v 32.0668 		-32.7919 		2.2621
v 32.1536 		-32.4321 		2.3879
v 32.1276 		-32.5589 		2.3436
v 32.1969 		-32.1578 		2.4838
v 32.1768 		-32.2984 		2.4346
v 32.2282 		-31.8589 		2.5883
v 32.2141 		-32.011 		2.5351
v 32.2469 		-31.5386 		2.7002
v 32.2391 		-31.7015 		2.6433
v 32.2516 		-31.3704 		2.759
v 30.9741 		-30.9021 		2.9227
v 30.9741 		-31.4921 		2.7165
v 30.9771 		-30.7635 		2.9712
v 30.9771 		-31.6313 		2.6678
v 30.9813 		-30.6308 		3.0176
v 30.9813 		-31.7649 		2.6211
v 30.9868 		-31.8929 		2.5764
v 30.9868 		-30.504 		3.0619
v 30.9934 		-32.0152 		2.5336
v 30.9934 		-30.3831 		3.1042
v 31.0021 		-32.1317 		2.4929
v 31.0021 		-30.2666 		3.1449
v 31.0123 		-32.2421 		2.4543
v 31.0123 		-30.1562 		3.1835
v 31.0242 		-32.3463 		2.4179
v 31.0242 		-30.052 		3.2199
v 31.0377 		-32.4444 		2.3836
v 31.0377 		-29.954 		3.2542
v 31.0528 		-32.5363 		2.3515
v 31.0528 		-29.862 		3.2863
v 31.0695 		-32.6221 		2.3215
v 31.0695 		-29.7762 		3.3164
v 31.0873 		-32.7016 		2.2937
v 31.0873 		-29.6967 		3.3441
v 31.107 		-32.7744 		2.2682
v 31.107 		-29.6239 		3.3696
v 31.1284 		-32.8405 		2.2451
v 31.1284 		-29.5578 		3.3927
v 31.1517 		-29.4983 		3.4135
v 31.1517 		-32.9 		2.2243
v 31.1768 		-29.4454 		3.432
v 31.1768 		-32.9529 		2.2058
v 31.2037 		-29.3992 		3.4481
v 31.2037 		-32.9991 		2.1897
v 31.2319 		-29.3584 		3.4624
v 31.2318 		-33.0385 		2.1759
v 31.2623 		-29.3251 		3.474
v 31.2619 		-33.0707 		2.1647
v 31.2947 		-29.2992 		3.4831
v 31.2938 		-33.0957 		2.1559
v 31.3293 		-29.2806 		3.4896
v 31.3277 		-33.1136 		2.1497
v 31.366 		-29.2695 		3.4935
v 31.3635 		-33.1243 		2.1459
v 31.4012 		-33.1279 		2.1447
v 31.4049 		-29.2658 		3.4948
v 31.4395 		-33.1243 		2.1459
v 31.4426 		-29.2695 		3.4935
v 31.4784 		-29.2806 		3.4896
v 31.4759 		-33.1136 		2.1497
v 31.5122 		-29.2992 		3.4831
v 31.5104 		-33.0957 		2.1559
v 31.5442 		-29.3251 		3.474
v 31.543 		-33.0707 		2.1647
v 31.5743 		-29.3584 		3.4624
v 31.5737 		-33.0385 		2.1759
v 31.6024 		-29.3992 		3.4481
v 31.6024 		-32.9991 		2.1897
v 31.6288 		-29.4454 		3.432
v 31.6288 		-32.9529 		2.2058
v 31.6534 		-29.4983 		3.4135
v 31.6534 		-32.9 		2.2243
v 31.6763 		-29.5578 		3.3927
v 31.6763 		-32.8405 		2.2451
v 31.6975 		-29.6239 		3.3696
v 31.6975 		-32.7744 		2.2682
v 31.717 		-29.6967 		3.3441
v 31.717 		-32.7016 		2.2937
v 31.7347 		-29.7762 		3.3164
v 31.7347 		-32.6221 		2.3215
v 31.7503 		-29.862 		3.2863
v 31.7503 		-32.5363 		2.3515
v 31.7645 		-29.954 		3.2542
v 31.7645 		-32.4444 		2.3836
v 31.7773 		-30.052 		3.2199
v 31.7773 		-32.3463 		2.4179
v 31.7887 		-30.1562 		3.1835
v 31.7887 		-32.2421 		2.4543
v 31.7987 		-30.2666 		3.1449
v 31.7987 		-32.1317 		2.4929
v 31.8072 		-30.3831 		3.1042
v 31.8072 		-32.0152 		2.5336
v 31.8144 		-30.504 		3.0619
v 31.8144 		-31.8929 		2.5764
v 31.8203 		-30.6308 		3.0176
v 31.8203 		-31.7649 		2.6211
v 31.8249 		-30.7635 		2.9712
v 31.8249 		-31.6313 		2.6678
v 31.8282 		-30.9021 		2.9227
v 31.8282 		-31.4921 		2.7165
v 31.8301 		-31.3473 		2.7671
v 31.8301 		-31.0465 		2.8723
v 31.8308 		-31.1969 		2.8197
v 32.2531 		-33.1552 		4.5065
v 32.2516 		-32.9802 		4.5677
v 32.2469 		-32.8109 		4.6269
v 32.2391 		-32.6471 		4.6841
v 32.2282 		-32.489 		4.7394
v 32.2141 		-32.3365 		4.7927
v 32.1969 		-32.1897 		4.844
v 32.1768 		-32.0505 		4.8927
v 32.1536 		-31.9179 		4.939
v 32.1276 		-31.792 		4.983
v 32.0987 		-31.6727 		5.0247
v 32.0668 		-31.56 		5.0641
v 32.032 		-31.454 		5.1012
v 31.9944 		-31.3553 		5.1357
v 31.9541 		-31.2645 		5.1674
v 31.911 		-31.1816 		5.1964
v 31.8652 		-31.1067 		5.2226
v 31.8168 		-31.0396 		5.2461
v 31.7656 		-30.9805 		5.2667
v 31.7117 		-30.9285 		5.2849
v 31.6554 		-30.886 		5.2998
v 31.5965 		-30.8529 		5.3113
v 31.5352 		-30.8293 		5.3196
v 31.4713 		-30.8151 		5.3245
v 31.4049 		-30.8104 		5.3262
v 31.334 		-30.8151 		5.3245
v 31.2663 		-30.8293 		5.3196
v 31.2018 		-30.8529 		5.3113
v 31.1406 		-30.886 		5.2998
v 31.0826 		-30.9285 		5.2849
v 31.0278 		-30.9805 		5.2667
v 30.9756 		-31.0395 		5.2461
v 30.9263 		-31.1061 		5.2228
v 30.8801 		-31.1805 		5.1968
v 30.8369 		-31.2625 		5.1681
v 30.7967 		-31.3521 		5.1368
v 30.7596 		-31.4494 		5.1028
v 30.726 		-31.5556 		5.0657
v 30.6953 		-31.6686 		5.0262
v 30.6676 		-31.7885 		4.9842
v 30.6428 		-31.9153 		4.9399
v 30.6209 		-32.0491 		4.8932
v 30.6019 		-32.1897 		4.844
v 30.5858 		-32.3364 		4.7927
v 30.5727 		-32.4885 		4.7395
v 30.5625 		-32.646 		4.6845
v 30.5552 		-32.8088 		4.6276
v 30.5508 		-32.977 		4.5688
v 30.5493 		-33.1506 		4.5081
v 30.9716 		-33.1552 		4.5065
v 30.9723 		-33.0049 		4.559
v 30.9723 		-33.3056 		4.4539
v 30.5508 		-33.3243 		4.4474
v 30.5552 		-33.4929 		4.3884
v 30.5625 		-33.6563 		4.3313
v 30.5727 		-33.8147 		4.2759
v 30.5858 		-33.968 		4.2224
v 30.6019 		-34.1161 		4.1706
v 30.6209 		-34.2567 		4.1214
v 30.6428 		-34.3904 		4.0747
v 30.6676 		-34.5172 		4.0303
v 30.6953 		-34.6372 		3.9884
v 30.726 		-34.7502 		3.9489
v 30.7596 		-34.8563 		3.9118
v 30.7962 		-34.9552 		3.8772
v 30.8359 		-35.0464 		3.8454
v 30.8788 		-35.1299 		3.8162
v 30.9247 		-35.2057 		3.7896
v 30.9738 		-35.2739 		3.7658
v 31.026 		-35.3345 		3.7446
v 31.0813 		-35.3851 		3.727
v 31.1394 		-35.4264 		3.7125
v 31.2005 		-35.4586 		3.7012
v 31.2645 		-35.4816 		3.6932
v 31.3314 		-35.4954 		3.6884
v 31.4012 		-35.5 		3.6868
v 31.4682 		-35.4954 		3.6884
v 31.5327 		-35.4816 		3.6932
v 31.5947 		-35.4586 		3.7012
v 31.6542 		-35.4264 		3.7125
v 31.7111 		-35.3851 		3.727
v 31.7656 		-35.3345 		3.7446
v 31.8168 		-35.2739 		3.7658
v 31.8652 		-35.2057 		3.7896
v 31.911 		-35.1299 		3.8162
v 31.9541 		-35.0464 		3.8454
v 31.9944 		-34.9552 		3.8772
v 32.032 		-34.8563 		3.9118
v 32.0668 		-34.7502 		3.9489
v 32.0987 		-34.6372 		3.9884
v 32.1276 		-34.5172 		4.0303
v 32.1536 		-34.3904 		4.0747
v 32.1768 		-34.2567 		4.1214
v 32.1969 		-34.1161 		4.1706
v 32.2141 		-33.9694 		4.2219
v 32.2282 		-33.8172 		4.275
v 32.2391 		-33.6598 		4.3301
v 32.2469 		-33.4969 		4.387
v 32.2516 		-33.3287 		4.4458
v 30.9741 		-32.8604 		4.6095
v 30.9741 		-33.4505 		4.4033
v 30.9771 		-32.7219 		4.658
v 30.9771 		-33.5897 		4.3546
v 30.9813 		-32.5892 		4.7044
v 30.9813 		-33.7233 		4.3079
v 30.9868 		-33.8512 		4.2632
v 30.9868 		-32.4623 		4.7487
v 30.9934 		-33.9736 		4.2204
v 30.9934 		-32.3414 		4.791
v 31.0021 		-34.09 		4.1797
v 31.0021 		-32.2249 		4.8317
v 31.0123 		-34.2004 		4.1411
v 31.0123 		-32.1146 		4.8703
v 31.0242 		-34.3046 		4.1047
v 31.0242 		-32.0104 		4.9067
v 31.0377 		-34.4027 		4.0704
v 31.0377 		-31.9123 		4.941
v 31.0528 		-34.4946 		4.0382
v 31.0528 		-31.8203 		4.9731
v 31.0695 		-34.5805 		4.0082
v 31.0695 		-31.7345 		5.0031
v 31.0873 		-34.6599 		3.9805
v 31.0873 		-31.6551 		5.0309
v 31.107 		-34.7327 		3.955
v 31.107 		-31.5823 		5.0564
v 31.1284 		-34.7989 		3.9319
v 31.1284 		-31.5161 		5.0795
v 31.1517 		-31.4566 		5.1003
v 31.1517 		-34.8584 		3.9111
v 31.1768 		-31.4037 		5.1188
v 31.1768 		-34.9112 		3.8926
v 31.2037 		-31.3575 		5.1349
v 31.2037 		-34.9575 		3.8764
v 31.2319 		-31.3167 		5.1492
v 31.2318 		-34.9968 		3.8627
v 31.2623 		-31.2834 		5.1608
v 31.2619 		-35.029 		3.8514
v 31.2947 		-31.2575 		5.1699
v 31.2938 		-35.054 		3.8427
v 31.3293 		-31.239 		5.1764
v 31.3277 		-35.0719 		3.8364
v 31.366 		-31.2279 		5.1802
v 31.3635 		-35.0826 		3.8327
v 31.4012 		-35.0862 		3.8314
v 31.4049 		-31.2242 		5.1815
v 31.4395 		-35.0826 		3.8327
v 31.4426 		-31.2279 		5.1802
v 31.4784 		-31.239 		5.1764
v 31.4759 		-35.0719 		3.8364
v 31.5122 		-31.2575 		5.1699
v 31.5104 		-35.054 		3.8427
v 31.5442 		-31.2834 		5.1608
v 31.543 		-35.029 		3.8514
v 31.5743 		-31.3167 		5.1492
v 31.5737 		-34.9968 		3.8627
v 31.6024 		-31.3575 		5.1349
v 31.6024 		-34.9575 		3.8764
v 31.6288 		-31.4037 		5.1188
v 31.6288 		-34.9112 		3.8926
v 31.6534 		-31.4566 		5.1003
v 31.6534 		-34.8584 		3.9111
v 31.6763 		-31.5161 		5.0795
v 31.6763 		-34.7989 		3.9319
v 31.6975 		-31.5823 		5.0564
v 31.6975 		-34.7327 		3.955
v 31.717 		-31.6551 		5.0309
v 31.717 		-34.6599 		3.9805
v 31.7347 		-31.7345 		5.0031
v 31.7347 		-34.5805 		4.0082
v 31.7503 		-31.8203 		4.9731
v 31.7503 		-34.4946 		4.0382
v 31.7645 		-31.9123 		4.941
v 31.7645 		-34.4027 		4.0704
v 31.7773 		-32.0104 		4.9067
v 31.7773 		-34.3046 		4.1047
v 31.7887 		-32.1146 		4.8703
v 31.7887 		-34.2004 		4.1411
v 31.7987 		-32.2249 		4.8317
v 31.7987 		-34.09 		4.1797
v 31.8072 		-32.3414 		4.791
v 31.8072 		-33.9736 		4.2204
v 31.8144 		-32.4623 		4.7487
v 31.8144 		-33.8512 		4.2632
v 31.8203 		-32.5892 		4.7044
v 31.8203 		-33.7233 		4.3079
v 31.8249 		-32.7219 		4.658
v 31.8249 		-33.5897 		4.3546
v 31.8282 		-32.8604 		4.6095
v 31.8282 		-33.4505 		4.4033
v 31.8301 		-33.3056 		4.4539
v 31.8301 		-33.0049 		4.559
v 31.8308 		-33.1552 		4.5065
v 33.9461 		-33.4773 		2.0225
v 32.4634 		-33.4773 		2.0225
v 32.4634 		-33.1371 		2.1414
v 33.8156 		-32.052 		2.5208
v 33.9461 		-32.052 		2.5208
v 33.3334 		-28.921 		3.6153
v 33.3334 		-29.2566 		3.498
v 33.2265 		-29.2566 		3.498
v 32.4634 		-29.2566 		3.498
v 32.4634 		-28.921 		3.6153
v 32.6287 		-29.2804 		3.4897
v 32.6211 		-29.275 		3.4915
v 32.6131 		-29.2694 		3.4935
v 32.5685 		-33.1371 		2.1414
v 33.7739 		-32.5348 		2.352
v 33.218 		-29.2571 		3.4978
v 32.5685 		-29.2566 		3.498
v 32.578 		-33.1367 		2.1416
v 33.7659 		-32.6216 		2.3216
v 33.2096 		-29.2587 		3.4973
v 32.578 		-29.2571 		3.4978
v 32.5872 		-33.1355 		2.142
v 33.7564 		-32.7013 		2.2938
v 33.2011 		-29.2612 		3.4964
v 32.5872 		-29.2587 		3.4973
v 32.5962 		-33.1336 		2.1426
v 33.7453 		-32.7739 		2.2684
v 33.1926 		-29.2648 		3.4951
v 32.5962 		-29.2612 		3.4964
v 32.6048 		-33.1309 		2.1436
v 33.7328 		-32.8393 		2.2456
v 33.1842 		-29.2694 		3.4935
v 32.6048 		-29.2648 		3.4951
v 32.6131 		-33.1275 		2.1448
v 33.7187 		-32.8975 		2.2252
v 33.1757 		-29.275 		3.4915
v 32.6211 		-33.1233 		2.1463
v 33.7032 		-32.9486 		2.2073
v 33.1681 		-29.2803 		3.4897
v 32.6287 		-33.1179 		2.1481
v 33.6858 		-32.9907 		2.1926
v 33.1608 		-29.2868 		3.4874
v 32.636 		-29.2873 		3.4873
v 32.636 		-33.111 		2.1505
v 33.6661 		-33.0252 		2.1805
v 33.154 		-29.2946 		3.4847
v 32.6428 		-29.2957 		3.4843
v 32.6428 		-33.1026 		2.1535
v 33.6443 		-33.052 		2.1712
v 33.1475 		-29.3036 		3.4815
v 32.6493 		-29.3057 		3.4808
v 32.6493 		-33.0926 		2.157
v 33.6202 		-33.0712 		2.1645
v 33.1415 		-29.314 		3.4779
v 32.6553 		-29.3172 		3.4768
v 32.6553 		-33.0811 		2.161
v 33.5939 		-33.0827 		2.1605
v 32.661 		-33.0681 		2.1655
v 33.5654 		-33.0865 		2.1591
v 33.1359 		-29.3256 		3.4739
v 32.6668 		-33.0519 		2.1712
v 33.0978 		-33.0865 		2.1591
v 33.13 		-29.3404 		3.4687
v 32.672 		-33.0339 		2.1775
v 33.1246 		-29.3573 		3.4628
v 32.6768 		-33.0141 		2.1844
v 33.1195 		-29.3762 		3.4562
v 32.6811 		-32.9925 		2.192
v 33.1149 		-29.3971 		3.4489
v 32.6849 		-32.9691 		2.2001
v 33.1107 		-29.4201 		3.4408
v 32.6881 		-32.944 		2.2089
v 33.1069 		-29.4451 		3.4321
v 32.6915 		-32.9149 		2.2191
v 33.1041 		-29.4712 		3.423
v 33.1018 		-29.5003 		3.4128
v 32.6942 		-32.8827 		2.2304
v 33.1001 		-29.5325 		3.4015
v 32.6963 		-32.8474 		2.2427
v 33.0988 		-29.5677 		3.3892
v 32.6978 		-32.8091 		2.2561
v 33.098 		-29.6061 		3.3758
v 32.6987 		-32.7677 		2.2706
v 33.0978 		-29.6474 		3.3614
v 32.699 		-32.7233 		2.2861
v 32.661 		-29.3302 		3.4723
v 32.699 		-29.675 		3.3517
v 32.6668 		-29.3464 		3.4666
v 32.6987 		-29.6306 		3.3672
v 32.672 		-29.3644 		3.4603
v 32.6978 		-29.5892 		3.3817
v 32.6768 		-29.3842 		3.4534
v 32.6963 		-29.5509 		3.3951
v 32.6811 		-29.4058 		3.4458
v 32.6942 		-29.5156 		3.4074
v 32.6849 		-29.4292 		3.4377
v 32.6915 		-29.4835 		3.4187
v 32.6881 		-29.4543 		3.4289
v 32.4634 		-35.0954 		3.8282
v 32.4634 		-35.4356 		3.7093
v 33.9461 		-35.4356 		3.7093
v 33.9461 		-34.0104 		4.2075
v 33.8156 		-34.0104 		4.2075
v 33.2265 		-31.215 		5.1848
v 33.3334 		-31.215 		5.1848
v 33.3334 		-30.8793 		5.3021
v 32.4634 		-30.8793 		5.3021
v 32.4634 		-31.215 		5.1848
v 32.6131 		-31.2277 		5.1803
v 32.6211 		-31.2334 		5.1783
v 32.6287 		-31.2387 		5.1765
v 32.5685 		-35.0954 		3.8282
v 33.7739 		-34.4931 		4.0388
v 33.218 		-31.2155 		5.1846
v 32.5685 		-31.215 		5.1848
v 32.578 		-35.095 		3.8284
v 33.7659 		-34.58 		4.0084
v 33.2096 		-31.217 		5.184
v 32.578 		-31.2155 		5.1846
v 32.5872 		-35.0939 		3.8288
v 33.7564 		-34.6596 		3.9806
v 33.2011 		-31.2196 		5.1831
v 32.5872 		-31.217 		5.184
v 32.5962 		-35.092 		3.8294
v 33.7453 		-34.7322 		3.9552
v 33.1926 		-31.2231 		5.1819
v 32.5962 		-31.2196 		5.1831
v 32.6048 		-35.0893 		3.8304
v 33.7328 		-34.7976 		3.9323
v 33.1842 		-31.2277 		5.1803
v 32.6048 		-31.2231 		5.1819
v 32.6131 		-35.0858 		3.8316
v 33.7187 		-34.8558 		3.912
v 33.1757 		-31.2334 		5.1783
v 32.6211 		-35.0816 		3.833
v 33.7032 		-34.9069 		3.8941
v 33.1681 		-31.2386 		5.1765
v 32.6287 		-35.0762 		3.8349
v 33.6858 		-34.949 		3.8794
v 33.1608 		-31.2451 		5.1742
v 32.636 		-31.2456 		5.174
v 32.636 		-35.0694 		3.8373
v 33.6661 		-34.9835 		3.8673
v 33.154 		-31.2529 		5.1715
v 32.6428 		-31.254 		5.1711
v 32.6428 		-35.0609 		3.8403
v 33.6443 		-35.0103 		3.858
v 33.1475 		-31.262 		5.1683
v 32.6493 		-31.264 		5.1676
v 32.6493 		-35.051 		3.8438
v 33.6202 		-35.0295 		3.8513
v 33.1415 		-31.2723 		5.1647
v 32.6553 		-31.2755 		5.1636
v 32.6553 		-35.0395 		3.8478
v 33.5939 		-35.041 		3.8472
v 32.661 		-35.0264 		3.8523
v 33.5654 		-35.0448 		3.8459
v 33.1359 		-31.2839 		5.1606
v 32.6668 		-35.0102 		3.858
v 33.0978 		-35.0448 		3.8459
v 33.13 		-31.2987 		5.1555
v 32.672 		-34.9922 		3.8643
v 33.1246 		-31.3156 		5.1496
v 32.6768 		-34.9724 		3.8712
v 33.1195 		-31.3345 		5.143
v 32.6811 		-34.9508 		3.8788
v 33.1149 		-31.3554 		5.1356
v 32.6849 		-34.9275 		3.8869
v 33.1107 		-31.3784 		5.1276
v 32.6881 		-34.9023 		3.8957
v 33.1069 		-31.4035 		5.1189
v 32.6915 		-34.8732 		3.9059
v 33.1041 		-31.4295 		5.1097
v 33.1018 		-31.4586 		5.0996
v 32.6942 		-34.841 		3.9172
v 33.1001 		-31.4908 		5.0883
v 32.6963 		-34.8058 		3.9295
v 33.0988 		-31.5261 		5.076
v 32.6978 		-34.7674 		3.9429
v 33.098 		-31.5644 		5.0626
v 32.6987 		-34.7261 		3.9573
v 33.0978 		-31.6058 		5.0481
v 32.699 		-34.6816 		3.9729
v 32.661 		-31.2885 		5.159
v 32.699 		-31.6334 		5.0385
v 32.6668 		-31.3047 		5.1534
v 32.6987 		-31.5889 		5.054
v 32.672 		-31.3228 		5.1471
v 32.6978 		-31.5475 		5.0685
v 32.6768 		-31.3425 		5.1402
v 32.6963 		-31.5092 		5.0819
v 32.6811 		-31.3641 		5.1326
v 32.6942 		-31.474 		5.0942
v 32.6849 		-31.3875 		5.1244
v 32.6915 		-31.4418 		5.1055
v 32.6881 		-31.4127 		5.1156
v 35.3399 		-30.9072 		2.921
v 35.3399 		-31.2888 		2.7876
v 34.7418 		-31.2888 		2.7876
v 35.5103 		-30.098 		3.2038
v 35.3399 		-30.098 		3.2038
v 35.3272 		-29.7992 		3.3083
v 34.1074 		-29.2612 		3.4964
v 34.1074 		-28.921 		3.6153
v 35.5103 		-28.921 		3.6153
v 34.1074 		-33.4773 		2.0225
v 34.1074 		-33.1371 		2.1414
v 34.2125 		-33.1371 		2.1414
v 35.4269 		-32.3049 		2.4324
v 35.5919 		-32.3049 		2.4324
v 35.5919 		-33.4773 		2.0225
v 35.405 		-32.6385 		2.3157
v 35.407 		-32.6037 		2.3279
v 35.385 		-32.8255 		2.2504
v 35.3889 		-32.7969 		2.2604
v 35.3929 		-32.7672 		2.2707
v 34.7418 		-30.9072 		2.921
v 35.3229 		-29.7241 		3.3346
v 34.2125 		-29.2612 		3.4964
v 34.2215 		-33.1368 		2.1415
v 35.3172 		-29.6551 		3.3587
v 34.222 		-29.2616 		3.4962
v 34.2302 		-33.1361 		2.1418
v 35.4026 		-32.6722 		2.304
v 35.31 		-29.5923 		3.3806
v 34.2312 		-29.2628 		3.4958
v 34.2388 		-33.1348 		2.1422
v 35.3998 		-32.7049 		2.2925
v 35.3015 		-29.5356 		3.4005
v 34.2402 		-29.2647 		3.4952
v 34.2472 		-33.133 		2.1429
v 35.3965 		-32.7366 		2.2815
v 35.2915 		-29.485 		3.4181
v 34.2488 		-29.2674 		3.4942
v 34.2553 		-33.1307 		2.1437
v 35.2801 		-29.4405 		3.4337
v 34.2571 		-29.2708 		3.493
v 34.2633 		-33.1279 		2.1447
v 35.2669 		-29.4012 		3.4474
v 34.2651 		-29.275 		3.4915
v 34.271 		-33.1225 		2.1465
v 35.3806 		-32.853 		2.2407
v 34.2727 		-29.2805 		3.4896
v 34.2784 		-33.1156 		2.1489
v 35.3757 		-32.8796 		2.2314
v 35.2513 		-29.369 		3.4587
v 34.28 		-29.2878 		3.4871
v 34.2855 		-33.1072 		2.1519
v 35.3703 		-32.9052 		2.2225
v 35.2334 		-29.344 		3.4674
v 34.2868 		-29.2969 		3.4839
v 34.2923 		-33.0972 		2.1554
v 35.3645 		-32.9297 		2.2139
v 35.2133 		-29.3261 		3.4737
v 34.2933 		-29.3077 		3.4801
v 34.2988 		-33.0857 		2.1594
v 35.3581 		-32.9532 		2.2057
v 35.1908 		-29.3154 		3.4774
v 34.2993 		-29.3204 		3.4757
v 35.3512 		-32.9739 		2.1985
v 35.1659 		-29.3118 		3.4787
v 34.305 		-29.3348 		3.4706
v 34.305 		-33.0727 		2.1639
v 35.344 		-32.993 		2.1918
v 34.7418 		-29.3118 		3.4787
v 34.3108 		-29.3497 		3.4654
v 34.3108 		-33.0593 		2.1686
v 35.3363 		-33.0106 		2.1856
v 34.316 		-33.0436 		2.1741
v 35.3283 		-33.0267 		2.18
v 34.316 		-29.367 		3.4594
v 34.3208 		-33.0256 		2.1804
v 35.3198 		-33.0413 		2.1749
v 34.3251 		-33.0053 		2.1875
v 35.3109 		-33.0543 		2.1704
v 34.3208 		-29.3865 		3.4526
v 34.3289 		-32.9827 		2.1954
v 35.3016 		-33.0642 		2.1669
v 34.3321 		-32.9578 		2.2041
v 35.2916 		-33.0722 		2.1641
v 34.3251 		-29.4084 		3.4449
v 34.3355 		-32.9318 		2.2132
v 35.281 		-33.0785 		2.1619
v 34.3289 		-29.4325 		3.4365
v 34.3382 		-32.9031 		2.2232
v 35.2699 		-33.0829 		2.1604
v 34.3321 		-29.4589 		3.4273
v 35.2581 		-33.0856 		2.1594
v 34.3355 		-29.4866 		3.4176
v 35.2457 		-33.0865 		2.1591
v 34.7418 		-33.0865 		2.1591
v 34.3382 		-29.5177 		3.4067
v 34.3403 		-29.552 		3.3947
v 34.3403 		-32.8716 		2.2343
v 34.3418 		-29.5897 		3.3815
v 34.3418 		-32.8372 		2.2463
v 34.3427 		-29.6307 		3.3672
v 34.3427 		-32.8 		2.2593
v 34.343 		-29.675 		3.3517
v 34.343 		-32.7601 		2.2732
v 34.7418 		-33.2471 		4.4743
v 35.3399 		-33.2471 		4.4743
v 35.3399 		-32.8655 		4.6077
v 35.3272 		-31.7575 		4.9951
v 35.3399 		-32.0563 		4.8906
v 35.5103 		-32.0563 		4.8906
v 35.5103 		-30.8793 		5.3021
v 34.1074 		-30.8793 		5.3021
v 34.1074 		-31.2196 		5.1831
v 34.2125 		-35.0954 		3.8282
v 34.1074 		-35.0954 		3.8282
v 34.1074 		-35.4356 		3.7093
v 35.5919 		-35.4356 		3.7093
v 35.5919 		-34.2632 		4.1191
v 35.4269 		-34.2632 		4.1191
v 35.407 		-34.5621 		4.0147
v 35.405 		-34.5968 		4.0025
v 35.3929 		-34.7255 		3.9575
v 35.3889 		-34.7552 		3.9472
v 35.385 		-34.7838 		3.9372
v 34.7418 		-32.8655 		4.6077
v 35.3229 		-31.6824 		5.0213
v 34.2125 		-31.2196 		5.1831
v 34.2215 		-35.0951 		3.8283
v 35.3172 		-31.6134 		5.0455
v 34.222 		-31.2199 		5.183
v 34.2302 		-35.0944 		3.8286
v 35.4026 		-34.6305 		3.9907
v 35.31 		-31.5506 		5.0674
v 34.2312 		-31.2211 		5.1826
v 34.2388 		-35.0931 		3.829
v 35.3998 		-34.6632 		3.9793
v 35.3015 		-31.4939 		5.0872
v 34.2402 		-31.223 		5.1819
v 34.2472 		-35.0913 		3.8297
v 35.3965 		-34.6949 		3.9682
v 35.2915 		-31.4433 		5.1049
v 34.2488 		-31.2257 		5.181
v 34.2553 		-35.089 		3.8305
v 35.2801 		-31.3989 		5.1205
v 34.2571 		-31.2291 		5.1798
v 34.2633 		-35.0862 		3.8314
v 35.2669 		-31.3595 		5.1342
v 34.2651 		-31.2334 		5.1783
v 34.271 		-35.0808 		3.8333
v 35.3806 		-34.8114 		3.9275
v 34.2727 		-31.2388 		5.1764
v 34.2784 		-35.0739 		3.8357
v 35.3757 		-34.8379 		3.9182
v 35.2513 		-31.3273 		5.1455
v 34.28 		-31.2461 		5.1739
v 34.2855 		-35.0655 		3.8387
v 35.3703 		-34.8635 		3.9093
v 35.2334 		-31.3023 		5.1542
v 34.2868 		-31.2552 		5.1707
v 34.2923 		-35.0556 		3.8422
v 35.3645 		-34.888 		3.9007
v 35.2133 		-31.2844 		5.1605
v 34.2933 		-31.266 		5.1669
v 34.2988 		-35.0441 		3.8462
v 35.3581 		-34.9115 		3.8925
v 35.1908 		-31.2737 		5.1642
v 34.2993 		-31.2787 		5.1625
v 35.3512 		-34.9322 		3.8853
v 35.1659 		-31.2701 		5.1655
v 34.305 		-31.2931 		5.1574
v 34.305 		-35.031 		3.8507
v 35.344 		-34.9513 		3.8786
v 34.7418 		-31.2701 		5.1655
v 34.3108 		-31.3081 		5.1522
v 34.3108 		-35.0176 		3.8554
v 35.3363 		-34.969 		3.8724
v 34.316 		-35.0019 		3.8609
v 35.3283 		-34.9851 		3.8668
v 34.316 		-31.3253 		5.1462
v 34.3208 		-34.9839 		3.8672
v 35.3198 		-34.9996 		3.8617
v 34.3251 		-34.9636 		3.8743
v 35.3109 		-35.0126 		3.8572
v 34.3208 		-31.3448 		5.1393
v 34.3289 		-34.941 		3.8822
v 35.3016 		-35.0225 		3.8537
v 34.3321 		-34.9161 		3.8909
v 35.2916 		-35.0305 		3.8509
v 34.3251 		-31.3667 		5.1317
v 34.3355 		-34.8902 		3.9
v 35.281 		-35.0368 		3.8487
v 34.3289 		-31.3908 		5.1233
v 34.3382 		-34.8614 		3.91
v 35.2699 		-35.0413 		3.8472
v 34.3321 		-31.4173 		5.114
v 35.2581 		-35.0439 		3.8462
v 34.3355 		-31.445 		5.1043
v 35.2457 		-35.0448 		3.8459
v 34.7418 		-35.0448 		3.8459
v 34.3382 		-31.476 		5.0935
v 34.3403 		-31.5104 		5.0815
v 34.3403 		-34.8299 		3.921
v 34.3418 		-31.548 		5.0683
v 34.3418 		-34.7955 		3.9331
v 34.3427 		-31.589 		5.054
v 34.3427 		-34.7584 		3.946
v 34.343 		-31.6334 		5.0385
v 34.343 		-34.7184 		3.96
v 37.2939 		-30.1624 		3.1813
v 37.1308 		-30.1624 		3.1813
v 37.1126 		-29.767 		3.3196
v 35.8746 		-30.1624 		3.1813
v 35.7115 		-30.1624 		3.1813
v 35.7115 		-28.921 		3.6153
v 35.8942 		-29.7322 		3.3317
v 35.8928 		-29.767 		3.3196
v 36.0686 		-33.4773 		2.0225
v 36.0686 		-33.1371 		2.1414
v 36.1737 		-33.1371 		2.1414
v 36.9386 		-33.1371 		2.1414
v 36.9386 		-33.4773 		2.0225
v 37.1107 		-29.7322 		3.3317
v 36.1832 		-33.1367 		2.1416
v 36.8317 		-33.1371 		2.1414
v 37.1084 		-29.6985 		3.3435
v 35.8962 		-29.6985 		3.3435
v 36.1924 		-33.1355 		2.142
v 36.8227 		-33.1367 		2.1416
v 37.1058 		-29.6658 		3.3549
v 35.8987 		-29.6658 		3.3549
v 36.2014 		-33.1336 		2.1426
v 36.814 		-33.1355 		2.142
v 37.103 		-29.6342 		3.366
v 35.9016 		-29.6342 		3.366
v 36.21 		-33.1309 		2.1436
v 36.8054 		-33.1336 		2.1426
v 37.0998 		-29.6035 		3.3767
v 35.9051 		-29.6035 		3.3767
v 36.2183 		-33.1275 		2.1448
v 36.797 		-33.1309 		2.1436
v 37.0963 		-29.5739 		3.3871
v 35.9091 		-29.5739 		3.3871
v 36.2263 		-33.1233 		2.1463
v 36.7889 		-33.1275 		2.1448
v 37.0923 		-29.5471 		3.3964
v 35.9131 		-29.5471 		3.3964
v 36.2339 		-33.1179 		2.1481
v 36.7809 		-33.1233 		2.1463
v 37.0875 		-29.5218 		3.4053
v 35.9179 		-29.5218 		3.4053
v 36.2412 		-33.111 		2.1505
v 36.7732 		-33.1179 		2.1481
v 37.0818 		-29.498 		3.4136
v 35.9236 		-29.498 		3.4136
v 36.248 		-33.1026 		2.1535
v 36.7658 		-33.111 		2.1505
v 37.0754 		-29.4758 		3.4214
v 35.93 		-29.4758 		3.4214
v 36.2545 		-33.0926 		2.157
v 36.7587 		-33.1026 		2.1535
v 37.2939 		-28.921 		3.6153
v 35.9373 		-29.4551 		3.4286
v 36.2605 		-33.0811 		2.161
v 36.7519 		-33.0926 		2.157
v 37.0681 		-29.4551 		3.4286
v 35.9453 		-29.4359 		3.4353
v 37.0601 		-29.4359 		3.4353
v 35.9536 		-29.4168 		3.442
v 36.2662 		-33.0681 		2.1655
v 37.0518 		-29.4168 		3.442
v 35.9627 		-29.3992 		3.4481
v 36.2719 		-33.0519 		2.1712
v 37.0427 		-29.3992 		3.4481
v 35.9725 		-29.3831 		3.4538
v 36.2772 		-33.0339 		2.1775
v 37.0329 		-29.3831 		3.4538
v 35.9832 		-29.3685 		3.4589
v 36.282 		-33.0141 		2.1844
v 37.0222 		-29.3685 		3.4589
v 35.9947 		-29.3555 		3.4634
v 36.2863 		-32.9925 		2.192
v 37.0107 		-29.3555 		3.4634
v 36.007 		-29.344 		3.4674
v 36.2901 		-32.9691 		2.2001
v 36.9984 		-29.344 		3.4674
v 36.0202 		-29.3342 		3.4709
v 36.2933 		-32.944 		2.2089
v 36.9852 		-29.3342 		3.4709
v 36.0344 		-29.3261 		3.4737
v 36.2967 		-32.9149 		2.2191
v 36.971 		-29.3261 		3.4737
v 36.0496 		-29.3199 		3.4759
v 36.2994 		-32.8827 		2.2304
v 36.9558 		-29.3199 		3.4759
v 36.3015 		-32.8474 		2.2427
v 36.9396 		-29.3154 		3.4774
v 36.0658 		-29.3154 		3.4774
v 36.303 		-32.8091 		2.2561
v 36.9224 		-29.3127 		3.4784
v 36.083 		-29.3127 		3.4784
v 36.3039 		-32.7677 		2.2706
v 36.9042 		-29.3118 		3.4787
v 36.1012 		-29.3118 		3.4787
v 36.3042 		-32.7233 		2.2861
v 36.703 		-29.3118 		3.4787
v 36.3042 		-29.3118 		3.4787
v 36.7454 		-33.0811 		2.161
v 36.7392 		-33.0681 		2.1655
v 36.703 		-32.7233 		2.2861
v 36.7334 		-33.0519 		2.1712
v 36.7032 		-32.7677 		2.2706
v 36.7282 		-33.0339 		2.1775
v 36.704 		-32.8091 		2.2561
v 36.7234 		-33.0141 		2.1844
v 36.7053 		-32.8474 		2.2427
v 36.7191 		-32.9925 		2.192
v 36.707 		-32.8827 		2.2304
v 36.7153 		-32.9691 		2.2001
v 36.7093 		-32.9149 		2.2191
v 36.7121 		-32.944 		2.2089
v 37.1126 		-31.7253 		5.0063
v 37.1308 		-32.1207 		4.8681
v 37.2939 		-32.1207 		4.8681
v 35.7115 		-30.8793 		5.3021
v 35.7115 		-32.1207 		4.8681
v 35.8746 		-32.1207 		4.8681
v 35.8928 		-31.7253 		5.0063
v 35.8942 		-31.6906 		5.0185
v 36.1737 		-35.0954 		3.8282
v 36.0686 		-35.0954 		3.8282
v 36.0686 		-35.4356 		3.7093
v 36.9386 		-35.4356 		3.7093
v 36.9386 		-35.0954 		3.8282
v 37.1107 		-31.6906 		5.0185
v 36.1832 		-35.095 		3.8284
v 36.8317 		-35.0954 		3.8282
v 37.1084 		-31.6568 		5.0303
v 35.8962 		-31.6568 		5.0303
v 36.1924 		-35.0939 		3.8288
v 36.8227 		-35.095 		3.8284
v 37.1058 		-31.6242 		5.0417
v 35.8987 		-31.6242 		5.0417
v 36.2014 		-35.092 		3.8294
v 36.814 		-35.0939 		3.8288
v 37.103 		-31.5925 		5.0528
v 35.9016 		-31.5925 		5.0528
v 36.21 		-35.0893 		3.8304
v 36.8054 		-35.092 		3.8294
v 37.0998 		-31.5618 		5.0635
v 35.9051 		-31.5618 		5.0635
v 36.2183 		-35.0858 		3.8316
v 36.797 		-35.0893 		3.8304
v 37.0963 		-31.5322 		5.0739
v 35.9091 		-31.5322 		5.0739
v 36.2263 		-35.0816 		3.833
v 36.7889 		-35.0858 		3.8316
v 37.0923 		-31.5054 		5.0832
v 35.9131 		-31.5054 		5.0832
v 36.2339 		-35.0762 		3.8349
v 36.7809 		-35.0816 		3.833
v 37.0875 		-31.4801 		5.0921
v 35.9179 		-31.4801 		5.0921
v 36.2412 		-35.0694 		3.8373
v 36.7732 		-35.0762 		3.8349
v 37.0818 		-31.4563 		5.1004
v 35.9236 		-31.4563 		5.1004
v 36.248 		-35.0609 		3.8403
v 36.7658 		-35.0694 		3.8373
v 37.0754 		-31.4341 		5.1081
v 35.93 		-31.4341 		5.1081
v 36.2545 		-35.051 		3.8438
v 36.7587 		-35.0609 		3.8403
v 37.2939 		-30.8793 		5.3021
v 35.9373 		-31.4134 		5.1154
v 36.2605 		-35.0395 		3.8478
v 36.7519 		-35.051 		3.8438
v 37.0681 		-31.4134 		5.1154
v 35.9453 		-31.3943 		5.1221
v 37.0601 		-31.3943 		5.1221
v 35.9536 		-31.3751 		5.1288
v 36.2662 		-35.0264 		3.8523
v 37.0518 		-31.3751 		5.1288
v 35.9627 		-31.3575 		5.1349
v 36.2719 		-35.0102 		3.858
v 37.0427 		-31.3575 		5.1349
v 35.9725 		-31.3414 		5.1406
v 36.2772 		-34.9922 		3.8643
v 37.0329 		-31.3414 		5.1406
v 35.9832 		-31.3268 		5.1456
v 36.282 		-34.9724 		3.8712
v 37.0222 		-31.3268 		5.1456
v 35.9947 		-31.3138 		5.1502
v 36.2863 		-34.9508 		3.8788
v 37.0107 		-31.3138 		5.1502
v 36.007 		-31.3023 		5.1542
v 36.2901 		-34.9275 		3.8869
v 36.9984 		-31.3023 		5.1542
v 36.0202 		-31.2925 		5.1577
v 36.2933 		-34.9023 		3.8957
v 36.9852 		-31.2925 		5.1577
v 36.0344 		-31.2844 		5.1605
v 36.2967 		-34.8732 		3.9059
v 36.971 		-31.2844 		5.1605
v 36.0496 		-31.2782 		5.1627
v 36.2994 		-34.841 		3.9172
v 36.9558 		-31.2782 		5.1627
v 36.3015 		-34.8058 		3.9295
v 36.9396 		-31.2737 		5.1642
v 36.0658 		-31.2737 		5.1642
v 36.303 		-34.7674 		3.9429
v 36.9224 		-31.271 		5.1652
v 36.083 		-31.271 		5.1652
v 36.3039 		-34.7261 		3.9573
v 36.9042 		-31.2701 		5.1655
v 36.1012 		-31.2701 		5.1655
v 36.3042 		-34.6816 		3.9729
v 36.703 		-31.2701 		5.1655
v 36.3042 		-31.2701 		5.1655
v 36.7454 		-35.0395 		3.8478
v 36.7392 		-35.0264 		3.8523
v 36.703 		-34.6816 		3.9729
v 36.7334 		-35.0102 		3.858
v 36.7032 		-34.7261 		3.9573
v 36.7282 		-34.9922 		3.8643
v 36.704 		-34.7674 		3.9429
v 36.7234 		-34.9724 		3.8712
v 36.7053 		-34.8058 		3.9295
v 36.7191 		-34.9508 		3.8788
v 36.707 		-34.841 		3.9172
v 36.7153 		-34.9275 		3.8869
v 36.7093 		-34.8732 		3.9059
v 36.7121 		-34.9023 		3.8957
v 39.2709 		-30.1565 		3.1834
v 39.246 		-30.1578 		3.1829
v 39.2456 		-30.1043 		3.2017
v 39.3176 		-30.1463 		3.187
v 39.2948 		-30.1527 		3.1847
v 39.3603 		-30.1259 		3.1941
v 39.3395 		-30.1373 		3.1901
v 39.3995 		-30.0971 		3.2042
v 39.3802 		-30.1118 		3.199
v 39.435 		-30.0624 		3.2163
v 39.4178 		-30.0806 		3.2099
v 39.466 		-30.0205 		3.2309
v 39.451 		-30.0423 		3.2233
v 39.4926 		-29.9716 		3.248
v 39.4798 		-29.9969 		3.2392
v 39.5147 		-29.9164 		3.2673
v 39.5042 		-29.9448 		3.2574
v 39.5325 		-29.8551 		3.2888
v 39.5242 		-29.8865 		3.2778
v 39.5458 		-29.7879 		3.3122
v 39.5397 		-29.8222 		3.3003
v 39.5546 		-29.7164 		3.3372
v 39.5507 		-29.7527 		3.3246
v 39.559 		-29.6408 		3.3637
v 39.5574 		-29.6791 		3.3503
v 39.5586 		-29.5499 		3.3955
v 39.5596 		-29.6015 		3.3774
v 39.5505 		-29.4497 		3.4305
v 39.5556 		-29.4993 		3.4131
v 39.5344 		-29.3537 		3.464
v 39.5435 		-29.4012 		3.4474
v 39.5108 		-29.2637 		3.4955
v 39.5233 		-29.3072 		3.4803
v 39.4794 		-29.1819 		3.5241
v 39.4962 		-29.2219 		3.5101
v 39.4395 		-29.1073 		3.5502
v 39.4605 		-29.1437 		3.5374
v 39.3918 		-29.0416 		3.5732
v 39.4164 		-29.0727 		3.5623
v 39.3367 		-28.9854 		3.5928
v 39.3652 		-29.0124 		3.5833
v 39.2734 		-28.9374 		3.6096
v 39.306 		-28.9603 		3.6016
v 39.2015 		-28.8981 		3.6233
v 39.2388 		-28.9164 		3.6169
v 39.121 		-28.8716 		3.6326
v 39.1622 		-28.8832 		3.6285
v 39.0323 		-28.8583 		3.6372
v 39.0777 		-28.8633 		3.6355
v 38.9151 		-28.8615 		3.6361
v 38.985 		-28.8566 		3.6378
v 38.7838 		-28.9003 		3.6225
v 38.8481 		-28.876 		3.631
v 38.6638 		-28.978 		3.5954
v 38.7224 		-28.9343 		3.6107
v 38.5557 		-29.0919 		3.5556
v 38.608 		-29.0313 		3.5767
v 38.4598 		-29.2359 		3.5052
v 38.5063 		-29.1601 		3.5317
v 38.3756 		-29.4107 		3.4441
v 38.4163 		-29.3195 		3.476
v 38.3031 		-29.6156 		3.3725
v 38.3379 		-29.5095 		3.4096
v 38.2423 		-29.8486 		3.291
v 38.2713 		-29.7287 		3.333
v 38.1932 		-30.1091 		3.2
v 38.2163 		-29.9754 		3.2467
v 38.1564 		-30.3948 		3.1001
v 38.173 		-30.2497 		3.1508
v 38.1322 		-30.7003 		2.9933
v 38.1428 		-30.545 		3.0476
v 38.1201 		-31.0262 		2.8794
v 38.1246 		-30.8607 		2.9372
v 38.1201 		-31.3704 		2.759
v 38.1186 		-31.1969 		2.8197
v 38.1317 		-31.7015 		2.6433
v 38.1244 		-31.5386 		2.7002
v 38.1551 		-32.011 		2.5351
v 38.142 		-31.8589 		2.5883
v 38.1908 		-32.2984 		2.4346
v 38.1712 		-32.1578 		2.4838
v 38.2391 		-32.5589 		2.3436
v 38.2135 		-32.4321 		2.3879
v 38.2996 		-32.7919 		2.2621
v 38.2678 		-32.6788 		2.3016
v 38.3721 		-32.9968 		2.1905
v 38.3343 		-32.898 		2.225
v 38.4566 		-33.1716 		2.1294
v 38.4128 		-33.088 		2.1586
v 38.5533 		-33.3156 		2.079
v 38.5035 		-33.2474 		2.1029
v 38.6621 		-33.4267 		2.0402
v 38.6062 		-33.3762 		2.0579
v 38.7834 		-33.5003 		2.0145
v 38.7212 		-33.4681 		2.0257
v 38.9171 		-33.5371 		2.0016
v 38.8487 		-33.5233 		2.0064
v 39.0404 		-33.5395 		2.0008
v 38.9886 		-33.5417 		2
v 39.1359 		-33.5221 		2.0068
v 39.0895 		-33.533 		2.003
v 39.2205 		-33.4874 		2.019
v 39.1796 		-33.5069 		2.0121
v 39.2938 		-33.4348 		2.0374
v 39.2587 		-33.4635 		2.0273
v 39.357 		-33.3704 		2.0599
v 39.3266 		-33.4037 		2.0482
v 39.411 		-33.2968 		2.0856
v 39.3852 		-33.3348 		2.0723
v 39.4553 		-33.2146 		2.1143
v 39.4345 		-33.2566 		2.0997
v 39.4907 		-33.1267 		2.1451
v 39.474 		-33.1713 		2.1295
v 39.5181 		-33.0338 		2.1776
v 39.5054 		-33.0809 		2.1611
v 39.5376 		-32.9353 		2.212
v 39.5288 		-32.9854 		2.1945
v 39.5505 		-32.8382 		2.2459
v 39.5449 		-32.8862 		2.2291
v 39.557 		-32.7453 		2.2784
v 39.5546 		-32.7912 		2.2623
v 39.5574 		-32.673 		2.3037
v 39.5578 		-32.7003 		2.2941
v 39.5546 		-32.6198 		2.3223
v 39.5564 		-32.6461 		2.3131
v 39.549 		-32.5688 		2.3401
v 39.5521 		-32.594 		2.3313
v 39.5368 		-32.496 		2.3656
v 39.5412 		-32.5189 		2.3575
v 39.5451 		-32.544 		2.3488
v 39.5266 		-32.4561 		2.3795
v 39.532 		-32.475 		2.3729
v 39.5143 		-32.4244 		2.3906
v 39.5207 		-32.4393 		2.3854
v 39.2444 		-30.051 		3.2203
v 39.2424 		-29.998 		3.2388
v 39.5032 		-32.4598 		2.3782
v 39.2396 		-29.9453 		3.2572
v 39.4915 		-32.4954 		2.3657
v 39.236 		-29.8928 		3.2756
v 39.4794 		-32.5313 		2.3532
v 39.2315 		-29.8405 		3.2938
v 39.4668 		-32.5675 		2.3406
v 39.2267 		-29.7892 		3.3118
v 39.4536 		-32.6039 		2.3278
v 39.2208 		-29.7394 		3.3292
v 39.44 		-32.6405 		2.315
v 39.4251 		-32.6767 		2.3024
v 39.2138 		-29.6911 		3.3461
v 39.2057 		-29.6444 		3.3624
v 39.4096 		-32.7115 		2.2902
v 39.1965 		-29.5992 		3.3782
v 39.3933 		-32.7451 		2.2785
v 39.1862 		-29.5555 		3.3935
v 39.3763 		-32.7774 		2.2672
v 39.1747 		-29.514 		3.408
v 39.3587 		-32.8085 		2.2563
v 39.162 		-29.4753 		3.4215
v 39.3403 		-32.8382 		2.2459
v 39.1481 		-29.4394 		3.4341
v 39.3211 		-32.8665 		2.236
v 39.133 		-29.4063 		3.4456
v 39.301 		-32.8929 		2.2268
v 39.1167 		-29.376 		3.4562
v 39.28 		-32.9175 		2.2182
v 39.0992 		-29.3486 		3.4658
v 39.2581 		-32.9404 		2.2102
v 39.081 		-29.3233 		3.4747
v 39.2353 		-32.9615 		2.2028
v 39.0613 		-29.3026 		3.4819
v 39.2116 		-32.9808 		2.1961
v 39.0403 		-29.2865 		3.4875
v 39.1874 		-32.9962 		2.1907
v 39.0178 		-29.275 		3.4915
v 39.162 		-33.0089 		2.1863
v 38.994 		-29.2681 		3.494
v 39.1355 		-33.0187 		2.1828
v 38.9687 		-29.2658 		3.4948
v 39.1077 		-33.0257 		2.1804
v 38.9298 		-29.2694 		3.4935
v 39.0787 		-33.0299 		2.1789
v 39.0485 		-33.0313 		2.1784
v 38.893 		-29.2801 		3.4898
v 39.0026 		-33.0283 		2.1795
v 38.8581 		-29.298 		3.4835
v 38.9592 		-33.0191 		2.1827
v 38.8253 		-29.323 		3.4748
v 38.9184 		-33.0037 		2.1881
v 38.7945 		-29.3552 		3.4635
v 38.8801 		-32.9823 		2.1956
v 38.7657 		-29.3946 		3.4498
v 38.7394 		-29.4408 		3.4336
v 38.8443 		-32.9547 		2.2052
v 38.7147 		-29.4937 		3.4151
v 38.811 		-32.921 		2.217
v 38.6918 		-29.5532 		3.3943
v 38.78 		-32.8795 		2.2315
v 38.751 		-32.8316 		2.2482
v 38.6706 		-29.6193 		3.3712
v 38.724 		-32.7773 		2.2672
v 38.6511 		-29.6921 		3.3457
v 38.699 		-32.7166 		2.2884
v 38.6334 		-29.7716 		3.318
v 38.6761 		-32.6496 		2.3119
v 38.6178 		-29.856 		3.2884
v 38.6551 		-32.5762 		2.3375
v 38.6038 		-29.9468 		3.2567
v 38.6355 		-32.4963 		2.3654
v 38.5912 		-30.044 		3.2227
v 38.6179 		-32.4101 		2.3956
v 38.5802 		-30.1476 		3.1865
v 38.5707 		-30.2575 		3.1481
v 38.6021 		-32.3175 		2.4279
v 38.5627 		-30.3739 		3.1074
v 38.5883 		-32.2186 		2.4625
v 38.556 		-30.4976 		3.0641
v 38.5763 		-32.1132 		2.4994
v 38.5506 		-30.6267 		3.019
v 38.5663 		-32.0015 		2.5384
v 38.5464 		-30.7612 		2.972
v 38.5586 		-31.8833 		2.5797
v 38.5434 		-30.9011 		2.9231
v 38.5522 		-31.7588 		2.6233
v 38.5415 		-31.0463 		2.8723
v 38.5473 		-31.6279 		2.669
v 38.5409 		-31.1969 		2.8197
v 38.5438 		-31.4906 		2.717
v 38.5416 		-31.3469 		2.7672
v 39.2456 		-32.0626 		4.8884
v 39.246 		-32.1161 		4.8697
v 39.2709 		-32.1148 		4.8702
v 39.2948 		-32.111 		4.8715
v 39.3176 		-32.1046 		4.8737
v 39.3395 		-32.0957 		4.8769
v 39.3603 		-32.0842 		4.8809
v 39.3802 		-32.0701 		4.8858
v 39.3995 		-32.0554 		4.8909
v 39.4178 		-32.039 		4.8967
v 39.435 		-32.0207 		4.9031
v 39.451 		-32.0007 		4.9101
v 39.466 		-31.9788 		4.9177
v 39.4798 		-31.9552 		4.926
v 39.4926 		-31.9299 		4.9348
v 39.5042 		-31.9031 		4.9442
v 39.5147 		-31.8747 		4.9541
v 39.5242 		-31.8448 		4.9646
v 39.5325 		-31.8134 		4.9755
v 39.5397 		-31.7805 		4.9871
v 39.5458 		-31.7462 		4.999
v 39.5507 		-31.711 		5.0113
v 39.5546 		-31.6747 		5.024
v 39.5574 		-31.6374 		5.0371
v 39.559 		-31.5991 		5.0505
v 39.5596 		-31.5598 		5.0642
v 39.5586 		-31.5082 		5.0822
v 39.5556 		-31.4576 		5.0999
v 39.5505 		-31.4081 		5.1172
v 39.5435 		-31.3595 		5.1342
v 39.5344 		-31.312 		5.1508
v 39.5233 		-31.2655 		5.1671
v 39.5108 		-31.222 		5.1823
v 39.4962 		-31.1802 		5.1969
v 39.4794 		-31.1402 		5.2109
v 39.4605 		-31.1021 		5.2242
v 39.4395 		-31.0657 		5.2369
v 39.4164 		-31.0311 		5.249
v 39.3918 		-30.9999 		5.2599
v 39.3652 		-30.9708 		5.2701
v 39.3367 		-30.9437 		5.2796
v 39.306 		-30.9187 		5.2883
v 39.2734 		-30.8957 		5.2964
v 39.2388 		-30.8747 		5.3037
v 39.2015 		-30.8565 		5.3101
v 39.1622 		-30.8415 		5.3153
v 39.121 		-30.8299 		5.3194
v 39.0777 		-30.8216 		5.3223
v 39.0323 		-30.8166 		5.324
v 38.985 		-30.815 		5.3246
v 38.9151 		-30.8198 		5.3229
v 38.8481 		-30.8344 		5.3178
v 38.7838 		-30.8586 		5.3093
v 38.7224 		-30.8926 		5.2974
v 38.6638 		-30.9363 		5.2822
v 38.608 		-30.9897 		5.2635
v 38.5557 		-31.0502 		5.2423
v 38.5063 		-31.1184 		5.2185
v 38.4598 		-31.1943 		5.192
v 38.4163 		-31.2778 		5.1628
v 38.3756 		-31.369 		5.1309
v 38.3379 		-31.4678 		5.0964
v 38.3031 		-31.574 		5.0593
v 38.2713 		-31.687 		5.0197
v 38.2423 		-31.8069 		4.9778
v 38.2163 		-31.9337 		4.9335
v 38.1932 		-32.0674 		4.8867
v 38.173 		-32.2081 		4.8376
v 38.1564 		-32.3531 		4.7869
v 38.1428 		-32.5033 		4.7344
v 38.1322 		-32.6586 		4.6801
v 38.1246 		-32.819 		4.624
v 38.1201 		-32.9846 		4.5661
v 38.1186 		-33.1552 		4.5065
v 38.1201 		-33.3287 		4.4458
v 38.1244 		-33.4969 		4.387
v 38.1317 		-33.6598 		4.3301
v 38.142 		-33.8172 		4.275
v 38.1551 		-33.9694 		4.2219
v 38.1712 		-34.1161 		4.1706
v 38.1908 		-34.2567 		4.1214
v 38.2135 		-34.3904 		4.0747
v 38.2391 		-34.5172 		4.0303
v 38.2678 		-34.6372 		3.9884
v 38.2996 		-34.7502 		3.9489
v 38.3343 		-34.8563 		3.9118
v 38.3721 		-34.9552 		3.8772
v 38.4128 		-35.0464 		3.8454
v 38.4566 		-35.1299 		3.8162
v 38.5035 		-35.2057 		3.7896
v 38.5533 		-35.2739 		3.7658
v 38.6062 		-35.3345 		3.7446
v 38.6621 		-35.3851 		3.727
v 38.7212 		-35.4264 		3.7125
v 38.7834 		-35.4586 		3.7012
v 38.8487 		-35.4816 		3.6932
v 38.9171 		-35.4954 		3.6884
v 38.9886 		-35.5 		3.6868
v 39.0404 		-35.4978 		3.6875
v 39.0895 		-35.4913 		3.6898
v 39.1359 		-35.4805 		3.6936
v 39.1796 		-35.4653 		3.6989
v 39.2205 		-35.4457 		3.7058
v 39.2587 		-35.4218 		3.7141
v 39.2938 		-35.3931 		3.7242
v 39.3266 		-35.3621 		3.735
v 39.357 		-35.3287 		3.7467
v 39.3852 		-35.2931 		3.7591
v 39.411 		-35.2552 		3.7724
v 39.4345 		-35.2149 		3.7864
v 39.4553 		-35.1729 		3.8011
v 39.474 		-35.1296 		3.8163
v 39.4907 		-35.0851 		3.8318
v 39.5054 		-35.0392 		3.8479
v 39.5181 		-34.9921 		3.8643
v 39.5288 		-34.9437 		3.8813
v 39.5376 		-34.8936 		3.8988
v 39.5449 		-34.8446 		3.9159
v 39.5505 		-34.7966 		3.9327
v 39.5546 		-34.7496 		3.9491
v 39.557 		-34.7036 		3.9652
v 39.5578 		-34.6586 		3.9809
v 39.5574 		-34.6313 		3.9905
v 39.5564 		-34.6045 		3.9998
v 39.5546 		-34.5782 		4.009
v 39.5521 		-34.5524 		4.0181
v 39.549 		-34.5271 		4.0269
v 39.5451 		-34.5023 		4.0356
v 39.5412 		-34.4773 		4.0443
v 39.5368 		-34.4543 		4.0523
v 39.532 		-34.4333 		4.0597
v 39.5266 		-34.4144 		4.0663
v 39.5207 		-34.3976 		4.0722
v 39.5143 		-34.3828 		4.0773
v 39.2444 		-32.0093 		4.9071
v 39.2424 		-31.9563 		4.9256
v 39.5032 		-34.4181 		4.065
v 39.2396 		-31.9036 		4.944
v 39.4915 		-34.4538 		4.0525
v 39.236 		-31.8511 		4.9624
v 39.4794 		-34.4897 		4.04
v 39.2315 		-31.7989 		4.9806
v 39.4668 		-34.5258 		4.0273
v 39.2267 		-31.7475 		4.9986
v 39.4536 		-34.5622 		4.0146
v 39.2208 		-31.6977 		5.016
v 39.44 		-34.5989 		4.0018
v 39.4251 		-34.635 		3.9892
v 39.2138 		-31.6494 		5.0329
v 39.2057 		-31.6027 		5.0492
v 39.4096 		-34.6699 		3.977
v 39.1965 		-31.5575 		5.065
v 39.3933 		-34.7035 		3.9652
v 39.1862 		-31.5138 		5.0803
v 39.3763 		-34.7358 		3.9539
v 39.1747 		-31.4723 		5.0948
v 39.3587 		-34.7668 		3.9431
v 39.162 		-31.4336 		5.1083
v 39.3403 		-34.7966 		3.9327
v 39.1481 		-31.3977 		5.1209
v 39.3211 		-34.8248 		3.9228
v 39.133 		-31.3646 		5.1324
v 39.301 		-34.8512 		3.9136
v 39.1167 		-31.3344 		5.143
v 39.28 		-34.8759 		3.905
v 39.0992 		-31.3069 		5.1526
v 39.2581 		-34.8987 		3.897
v 39.081 		-31.2816 		5.1614
v 39.2353 		-34.9198 		3.8896
v 39.0613 		-31.2609 		5.1687
v 39.2116 		-34.9391 		3.8829
v 39.0403 		-31.2448 		5.1743
v 39.1874 		-34.9545 		3.8775
v 39.0178 		-31.2334 		5.1783
v 39.162 		-34.9672 		3.873
v 38.994 		-31.2265 		5.1807
v 39.1355 		-34.977 		3.8696
v 38.9687 		-31.2242 		5.1815
v 39.1077 		-34.984 		3.8672
v 38.9298 		-31.2277 		5.1803
v 39.0787 		-34.9883 		3.8657
v 39.0485 		-34.9897 		3.8652
v 38.893 		-31.2385 		5.1765
v 39.0026 		-34.9866 		3.8663
v 38.8581 		-31.2563 		5.1703
v 38.9592 		-34.9774 		3.8695
v 38.8253 		-31.2814 		5.1615
v 38.9184 		-34.9621 		3.8748
v 38.7945 		-31.3136 		5.1503
v 38.8801 		-34.9406 		3.8823
v 38.7657 		-31.3529 		5.1365
v 38.7394 		-31.3991 		5.1204
v 38.8443 		-34.913 		3.892
v 38.7147 		-31.452 		5.1019
v 38.811 		-34.8793 		3.9038
v 38.6918 		-31.5115 		5.0811
v 38.78 		-34.8378 		3.9183
v 38.751 		-34.7899 		3.935
v 38.6706 		-31.5777 		5.058
v 38.724 		-34.7356 		3.954
v 38.6511 		-31.6505 		5.0325
v 38.699 		-34.675 		3.9752
v 38.6334 		-31.7299 		5.0047
v 38.6761 		-34.6079 		3.9986
v 38.6178 		-31.8143 		4.9752
v 38.6551 		-34.5345 		4.0243
v 38.6038 		-31.9051 		4.9435
v 38.6355 		-34.4547 		4.0522
v 38.5912 		-32.0023 		4.9095
v 38.6179 		-34.3685 		4.0823
v 38.5802 		-32.1059 		4.8733
v 38.5707 		-32.2159 		4.8349
v 38.6021 		-34.2759 		4.1147
v 38.5627 		-32.3322 		4.7942
v 38.5883 		-34.1769 		4.1493
v 38.556 		-32.456 		4.7509
v 38.5763 		-34.0715 		4.1862
v 38.5506 		-32.5851 		4.7058
v 38.5663 		-33.9598 		4.2252
v 38.5464 		-32.7196 		4.6588
v 38.5586 		-33.8416 		4.2665
v 38.5434 		-32.8594 		4.6099
v 38.5522 		-33.7171 		4.31
v 38.5415 		-33.0046 		4.5591
v 38.5473 		-33.5862 		4.3558
v 38.5409 		-33.1552 		4.5065
v 38.5438 		-33.4489 		4.4038
v 38.5416 		-33.3052 		4.454
v 40.7251 		-33.4773 		2.0225
v 40.7251 		-33.1371 		2.1414
v 40.823 		-33.1371 		2.1414
v 41.5552 		-33.1371 		2.1414
v 41.5552 		-33.4773 		2.0225
v 40.4478 		-28.921 		3.6153
v 40.7921 		-28.921 		3.6153
v 41.3178 		-32.6819 		2.3006
v 40.2611 		-31.5877 		2.6831
v 39.9022 		-32.6773 		2.3022
v 40.4146 		-30.4746 		3.0722
v 40.4097 		-30.5118 		3.0592
v 40.4246 		-30.398 		3.099
v 40.4196 		-30.4367 		3.0854
v 40.4351 		-30.3183 		3.1268
v 40.4298 		-30.3585 		3.1128
v 40.4524 		-30.1971 		3.1692
v 40.4465 		-30.2373 		3.1551
v 40.4405 		-30.2773 		3.1412
v 40.4639 		-30.1159 		3.1976
v 40.4582 		-30.1566 		3.1833
v 40.4749 		-30.0336 		3.2263
v 40.4695 		-30.0749 		3.2119
v 40.4856 		-29.9545 		3.254
v 40.4803 		-29.9939 		3.2402
v 40.4959 		-29.8763 		3.2813
v 40.4908 		-29.9153 		3.2677
v 40.5058 		-29.7992 		3.3083
v 40.5009 		-29.8376 		3.2949
v 40.515 		-29.7246 		3.3344
v 40.5105 		-29.7614 		3.3215
v 40.5235 		-29.6541 		3.359
v 40.5194 		-29.6888 		3.3469
v 40.5311 		-29.5877 		3.3822
v 40.5274 		-29.6204 		3.3708
v 40.5386 		-29.6628 		3.356
v 40.5348 		-29.6248 		3.3693
v 40.5464 		-29.7409 		3.3287
v 40.5425 		-29.7015 		3.3425
v 40.5547 		-29.8222 		3.3003
v 40.5505 		-29.7812 		3.3146
v 40.5634 		-29.9049 		3.2713
v 40.559 		-29.8635 		3.2858
v 40.5724 		-29.9877 		3.2424
v 40.5678 		-29.9463 		3.2569
v 40.5819 		-30.0704 		3.2135
v 40.5771 		-30.029 		3.228
v 40.5905 		-30.1527 		3.1847
v 40.5862 		-30.1117 		3.1991
v 40.5996 		-30.2339 		3.1563
v 40.595 		-30.1934 		3.1705
v 40.6091 		-30.3141 		3.1283
v 40.6043 		-30.2741 		3.1423
v 40.7704 		-31.5877 		2.6831
v 40.6363 		-30.544 		3.0479
v 40.632 		-30.5069 		3.0609
v 39.8949 		-32.7233 		2.2861
v 39.6702 		-33.4773 		2.0225
v 39.6702 		-33.1371 		2.1414
v 39.6992 		-33.1371 		2.1414
v 40.3263 		-33.1371 		2.1414
v 40.3263 		-33.4773 		2.0225
v 40.1361 		-33.0676 		2.1657
v 40.1414 		-33.0773 		2.1623
v 40.1465 		-33.0875 		2.1588
v 40.1191 		-32.6764 		2.3025
v 40.1161 		-32.7095 		2.2909
v 40.1127 		-32.744 		2.2789
v 40.2085 		-31.9785 		2.5465
v 40.136 		-32.5302 		2.3536
v 40.1324 		-32.5569 		2.3443
v 40.829 		-33.1367 		2.1416
v 41.5081 		-33.1371 		2.1414
v 41.3244 		-32.7251 		2.2855
v 40.6139 		-30.3537 		3.1145
v 40.6276 		-30.4694 		3.074
v 39.8877 		-32.7662 		2.2711
v 39.7104 		-33.1366 		2.1416
v 40.2194 		-33.1371 		2.1414
v 40.8352 		-33.1355 		2.142
v 41.4985 		-33.1366 		2.1416
v 41.3311 		-32.7657 		2.2713
v 40.6231 		-30.4313 		3.0873
v 39.8804 		-32.806 		2.2572
v 39.7213 		-33.135 		2.1422
v 40.2122 		-33.1367 		2.1416
v 40.8415 		-33.1336 		2.1426
v 41.489 		-33.135 		2.1422
v 41.3377 		-32.8037 		2.258
v 40.6185 		-30.3928 		3.1008
v 39.8732 		-32.8428 		2.2443
v 39.7318 		-33.1325 		2.143
v 40.2051 		-33.1355 		2.142
v 40.8479 		-33.1309 		2.1436
v 41.4796 		-33.1325 		2.143
v 41.3444 		-32.8393 		2.2456
v 39.8659 		-32.8765 		2.2325
v 39.7419 		-33.1289 		2.1443
v 40.1981 		-33.1336 		2.1426
v 40.8544 		-33.1275 		2.1448
v 41.4702 		-33.1289 		2.1443
v 41.351 		-32.8722 		2.234
v 39.8587 		-32.9072 		2.2218
v 39.7515 		-33.1243 		2.1459
v 40.1912 		-33.1309 		2.1436
v 40.861 		-33.1233 		2.1463
v 41.461 		-33.1243 		2.1459
v 41.3577 		-32.9026 		2.2234
v 39.8514 		-32.9367 		2.2115
v 39.7608 		-33.1187 		2.1479
v 40.1844 		-33.1275 		2.1448
v 40.8675 		-33.1183 		2.148
v 41.4519 		-33.1187 		2.1479
v 39.844 		-32.9639 		2.202
v 39.7698 		-33.1117 		2.1503
v 40.1777 		-33.1233 		2.1463
v 40.8737 		-33.1126 		2.15
v 41.443 		-33.1103 		2.1508
v 41.3644 		-32.9321 		2.2131
v 39.8365 		-32.9888 		2.1933
v 39.7787 		-33.1029 		2.1534
v 40.1706 		-33.1182 		2.148
v 40.8796 		-33.106 		2.1523
v 41.4342 		-33.1003 		2.1543
v 39.7875 		-33.0923 		2.1571
v 40.164 		-33.112 		2.1502
v 40.8852 		-33.0988 		2.1548
v 41.4256 		-33.0888 		2.1583
v 41.3714 		-32.9593 		2.2036
v 39.7962 		-33.0799 		2.1614
v 40.1577 		-33.1049 		2.1527
v 40.8905 		-33.0907 		2.1576
v 41.4173 		-33.0758 		2.1629
v 41.3785 		-32.9842 		2.1949
v 39.8048 		-33.0657 		2.1664
v 40.1519 		-33.0967 		2.1555
v 40.8955 		-33.0819 		2.1607
v 41.4091 		-33.0612 		2.168
v 41.3859 		-33.0068 		2.187
v 39.8134 		-33.0497 		2.172
v 40.9007 		-33.0721 		2.1642
v 41.4012 		-33.0451 		2.1736
v 41.3934 		-33.0271 		2.1799
v 39.8212 		-33.0317 		2.1783
v 40.9055 		-33.061 		2.168
v 39.8289 		-33.0114 		2.1854
v 40.1312 		-33.0569 		2.1695
v 40.91 		-33.0486 		2.1724
v 40.914 		-33.0349 		2.1772
v 40.1265 		-33.0451 		2.1736
v 40.9176 		-33.02 		2.1824
v 40.1221 		-33.0324 		2.178
v 40.9208 		-33.0037 		2.1881
v 40.118 		-33.0186 		2.1829
v 40.9236 		-32.9879 		2.1936
v 40.1142 		-33.0037 		2.1881
v 40.9259 		-32.9711 		2.1995
v 40.1115 		-32.9879 		2.1936
v 40.9276 		-32.9532 		2.2057
v 40.1092 		-32.9711 		2.1995
v 40.9289 		-32.9343 		2.2123
v 40.1074 		-32.9532 		2.2057
v 40.9296 		-32.9143 		2.2193
v 40.1062 		-32.9343 		2.2123
v 40.9299 		-32.8934 		2.2266
v 40.1054 		-32.9143 		2.2193
v 40.9297 		-32.8675 		2.2357
v 40.1052 		-32.8934 		2.2266
v 40.9291 		-32.8418 		2.2447
v 40.1055 		-32.8666 		2.236
v 40.9281 		-32.8164 		2.2535
v 40.1064 		-32.8382 		2.2459
v 40.9267 		-32.7912 		2.2623
v 40.1079 		-32.8083 		2.2564
v 40.9249 		-32.7663 		2.271
v 40.11 		-32.7769 		2.2673
v 40.9226 		-32.7417 		2.2797
v 40.9202 		-32.7191 		2.2876
v 40.9178 		-32.6972 		2.2952
v 40.1223 		-32.6446 		2.3136
v 40.9154 		-32.6762 		2.3026
v 40.1256 		-32.6141 		2.3243
v 40.913 		-32.6559 		2.3097
v 40.1289 		-32.5848 		2.3345
v 40.9106 		-32.6363 		2.3165
v 40.9081 		-32.6175 		2.3231
v 40.8193 		-31.9785 		2.5465
v 40.823 		-35.0954 		3.8282
v 40.7251 		-35.0954 		3.8282
v 40.7251 		-35.4356 		3.7093
v 41.5552 		-35.4356 		3.7093
v 41.5552 		-35.0954 		3.8282
v 41.3178 		-34.6402 		3.9873
v 40.7921 		-30.8793 		5.3021
v 40.4478 		-30.8793 		5.3021
v 39.9022 		-34.6356 		3.9889
v 40.2611 		-33.546 		4.3699
v 40.4097 		-32.4701 		4.746
v 40.4146 		-32.433 		4.759
v 40.4196 		-32.395 		4.7722
v 40.4246 		-32.3563 		4.7858
v 40.4298 		-32.3169 		4.7995
v 40.4351 		-32.2766 		4.8136
v 40.4405 		-32.2356 		4.8279
v 40.4465 		-32.1957 		4.8419
v 40.4524 		-32.1554 		4.856
v 40.4582 		-32.115 		4.8701
v 40.4639 		-32.0742 		4.8844
v 40.4695 		-32.0332 		4.8987
v 40.4749 		-31.992 		4.9131
v 40.4803 		-31.9523 		4.927
v 40.4856 		-31.9128 		4.9408
v 40.4908 		-31.8736 		4.9545
v 40.4959 		-31.8346 		4.9681
v 40.5009 		-31.7959 		4.9817
v 40.5058 		-31.7575 		4.9951
v 40.5105 		-31.7197 		5.0083
v 40.515 		-31.6829 		5.0212
v 40.5194 		-31.6471 		5.0337
v 40.5235 		-31.6124 		5.0458
v 40.5274 		-31.5787 		5.0576
v 40.5311 		-31.546 		5.069
v 40.5348 		-31.5832 		5.056
v 40.5386 		-31.6211 		5.0428
v 40.5425 		-31.6598 		5.0293
v 40.5464 		-31.6993 		5.0155
v 40.5505 		-31.7395 		5.0014
v 40.5547 		-31.7805 		4.9871
v 40.559 		-31.8219 		4.9726
v 40.5634 		-31.8632 		4.9581
v 40.5678 		-31.9046 		4.9437
v 40.5724 		-31.946 		4.9292
v 40.5771 		-31.9874 		4.9147
v 40.5819 		-32.0288 		4.9003
v 40.5862 		-32.07 		4.8858
v 40.5905 		-32.111 		4.8715
v 40.595 		-32.1517 		4.8573
v 40.5996 		-32.1922 		4.8431
v 40.6043 		-32.2325 		4.8291
v 40.6091 		-32.2724 		4.8151
v 40.632 		-32.4653 		4.7477
v 40.6363 		-32.5023 		4.7347
v 40.7704 		-33.546 		4.3699
v 39.8949 		-34.6816 		3.9729
v 39.6992 		-35.0954 		3.8282
v 39.6702 		-35.0954 		3.8282
v 39.6702 		-35.4356 		3.7093
v 40.3263 		-35.4356 		3.7093
v 40.3263 		-35.0954 		3.8282
v 40.1465 		-35.0459 		3.8455
v 40.1414 		-35.0356 		3.8491
v 40.1361 		-35.0259 		3.8525
v 40.1127 		-34.7023 		3.9656
v 40.1161 		-34.6678 		3.9777
v 40.1191 		-34.6347 		3.9893
v 40.1324 		-34.5152 		4.0311
v 40.136 		-34.4885 		4.0404
v 40.2085 		-33.9368 		4.2333
v 40.829 		-35.095 		3.8284
v 41.5081 		-35.0954 		3.8282
v 41.3244 		-34.6834 		3.9723
v 40.6139 		-32.312 		4.8012
v 40.6276 		-32.4277 		4.7608
v 39.8877 		-34.7245 		3.9579
v 39.7104 		-35.0949 		3.8284
v 40.2194 		-35.0954 		3.8282
v 40.8352 		-35.0939 		3.8288
v 41.4985 		-35.0949 		3.8284
v 41.3311 		-34.724 		3.9581
v 40.6231 		-32.3897 		4.7741
v 39.8804 		-34.7644 		3.9439
v 39.7213 		-35.0934 		3.8289
v 40.2122 		-35.095 		3.8284
v 40.8415 		-35.092 		3.8294
v 41.489 		-35.0934 		3.8289
v 41.3377 		-34.7621 		3.9447
v 40.6185 		-32.3511 		4.7876
v 39.8732 		-34.8012 		3.9311
v 39.7318 		-35.0908 		3.8298
v 40.2051 		-35.0939 		3.8288
v 40.8479 		-35.0893 		3.8304
v 41.4796 		-35.0908 		3.8298
v 41.3444 		-34.7976 		3.9323
v 39.8659 		-34.8349 		3.9193
v 39.7419 		-35.0872 		3.8311
v 40.1981 		-35.092 		3.8294
v 40.8544 		-35.0858 		3.8316
v 41.4702 		-35.0872 		3.8311
v 41.351 		-34.8305 		3.9208
v 39.8587 		-34.8655 		3.9086
v 39.7515 		-35.0826 		3.8327
v 40.1912 		-35.0893 		3.8304
v 40.861 		-35.0816 		3.833
v 41.461 		-35.0826 		3.8327
v 41.3577 		-34.8609 		3.9102
v 39.8514 		-34.895 		3.8983
v 39.7608 		-35.077 		3.8347
v 40.1844 		-35.0858 		3.8316
v 40.8675 		-35.0766 		3.8348
v 41.4519 		-35.077 		3.8347
v 39.844 		-34.9222 		3.8888
v 39.7698 		-35.07 		3.8371
v 40.1777 		-35.0816 		3.833
v 40.8737 		-35.0709 		3.8368
v 41.443 		-35.0686 		3.8376
v 41.3644 		-34.8904 		3.8999
v 39.8365 		-34.9471 		3.8801
v 39.7787 		-35.0612 		3.8402
v 40.1706 		-35.0765 		3.8348
v 40.8796 		-35.0644 		3.8391
v 41.4342 		-35.0586 		3.8411
v 39.7875 		-35.0506 		3.8439
v 40.164 		-35.0704 		3.837
v 40.8852 		-35.0571 		3.8416
v 41.4256 		-35.0471 		3.8451
v 41.3714 		-34.9176 		3.8904
v 39.7962 		-35.0382 		3.8482
v 40.1577 		-35.0632 		3.8395
v 40.8905 		-35.049 		3.8444
v 41.4173 		-35.0341 		3.8497
v 41.3785 		-34.9425 		3.8817
v 39.8048 		-35.024 		3.8532
v 40.1519 		-35.055 		3.8423
v 40.8955 		-35.0402 		3.8475
v 41.4091 		-35.0195 		3.8547
v 41.3859 		-34.9651 		3.8738
v 39.8134 		-35.008 		3.8588
v 40.9007 		-35.0304 		3.8509
v 41.4012 		-35.0035 		3.8604
v 41.3934 		-34.9854 		3.8667
v 39.8212 		-34.99 		3.8651
v 40.9055 		-35.0193 		3.8548
v 39.8289 		-34.9697 		3.8722
v 40.1312 		-35.0152 		3.8563
v 40.91 		-35.0069 		3.8592
v 40.914 		-34.9932 		3.8639
v 40.1265 		-35.0035 		3.8604
v 40.9176 		-34.9783 		3.8692
v 40.1221 		-34.9907 		3.8648
v 40.9208 		-34.9621 		3.8748
v 40.118 		-34.9769 		3.8697
v 40.9236 		-34.9462 		3.8804
v 40.1142 		-34.9621 		3.8748
v 40.9259 		-34.9294 		3.8863
v 40.1115 		-34.9462 		3.8804
v 40.9276 		-34.9115 		3.8925
v 40.1092 		-34.9294 		3.8863
v 40.9289 		-34.8926 		3.8991
v 40.1074 		-34.9115 		3.8925
v 40.9296 		-34.8727 		3.9061
v 40.1062 		-34.8926 		3.8991
v 40.9299 		-34.8517 		3.9134
v 40.1054 		-34.8727 		3.9061
v 40.9297 		-34.8258 		3.9225
v 40.1052 		-34.8517 		3.9134
v 40.9291 		-34.8001 		3.9314
v 40.1055 		-34.8249 		3.9228
v 40.9281 		-34.7747 		3.9403
v 40.1064 		-34.7966 		3.9327
v 40.9267 		-34.7496 		3.9491
v 40.1079 		-34.7667 		3.9431
v 40.9249 		-34.7247 		3.9578
v 40.11 		-34.7353 		3.9541
v 40.9226 		-34.7 		3.9664
v 40.9202 		-34.6774 		3.9743
v 40.9178 		-34.6556 		3.982
v 40.1223 		-34.6029 		4.0004
v 40.9154 		-34.6345 		3.9894
v 40.1256 		-34.5724 		4.011
v 40.913 		-34.6142 		3.9964
v 40.1289 		-34.5432 		4.0213
v 40.9106 		-34.5946 		4.0033
v 40.9081 		-34.5759 		4.0098
v 40.8193 		-33.9368 		4.2333
v 43.8808 		-33.4773 		2.0225
v 43.076 		-33.4773 		2.0225
v 43.076 		-33.1371 		2.1414
v 43.7756 		-33.1371 		2.1414
v 43.8808 		-33.1371 		2.1414
v 43.7328 		-29.2694 		3.4935
v 43.7249 		-29.275 		3.4915
v 43.7172 		-29.2804 		3.4897
v 43.8826 		-28.921 		3.6153
v 43.8826 		-29.2566 		3.498
v 43.7756 		-29.2566 		3.498
v 41.6259 		-29.2566 		3.498
v 41.6259 		-28.921 		3.6153
v 42.3491 		-28.921 		3.6153
v 41.7877 		-29.2803 		3.4897
v 41.78 		-29.275 		3.4915
v 41.7721 		-29.2694 		3.4935
v 41.6259 		-33.4773 		2.0225
v 41.6259 		-33.1371 		2.1414
v 41.7311 		-33.1371 		2.1414
v 42.2494 		-33.1371 		2.1414
v 42.2494 		-33.4773 		2.0225
v 42.7497 		-33.4773 		2.0225
v 42.5793 		-33.4773 		2.0225
v 42.0483 		-29.5509 		3.3951
v 43.0995 		-33.1371 		2.1414
v 43.7667 		-33.1367 		2.1416
v 43.7667 		-29.2571 		3.4978
v 41.7311 		-29.2566 		3.498
v 41.7395 		-33.1368 		2.1415
v 42.2349 		-33.1371 		2.1414
v 43.1126 		-33.1368 		2.1415
v 43.7579 		-33.1355 		2.142
v 43.7579 		-29.2587 		3.4973
v 41.7395 		-29.2571 		3.4978
v 41.7478 		-33.1361 		2.1418
v 42.2201 		-33.1367 		2.1416
v 43.1251 		-33.1361 		2.1418
v 43.7493 		-33.1336 		2.1426
v 43.7493 		-29.2612 		3.4964
v 41.7478 		-29.2587 		3.4973
v 41.756 		-33.1348 		2.1422
v 42.2059 		-33.1355 		2.142
v 43.1372 		-33.1348 		2.1422
v 43.741 		-33.1309 		2.1436
v 43.741 		-29.2648 		3.4951
v 41.756 		-29.2612 		3.4964
v 41.7641 		-33.133 		2.1429
v 42.1924 		-33.1336 		2.1426
v 43.1487 		-33.133 		2.1429
v 43.7328 		-33.1275 		2.1448
v 41.7641 		-29.2648 		3.4951
v 41.7721 		-33.1307 		2.1437
v 42.1794 		-33.1309 		2.1436
v 43.1597 		-33.1307 		2.1437
v 43.7249 		-33.1233 		2.1463
v 41.78 		-33.1279 		2.1447
v 42.167 		-33.1275 		2.1448
v 43.1702 		-33.1279 		2.1447
v 43.7172 		-33.1179 		2.1481
v 43.71 		-29.2873 		3.4873
v 41.7877 		-33.1226 		2.1465
v 42.1552 		-33.1233 		2.1463
v 43.1802 		-33.1226 		2.1465
v 43.71 		-33.111 		2.1505
v 43.7031 		-29.2957 		3.4843
v 41.7951 		-29.2868 		3.4874
v 41.7951 		-33.1161 		2.1488
v 42.144 		-33.1179 		2.1481
v 43.1896 		-33.1161 		2.1488
v 43.7031 		-33.1026 		2.1535
v 43.6967 		-29.3057 		3.4808
v 41.8022 		-29.2946 		3.4847
v 41.8022 		-33.1083 		2.1515
v 42.1334 		-33.111 		2.1505
v 43.1983 		-33.1083 		2.1515
v 43.6967 		-33.0926 		2.157
v 43.6906 		-29.3172 		3.4768
v 41.809 		-29.3036 		3.4815
v 41.809 		-33.0993 		2.1547
v 42.1235 		-33.1026 		2.1535
v 43.2065 		-33.0993 		2.1547
v 43.6906 		-33.0811 		2.161
v 43.1702 		-28.921 		3.6153
v 41.8155 		-29.314 		3.4779
v 41.8155 		-33.0889 		2.1583
v 42.1141 		-33.0926 		2.157
v 43.214 		-33.0889 		2.1583
v 43.685 		-29.3302 		3.4723
v 41.8217 		-29.3256 		3.4739
v 41.8217 		-33.0773 		2.1623
v 42.1053 		-33.0811 		2.161
v 43.221 		-33.0773 		2.1623
v 43.6792 		-29.3464 		3.4666
v 41.8275 		-29.3404 		3.4687
v 43.2273 		-33.0642 		2.1669
v 43.6739 		-29.3644 		3.4603
v 41.8328 		-29.3573 		3.4628
v 41.8275 		-33.0626 		2.1675
v 43.2331 		-33.0492 		2.1722
v 43.6691 		-29.3842 		3.4534
v 41.8375 		-29.3762 		3.4562
v 41.8328 		-33.0461 		2.1732
v 43.2382 		-33.0325 		2.178
v 43.6649 		-29.4058 		3.4458
v 41.8418 		-29.3971 		3.4489
v 41.8375 		-33.0279 		2.1796
v 43.2427 		-33.014 		2.1845
v 43.6611 		-29.4292 		3.4377
v 41.8456 		-29.4201 		3.4408
v 41.8418 		-33.0078 		2.1866
v 43.2467 		-32.9937 		2.1916
v 43.6578 		-29.4543 		3.4289
v 41.8489 		-29.4451 		3.4321
v 41.8456 		-32.986 		2.1943
v 43.25 		-32.9716 		2.1993
v 43.655 		-29.4835 		3.4187
v 41.8522 		-29.4712 		3.423
v 41.8489 		-32.9624 		2.2025
v 43.2533 		-32.9459 		2.2083
v 43.6528 		-29.5156 		3.4074
v 41.8549 		-29.5003 		3.4128
v 41.8522 		-32.935 		2.2121
v 43.256 		-32.9179 		2.2181
v 43.651 		-29.5509 		3.3951
v 41.857 		-29.5325 		3.4015
v 41.8549 		-32.9052 		2.2225
v 43.2581 		-32.8877 		2.2286
v 43.6498 		-29.5892 		3.3817
v 41.8585 		-29.5677 		3.3892
v 41.857 		-32.8727 		2.2339
v 43.2597 		-32.8551 		2.24
v 43.649 		-29.6306 		3.3672
v 41.8594 		-29.6061 		3.3758
v 41.8585 		-32.8377 		2.2461
v 43.2606 		-32.8202 		2.2522
v 43.6488 		-29.675 		3.3517
v 41.8597 		-29.6474 		3.3614
v 41.8594 		-32.8002 		2.2592
v 43.2609 		-32.7831 		2.2652
v 41.8597 		-32.7601 		2.2732
v 42.0972 		-33.0681 		2.1655
v 43.685 		-33.0681 		2.1655
v 42.0896 		-33.0519 		2.1712
v 43.6792 		-33.0519 		2.1712
v 42.0827 		-33.0339 		2.1775
v 43.6739 		-33.0339 		2.1775
v 42.0763 		-33.0141 		2.1844
v 43.6691 		-33.0141 		2.1844
v 42.0706 		-32.9925 		2.192
v 43.6649 		-32.9925 		2.192
v 42.0655 		-32.9691 		2.2001
v 43.6611 		-32.9691 		2.2001
v 42.0609 		-32.944 		2.2089
v 43.6578 		-32.944 		2.2089
v 42.0571 		-32.9149 		2.2191
v 43.2609 		-29.5509 		3.3951
v 42.0539 		-32.8827 		2.2304
v 43.655 		-32.9149 		2.2191
v 42.0514 		-32.8474 		2.2427
v 43.6528 		-32.8827 		2.2304
v 43.651 		-32.8474 		2.2427
v 42.0497 		-32.8091 		2.2561
v 43.6498 		-32.8091 		2.2561
v 42.0486 		-32.7677 		2.2706
v 43.649 		-32.7677 		2.2706
v 42.0483 		-32.7233 		2.2861
v 43.6488 		-32.7233 		2.2861
v 42.7678 		-32.006 		2.5368
v 43.076 		-35.0954 		3.8282
v 43.076 		-35.4356 		3.7093
v 43.8808 		-35.4356 		3.7093
v 43.8808 		-35.0954 		3.8282
v 43.7756 		-35.0954 		3.8282
v 43.7172 		-31.2387 		5.1765
v 43.7249 		-31.2334 		5.1783
v 43.7328 		-31.2277 		5.1803
v 43.7756 		-31.215 		5.1848
v 43.8826 		-31.215 		5.1848
v 43.8826 		-30.8793 		5.3021
v 42.3491 		-30.8793 		5.3021
v 41.6259 		-30.8793 		5.3021
v 41.6259 		-31.215 		5.1848
v 41.7721 		-31.2277 		5.1803
v 41.78 		-31.2334 		5.1783
v 41.7877 		-31.2386 		5.1765
v 41.7311 		-35.0954 		3.8282
v 41.6259 		-35.0954 		3.8282
v 41.6259 		-35.4356 		3.7093
v 42.2494 		-35.4356 		3.7093
v 42.2494 		-35.0954 		3.8282
v 42.0483 		-31.5092 		5.0819
v 42.5793 		-35.4356 		3.7093
v 42.7497 		-35.4356 		3.7093
v 43.0995 		-35.0954 		3.8282
v 43.7667 		-35.095 		3.8284
v 43.7667 		-31.2155 		5.1846
v 41.7311 		-31.215 		5.1848
v 41.7395 		-35.0951 		3.8283
v 42.2349 		-35.0954 		3.8282
v 43.1126 		-35.0951 		3.8283
v 43.7579 		-35.0939 		3.8288
v 43.7579 		-31.217 		5.184
v 41.7395 		-31.2155 		5.1846
v 41.7478 		-35.0944 		3.8286
v 42.2201 		-35.095 		3.8284
v 43.1251 		-35.0944 		3.8286
v 43.7493 		-35.092 		3.8294
v 43.7493 		-31.2196 		5.1831
v 41.7478 		-31.217 		5.184
v 41.756 		-35.0931 		3.829
v 42.2059 		-35.0939 		3.8288
v 43.1372 		-35.0931 		3.829
v 43.741 		-35.0893 		3.8304
v 43.741 		-31.2231 		5.1819
v 41.756 		-31.2196 		5.1831
v 41.7641 		-35.0913 		3.8297
v 42.1924 		-35.092 		3.8294
v 43.1487 		-35.0913 		3.8297
v 43.7328 		-35.0858 		3.8316
v 41.7641 		-31.2231 		5.1819
v 41.7721 		-35.089 		3.8305
v 42.1794 		-35.0893 		3.8304
v 43.1597 		-35.089 		3.8305
v 43.7249 		-35.0816 		3.833
v 41.78 		-35.0862 		3.8314
v 42.167 		-35.0858 		3.8316
v 43.1702 		-35.0862 		3.8314
v 43.7172 		-35.0762 		3.8349
v 43.71 		-31.2456 		5.174
v 41.7877 		-35.081 		3.8333
v 42.1552 		-35.0816 		3.833
v 43.1802 		-35.081 		3.8333
v 43.71 		-35.0694 		3.8373
v 43.7031 		-31.254 		5.1711
v 41.7951 		-31.2451 		5.1742
v 41.7951 		-35.0745 		3.8355
v 42.144 		-35.0762 		3.8349
v 43.1896 		-35.0745 		3.8355
v 43.7031 		-35.0609 		3.8403
v 43.6967 		-31.264 		5.1676
v 41.8022 		-31.2529 		5.1715
v 41.8022 		-35.0667 		3.8383
v 42.1334 		-35.0694 		3.8373
v 43.1983 		-35.0667 		3.8383
v 43.6967 		-35.051 		3.8438
v 43.6906 		-31.2755 		5.1636
v 41.809 		-31.262 		5.1683
v 41.809 		-35.0576 		3.8414
v 42.1235 		-35.0609 		3.8403
v 43.2065 		-35.0576 		3.8414
v 43.6906 		-35.0395 		3.8478
v 43.1702 		-30.8793 		5.3021
v 41.8155 		-31.2723 		5.1647
v 41.8155 		-35.0473 		3.8451
v 42.1141 		-35.051 		3.8438
v 43.214 		-35.0473 		3.8451
v 43.685 		-31.2885 		5.159
v 41.8217 		-31.2839 		5.1606
v 41.8217 		-35.0356 		3.8491
v 42.1053 		-35.0395 		3.8478
v 43.221 		-35.0356 		3.8491
v 43.6792 		-31.3047 		5.1534
v 41.8275 		-31.2987 		5.1555
v 43.2273 		-35.0225 		3.8537
v 43.6739 		-31.3228 		5.1471
v 41.8328 		-31.3156 		5.1496
v 41.8275 		-35.0209 		3.8543
v 43.2331 		-35.0075 		3.8589
v 43.6691 		-31.3425 		5.1402
v 41.8375 		-31.3345 		5.143
v 41.8328 		-35.0045 		3.86
v 43.2382 		-34.9908 		3.8648
v 43.6649 		-31.3641 		5.1326
v 41.8418 		-31.3554 		5.1356
v 41.8375 		-34.9862 		3.8664
v 43.2427 		-34.9723 		3.8713
v 43.6611 		-31.3875 		5.1244
v 41.8456 		-31.3784 		5.1276
v 41.8418 		-34.9662 		3.8734
v 43.2467 		-34.952 		3.8784
v 43.6578 		-31.4127 		5.1156
v 41.8489 		-31.4035 		5.1189
v 41.8456 		-34.9443 		3.881
v 43.25 		-34.9299 		3.8861
v 43.655 		-31.4418 		5.1055
v 41.8522 		-31.4295 		5.1097
v 41.8489 		-34.9207 		3.8893
v 43.2533 		-34.9042 		3.8951
v 43.6528 		-31.474 		5.0942
v 41.8549 		-31.4586 		5.0996
v 41.8522 		-34.8934 		3.8989
v 43.256 		-34.8762 		3.9048
v 43.651 		-31.5092 		5.0819
v 41.857 		-31.4908 		5.0883
v 41.8549 		-34.8635 		3.9093
v 43.2581 		-34.846 		3.9154
v 43.6498 		-31.5475 		5.0685
v 41.8585 		-31.5261 		5.076
v 41.857 		-34.831 		3.9206
v 43.2597 		-34.8134 		3.9268
v 43.649 		-31.5889 		5.054
v 41.8594 		-31.5644 		5.0626
v 41.8585 		-34.796 		3.9329
v 43.2606 		-34.7785 		3.939
v 43.6488 		-31.6334 		5.0385
v 41.8597 		-31.6058 		5.0481
v 41.8594 		-34.7585 		3.946
v 43.2609 		-34.7414 		3.952
v 41.8597 		-34.7184 		3.96
v 42.0972 		-35.0264 		3.8523
v 43.685 		-35.0264 		3.8523
v 42.0896 		-35.0102 		3.858
v 43.6792 		-35.0102 		3.858
v 42.0827 		-34.9922 		3.8643
v 43.6739 		-34.9922 		3.8643
v 42.0763 		-34.9724 		3.8712
v 43.6691 		-34.9724 		3.8712
v 42.0706 		-34.9508 		3.8788
v 43.6649 		-34.9508 		3.8788
v 42.0655 		-34.9275 		3.8869
v 43.6611 		-34.9275 		3.8869
v 42.0609 		-34.9023 		3.8957
v 43.6578 		-34.9023 		3.8957
v 42.0571 		-34.8732 		3.9059
v 43.2609 		-31.5092 		5.0819
v 42.0539 		-34.841 		3.9172
v 43.655 		-34.8732 		3.9059
v 42.0514 		-34.8058 		3.9295
v 43.6528 		-34.841 		3.9172
v 43.651 		-34.8058 		3.9295
v 42.0497 		-34.7674 		3.9429
v 43.6498 		-34.7674 		3.9429
v 42.0486 		-34.7261 		3.9573
v 43.649 		-34.7261 		3.9573
v 42.0483 		-34.6816 		3.9729
v 43.6488 		-34.6816 		3.9729
v 42.7678 		-33.9644 		4.2236
v 45.0172 		-33.4773 		2.0225
v 45.0172 		-33.1371 		2.1414
v 45.1151 		-33.1371 		2.1414
v 45.8474 		-33.1371 		2.1414
v 45.8474 		-33.4773 		2.0225
v 44.7399 		-28.921 		3.6153
v 45.0843 		-28.921 		3.6153
v 45.61 		-32.6819 		2.3006
v 44.5532 		-31.5877 		2.6831
v 44.1943 		-32.6773 		2.3022
v 44.7067 		-30.4746 		3.0722
v 44.7019 		-30.5118 		3.0592
v 44.7273 		-30.3183 		3.1268
v 44.722 		-30.3585 		3.1128
v 44.7168 		-30.398 		3.099
v 44.7446 		-30.1971 		3.1692
v 44.7387 		-30.2373 		3.1551
v 44.7327 		-30.2773 		3.1412
v 44.756 		-30.1159 		3.1976
v 44.7503 		-30.1566 		3.1833
v 44.7671 		-30.0336 		3.2263
v 44.7616 		-30.0749 		3.2119
v 44.7778 		-29.9545 		3.254
v 44.7725 		-29.9939 		3.2402
v 44.7881 		-29.8763 		3.2813
v 44.783 		-29.9153 		3.2677
v 44.7979 		-29.7992 		3.3083
v 44.793 		-29.8376 		3.2949
v 44.8072 		-29.7246 		3.3344
v 44.8027 		-29.7614 		3.3215
v 44.8156 		-29.6541 		3.359
v 44.8115 		-29.6888 		3.3469
v 44.8233 		-29.5877 		3.3822
v 44.8196 		-29.6204 		3.3708
v 44.8307 		-29.6628 		3.356
v 44.827 		-29.6248 		3.3693
v 44.8386 		-29.7409 		3.3287
v 44.8346 		-29.7015 		3.3425
v 44.8469 		-29.8222 		3.3003
v 44.8427 		-29.7812 		3.3146
v 44.8555 		-29.9049 		3.2713
v 44.8511 		-29.8635 		3.2858
v 44.8646 		-29.9877 		3.2424
v 44.86 		-29.9463 		3.2569
v 44.874 		-30.0704 		3.2135
v 44.8693 		-30.029 		3.228
v 44.8827 		-30.1527 		3.1847
v 44.8783 		-30.1117 		3.1991
v 44.8918 		-30.2339 		3.1563
v 44.8872 		-30.1934 		3.1705
v 44.9012 		-30.3141 		3.1283
v 44.8965 		-30.2741 		3.1423
v 45.0626 		-31.5877 		2.6831
v 44.9284 		-30.544 		3.0479
v 44.9241 		-30.5069 		3.0609
v 44.1871 		-32.7233 		2.2861
v 43.9623 		-33.4773 		2.0225
v 43.9623 		-33.1371 		2.1414
v 43.9913 		-33.1371 		2.1414
v 44.6185 		-33.1371 		2.1414
v 44.6185 		-33.4773 		2.0225
v 44.4283 		-33.0676 		2.1657
v 44.4336 		-33.0773 		2.1623
v 44.4386 		-33.0875 		2.1588
v 44.4113 		-32.6764 		2.3025
v 44.4082 		-32.7095 		2.2909
v 44.4049 		-32.744 		2.2789
v 44.5007 		-31.9785 		2.5465
v 44.4282 		-32.5302 		2.3536
v 44.4246 		-32.5569 		2.3443
v 45.1212 		-33.1367 		2.1416
v 45.8003 		-33.1371 		2.1414
v 45.6166 		-32.7251 		2.2855
v 44.7117 		-30.4367 		3.0854
v 44.906 		-30.3537 		3.1145
v 44.9198 		-30.4694 		3.074
v 44.1798 		-32.7662 		2.2711
v 44.0026 		-33.1366 		2.1416
v 44.5115 		-33.1371 		2.1414
v 45.1274 		-33.1355 		2.142
v 45.7907 		-33.1366 		2.1416
v 45.6232 		-32.7657 		2.2713
v 44.9153 		-30.4313 		3.0873
v 44.1726 		-32.806 		2.2572
v 44.0135 		-33.135 		2.1422
v 44.5043 		-33.1367 		2.1416
v 45.1337 		-33.1336 		2.1426
v 45.7811 		-33.135 		2.1422
v 45.6299 		-32.8037 		2.258
v 44.9107 		-30.3928 		3.1008
v 44.1653 		-32.8428 		2.2443
v 44.024 		-33.1325 		2.143
v 44.4972 		-33.1355 		2.142
v 45.1401 		-33.1309 		2.1436
v 45.7717 		-33.1325 		2.143
v 45.6365 		-32.8393 		2.2456
v 44.1581 		-32.8765 		2.2325
v 44.034 		-33.1289 		2.1443
v 44.4902 		-33.1336 		2.1426
v 45.1466 		-33.1275 		2.1448
v 45.7624 		-33.1289 		2.1443
v 45.6432 		-32.8722 		2.234
v 44.1508 		-32.9072 		2.2218
v 44.0437 		-33.1243 		2.1459
v 44.4833 		-33.1309 		2.1436
v 45.1532 		-33.1233 		2.1463
v 45.7532 		-33.1243 		2.1459
v 45.6498 		-32.9026 		2.2234
v 44.1435 		-32.9367 		2.2115
v 44.053 		-33.1187 		2.1479
v 44.4765 		-33.1275 		2.1448
v 45.1597 		-33.1183 		2.148
v 45.7441 		-33.1187 		2.1479
v 44.1361 		-32.9639 		2.202
v 44.062 		-33.1117 		2.1503
v 44.4698 		-33.1233 		2.1463
v 45.1659 		-33.1126 		2.15
v 45.7351 		-33.1103 		2.1508
v 45.6566 		-32.9321 		2.2131
v 44.1286 		-32.9888 		2.1933
v 44.0709 		-33.1029 		2.1534
v 44.4628 		-33.1182 		2.148
v 45.1718 		-33.106 		2.1523
v 45.7264 		-33.1003 		2.1543
v 44.0797 		-33.0923 		2.1571
v 44.4562 		-33.112 		2.1502
v 45.1774 		-33.0988 		2.1548
v 45.7178 		-33.0888 		2.1583
v 45.6635 		-32.9593 		2.2036
v 44.0884 		-33.0799 		2.1614
v 44.4499 		-33.1049 		2.1527
v 45.1826 		-33.0907 		2.1576
v 45.7094 		-33.0758 		2.1629
v 45.6707 		-32.9842 		2.1949
v 44.097 		-33.0657 		2.1664
v 44.4441 		-33.0967 		2.1555
v 45.1876 		-33.0819 		2.1607
v 45.7013 		-33.0612 		2.168
v 45.678 		-33.0068 		2.187
v 44.1055 		-33.0497 		2.172
v 45.1929 		-33.0721 		2.1642
v 45.6933 		-33.0451 		2.1736
v 45.6856 		-33.0271 		2.1799
v 44.1133 		-33.0317 		2.1783
v 45.1977 		-33.061 		2.168
v 44.121 		-33.0114 		2.1854
v 44.4233 		-33.0569 		2.1695
v 45.2021 		-33.0486 		2.1724
v 45.2062 		-33.0349 		2.1772
v 44.4186 		-33.0451 		2.1736
v 45.2098 		-33.02 		2.1824
v 44.4143 		-33.0324 		2.178
v 45.213 		-33.0037 		2.1881
v 44.4102 		-33.0186 		2.1829
v 45.2158 		-32.9879 		2.1936
v 44.4064 		-33.0037 		2.1881
v 45.218 		-32.9711 		2.1995
v 44.4036 		-32.9879 		2.1936
v 45.2198 		-32.9532 		2.2057
v 44.4014 		-32.9711 		2.1995
v 45.2211 		-32.9343 		2.2123
v 44.3996 		-32.9532 		2.2057
v 45.2218 		-32.9143 		2.2193
v 44.3983 		-32.9343 		2.2123
v 45.2221 		-32.8934 		2.2266
v 44.3976 		-32.9143 		2.2193
v 45.2219 		-32.8675 		2.2357
v 44.3973 		-32.8934 		2.2266
v 45.2213 		-32.8418 		2.2447
v 44.3976 		-32.8666 		2.236
v 45.2202 		-32.8164 		2.2535
v 44.3986 		-32.8382 		2.2459
v 45.2188 		-32.7912 		2.2623
v 44.4001 		-32.8083 		2.2564
v 45.217 		-32.7663 		2.271
v 44.4022 		-32.7769 		2.2673
v 45.2148 		-32.7417 		2.2797
v 45.2124 		-32.7191 		2.2876
v 45.21 		-32.6972 		2.2952
v 44.4145 		-32.6446 		2.3136
v 45.2076 		-32.6762 		2.3026
v 44.4177 		-32.6141 		2.3243
v 45.2051 		-32.6559 		2.3097
v 44.4211 		-32.5848 		2.3345
v 45.2027 		-32.6363 		2.3165
v 45.2003 		-32.6175 		2.3231
v 45.1115 		-31.9785 		2.5465
v 45.1151 		-35.0954 		3.8282
v 45.0172 		-35.0954 		3.8282
v 45.0172 		-35.4356 		3.7093
v 45.8474 		-35.4356 		3.7093
v 45.8474 		-35.0954 		3.8282
v 45.61 		-34.6402 		3.9873
v 45.0843 		-30.8793 		5.3021
v 44.7399 		-30.8793 		5.3021
v 44.1943 		-34.6356 		3.9889
v 44.5532 		-33.546 		4.3699
v 44.7019 		-32.4701 		4.746
v 44.7067 		-32.433 		4.759
v 44.7168 		-32.3563 		4.7858
v 44.722 		-32.3169 		4.7995
v 44.7273 		-32.2766 		4.8136
v 44.7327 		-32.2356 		4.8279
v 44.7387 		-32.1957 		4.8419
v 44.7446 		-32.1554 		4.856
v 44.7503 		-32.115 		4.8701
v 44.756 		-32.0742 		4.8844
v 44.7616 		-32.0332 		4.8987
v 44.7671 		-31.992 		4.9131
v 44.7725 		-31.9523 		4.927
v 44.7778 		-31.9128 		4.9408
v 44.783 		-31.8736 		4.9545
v 44.7881 		-31.8346 		4.9681
v 44.793 		-31.7959 		4.9817
v 44.7979 		-31.7575 		4.9951
v 44.8027 		-31.7197 		5.0083
v 44.8072 		-31.6829 		5.0212
v 44.8115 		-31.6471 		5.0337
v 44.8156 		-31.6124 		5.0458
v 44.8196 		-31.5787 		5.0576
v 44.8233 		-31.546 		5.069
v 44.827 		-31.5832 		5.056
v 44.8307 		-31.6211 		5.0428
v 44.8346 		-31.6598 		5.0293
v 44.8386 		-31.6993 		5.0155
v 44.8427 		-31.7395 		5.0014
v 44.8469 		-31.7805 		4.9871
v 44.8511 		-31.8219 		4.9726
v 44.8555 		-31.8632 		4.9581
v 44.86 		-31.9046 		4.9437
v 44.8646 		-31.946 		4.9292
v 44.8693 		-31.9874 		4.9147
v 44.874 		-32.0288 		4.9003
v 44.8783 		-32.07 		4.8858
v 44.8827 		-32.111 		4.8715
v 44.8872 		-32.1517 		4.8573
v 44.8918 		-32.1922 		4.8431
v 44.8965 		-32.2325 		4.8291
v 44.9012 		-32.2724 		4.8151
v 44.9241 		-32.4653 		4.7477
v 44.9284 		-32.5023 		4.7347
v 45.0626 		-33.546 		4.3699
v 44.1871 		-34.6816 		3.9729
v 43.9913 		-35.0954 		3.8282
v 43.9623 		-35.0954 		3.8282
v 43.9623 		-35.4356 		3.7093
v 44.6185 		-35.4356 		3.7093
v 44.6185 		-35.0954 		3.8282
v 44.4386 		-35.0459 		3.8455
v 44.4336 		-35.0356 		3.8491
v 44.4283 		-35.0259 		3.8525
v 44.4049 		-34.7023 		3.9656
v 44.4082 		-34.6678 		3.9777
v 44.4113 		-34.6347 		3.9893
v 44.4246 		-34.5152 		4.0311
v 44.4282 		-34.4885 		4.0404
v 44.5007 		-33.9368 		4.2333
v 45.1212 		-35.095 		3.8284
v 45.8003 		-35.0954 		3.8282
v 45.6166 		-34.6834 		3.9723
v 44.7117 		-32.395 		4.7722
v 44.906 		-32.312 		4.8012
v 44.9198 		-32.4277 		4.7608
v 44.1798 		-34.7245 		3.9579
v 44.0026 		-35.0949 		3.8284
v 44.5115 		-35.0954 		3.8282
v 45.1274 		-35.0939 		3.8288
v 45.7907 		-35.0949 		3.8284
v 45.6232 		-34.724 		3.9581
v 44.9153 		-32.3897 		4.7741
v 44.1726 		-34.7644 		3.9439
v 44.0135 		-35.0934 		3.8289
v 44.5043 		-35.095 		3.8284
v 45.1337 		-35.092 		3.8294
v 45.7811 		-35.0934 		3.8289
v 45.6299 		-34.7621 		3.9447
v 44.9107 		-32.3511 		4.7876
v 44.1653 		-34.8012 		3.9311
v 44.024 		-35.0908 		3.8298
v 44.4972 		-35.0939 		3.8288
v 45.1401 		-35.0893 		3.8304
v 45.7717 		-35.0908 		3.8298
v 45.6365 		-34.7976 		3.9323
v 44.1581 		-34.8349 		3.9193
v 44.034 		-35.0872 		3.8311
v 44.4902 		-35.092 		3.8294
v 45.1466 		-35.0858 		3.8316
v 45.7624 		-35.0872 		3.8311
v 45.6432 		-34.8305 		3.9208
v 44.1508 		-34.8655 		3.9086
v 44.0437 		-35.0826 		3.8327
v 44.4833 		-35.0893 		3.8304
v 45.1532 		-35.0816 		3.833
v 45.7532 		-35.0826 		3.8327
v 45.6498 		-34.8609 		3.9102
v 44.1435 		-34.895 		3.8983
v 44.053 		-35.077 		3.8347
v 44.4765 		-35.0858 		3.8316
v 45.1597 		-35.0766 		3.8348
v 45.7441 		-35.077 		3.8347
v 44.1361 		-34.9222 		3.8888
v 44.062 		-35.07 		3.8371
v 44.4698 		-35.0816 		3.833
v 45.1659 		-35.0709 		3.8368
v 45.7351 		-35.0686 		3.8376
v 45.6566 		-34.8904 		3.8999
v 44.1286 		-34.9471 		3.8801
v 44.0709 		-35.0612 		3.8402
v 44.4628 		-35.0765 		3.8348
v 45.1718 		-35.0644 		3.8391
v 45.7264 		-35.0586 		3.8411
v 44.0797 		-35.0506 		3.8439
v 44.4562 		-35.0704 		3.837
v 45.1774 		-35.0571 		3.8416
v 45.7178 		-35.0471 		3.8451
v 45.6635 		-34.9176 		3.8904
v 44.0884 		-35.0382 		3.8482
v 44.4499 		-35.0632 		3.8395
v 45.1826 		-35.049 		3.8444
v 45.7094 		-35.0341 		3.8497
v 45.6707 		-34.9425 		3.8817
v 44.097 		-35.024 		3.8532
v 44.4441 		-35.055 		3.8423
v 45.1876 		-35.0402 		3.8475
v 45.7013 		-35.0195 		3.8547
v 45.678 		-34.9651 		3.8738
v 44.1055 		-35.008 		3.8588
v 45.1929 		-35.0304 		3.8509
v 45.6933 		-35.0035 		3.8604
v 45.6856 		-34.9854 		3.8667
v 44.1133 		-34.99 		3.8651
v 45.1977 		-35.0193 		3.8548
v 44.121 		-34.9697 		3.8722
v 44.4233 		-35.0152 		3.8563
v 45.2021 		-35.0069 		3.8592
v 45.2062 		-34.9932 		3.8639
v 44.4186 		-35.0035 		3.8604
v 45.2098 		-34.9783 		3.8692
v 44.4143 		-34.9907 		3.8648
v 45.213 		-34.9621 		3.8748
v 44.4102 		-34.9769 		3.8697
v 45.2158 		-34.9462 		3.8804
v 44.4064 		-34.9621 		3.8748
v 45.218 		-34.9294 		3.8863
v 44.4036 		-34.9462 		3.8804
v 45.2198 		-34.9115 		3.8925
v 44.4014 		-34.9294 		3.8863
v 45.2211 		-34.8926 		3.8991
v 44.3996 		-34.9115 		3.8925
v 45.2218 		-34.8727 		3.9061
v 44.3983 		-34.8926 		3.8991
v 45.2221 		-34.8517 		3.9134
v 44.3976 		-34.8727 		3.9061
v 45.2219 		-34.8258 		3.9225
v 44.3973 		-34.8517 		3.9134
v 45.2213 		-34.8001 		3.9314
v 44.3976 		-34.8249 		3.9228
v 45.2202 		-34.7747 		3.9403
v 44.3986 		-34.7966 		3.9327
v 45.2188 		-34.7496 		3.9491
v 44.4001 		-34.7667 		3.9431
v 45.217 		-34.7247 		3.9578
v 44.4022 		-34.7353 		3.9541
v 45.2148 		-34.7 		3.9664
v 45.2124 		-34.6774 		3.9743
v 45.21 		-34.6556 		3.982
v 44.4145 		-34.6029 		4.0004
v 45.2076 		-34.6345 		3.9894
v 44.4177 		-34.5724 		4.011
v 45.2051 		-34.6142 		3.9964
v 44.4211 		-34.5432 		4.0213
v 45.2027 		-34.5946 		4.0033
v 45.2003 		-34.5759 		4.0098
v 45.1115 		-33.9368 		4.2333
v 46.7881 		-33.4773 		2.0225
v 45.9181 		-33.4773 		2.0225
v 45.9181 		-33.1371 		2.1414
v 46.6794 		-33.1371 		2.1414
v 46.7881 		-33.1371 		2.1414
v 47.0282 		-32.9638 		2.202
v 47.0147 		-32.9072 		2.2218
v 46.7174 		-31.5003 		2.7136
v 47.0564 		-33.067 		2.166
v 47.0421 		-33.017 		2.1834
v 47.0862 		-33.1569 		2.1345
v 47.0711 		-33.1136 		2.1497
v 47.1173 		-33.2324 		2.1081
v 47.1017 		-33.1968 		2.1205
v 47.1515 		-33.2957 		2.086
v 47.1339 		-33.2653 		2.0966
v 47.1898 		-33.3488 		2.0674
v 47.1702 		-33.3235 		2.0763
v 47.2321 		-33.3919 		2.0524
v 47.2104 		-33.3716 		2.0595
v 47.2789 		-33.4256 		2.0406
v 47.255 		-33.4099 		2.0461
v 47.33 		-33.4501 		2.032
v 47.3039 		-33.439 		2.0359
v 47.3864 		-33.4645 		2.027
v 47.3573 		-33.4589 		2.0289
v 47.4493 		-33.4727 		2.0241
v 47.4171 		-33.4691 		2.0254
v 47.5181 		-33.4768 		2.0227
v 47.4829 		-33.4753 		2.0232
v 47.6364 		-33.4773 		2.0225
v 47.5548 		-33.4773 		2.0225
v 47.6273 		-33.1371 		2.1414
v 47.6364 		-33.1371 		2.1414
v 47.1184 		-31.2648 		2.796
v 47.0974 		-31.2893 		2.7874
v 47.0763 		-31.3118 		2.7795
v 47.1601 		-31.2096 		2.8152
v 47.1393 		-31.2382 		2.8052
v 47.2014 		-31.1463 		2.8374
v 47.1808 		-31.179 		2.826
v 47.2401 		-31.0737 		2.8627
v 47.221 		-31.1113 		2.8496
v 47.2763 		-30.991 		2.8917
v 47.2585 		-31.0336 		2.8768
v 47.3101 		-30.898 		2.9242
v 47.2935 		-30.9458 		2.9075
v 47.3406 		-30.7943 		2.9604
v 47.3259 		-30.8476 		2.9418
v 47.3665 		-30.6794 		3.0006
v 47.3541 		-30.7382 		2.98
v 47.3881 		-30.5532 		3.0447
v 47.3779 		-30.6177 		3.0222
v 47.4052 		-30.4158 		3.0928
v 47.3975 		-30.4859 		3.0683
v 47.4155 		-30.2671 		3.1447
v 47.4112 		-30.3428 		3.1183
v 47.4189 		-30.1072 		3.2006
v 47.418 		-30.1886 		3.1722
v 47.4004 		-29.7517 		3.3249
v 47.4143 		-29.9218 		3.2655
v 47.3448 		-29.4574 		3.4278
v 47.3772 		-29.5969 		3.379
v 47.2521 		-29.2245 		3.5092
v 47.3031 		-29.3333 		3.4712
v 47.1198 		-29.0559 		3.5682
v 47.1913 		-29.1317 		3.5416
v 46.9452 		-28.9547 		3.6035
v 47.0378 		-28.9969 		3.5888
v 46.7283 		-28.921 		3.6153
v 46.842 		-28.9294 		3.6124
v 45.9181 		-29.2612 		3.4964
v 45.9181 		-28.921 		3.6153
v 46.5507 		-31.1279 		2.8438
v 46.1537 		-32.7601 		2.2732
v 46.1537 		-29.6474 		3.3614
v 46.1534 		-32.8002 		2.2592
v 46.0232 		-33.1371 		2.1414
v 46.671 		-33.1368 		2.1415
v 46.0232 		-29.2612 		3.4964
v 46.1534 		-29.6073 		3.3754
v 46.1525 		-32.8377 		2.2461
v 46.0316 		-33.1368 		2.1415
v 46.6626 		-33.1361 		2.1418
v 47.6154 		-33.1363 		2.1417
v 46.1525 		-29.5698 		3.3885
v 46.151 		-32.8727 		2.2339
v 46.0399 		-33.1361 		2.1418
v 46.6544 		-33.1348 		2.1422
v 46.0316 		-29.2616 		3.4962
v 46.151 		-29.5348 		3.4007
v 46.1489 		-32.9052 		2.2225
v 46.0481 		-33.1348 		2.1422
v 46.6463 		-33.133 		2.1429
v 47.6038 		-33.134 		2.1425
v 46.0399 		-29.2628 		3.4958
v 46.1489 		-29.5024 		3.4121
v 46.1462 		-32.935 		2.2121
v 46.0562 		-33.133 		2.1429
v 46.6383 		-33.1307 		2.1437
v 47.5924 		-33.1302 		2.1439
v 46.0481 		-29.2647 		3.4952
v 46.1462 		-29.4725 		3.4225
v 46.1428 		-32.9624 		2.2025
v 46.0643 		-33.1307 		2.1437
v 46.6304 		-33.1279 		2.1447
v 47.5814 		-33.1248 		2.1457
v 46.0562 		-29.2674 		3.4942
v 46.1428 		-29.4451 		3.4321
v 46.139 		-32.986 		2.1943
v 46.0722 		-33.1279 		2.1447
v 46.6227 		-33.1226 		2.1465
v 47.5707 		-33.1179 		2.1481
v 46.0643 		-29.2708 		3.493
v 46.139 		-29.4202 		3.4408
v 46.1348 		-33.0078 		2.1866
v 46.0799 		-33.1226 		2.1465
v 46.6153 		-33.1161 		2.1488
v 47.5603 		-33.1095 		2.1511
v 46.0722 		-29.275 		3.4915
v 46.1348 		-29.3976 		3.4487
v 46.0873 		-33.1161 		2.1488
v 46.6082 		-33.1083 		2.1515
v 47.5494 		-33.0993 		2.1547
v 46.0799 		-29.2804 		3.4897
v 46.1302 		-29.3773 		3.4558
v 46.0944 		-33.1083 		2.1515
v 46.6014 		-33.0993 		2.1547
v 47.5387 		-33.087 		2.1589
v 46.0873 		-29.2873 		3.4873
v 46.5507 		-29.298 		3.4835
v 46.1012 		-33.0993 		2.1547
v 46.5949 		-33.0889 		2.1583
v 47.5281 		-33.0727 		2.1639
v 46.0944 		-29.2957 		3.4843
v 46.1251 		-29.3593 		3.4621
v 46.1077 		-33.0889 		2.1583
v 46.5887 		-33.0773 		2.1623
v 47.5176 		-33.0564 		2.1697
v 46.1012 		-29.3057 		3.4808
v 46.1197 		-29.3436 		3.4676
v 46.1138 		-33.0773 		2.1623
v 47.5072 		-33.038 		2.1761
v 46.1077 		-29.3172 		3.4768
v 46.1138 		-29.3302 		3.4723
v 46.1197 		-33.0626 		2.1675
v 46.1251 		-33.0461 		2.1732
v 47.4968 		-33.0175 		2.1832
v 46.1302 		-33.0279 		2.1796
v 47.4871 		-32.9952 		2.191
v 46.6866 		-29.298 		3.4835
v 47.4773 		-32.9711 		2.1995
v 46.7137 		-29.2994 		3.483
v 47.4674 		-32.9451 		2.2085
v 46.7394 		-29.3036 		3.4815
v 46.5829 		-33.0626 		2.1675
v 47.4574 		-32.9174 		2.2182
v 46.7636 		-29.3107 		3.4791
v 46.5775 		-33.0461 		2.1732
v 47.4472 		-32.8879 		2.2285
v 46.7865 		-29.3205 		3.4756
v 46.5724 		-33.0279 		2.1796
v 47.437 		-32.8566 		2.2395
v 46.808 		-29.3331 		3.4712
v 46.5678 		-33.0078 		2.1866
v 47.4273 		-32.8219 		2.2516
v 46.828 		-29.3486 		3.4658
v 46.5636 		-32.986 		2.1943
v 47.4173 		-32.7851 		2.2645
v 46.8473 		-29.367 		3.4594
v 46.5597 		-32.9624 		2.2025
v 47.4071 		-32.7463 		2.2781
v 46.8653 		-29.3884 		3.4519
v 46.557 		-32.935 		2.2121
v 47.3967 		-32.7054 		2.2923
v 46.8819 		-29.413 		3.4433
v 46.5547 		-32.9052 		2.2225
v 47.3862 		-32.6625 		2.3073
v 46.8973 		-29.4405 		3.4337
v 46.5529 		-32.8727 		2.2339
v 47.3754 		-32.6175 		2.3231
v 46.9113 		-29.4712 		3.423
v 46.5517 		-32.8377 		2.2461
v 46.9241 		-29.5049 		3.4112
v 46.5509 		-32.8002 		2.2592
v 46.5507 		-31.5003 		2.7136
v 46.9361 		-29.5419 		3.3982
v 46.5507 		-32.7601 		2.2732
v 46.947 		-29.5826 		3.384
v 46.9567 		-29.6267 		3.3686
v 46.9651 		-29.6745 		3.3519
v 46.6902 		-31.1279 		2.8438
v 46.9724 		-29.7259 		3.3339
v 46.719 		-31.1264 		2.8444
v 46.9784 		-29.7808 		3.3147
v 46.746 		-31.1218 		2.846
v 46.984 		-29.8394 		3.2943
v 46.7714 		-31.1141 		2.8486
v 46.9885 		-29.9018 		3.2724
v 46.795 		-31.1034 		2.8524
v 46.8169 		-31.0896 		2.8572
v 46.992 		-29.9681 		3.2492
v 46.8371 		-31.0727 		2.8631
v 46.9946 		-30.0382 		3.2247
v 46.8557 		-31.0511 		2.8706
v 46.9961 		-30.1122 		3.1989
v 46.8731 		-31.0262 		2.8794
v 46.9966 		-30.19 		3.1717
v 46.9961 		-30.2666 		3.1449
v 46.8892 		-30.998 		2.8892
v 46.9948 		-30.3402 		3.1192
v 46.9039 		-30.9665 		2.9002
v 46.9925 		-30.4107 		3.0945
v 46.9174 		-30.9316 		2.9124
v 46.9893 		-30.4781 		3.071
v 46.9295 		-30.8934 		2.9258
v 46.9852 		-30.5425 		3.0485
v 46.941 		-30.8534 		2.9398
v 46.9803 		-30.6038 		3.027
v 46.9513 		-30.8101 		2.9549
v 46.9748 		-30.6603 		3.0073
v 46.9603 		-30.7635 		2.9712
v 46.9682 		-30.7136 		2.9886
v 45.9181 		-35.0954 		3.8282
v 45.9181 		-35.4356 		3.7093
v 46.7881 		-35.4356 		3.7093
v 46.7881 		-35.0954 		3.8282
v 46.6794 		-35.0954 		3.8282
v 46.7174 		-33.4586 		4.4004
v 47.0147 		-34.8655 		3.9086
v 47.0282 		-34.9221 		3.8888
v 47.0421 		-34.9754 		3.8702
v 47.0564 		-35.0253 		3.8527
v 47.0711 		-35.0719 		3.8364
v 47.0862 		-35.1152 		3.8213
v 47.1017 		-35.1552 		3.8073
v 47.1173 		-35.1907 		3.7949
v 47.1339 		-35.2236 		3.7834
v 47.1515 		-35.254 		3.7728
v 47.1702 		-35.2819 		3.763
v 47.1898 		-35.3072 		3.7542
v 47.2104 		-35.3299 		3.7463
v 47.2321 		-35.3502 		3.7392
v 47.255 		-35.3682 		3.7329
v 47.2789 		-35.3839 		3.7274
v 47.3039 		-35.3973 		3.7227
v 47.33 		-35.4084 		3.7188
v 47.3573 		-35.4172 		3.7157
v 47.3864 		-35.4229 		3.7137
v 47.4171 		-35.4275 		3.7121
v 47.4493 		-35.431 		3.7109
v 47.4829 		-35.4336 		3.71
v 47.5181 		-35.4351 		3.7095
v 47.5548 		-35.4356 		3.7093
v 47.6364 		-35.4356 		3.7093
v 47.6364 		-35.0954 		3.8282
v 47.6273 		-35.0954 		3.8282
v 47.0763 		-33.2701 		4.4663
v 47.0974 		-33.2476 		4.4742
v 47.1184 		-33.2231 		4.4827
v 47.1393 		-33.1966 		4.492
v 47.1601 		-33.168 		4.502
v 47.1808 		-33.1373 		4.5127
v 47.2014 		-33.1046 		4.5242
v 47.221 		-33.0696 		4.5364
v 47.2401 		-33.0321 		4.5495
v 47.2585 		-32.992 		4.5635
v 47.2763 		-32.9493 		4.5785
v 47.2935 		-32.9041 		4.5943
v 47.3101 		-32.8563 		4.611
v 47.3259 		-32.8059 		4.6286
v 47.3406 		-32.7526 		4.6472
v 47.3541 		-32.6966 		4.6668
v 47.3665 		-32.6377 		4.6874
v 47.3779 		-32.576 		4.709
v 47.3881 		-32.5115 		4.7315
v 47.3975 		-32.4442 		4.755
v 47.4052 		-32.3741 		4.7795
v 47.4112 		-32.3012 		4.805
v 47.4155 		-32.2254 		4.8315
v 47.418 		-32.1469 		4.859
v 47.4189 		-32.0655 		4.8874
v 47.4143 		-31.8801 		4.9522
v 47.4004 		-31.71 		5.0117
v 47.3772 		-31.5552 		5.0658
v 47.3448 		-31.4157 		5.1146
v 47.3031 		-31.2916 		5.158
v 47.2521 		-31.1828 		5.196
v 47.1913 		-31.0901 		5.2284
v 47.1198 		-31.0142 		5.2549
v 47.0378 		-30.9552 		5.2756
v 46.9452 		-30.913 		5.2903
v 46.842 		-30.8878 		5.2991
v 46.7283 		-30.8793 		5.3021
v 45.9181 		-30.8793 		5.3021
v 45.9181 		-31.2196 		5.1831
v 46.1537 		-31.6058 		5.0481
v 46.1537 		-34.7184 		3.96
v 46.5507 		-33.0862 		4.5306
v 46.1534 		-34.7585 		3.946
v 46.0232 		-35.0954 		3.8282
v 46.671 		-35.0951 		3.8283
v 46.0232 		-31.2196 		5.1831
v 46.1534 		-31.5657 		5.0622
v 46.1525 		-34.796 		3.9329
v 46.0316 		-35.0951 		3.8283
v 46.6626 		-35.0944 		3.8286
v 47.6154 		-35.0946 		3.8285
v 46.1525 		-31.5281 		5.0753
v 46.151 		-34.831 		3.9206
v 46.0399 		-35.0944 		3.8286
v 46.6544 		-35.0931 		3.829
v 46.0316 		-31.2199 		5.183
v 46.151 		-31.4931 		5.0875
v 46.1489 		-34.8635 		3.9093
v 46.0481 		-35.0931 		3.829
v 46.6463 		-35.0913 		3.8297
v 47.6038 		-35.0923 		3.8293
v 46.0399 		-31.2211 		5.1826
v 46.1489 		-31.4607 		5.0989
v 46.1462 		-34.8934 		3.8989
v 46.0562 		-35.0913 		3.8297
v 46.6383 		-35.089 		3.8305
v 47.5924 		-35.0885 		3.8306
v 46.0481 		-31.223 		5.1819
v 46.1462 		-31.4308 		5.1093
v 46.1428 		-34.9207 		3.8893
v 46.0643 		-35.089 		3.8305
v 46.6304 		-35.0862 		3.8314
v 47.5814 		-35.0831 		3.8325
v 46.0562 		-31.2257 		5.181
v 46.1428 		-31.4035 		5.1189
v 46.139 		-34.9443 		3.881
v 46.0722 		-35.0862 		3.8314
v 46.6227 		-35.081 		3.8333
v 47.5707 		-35.0762 		3.8349
v 46.0643 		-31.2291 		5.1798
v 46.139 		-31.3786 		5.1276
v 46.1348 		-34.9662 		3.8734
v 46.0799 		-35.081 		3.8333
v 46.6153 		-35.0745 		3.8355
v 47.5603 		-35.0678 		3.8379
v 46.0722 		-31.2334 		5.1783
v 46.1348 		-31.356 		5.1355
v 46.0873 		-35.0745 		3.8355
v 46.6082 		-35.0667 		3.8383
v 47.5494 		-35.0576 		3.8414
v 46.0799 		-31.2387 		5.1765
v 46.1302 		-31.3357 		5.1426
v 46.0944 		-35.0667 		3.8383
v 46.6014 		-35.0576 		3.8414
v 47.5387 		-35.0453 		3.8457
v 46.0873 		-31.2456 		5.174
v 46.5507 		-31.2563 		5.1703
v 46.1012 		-35.0576 		3.8414
v 46.5949 		-35.0473 		3.8451
v 47.5281 		-35.031 		3.8507
v 46.0944 		-31.254 		5.1711
v 46.1251 		-31.3176 		5.1489
v 46.1077 		-35.0473 		3.8451
v 46.5887 		-35.0356 		3.8491
v 47.5176 		-35.0147 		3.8564
v 46.1012 		-31.264 		5.1676
v 46.1197 		-31.3019 		5.1544
v 46.1138 		-35.0356 		3.8491
v 47.5072 		-34.9963 		3.8629
v 46.1077 		-31.2755 		5.1636
v 46.1138 		-31.2885 		5.159
v 46.1197 		-35.0209 		3.8543
v 46.1251 		-35.0045 		3.86
v 47.4968 		-34.9759 		3.87
v 46.1302 		-34.9862 		3.8664
v 47.4871 		-34.9535 		3.8778
v 46.6866 		-31.2563 		5.1703
v 47.4773 		-34.9294 		3.8863
v 46.7137 		-31.2577 		5.1698
v 47.4674 		-34.9035 		3.8953
v 46.7394 		-31.262 		5.1683
v 46.5829 		-35.0209 		3.8543
v 47.4574 		-34.8757 		3.905
v 46.7636 		-31.269 		5.1659
v 46.5775 		-35.0045 		3.86
v 47.4472 		-34.8462 		3.9153
v 46.7865 		-31.2788 		5.1624
v 46.5724 		-34.9862 		3.8664
v 47.437 		-34.8149 		3.9263
v 46.808 		-31.2915 		5.158
v 46.5678 		-34.9662 		3.8734
v 47.4273 		-34.7802 		3.9384
v 46.828 		-31.3069 		5.1526
v 46.5636 		-34.9443 		3.881
v 47.4173 		-34.7434 		3.9513
v 46.8473 		-31.3253 		5.1462
v 46.5597 		-34.9207 		3.8893
v 47.4071 		-34.7046 		3.9648
v 46.8653 		-31.3468 		5.1387
v 46.557 		-34.8934 		3.8989
v 47.3967 		-34.6637 		3.9791
v 46.8819 		-31.3713 		5.1301
v 46.5547 		-34.8635 		3.9093
v 47.3862 		-34.6208 		3.9941
v 46.8973 		-31.3989 		5.1205
v 46.5529 		-34.831 		3.9206
v 47.3754 		-34.5759 		4.0098
v 46.9113 		-31.4295 		5.1097
v 46.5517 		-34.796 		3.9329
v 46.9241 		-31.4632 		5.098
v 46.5509 		-34.7585 		3.946
v 46.5507 		-33.4586 		4.4004
v 46.9361 		-31.5003 		5.085
v 46.5507 		-34.7184 		3.96
v 46.947 		-31.5409 		5.0708
v 46.9567 		-31.5851 		5.0554
v 46.9651 		-31.6328 		5.0387
v 46.6902 		-33.0862 		4.5306
v 46.9724 		-31.6842 		5.0207
v 46.719 		-33.0847 		4.5311
v 46.9784 		-31.7391 		5.0015
v 46.746 		-33.0801 		4.5327
v 46.984 		-31.7977 		4.981
v 46.7714 		-33.0724 		4.5354
v 46.9885 		-31.8602 		4.9592
v 46.795 		-33.0617 		4.5392
v 46.8169 		-33.0479 		4.544
v 46.992 		-31.9265 		4.936
v 46.8371 		-33.031 		4.5499
v 46.9946 		-31.9966 		4.9115
v 46.8557 		-33.0095 		4.5574
v 46.9961 		-32.0705 		4.8857
v 46.8731 		-32.9846 		4.5661
v 46.9966 		-32.1483 		4.8585
v 46.9961 		-32.2249 		4.8317
v 46.8892 		-32.9563 		4.576
v 46.9948 		-32.2985 		4.806
v 46.9039 		-32.9248 		4.587
v 46.9925 		-32.369 		4.7813
v 46.9174 		-32.8899 		4.5992
v 46.9893 		-32.4364 		4.7578
v 46.9295 		-32.8517 		4.6126
v 46.9852 		-32.5008 		4.7353
v 46.941 		-32.8118 		4.6265
v 46.9803 		-32.5621 		4.7138
v 46.9513 		-32.7685 		4.6417
v 46.9748 		-32.6187 		4.694
v 46.9603 		-32.7219 		4.658
v 46.9682 		-32.6719 		4.6754
v 49.4645 		-30.8525 		2.9401
v 49.4692 		-31.0219 		2.8809
v 49.4707 		-31.1969 		2.8197
v 49.4457 		-30.5307 		3.0526
v 49.4567 		-30.6888 		2.9973
v 49.4145 		-30.2313 		3.1572
v 49.4317 		-30.3782 		3.1059
v 49.3712 		-29.9596 		3.2522
v 49.3943 		-30.0921 		3.2059
v 49.3162 		-29.7144 		3.338
v 49.3452 		-29.8336 		3.2963
v 49.2496 		-29.4957 		3.4144
v 49.2844 		-29.6017 		3.3773
v 49.1716 		-29.3062 		3.4806
v 49.212 		-29.397 		3.4489
v 49.0828 		-29.1483 		3.5358
v 49.1286 		-29.2233 		3.5096
v 48.9831 		-29.0222 		3.5799
v 49.0343 		-29.0813 		3.5593
v 48.873 		-28.9276 		3.613
v 48.9293 		-28.9702 		3.5981
v 48.7527 		-28.8709 		3.6328
v 48.8141 		-28.8946 		3.6245
v 48.6224 		-28.852 		3.6394
v 48.6889 		-28.8568 		3.6378
v 48.4839 		-28.8709 		3.6328
v 48.5515 		-28.8568 		3.6378
v 48.3582 		-28.9276 		3.613
v 48.4194 		-28.8946 		3.6245
v 48.2454 		-29.0222 		3.5799
v 48.3002 		-28.9702 		3.5981
v 48.1439 		-29.1478 		3.536
v 48.1932 		-29.0812 		3.5593
v 48.0545 		-29.3041 		3.4814
v 48.0977 		-29.2222 		3.51
v 47.9772 		-29.4911 		3.416
v 48.0143 		-29.3938 		3.45
v 47.9129 		-29.7103 		3.3394
v 47.9436 		-29.5972 		3.3789
v 47.8604 		-29.957 		3.2531
v 47.8852 		-29.8302 		3.2975
v 47.8195 		-30.2313 		3.1572
v 47.8385 		-30.0907 		3.2064
v 47.7903 		-30.5302 		3.0528
v 47.8034 		-30.3781 		3.1059
v 47.7727 		-30.8505 		2.9408
v 47.78 		-30.6877 		2.9977
v 47.7669 		-31.1923 		2.8213
v 47.7684 		-31.0187 		2.882
v 48.1898 		-31.0465 		2.8723
v 48.1892 		-31.1969 		2.8197
v 48.1898 		-31.3473 		2.7671
v 47.7727 		-31.5345 		2.7017
v 47.7684 		-31.3659 		2.7606
v 47.7903 		-31.8564 		2.5892
v 47.78 		-31.698 		2.6445
v 47.8195 		-32.1578 		2.4838
v 47.8034 		-32.0096 		2.5356
v 47.8604 		-32.4321 		2.3879
v 47.8385 		-32.2984 		2.4346
v 47.9129 		-32.6788 		2.3016
v 47.8852 		-32.5589 		2.3436
v 47.9772 		-32.898 		2.225
v 47.9436 		-32.7919 		2.2621
v 48.0535 		-33.088 		2.1586
v 48.0138 		-32.9968 		2.1905
v 48.1423 		-33.2474 		2.1029
v 48.0963 		-33.1716 		2.1294
v 48.2436 		-33.3762 		2.0579
v 48.1914 		-33.3156 		2.079
v 48.357 		-33.4681 		2.0257
v 48.2988 		-33.4267 		2.0402
v 48.4821 		-33.5233 		2.0064
v 48.4181 		-33.5003 		2.0145
v 48.6188 		-33.5417 		2
v 48.549 		-33.5371 		2.0016
v 48.7503 		-33.5233 		2.0064
v 48.6858 		-33.5371 		2.0016
v 48.8718 		-33.4681 		2.0257
v 48.8123 		-33.5003 		2.0145
v 48.9831 		-33.3762 		2.0579
v 48.9287 		-33.4267 		2.0402
v 49.0828 		-33.2474 		2.1029
v 49.0343 		-33.3156 		2.079
v 49.1716 		-33.088 		2.1586
v 49.1286 		-33.1716 		2.1294
v 49.2496 		-32.898 		2.225
v 49.212 		-32.9968 		2.1905
v 49.3162 		-32.6788 		2.3016
v 49.2844 		-32.7919 		2.2621
v 49.3712 		-32.4321 		2.3879
v 49.3452 		-32.5589 		2.3436
v 49.4145 		-32.1578 		2.4838
v 49.3943 		-32.2984 		2.4346
v 49.4457 		-31.8589 		2.5883
v 49.4317 		-32.011 		2.5351
v 49.4645 		-31.5386 		2.7002
v 49.4567 		-31.7015 		2.6433
v 49.4692 		-31.3704 		2.759
v 48.1917 		-30.9021 		2.9227
v 48.1917 		-31.4921 		2.7165
v 48.1947 		-30.7635 		2.9712
v 48.1947 		-31.6313 		2.6678
v 48.1989 		-30.6308 		3.0176
v 48.1989 		-31.7649 		2.6211
v 48.2043 		-31.8929 		2.5764
v 48.2043 		-30.504 		3.0619
v 48.211 		-32.0152 		2.5336
v 48.211 		-30.3831 		3.1042
v 48.2196 		-32.1317 		2.4929
v 48.2196 		-30.2666 		3.1449
v 48.2299 		-32.2421 		2.4543
v 48.2299 		-30.1562 		3.1835
v 48.2418 		-32.3463 		2.4179
v 48.2418 		-30.052 		3.2199
v 48.2553 		-32.4444 		2.3836
v 48.2553 		-29.954 		3.2542
v 48.2704 		-32.5363 		2.3515
v 48.2704 		-29.862 		3.2863
v 48.2871 		-32.6221 		2.3215
v 48.2871 		-29.7762 		3.3164
v 48.3049 		-32.7016 		2.2937
v 48.3049 		-29.6967 		3.3441
v 48.3246 		-32.7744 		2.2682
v 48.3246 		-29.6239 		3.3696
v 48.346 		-32.8405 		2.2451
v 48.346 		-29.5578 		3.3927
v 48.3693 		-29.4983 		3.4135
v 48.3693 		-32.9 		2.2243
v 48.3944 		-29.4454 		3.432
v 48.3944 		-32.9529 		2.2058
v 48.4212 		-29.3992 		3.4481
v 48.4212 		-32.9991 		2.1897
v 48.4495 		-29.3584 		3.4624
v 48.4494 		-33.0385 		2.1759
v 48.4799 		-29.3251 		3.474
v 48.4794 		-33.0707 		2.1647
v 48.5123 		-29.2992 		3.4831
v 48.5114 		-33.0957 		2.1559
v 48.5469 		-29.2806 		3.4896
v 48.5453 		-33.1136 		2.1497
v 48.5836 		-29.2695 		3.4935
v 48.5811 		-33.1243 		2.1459
v 48.6188 		-33.1279 		2.1447
v 48.6224 		-29.2658 		3.4948
v 48.6571 		-33.1243 		2.1459
v 48.6602 		-29.2695 		3.4935
v 48.696 		-29.2806 		3.4896
v 48.6935 		-33.1136 		2.1497
v 48.7298 		-29.2992 		3.4831
v 48.728 		-33.0957 		2.1559
v 48.7618 		-29.3251 		3.474
v 48.7606 		-33.0707 		2.1647
v 48.7919 		-29.3584 		3.4624
v 48.7913 		-33.0385 		2.1759
v 48.82 		-29.3992 		3.4481
v 48.82 		-32.9991 		2.1897
v 48.8463 		-29.4454 		3.432
v 48.8463 		-32.9529 		2.2058
v 48.871 		-29.4983 		3.4135
v 48.871 		-32.9 		2.2243
v 48.8939 		-29.5578 		3.3927
v 48.8939 		-32.8405 		2.2451
v 48.9151 		-29.6239 		3.3696
v 48.9151 		-32.7744 		2.2682
v 48.9346 		-29.6967 		3.3441
v 48.9346 		-32.7016 		2.2937
v 48.9523 		-29.7762 		3.3164
v 48.9523 		-32.6221 		2.3215
v 48.9679 		-29.862 		3.2863
v 48.9679 		-32.5363 		2.3515
v 48.9821 		-29.954 		3.2542
v 48.9821 		-32.4444 		2.3836
v 48.9949 		-30.052 		3.2199
v 48.9949 		-32.3463 		2.4179
v 49.0063 		-30.1562 		3.1835
v 49.0063 		-32.2421 		2.4543
v 49.0163 		-30.2666 		3.1449
v 49.0163 		-32.1317 		2.4929
v 49.0248 		-30.3831 		3.1042
v 49.0248 		-32.0152 		2.5336
v 49.032 		-30.504 		3.0619
v 49.032 		-31.8929 		2.5764
v 49.0379 		-30.6308 		3.0176
v 49.0379 		-31.7649 		2.6211
v 49.0425 		-30.7635 		2.9712
v 49.0425 		-31.6313 		2.6678
v 49.0458 		-30.9021 		2.9227
v 49.0458 		-31.4921 		2.7165
v 49.0477 		-31.3473 		2.7671
v 49.0477 		-31.0465 		2.8723
v 49.0484 		-31.1969 		2.8197
v 49.4707 		-33.1552 		4.5065
v 49.4692 		-32.9802 		4.5677
v 49.4645 		-32.8109 		4.6269
v 49.4567 		-32.6471 		4.6841
v 49.4457 		-32.489 		4.7394
v 49.4317 		-32.3365 		4.7927
v 49.4145 		-32.1897 		4.844
v 49.3943 		-32.0505 		4.8927
v 49.3712 		-31.9179 		4.939
v 49.3452 		-31.792 		4.983
v 49.3162 		-31.6727 		5.0247
v 49.2844 		-31.56 		5.0641
v 49.2496 		-31.454 		5.1012
v 49.212 		-31.3553 		5.1357
v 49.1716 		-31.2645 		5.1674
v 49.1286 		-31.1816 		5.1964
v 49.0828 		-31.1067 		5.2226
v 49.0343 		-31.0396 		5.2461
v 48.9831 		-30.9805 		5.2667
v 48.9293 		-30.9285 		5.2849
v 48.873 		-30.886 		5.2998
v 48.8141 		-30.8529 		5.3113
v 48.7527 		-30.8293 		5.3196
v 48.6889 		-30.8151 		5.3245
v 48.6224 		-30.8104 		5.3262
v 48.5515 		-30.8151 		5.3245
v 48.4839 		-30.8293 		5.3196
v 48.4194 		-30.8529 		5.3113
v 48.3582 		-30.886 		5.2998
v 48.3002 		-30.9285 		5.2849
v 48.2454 		-30.9805 		5.2667
v 48.1932 		-31.0395 		5.2461
v 48.1439 		-31.1061 		5.2228
v 48.0977 		-31.1805 		5.1968
v 48.0545 		-31.2625 		5.1681
v 48.0143 		-31.3521 		5.1368
v 47.9772 		-31.4494 		5.1028
v 47.9436 		-31.5556 		5.0657
v 47.9129 		-31.6686 		5.0262
v 47.8852 		-31.7885 		4.9842
v 47.8604 		-31.9153 		4.9399
v 47.8385 		-32.0491 		4.8932
v 47.8195 		-32.1897 		4.844
v 47.8034 		-32.3364 		4.7927
v 47.7903 		-32.4885 		4.7395
v 47.78 		-32.646 		4.6845
v 47.7727 		-32.8088 		4.6276
v 47.7684 		-32.977 		4.5688
v 47.7669 		-33.1506 		4.5081
v 48.1892 		-33.1552 		4.5065
v 48.1898 		-33.0049 		4.559
v 48.1898 		-33.3056 		4.4539
v 47.7684 		-33.3243 		4.4474
v 47.7727 		-33.4929 		4.3884
v 47.78 		-33.6563 		4.3313
v 47.7903 		-33.8147 		4.2759
v 47.8034 		-33.968 		4.2224
v 47.8195 		-34.1161 		4.1706
v 47.8385 		-34.2567 		4.1214
v 47.8604 		-34.3904 		4.0747
v 47.8852 		-34.5172 		4.0303
v 47.9129 		-34.6372 		3.9884
v 47.9436 		-34.7502 		3.9489
v 47.9772 		-34.8563 		3.9118
v 48.0138 		-34.9552 		3.8772
v 48.0535 		-35.0464 		3.8454
v 48.0963 		-35.1299 		3.8162
v 48.1423 		-35.2057 		3.7896
v 48.1914 		-35.2739 		3.7658
v 48.2436 		-35.3345 		3.7446
v 48.2988 		-35.3851 		3.727
v 48.357 		-35.4264 		3.7125
v 48.4181 		-35.4586 		3.7012
v 48.4821 		-35.4816 		3.6932
v 48.549 		-35.4954 		3.6884
v 48.6188 		-35.5 		3.6868
v 48.6858 		-35.4954 		3.6884
v 48.7503 		-35.4816 		3.6932
v 48.8123 		-35.4586 		3.7012
v 48.8718 		-35.4264 		3.7125
v 48.9287 		-35.3851 		3.727
v 48.9831 		-35.3345 		3.7446
v 49.0343 		-35.2739 		3.7658
v 49.0828 		-35.2057 		3.7896
v 49.1286 		-35.1299 		3.8162
v 49.1716 		-35.0464 		3.8454
v 49.212 		-34.9552 		3.8772
v 49.2496 		-34.8563 		3.9118
v 49.2844 		-34.7502 		3.9489
v 49.3162 		-34.6372 		3.9884
v 49.3452 		-34.5172 		4.0303
v 49.3712 		-34.3904 		4.0747
v 49.3943 		-34.2567 		4.1214
v 49.4145 		-34.1161 		4.1706
v 49.4317 		-33.9694 		4.2219
v 49.4457 		-33.8172 		4.275
v 49.4567 		-33.6598 		4.3301
v 49.4645 		-33.4969 		4.387
v 49.4692 		-33.3287 		4.4458
v 48.1917 		-32.8604 		4.6095
v 48.1917 		-33.4505 		4.4033
v 48.1947 		-32.7219 		4.658
v 48.1947 		-33.5897 		4.3546
v 48.1989 		-32.5892 		4.7044
v 48.1989 		-33.7233 		4.3079
v 48.2043 		-33.8512 		4.2632
v 48.2043 		-32.4623 		4.7487
v 48.211 		-33.9736 		4.2204
v 48.211 		-32.3414 		4.791
v 48.2196 		-34.09 		4.1797
v 48.2196 		-32.2249 		4.8317
v 48.2299 		-34.2004 		4.1411
v 48.2299 		-32.1146 		4.8703
v 48.2418 		-34.3046 		4.1047
v 48.2418 		-32.0104 		4.9067
v 48.2553 		-34.4027 		4.0704
v 48.2553 		-31.9123 		4.941
v 48.2704 		-34.4946 		4.0382
v 48.2704 		-31.8203 		4.9731
v 48.2871 		-34.5805 		4.0082
v 48.2871 		-31.7345 		5.0031
v 48.3049 		-34.6599 		3.9805
v 48.3049 		-31.6551 		5.0309
v 48.3246 		-34.7327 		3.955
v 48.3246 		-31.5823 		5.0564
v 48.346 		-34.7989 		3.9319
v 48.346 		-31.5161 		5.0795
v 48.3693 		-31.4566 		5.1003
v 48.3693 		-34.8584 		3.9111
v 48.3944 		-31.4037 		5.1188
v 48.3944 		-34.9112 		3.8926
v 48.4212 		-31.3575 		5.1349
v 48.4212 		-34.9575 		3.8764
v 48.4495 		-31.3167 		5.1492
v 48.4494 		-34.9968 		3.8627
v 48.4799 		-31.2834 		5.1608
v 48.4794 		-35.029 		3.8514
v 48.5123 		-31.2575 		5.1699
v 48.5114 		-35.054 		3.8427
v 48.5469 		-31.239 		5.1764
v 48.5453 		-35.0719 		3.8364
v 48.5836 		-31.2279 		5.1802
v 48.5811 		-35.0826 		3.8327
v 48.6188 		-35.0862 		3.8314
v 48.6224 		-31.2242 		5.1815
v 48.6571 		-35.0826 		3.8327
v 48.6602 		-31.2279 		5.1802
v 48.696 		-31.239 		5.1764
v 48.6935 		-35.0719 		3.8364
v 48.7298 		-31.2575 		5.1699
v 48.728 		-35.054 		3.8427
v 48.7618 		-31.2834 		5.1608
v 48.7606 		-35.029 		3.8514
v 48.7919 		-31.3167 		5.1492
v 48.7913 		-34.9968 		3.8627
v 48.82 		-31.3575 		5.1349
v 48.82 		-34.9575 		3.8764
v 48.8463 		-31.4037 		5.1188
v 48.8463 		-34.9112 		3.8926
v 48.871 		-31.4566 		5.1003
v 48.871 		-34.8584 		3.9111
v 48.8939 		-31.5161 		5.0795
v 48.8939 		-34.7989 		3.9319
v 48.9151 		-31.5823 		5.0564
v 48.9151 		-34.7327 		3.955
v 48.9346 		-31.6551 		5.0309
v 48.9346 		-34.6599 		3.9805
v 48.9523 		-31.7345 		5.0031
v 48.9523 		-34.5805 		4.0082
v 48.9679 		-31.8203 		4.9731
v 48.9679 		-34.4946 		4.0382
v 48.9821 		-31.9123 		4.941
v 48.9821 		-34.4027 		4.0704
v 48.9949 		-32.0104 		4.9067
v 48.9949 		-34.3046 		4.1047
v 49.0063 		-32.1146 		4.8703
v 49.0063 		-34.2004 		4.1411
v 49.0163 		-32.2249 		4.8317
v 49.0163 		-34.09 		4.1797
v 49.0248 		-32.3414 		4.791
v 49.0248 		-33.9736 		4.2204
v 49.032 		-32.4623 		4.7487
v 49.032 		-33.8512 		4.2632
v 49.0379 		-32.5892 		4.7044
v 49.0379 		-33.7233 		4.3079
v 49.0425 		-32.7219 		4.658
v 49.0425 		-33.5897 		4.3546
v 49.0458 		-32.8604 		4.6095
v 49.0458 		-33.4505 		4.4033
v 49.0477 		-33.3056 		4.4539
v 49.0477 		-33.0049 		4.559
v 49.0484 		-33.1552 		4.5065
# 6848 vertices

g group_0_16768282

usemtl color_16768282
s 0

f 1 	2 	3
f 4 	5 	1
f 6 	7 	8
f 9 	10 	11
f 12 	13 	14
f 15 	16 	12
f 17 	18 	15
f 19 	20 	17
f 21 	22 	19
f 23 	24 	21
f 25 	26 	23
f 27 	28 	25
f 29 	30 	27
f 31 	32 	29
f 33 	34 	31
f 35 	36 	33
f 37 	38 	35
f 39 	40 	37
f 41 	42 	39
f 43 	44 	41
f 45 	46 	43
f 47 	48 	45
f 49 	50 	47
f 51 	52 	49
f 53 	54 	51
f 55 	56 	53
f 57 	58 	55
f 59 	60 	57
f 1 	3 	61
f 62 	4 	1
f 6 	8 	63
f 12 	14 	64
f 17 	15 	12
f 21 	19 	17
f 25 	23 	21
f 29 	27 	25
f 33 	31 	29
f 37 	35 	33
f 41 	39 	37
f 45 	43 	41
f 49 	47 	45
f 53 	51 	49
f 57 	55 	53
f 65 	59 	57
f 1 	61 	66
f 67 	62 	1
f 6 	63 	68
f 12 	64 	69
f 21 	17 	12
f 29 	25 	21
f 37 	33 	29
f 45 	41 	37
f 53 	49 	45
f 65 	57 	53
f 1 	66 	70
f 71 	67 	1
f 6 	68 	72
f 12 	69 	73
f 29 	21 	12
f 45 	37 	29
f 65 	53 	45
f 1 	70 	74
f 75 	71 	1
f 6 	72 	76
f 12 	73 	77
f 45 	29 	12
f 1 	74 	78
f 79 	75 	1
f 6 	76 	80
f 12 	77 	81
f 65 	45 	12
f 1 	78 	82
f 83 	79 	1
f 6 	80 	84
f 12 	81 	85
f 1 	82 	86
f 87 	83 	1
f 12 	85 	88
f 1 	86 	89
f 12 	88 	90
f 1 	89 	91
f 65 	12 	90
f 1 	91 	92
f 65 	90 	93
f 1 	92 	94
f 65 	93 	9
f 1 	94 	95
f 65 	9 	11
f 1 	95 	96
f 65 	11 	97
f 1 	96 	98
f 65 	97 	99
f 1 	98 	100
f 65 	99 	101
f 1 	100 	102
f 65 	101 	103
f 1 	102 	104
f 65 	103 	105
f 1 	104 	106
f 65 	105 	107
f 1 	106 	108
f 65 	107 	109
f 1 	108 	110
f 65 	109 	111
f 1 	110 	112
f 65 	111 	113
f 1 	112 	114
f 65 	113 	115
f 1 	114 	116
f 65 	115 	117
f 1 	116 	118
f 65 	117 	6
f 1 	118 	119
f 65 	6 	84
f 87 	1 	119
f 65 	84 	120
f 121 	87 	119
f 65 	120 	122
f 123 	121 	119
f 119 	65 	122
f 124 	123 	119
f 119 	122 	125
f 126 	124 	119
f 119 	125 	127
f 128 	126 	119
f 119 	127 	129
f 129 	128 	119
f 130 	131 	132
f 132 	133 	134
f 135 	136 	137
f 138 	139 	140
f 141 	142 	143
f 143 	144 	145
f 145 	146 	147
f 147 	148 	149
f 149 	150 	151
f 151 	152 	153
f 153 	154 	155
f 155 	156 	157
f 157 	158 	159
f 159 	160 	161
f 161 	162 	163
f 163 	164 	165
f 165 	166 	167
f 167 	168 	169
f 169 	170 	171
f 171 	172 	173
f 173 	174 	175
f 175 	176 	177
f 177 	178 	179
f 179 	180 	181
f 181 	182 	183
f 183 	184 	185
f 185 	186 	187
f 187 	188 	189
f 190 	130 	132
f 132 	134 	191
f 192 	135 	137
f 193 	141 	143
f 143 	145 	147
f 147 	149 	151
f 151 	153 	155
f 155 	157 	159
f 159 	161 	163
f 163 	165 	167
f 167 	169 	171
f 171 	173 	175
f 175 	177 	179
f 179 	181 	183
f 183 	185 	187
f 187 	189 	194
f 195 	190 	132
f 132 	191 	196
f 197 	192 	137
f 198 	193 	143
f 143 	147 	151
f 151 	155 	159
f 159 	163 	167
f 167 	171 	175
f 175 	179 	183
f 183 	187 	194
f 199 	195 	132
f 132 	196 	200
f 201 	197 	137
f 202 	198 	143
f 143 	151 	159
f 159 	167 	175
f 175 	183 	194
f 203 	199 	132
f 132 	200 	204
f 205 	201 	137
f 206 	202 	143
f 143 	159 	175
f 207 	203 	132
f 132 	204 	208
f 209 	205 	137
f 210 	206 	143
f 143 	175 	194
f 211 	207 	132
f 132 	208 	212
f 213 	209 	137
f 214 	210 	143
f 215 	211 	132
f 132 	212 	216
f 217 	214 	143
f 218 	215 	132
f 219 	217 	143
f 220 	218 	132
f 219 	143 	194
f 221 	220 	132
f 222 	219 	194
f 223 	221 	132
f 140 	222 	194
f 224 	223 	132
f 138 	140 	194
f 225 	224 	132
f 226 	138 	194
f 227 	225 	132
f 228 	226 	194
f 229 	227 	132
f 230 	228 	194
f 231 	229 	132
f 232 	230 	194
f 233 	231 	132
f 234 	232 	194
f 235 	233 	132
f 236 	234 	194
f 237 	235 	132
f 238 	236 	194
f 239 	237 	132
f 240 	238 	194
f 241 	239 	132
f 242 	240 	194
f 243 	241 	132
f 244 	242 	194
f 245 	243 	132
f 246 	244 	194
f 247 	245 	132
f 137 	246 	194
f 248 	247 	132
f 213 	137 	194
f 248 	132 	216
f 249 	213 	194
f 248 	216 	250
f 251 	249 	194
f 248 	250 	252
f 251 	194 	248
f 248 	252 	253
f 254 	251 	248
f 248 	253 	255
f 256 	254 	248
f 248 	255 	257
f 258 	256 	248
f 248 	257 	258
f 1 	5 	132
f 5 	133 	132
f 5 	4 	133
f 4 	134 	133
f 4 	62 	134
f 62 	191 	134
f 62 	67 	191
f 67 	196 	191
f 67 	71 	196
f 71 	200 	196
f 71 	75 	200
f 75 	204 	200
f 75 	79 	204
f 79 	208 	204
f 79 	83 	208
f 83 	212 	208
f 83 	87 	212
f 87 	216 	212
f 87 	121 	216
f 121 	250 	216
f 121 	123 	250
f 123 	252 	250
f 123 	124 	252
f 124 	253 	252
f 124 	126 	253
f 126 	255 	253
f 126 	128 	255
f 128 	257 	255
f 128 	129 	257
f 129 	258 	257
f 129 	127 	258
f 127 	256 	258
f 127 	125 	256
f 125 	254 	256
f 125 	122 	254
f 122 	251 	254
f 122 	120 	251
f 120 	249 	251
f 120 	84 	249
f 84 	213 	249
f 84 	80 	213
f 80 	209 	213
f 80 	76 	209
f 76 	205 	209
f 76 	72 	205
f 72 	201 	205
f 72 	68 	201
f 68 	197 	201
f 68 	63 	197
f 63 	192 	197
f 63 	8 	192
f 8 	135 	192
f 8 	7 	135
f 7 	136 	135
f 7 	6 	136
f 6 	137 	136
f 6 	117 	137
f 117 	246 	137
f 117 	115 	246
f 115 	244 	246
f 115 	113 	244
f 113 	242 	244
f 113 	111 	242
f 111 	240 	242
f 111 	109 	240
f 109 	238 	240
f 109 	107 	238
f 107 	236 	238
f 107 	105 	236
f 105 	234 	236
f 105 	103 	234
f 103 	232 	234
f 103 	101 	232
f 101 	230 	232
f 101 	99 	230
f 99 	228 	230
f 99 	97 	228
f 97 	226 	228
f 97 	11 	226
f 11 	138 	226
f 11 	10 	138
f 10 	139 	138
f 10 	9 	139
f 9 	140 	139
f 9 	93 	140
f 93 	222 	140
f 93 	90 	222
f 90 	219 	222
f 90 	88 	219
f 88 	217 	219
f 88 	85 	217
f 85 	214 	217
f 85 	81 	214
f 81 	210 	214
f 81 	77 	210
f 77 	206 	210
f 77 	73 	206
f 73 	202 	206
f 73 	69 	202
f 69 	198 	202
f 69 	64 	198
f 64 	193 	198
f 64 	14 	193
f 14 	141 	193
f 14 	13 	141
f 13 	142 	141
f 13 	12 	142
f 12 	143 	142
f 12 	16 	143
f 16 	144 	143
f 16 	15 	144
f 15 	145 	144
f 15 	18 	145
f 18 	146 	145
f 18 	17 	146
f 17 	147 	146
f 17 	20 	147
f 20 	148 	147
f 20 	19 	148
f 19 	149 	148
f 19 	22 	149
f 22 	150 	149
f 22 	21 	150
f 21 	151 	150
f 21 	24 	151
f 24 	152 	151
f 24 	23 	152
f 23 	153 	152
f 23 	26 	153
f 26 	154 	153
f 26 	25 	154
f 25 	155 	154
f 25 	28 	155
f 28 	156 	155
f 28 	27 	156
f 27 	157 	156
f 27 	30 	157
f 30 	158 	157
f 30 	29 	158
f 29 	159 	158
f 29 	32 	159
f 32 	160 	159
f 32 	31 	160
f 31 	161 	160
f 31 	34 	161
f 34 	162 	161
f 34 	33 	162
f 33 	163 	162
f 33 	36 	163
f 36 	164 	163
f 36 	35 	164
f 35 	165 	164
f 35 	38 	165
f 38 	166 	165
f 38 	37 	166
f 37 	167 	166
f 37 	40 	167
f 40 	168 	167
f 40 	39 	168
f 39 	169 	168
f 39 	42 	169
f 42 	170 	169
f 42 	41 	170
f 41 	171 	170
f 41 	44 	171
f 44 	172 	171
f 44 	43 	172
f 43 	173 	172
f 43 	46 	173
f 46 	174 	173
f 46 	45 	174
f 45 	175 	174
f 45 	48 	175
f 48 	176 	175
f 48 	47 	176
f 47 	177 	176
f 47 	50 	177
f 50 	178 	177
f 50 	49 	178
f 49 	179 	178
f 49 	52 	179
f 52 	180 	179
f 52 	51 	180
f 51 	181 	180
f 51 	54 	181
f 54 	182 	181
f 54 	53 	182
f 53 	183 	182
f 53 	56 	183
f 56 	184 	183
f 56 	55 	184
f 55 	185 	184
f 55 	58 	185
f 58 	186 	185
f 58 	57 	186
f 57 	187 	186
f 57 	60 	187
f 60 	188 	187
f 60 	59 	188
f 59 	189 	188
f 59 	65 	189
f 65 	194 	189
f 65 	119 	194
f 119 	248 	194
f 119 	118 	248
f 118 	247 	248
f 118 	116 	247
f 116 	245 	247
f 116 	114 	245
f 114 	243 	245
f 114 	112 	243
f 112 	241 	243
f 112 	110 	241
f 110 	239 	241
f 110 	108 	239
f 108 	237 	239
f 108 	106 	237
f 106 	235 	237
f 106 	104 	235
f 104 	233 	235
f 104 	102 	233
f 102 	231 	233
f 102 	100 	231
f 100 	229 	231
f 100 	98 	229
f 98 	227 	229
f 98 	96 	227
f 96 	225 	227
f 96 	95 	225
f 95 	224 	225
f 95 	94 	224
f 94 	223 	224
f 94 	92 	223
f 92 	221 	223
f 92 	91 	221
f 91 	220 	221
f 91 	89 	220
f 89 	218 	220
f 89 	86 	218
f 86 	215 	218
f 86 	82 	215
f 82 	211 	215
f 82 	78 	211
f 78 	207 	211
f 78 	74 	207
f 74 	203 	207
f 74 	70 	203
f 70 	199 	203
f 70 	66 	199
f 66 	195 	199
f 66 	61 	195
f 61 	190 	195
f 61 	3 	190
f 3 	130 	190
f 3 	2 	130
f 2 	131 	130
f 2 	1 	131
f 1 	132 	131
f 259 	260 	261
f 262 	263 	259
f 264 	265 	262
f 266 	267 	264
f 268 	269 	266
f 270 	271 	268
f 272 	273 	270
f 274 	275 	272
f 276 	277 	274
f 278 	279 	276
f 280 	281 	278
f 282 	283 	280
f 284 	285 	282
f 286 	287 	284
f 288 	289 	286
f 290 	291 	288
f 292 	293 	290
f 294 	295 	292
f 296 	297 	294
f 298 	299 	296
f 300 	301 	298
f 302 	303 	300
f 304 	305 	302
f 306 	307 	304
f 308 	309 	306
f 310 	311 	308
f 312 	313 	310
f 314 	315 	312
f 316 	317 	314
f 318 	319 	316
f 320 	321 	318
f 322 	323 	320
f 324 	325 	322
f 326 	327 	324
f 328 	329 	326
f 330 	331 	328
f 332 	333 	330
f 330 	333 	334
f 335 	336 	330
f 337 	338 	335
f 339 	340 	337
f 341 	342 	339
f 343 	344 	341
f 345 	346 	343
f 347 	348 	345
f 349 	350 	347
f 351 	352 	349
f 353 	354 	351
f 355 	356 	353
f 357 	358 	355
f 359 	360 	357
f 361 	362 	359
f 363 	364 	361
f 365 	366 	363
f 367 	368 	365
f 369 	370 	367
f 371 	372 	369
f 373 	374 	371
f 375 	376 	373
f 377 	378 	375
f 379 	380 	377
f 381 	382 	379
f 383 	384 	385
f 386 	387 	383
f 388 	389 	386
f 390 	391 	388
f 392 	393 	390
f 394 	395 	392
f 396 	397 	394
f 398 	399 	396
f 400 	401 	398
f 402 	403 	400
f 404 	405 	402
f 406 	407 	404
f 408 	409 	406
f 410 	411 	408
f 412 	413 	410
f 414 	415 	412
f 416 	417 	414
f 418 	419 	416
f 259 	261 	418
f 264 	262 	259
f 268 	266 	264
f 272 	270 	268
f 276 	274 	272
f 280 	278 	276
f 284 	282 	280
f 288 	286 	284
f 292 	290 	288
f 296 	294 	292
f 300 	298 	296
f 304 	302 	300
f 308 	306 	304
f 312 	310 	308
f 316 	314 	312
f 320 	318 	316
f 324 	322 	320
f 328 	326 	324
f 332 	330 	328
f 330 	334 	420
f 337 	335 	330
f 341 	339 	337
f 345 	343 	341
f 349 	347 	345
f 353 	351 	349
f 357 	355 	353
f 361 	359 	357
f 365 	363 	361
f 369 	367 	365
f 373 	371 	369
f 377 	375 	373
f 381 	379 	377
f 383 	385 	421
f 388 	386 	383
f 392 	390 	388
f 396 	394 	392
f 400 	398 	396
f 404 	402 	400
f 408 	406 	404
f 412 	410 	408
f 416 	414 	412
f 259 	418 	416
f 268 	264 	259
f 276 	272 	268
f 284 	280 	276
f 292 	288 	284
f 300 	296 	292
f 308 	304 	300
f 316 	312 	308
f 324 	320 	316
f 332 	328 	324
f 330 	420 	422
f 341 	337 	330
f 349 	345 	341
f 357 	353 	349
f 365 	361 	357
f 373 	369 	365
f 381 	377 	373
f 383 	421 	423
f 392 	388 	383
f 400 	396 	392
f 408 	404 	400
f 416 	412 	408
f 268 	259 	416
f 284 	276 	268
f 300 	292 	284
f 316 	308 	300
f 332 	324 	316
f 330 	422 	424
f 349 	341 	330
f 365 	357 	349
f 381 	373 	365
f 383 	423 	425
f 400 	392 	383
f 416 	408 	400
f 300 	284 	268
f 426 	332 	316
f 330 	424 	427
f 365 	349 	330
f 383 	425 	428
f 416 	400 	383
f 429 	426 	316
f 330 	427 	430
f 383 	428 	431
f 432 	429 	316
f 330 	430 	433
f 383 	431 	434
f 435 	432 	316
f 330 	433 	436
f 416 	383 	434
f 437 	435 	316
f 365 	330 	436
f 416 	434 	438
f 439 	437 	316
f 365 	436 	440
f 416 	438 	441
f 442 	439 	316
f 365 	440 	443
f 416 	441 	444
f 445 	442 	316
f 365 	443 	446
f 416 	444 	447
f 448 	445 	316
f 365 	446 	449
f 416 	447 	450
f 448 	316 	300
f 365 	449 	451
f 416 	450 	452
f 453 	448 	300
f 365 	451 	454
f 416 	452 	455
f 456 	453 	300
f 365 	454 	457
f 416 	455 	458
f 459 	456 	300
f 365 	457 	460
f 416 	458 	461
f 462 	459 	300
f 365 	460 	463
f 416 	461 	464
f 465 	462 	300
f 365 	463 	466
f 416 	464 	467
f 468 	465 	300
f 365 	466 	469
f 416 	467 	470
f 471 	468 	300
f 365 	469 	472
f 416 	470 	473
f 474 	471 	300
f 365 	472 	475
f 416 	473 	476
f 477 	474 	300
f 365 	475 	478
f 416 	476 	479
f 480 	477 	300
f 381 	365 	478
f 416 	479 	481
f 482 	480 	300
f 381 	478 	483
f 416 	481 	484
f 485 	482 	300
f 381 	483 	486
f 416 	484 	487
f 488 	485 	300
f 489 	381 	486
f 416 	487 	490
f 491 	488 	300
f 416 	490 	492
f 493 	491 	300
f 268 	416 	492
f 494 	493 	300
f 268 	492 	495
f 496 	494 	300
f 268 	495 	497
f 498 	496 	300
f 268 	497 	499
f 500 	498 	300
f 268 	499 	501
f 502 	500 	300
f 268 	501 	503
f 504 	502 	300
f 268 	503 	505
f 506 	504 	300
f 268 	505 	507
f 506 	300 	268
f 268 	507 	489
f 508 	506 	268
f 268 	489 	486
f 509 	508 	268
f 268 	486 	510
f 510 	509 	268
f 511 	512 	513
f 513 	514 	515
f 515 	516 	517
f 517 	518 	519
f 519 	520 	521
f 521 	522 	523
f 523 	524 	525
f 525 	526 	527
f 527 	528 	529
f 529 	530 	531
f 531 	532 	533
f 533 	534 	535
f 535 	536 	537
f 537 	538 	539
f 539 	540 	541
f 541 	542 	543
f 543 	544 	545
f 545 	546 	547
f 547 	548 	549
f 549 	550 	551
f 551 	552 	553
f 553 	554 	555
f 555 	556 	557
f 557 	558 	559
f 559 	560 	561
f 561 	562 	563
f 563 	564 	565
f 565 	566 	567
f 567 	568 	569
f 569 	570 	571
f 571 	572 	573
f 573 	574 	575
f 575 	576 	577
f 577 	578 	579
f 579 	580 	581
f 581 	582 	583
f 583 	584 	585
f 586 	584 	583
f 583 	587 	588
f 588 	589 	590
f 590 	591 	592
f 592 	593 	594
f 594 	595 	596
f 596 	597 	598
f 598 	599 	600
f 600 	601 	602
f 602 	603 	604
f 604 	605 	606
f 606 	607 	608
f 608 	609 	610
f 610 	611 	612
f 612 	613 	614
f 614 	615 	616
f 616 	617 	618
f 618 	619 	620
f 620 	621 	622
f 622 	623 	624
f 624 	625 	626
f 626 	627 	628
f 628 	629 	630
f 630 	631 	632
f 632 	633 	634
f 635 	636 	637
f 637 	638 	639
f 639 	640 	641
f 641 	642 	643
f 643 	644 	645
f 645 	646 	647
f 647 	648 	649
f 649 	650 	651
f 651 	652 	653
f 653 	654 	655
f 655 	656 	657
f 657 	658 	659
f 659 	660 	661
f 661 	662 	663
f 663 	664 	665
f 665 	666 	667
f 667 	668 	669
f 669 	670 	671
f 671 	511 	513
f 513 	515 	517
f 517 	519 	521
f 521 	523 	525
f 525 	527 	529
f 529 	531 	533
f 533 	535 	537
f 537 	539 	541
f 541 	543 	545
f 545 	547 	549
f 549 	551 	553
f 553 	555 	557
f 557 	559 	561
f 561 	563 	565
f 565 	567 	569
f 569 	571 	573
f 573 	575 	577
f 577 	579 	581
f 581 	583 	585
f 672 	586 	583
f 583 	588 	590
f 590 	592 	594
f 594 	596 	598
f 598 	600 	602
f 602 	604 	606
f 606 	608 	610
f 610 	612 	614
f 614 	616 	618
f 618 	620 	622
f 622 	624 	626
f 626 	628 	630
f 630 	632 	634
f 673 	635 	637
f 637 	639 	641
f 641 	643 	645
f 645 	647 	649
f 649 	651 	653
f 653 	655 	657
f 657 	659 	661
f 661 	663 	665
f 665 	667 	669
f 669 	671 	513
f 513 	517 	521
f 521 	525 	529
f 529 	533 	537
f 537 	541 	545
f 545 	549 	553
f 553 	557 	561
f 561 	565 	569
f 569 	573 	577
f 577 	581 	585
f 674 	672 	583
f 583 	590 	594
f 594 	598 	602
f 602 	606 	610
f 610 	614 	618
f 618 	622 	626
f 626 	630 	634
f 675 	673 	637
f 637 	641 	645
f 645 	649 	653
f 653 	657 	661
f 661 	665 	669
f 669 	513 	521
f 521 	529 	537
f 537 	545 	553
f 553 	561 	569
f 569 	577 	585
f 676 	674 	583
f 583 	594 	602
f 602 	610 	618
f 618 	626 	634
f 677 	675 	637
f 637 	645 	653
f 653 	661 	669
f 521 	537 	553
f 569 	585 	678
f 679 	676 	583
f 583 	602 	618
f 680 	677 	637
f 637 	653 	669
f 569 	678 	681
f 682 	679 	583
f 683 	680 	637
f 569 	681 	684
f 685 	682 	583
f 686 	683 	637
f 569 	684 	687
f 688 	685 	583
f 686 	637 	669
f 569 	687 	689
f 688 	583 	618
f 690 	686 	669
f 569 	689 	691
f 692 	688 	618
f 693 	690 	669
f 569 	691 	694
f 695 	692 	618
f 696 	693 	669
f 569 	694 	697
f 698 	695 	618
f 699 	696 	669
f 569 	697 	700
f 701 	698 	618
f 702 	699 	669
f 553 	569 	700
f 703 	701 	618
f 704 	702 	669
f 553 	700 	705
f 706 	703 	618
f 707 	704 	669
f 553 	705 	708
f 709 	706 	618
f 710 	707 	669
f 553 	708 	711
f 712 	709 	618
f 713 	710 	669
f 553 	711 	714
f 715 	712 	618
f 716 	713 	669
f 553 	714 	717
f 718 	715 	618
f 719 	716 	669
f 553 	717 	720
f 721 	718 	618
f 722 	719 	669
f 553 	720 	723
f 724 	721 	618
f 725 	722 	669
f 553 	723 	726
f 727 	724 	618
f 728 	725 	669
f 553 	726 	729
f 730 	727 	618
f 731 	728 	669
f 553 	729 	732
f 730 	618 	634
f 733 	731 	669
f 553 	732 	734
f 735 	730 	634
f 736 	733 	669
f 553 	734 	737
f 738 	735 	634
f 739 	736 	669
f 553 	737 	740
f 738 	634 	741
f 742 	739 	669
f 553 	740 	743
f 744 	742 	669
f 553 	743 	745
f 744 	669 	521
f 553 	745 	746
f 747 	744 	521
f 553 	746 	748
f 749 	747 	521
f 553 	748 	750
f 751 	749 	521
f 553 	750 	752
f 753 	751 	521
f 553 	752 	754
f 755 	753 	521
f 553 	754 	756
f 757 	755 	521
f 553 	756 	758
f 759 	757 	521
f 521 	553 	758
f 741 	759 	521
f 521 	758 	760
f 738 	741 	521
f 521 	760 	761
f 762 	738 	521
f 521 	761 	762
f 260 	259 	512
f 259 	513 	512
f 259 	263 	513
f 263 	514 	513
f 263 	262 	514
f 262 	515 	514
f 262 	265 	515
f 265 	516 	515
f 265 	264 	516
f 264 	517 	516
f 264 	267 	517
f 267 	518 	517
f 267 	266 	518
f 266 	519 	518
f 266 	269 	519
f 269 	520 	519
f 269 	268 	520
f 268 	521 	520
f 268 	271 	521
f 271 	522 	521
f 271 	270 	522
f 270 	523 	522
f 270 	273 	523
f 273 	524 	523
f 273 	272 	524
f 272 	525 	524
f 272 	275 	525
f 275 	526 	525
f 275 	274 	526
f 274 	527 	526
f 274 	277 	527
f 277 	528 	527
f 277 	276 	528
f 276 	529 	528
f 276 	279 	529
f 279 	530 	529
f 279 	278 	530
f 278 	531 	530
f 278 	281 	531
f 281 	532 	531
f 281 	280 	532
f 280 	533 	532
f 280 	283 	533
f 283 	534 	533
f 283 	282 	534
f 282 	535 	534
f 282 	285 	535
f 285 	536 	535
f 285 	284 	536
f 284 	537 	536
f 284 	287 	537
f 287 	538 	537
f 287 	286 	538
f 286 	539 	538
f 286 	289 	539
f 289 	540 	539
f 289 	288 	540
f 288 	541 	540
f 288 	291 	541
f 291 	542 	541
f 291 	290 	542
f 290 	543 	542
f 290 	293 	543
f 293 	544 	543
f 293 	292 	544
f 292 	545 	544
f 292 	295 	545
f 295 	546 	545
f 295 	294 	546
f 294 	547 	546
f 294 	297 	547
f 297 	548 	547
f 297 	296 	548
f 296 	549 	548
f 296 	299 	549
f 299 	550 	549
f 299 	298 	550
f 298 	551 	550
f 298 	301 	551
f 301 	552 	551
f 301 	300 	552
f 300 	553 	552
f 300 	303 	553
f 303 	554 	553
f 303 	302 	554
f 302 	555 	554
f 302 	305 	555
f 305 	556 	555
f 305 	304 	556
f 304 	557 	556
f 304 	307 	557
f 307 	558 	557
f 307 	306 	558
f 306 	559 	558
f 306 	309 	559
f 309 	560 	559
f 309 	308 	560
f 308 	561 	560
f 308 	311 	561
f 311 	562 	561
f 311 	310 	562
f 310 	563 	562
f 310 	313 	563
f 313 	564 	563
f 313 	312 	564
f 312 	565 	564
f 312 	315 	565
f 315 	566 	565
f 315 	314 	566
f 314 	567 	566
f 314 	317 	567
f 317 	568 	567
f 317 	316 	568
f 316 	569 	568
f 316 	319 	569
f 319 	570 	569
f 319 	318 	570
f 318 	571 	570
f 318 	321 	571
f 321 	572 	571
f 321 	320 	572
f 320 	573 	572
f 320 	323 	573
f 323 	574 	573
f 323 	322 	574
f 322 	575 	574
f 322 	325 	575
f 325 	576 	575
f 325 	324 	576
f 324 	577 	576
f 324 	327 	577
f 327 	578 	577
f 327 	326 	578
f 326 	579 	578
f 326 	329 	579
f 329 	580 	579
f 329 	328 	580
f 328 	581 	580
f 328 	331 	581
f 331 	582 	581
f 331 	330 	582
f 330 	583 	582
f 330 	336 	583
f 336 	587 	583
f 336 	335 	587
f 335 	588 	587
f 335 	338 	588
f 338 	589 	588
f 338 	337 	589
f 337 	590 	589
f 337 	340 	590
f 340 	591 	590
f 340 	339 	591
f 339 	592 	591
f 339 	342 	592
f 342 	593 	592
f 342 	341 	593
f 341 	594 	593
f 341 	344 	594
f 344 	595 	594
f 344 	343 	595
f 343 	596 	595
f 343 	346 	596
f 346 	597 	596
f 346 	345 	597
f 345 	598 	597
f 345 	348 	598
f 348 	599 	598
f 348 	347 	599
f 347 	600 	599
f 347 	350 	600
f 350 	601 	600
f 350 	349 	601
f 349 	602 	601
f 349 	352 	602
f 352 	603 	602
f 352 	351 	603
f 351 	604 	603
f 351 	354 	604
f 354 	605 	604
f 354 	353 	605
f 353 	606 	605
f 353 	356 	606
f 356 	607 	606
f 356 	355 	607
f 355 	608 	607
f 355 	358 	608
f 358 	609 	608
f 358 	357 	609
f 357 	610 	609
f 357 	360 	610
f 360 	611 	610
f 360 	359 	611
f 359 	612 	611
f 359 	362 	612
f 362 	613 	612
f 362 	361 	613
f 361 	614 	613
f 361 	364 	614
f 364 	615 	614
f 364 	363 	615
f 363 	616 	615
f 363 	366 	616
f 366 	617 	616
f 366 	365 	617
f 365 	618 	617
f 365 	368 	618
f 368 	619 	618
f 368 	367 	619
f 367 	620 	619
f 367 	370 	620
f 370 	621 	620
f 370 	369 	621
f 369 	622 	621
f 369 	372 	622
f 372 	623 	622
f 372 	371 	623
f 371 	624 	623
f 371 	374 	624
f 374 	625 	624
f 374 	373 	625
f 373 	626 	625
f 373 	376 	626
f 376 	627 	626
f 376 	375 	627
f 375 	628 	627
f 375 	378 	628
f 378 	629 	628
f 378 	377 	629
f 377 	630 	629
f 377 	380 	630
f 380 	631 	630
f 380 	379 	631
f 379 	632 	631
f 379 	382 	632
f 382 	633 	632
f 382 	381 	633
f 381 	634 	633
f 381 	489 	634
f 489 	741 	634
f 489 	507 	741
f 507 	759 	741
f 507 	505 	759
f 505 	757 	759
f 505 	503 	757
f 503 	755 	757
f 503 	501 	755
f 501 	753 	755
f 501 	499 	753
f 499 	751 	753
f 499 	497 	751
f 497 	749 	751
f 497 	495 	749
f 495 	747 	749
f 495 	492 	747
f 492 	744 	747
f 492 	490 	744
f 490 	742 	744
f 490 	487 	742
f 487 	739 	742
f 487 	484 	739
f 484 	736 	739
f 484 	481 	736
f 481 	733 	736
f 481 	479 	733
f 479 	731 	733
f 479 	476 	731
f 476 	728 	731
f 476 	473 	728
f 473 	725 	728
f 473 	470 	725
f 470 	722 	725
f 470 	467 	722
f 467 	719 	722
f 467 	464 	719
f 464 	716 	719
f 464 	461 	716
f 461 	713 	716
f 461 	458 	713
f 458 	710 	713
f 458 	455 	710
f 455 	707 	710
f 455 	452 	707
f 452 	704 	707
f 452 	450 	704
f 450 	702 	704
f 450 	447 	702
f 447 	699 	702
f 447 	444 	699
f 444 	696 	699
f 444 	441 	696
f 441 	693 	696
f 441 	438 	693
f 438 	690 	693
f 438 	434 	690
f 434 	686 	690
f 434 	431 	686
f 431 	683 	686
f 431 	428 	683
f 428 	680 	683
f 428 	425 	680
f 425 	677 	680
f 425 	423 	677
f 423 	675 	677
f 423 	421 	675
f 421 	673 	675
f 421 	385 	673
f 385 	635 	673
f 385 	384 	635
f 384 	636 	635
f 384 	383 	636
f 383 	637 	636
f 383 	387 	637
f 387 	638 	637
f 387 	386 	638
f 386 	639 	638
f 386 	389 	639
f 389 	640 	639
f 389 	388 	640
f 388 	641 	640
f 388 	391 	641
f 391 	642 	641
f 391 	390 	642
f 390 	643 	642
f 390 	393 	643
f 393 	644 	643
f 393 	392 	644
f 392 	645 	644
f 392 	395 	645
f 395 	646 	645
f 395 	394 	646
f 394 	647 	646
f 394 	397 	647
f 397 	648 	647
f 397 	396 	648
f 396 	649 	648
f 396 	399 	649
f 399 	650 	649
f 399 	398 	650
f 398 	651 	650
f 398 	401 	651
f 401 	652 	651
f 401 	400 	652
f 400 	653 	652
f 400 	403 	653
f 403 	654 	653
f 403 	402 	654
f 402 	655 	654
f 402 	405 	655
f 405 	656 	655
f 405 	404 	656
f 404 	657 	656
f 404 	407 	657
f 407 	658 	657
f 407 	406 	658
f 406 	659 	658
f 406 	409 	659
f 409 	660 	659
f 409 	408 	660
f 408 	661 	660
f 408 	411 	661
f 411 	662 	661
f 411 	410 	662
f 410 	663 	662
f 410 	413 	663
f 413 	664 	663
f 413 	412 	664
f 412 	665 	664
f 412 	415 	665
f 415 	666 	665
f 415 	414 	666
f 414 	667 	666
f 414 	417 	667
f 417 	668 	667
f 417 	416 	668
f 416 	669 	668
f 416 	419 	669
f 419 	670 	669
f 419 	418 	670
f 418 	671 	670
f 418 	261 	671
f 261 	511 	671
f 261 	260 	511
f 260 	512 	511
f 446 	443 	698
f 443 	695 	698
f 443 	440 	695
f 440 	692 	695
f 440 	436 	692
f 436 	688 	692
f 436 	433 	688
f 433 	685 	688
f 433 	430 	685
f 430 	682 	685
f 430 	427 	682
f 427 	679 	682
f 427 	424 	679
f 424 	676 	679
f 424 	422 	676
f 422 	674 	676
f 422 	420 	674
f 420 	672 	674
f 420 	334 	672
f 334 	586 	672
f 334 	333 	586
f 333 	584 	586
f 333 	332 	584
f 332 	585 	584
f 332 	426 	585
f 426 	678 	585
f 426 	429 	678
f 429 	681 	678
f 429 	432 	681
f 432 	684 	681
f 432 	435 	684
f 435 	687 	684
f 435 	437 	687
f 437 	689 	687
f 437 	439 	689
f 439 	691 	689
f 439 	442 	691
f 442 	694 	691
f 442 	445 	694
f 445 	697 	694
f 445 	448 	697
f 448 	700 	697
f 448 	453 	700
f 453 	705 	700
f 453 	456 	705
f 456 	708 	705
f 456 	459 	708
f 459 	711 	708
f 459 	462 	711
f 462 	714 	711
f 462 	465 	714
f 465 	717 	714
f 465 	468 	717
f 468 	720 	717
f 468 	471 	720
f 471 	723 	720
f 471 	474 	723
f 474 	726 	723
f 474 	477 	726
f 477 	729 	726
f 477 	480 	729
f 480 	732 	729
f 480 	482 	732
f 482 	734 	732
f 482 	485 	734
f 485 	737 	734
f 485 	488 	737
f 488 	740 	737
f 488 	491 	740
f 491 	743 	740
f 491 	493 	743
f 493 	745 	743
f 493 	494 	745
f 494 	746 	745
f 494 	496 	746
f 496 	748 	746
f 496 	498 	748
f 498 	750 	748
f 498 	500 	750
f 500 	752 	750
f 500 	502 	752
f 502 	754 	752
f 502 	504 	754
f 504 	756 	754
f 504 	506 	756
f 506 	758 	756
f 506 	508 	758
f 508 	760 	758
f 508 	509 	760
f 509 	761 	760
f 509 	510 	761
f 510 	762 	761
f 510 	486 	762
f 486 	738 	762
f 486 	483 	738
f 483 	735 	738
f 483 	478 	735
f 478 	730 	735
f 478 	475 	730
f 475 	727 	730
f 475 	472 	727
f 472 	724 	727
f 472 	469 	724
f 469 	721 	724
f 469 	466 	721
f 466 	718 	721
f 466 	463 	718
f 463 	715 	718
f 463 	460 	715
f 460 	712 	715
f 460 	457 	712
f 457 	709 	712
f 457 	454 	709
f 454 	706 	709
f 454 	451 	706
f 451 	703 	706
f 451 	449 	703
f 449 	701 	703
f 449 	446 	701
f 446 	698 	701
f 763 	764 	765
f 766 	767 	763
f 768 	769 	770
f 766 	763 	765
f 771 	768 	770
f 766 	765 	772
f 773 	771 	770
f 766 	772 	774
f 775 	773 	770
f 766 	774 	776
f 777 	775 	770
f 766 	776 	778
f 779 	777 	770
f 770 	766 	778
f 780 	779 	770
f 770 	778 	781
f 782 	780 	770
f 770 	781 	783
f 783 	782 	770
f 784 	785 	786
f 786 	787 	788
f 789 	790 	791
f 784 	786 	788
f 789 	791 	792
f 793 	784 	788
f 789 	792 	794
f 795 	793 	788
f 789 	794 	796
f 797 	795 	788
f 789 	796 	798
f 799 	797 	788
f 789 	798 	800
f 799 	788 	789
f 789 	800 	801
f 802 	799 	789
f 789 	801 	803
f 804 	802 	789
f 789 	803 	804
f 763 	767 	786
f 767 	787 	786
f 767 	766 	787
f 766 	788 	787
f 766 	770 	788
f 770 	789 	788
f 770 	769 	789
f 769 	790 	789
f 769 	768 	790
f 768 	791 	790
f 768 	771 	791
f 771 	792 	791
f 771 	773 	792
f 773 	794 	792
f 773 	775 	794
f 775 	796 	794
f 775 	777 	796
f 777 	798 	796
f 777 	779 	798
f 779 	800 	798
f 779 	780 	800
f 780 	801 	800
f 780 	782 	801
f 782 	803 	801
f 782 	783 	803
f 783 	804 	803
f 783 	781 	804
f 781 	802 	804
f 781 	778 	802
f 778 	799 	802
f 778 	776 	799
f 776 	797 	799
f 776 	774 	797
f 774 	795 	797
f 774 	772 	795
f 772 	793 	795
f 772 	765 	793
f 765 	784 	793
f 765 	764 	784
f 764 	785 	784
f 764 	763 	785
f 763 	786 	785
f 805 	806 	807
f 808 	809 	805
f 810 	811 	808
f 812 	813 	810
f 814 	815 	812
f 816 	817 	814
f 818 	819 	816
f 820 	821 	818
f 822 	823 	820
f 824 	825 	822
f 826 	827 	824
f 828 	829 	826
f 830 	831 	828
f 832 	833 	830
f 834 	835 	832
f 836 	837 	834
f 838 	839 	836
f 840 	841 	838
f 842 	843 	840
f 844 	845 	842
f 846 	847 	844
f 848 	849 	846
f 850 	851 	848
f 852 	853 	850
f 854 	855 	852
f 856 	857 	854
f 858 	859 	856
f 860 	861 	858
f 862 	863 	860
f 864 	865 	862
f 866 	867 	864
f 868 	869 	866
f 870 	871 	868
f 872 	873 	870
f 874 	875 	872
f 876 	877 	874
f 878 	879 	876
f 880 	881 	878
f 882 	883 	880
f 884 	885 	882
f 886 	887 	884
f 888 	889 	886
f 890 	891 	888
f 892 	893 	890
f 894 	895 	892
f 896 	897 	894
f 898 	899 	896
f 900 	901 	898
f 902 	903 	900
f 904 	905 	902
f 906 	907 	904
f 908 	909 	906
f 910 	911 	908
f 912 	913 	910
f 914 	915 	912
f 916 	917 	914
f 918 	919 	916
f 920 	921 	918
f 922 	923 	920
f 924 	925 	922
f 926 	927 	924
f 928 	929 	926
f 930 	931 	928
f 932 	933 	930
f 934 	935 	932
f 936 	937 	934
f 938 	939 	936
f 940 	941 	938
f 942 	943 	940
f 944 	945 	942
f 946 	947 	944
f 948 	949 	946
f 950 	951 	948
f 951 	950 	952
f 953 	954 	951
f 955 	956 	953
f 957 	958 	955
f 959 	960 	957
f 961 	962 	959
f 963 	964 	961
f 965 	966 	967
f 968 	969 	965
f 970 	971 	968
f 972 	973 	970
f 974 	975 	972
f 976 	977 	974
f 978 	979 	976
f 980 	981 	978
f 982 	983 	980
f 984 	985 	982
f 986 	987 	984
f 805 	988 	986
f 989 	806 	805
f 805 	807 	990
f 810 	808 	805
f 814 	812 	810
f 818 	816 	814
f 822 	820 	818
f 826 	824 	822
f 830 	828 	826
f 834 	832 	830
f 838 	836 	834
f 842 	840 	838
f 846 	844 	842
f 850 	848 	846
f 854 	852 	850
f 858 	856 	854
f 862 	860 	858
f 866 	864 	862
f 870 	868 	866
f 874 	872 	870
f 878 	876 	874
f 882 	880 	878
f 886 	884 	882
f 890 	888 	886
f 894 	892 	890
f 898 	896 	894
f 902 	900 	898
f 906 	904 	902
f 910 	908 	906
f 914 	912 	910
f 918 	916 	914
f 922 	920 	918
f 926 	924 	922
f 930 	928 	926
f 934 	932 	930
f 938 	936 	934
f 942 	940 	938
f 946 	944 	942
f 950 	948 	946
f 951 	952 	991
f 955 	953 	951
f 959 	957 	955
f 963 	961 	959
f 968 	965 	967
f 972 	970 	968
f 976 	974 	972
f 980 	978 	976
f 984 	982 	980
f 805 	986 	984
f 992 	989 	805
f 805 	990 	993
f 814 	810 	805
f 822 	818 	814
f 830 	826 	822
f 838 	834 	830
f 846 	842 	838
f 854 	850 	846
f 862 	858 	854
f 870 	866 	862
f 878 	874 	870
f 886 	882 	878
f 894 	890 	886
f 902 	898 	894
f 910 	906 	902
f 918 	914 	910
f 926 	922 	918
f 934 	930 	926
f 942 	938 	934
f 950 	946 	942
f 951 	991 	994
f 959 	955 	951
f 967 	963 	959
f 972 	968 	967
f 980 	976 	972
f 805 	984 	980
f 995 	992 	805
f 805 	993 	996
f 822 	814 	805
f 838 	830 	822
f 854 	846 	838
f 870 	862 	854
f 894 	886 	878
f 910 	902 	894
f 926 	918 	910
f 942 	934 	926
f 997 	950 	942
f 951 	994 	998
f 967 	959 	951
f 980 	972 	967
f 995 	805 	980
f 805 	996 	999
f 870 	854 	838
f 910 	894 	878
f 1000 	997 	942
f 951 	998 	1001
f 995 	980 	967
f 805 	999 	1002
f 1003 	1000 	942
f 951 	1001 	1004
f 1005 	995 	967
f 805 	1002 	1006
f 1007 	1003 	942
f 951 	1004 	1008
f 1009 	1005 	967
f 805 	1006 	1010
f 1011 	1007 	942
f 951 	1008 	1012
f 1013 	1009 	967
f 805 	1010 	1014
f 1015 	1011 	942
f 951 	1012 	1016
f 1017 	1013 	967
f 805 	1014 	1018
f 1019 	1015 	942
f 951 	1016 	1020
f 1021 	1017 	967
f 805 	1018 	1022
f 1023 	1019 	942
f 951 	1020 	1024
f 1025 	1021 	967
f 805 	1022 	1026
f 1027 	1023 	942
f 951 	1024 	1028
f 1029 	1025 	967
f 805 	1026 	1030
f 1031 	1027 	942
f 951 	1028 	1032
f 1033 	1029 	967
f 805 	1030 	1034
f 1035 	1031 	942
f 951 	1032 	1036
f 1037 	1033 	967
f 805 	1034 	1038
f 1039 	1035 	942
f 951 	1036 	1040
f 1041 	1037 	967
f 805 	1038 	1042
f 1039 	942 	926
f 951 	1040 	1043
f 1044 	1041 	967
f 822 	805 	1042
f 1045 	1039 	926
f 951 	1043 	1046
f 1047 	1044 	967
f 822 	1042 	1048
f 1049 	1045 	926
f 951 	1046 	1050
f 1051 	1047 	967
f 822 	1048 	1052
f 1053 	1049 	926
f 951 	1050 	1054
f 1055 	1051 	967
f 822 	1052 	1056
f 1057 	1053 	926
f 951 	1054 	1058
f 1059 	1055 	967
f 822 	1056 	1060
f 1061 	1057 	926
f 951 	1058 	1062
f 1063 	1059 	967
f 822 	1060 	1064
f 1065 	1061 	926
f 967 	951 	1062
f 1066 	1063 	967
f 822 	1064 	1067
f 1068 	1065 	926
f 967 	1062 	1069
f 1070 	1066 	967
f 822 	1067 	1071
f 1072 	1068 	926
f 967 	1069 	1073
f 1074 	1070 	967
f 822 	1071 	1075
f 1076 	1072 	926
f 967 	1073 	1077
f 1078 	1074 	967
f 822 	1075 	1079
f 1080 	1076 	926
f 1078 	967 	1077
f 822 	1079 	1081
f 1082 	1080 	926
f 1078 	1077 	1083
f 822 	1081 	1084
f 1085 	1082 	926
f 1078 	1083 	1086
f 838 	822 	1084
f 1087 	1085 	926
f 1078 	1086 	1088
f 838 	1084 	1089
f 1090 	1087 	926
f 1078 	1088 	1091
f 838 	1089 	1092
f 1090 	926 	910
f 1078 	1091 	1093
f 838 	1092 	1094
f 1095 	1090 	910
f 1078 	1093 	1096
f 838 	1094 	1097
f 1098 	1095 	910
f 1078 	1096 	1099
f 838 	1097 	1100
f 1101 	1098 	910
f 1078 	1099 	1102
f 838 	1100 	1103
f 1104 	1101 	910
f 1078 	1102 	1105
f 838 	1103 	1106
f 1107 	1104 	910
f 1108 	1078 	1105
f 838 	1106 	1109
f 1110 	1107 	910
f 1111 	1108 	1105
f 838 	1109 	1112
f 1113 	1110 	910
f 1111 	1105 	1114
f 838 	1112 	1115
f 1116 	1113 	910
f 1111 	1114 	1117
f 838 	1115 	1118
f 1119 	1116 	910
f 1120 	1111 	1117
f 838 	1118 	1121
f 1122 	1119 	910
f 1120 	1117 	1123
f 838 	1121 	1124
f 1125 	1122 	910
f 1126 	1120 	1123
f 838 	1124 	1127
f 1128 	1125 	910
f 1126 	1123 	1129
f 838 	1127 	1130
f 1131 	1128 	910
f 1126 	1129 	1132
f 838 	1130 	1133
f 1134 	1131 	910
f 1135 	1126 	1132
f 838 	1133 	1136
f 1137 	1134 	910
f 1135 	1132 	1138
f 838 	1136 	1139
f 1140 	1137 	910
f 1141 	1135 	1138
f 838 	1139 	1142
f 1143 	1140 	910
f 1141 	1138 	1144
f 838 	1142 	1145
f 1146 	1143 	910
f 1147 	1141 	1144
f 838 	1145 	1148
f 1149 	1146 	910
f 1147 	1144 	1150
f 838 	1148 	1151
f 1152 	1149 	910
f 1153 	1147 	1150
f 838 	1151 	1154
f 1155 	1152 	910
f 1153 	1150 	1156
f 870 	838 	1154
f 1157 	1155 	910
f 1158 	1153 	1156
f 870 	1154 	1159
f 1160 	1157 	910
f 1158 	1156 	1161
f 870 	1159 	1162
f 1163 	1160 	910
f 1164 	1158 	1161
f 870 	1162 	1165
f 1163 	910 	878
f 1164 	1161 	1166
f 870 	1165 	1167
f 1168 	1163 	878
f 1169 	1164 	1166
f 870 	1167 	1170
f 1166 	1168 	878
f 1171 	1169 	1166
f 870 	1170 	1172
f 1171 	1166 	878
f 870 	1172 	1173
f 1171 	878 	870
f 870 	1173 	1174
f 1175 	1171 	870
f 870 	1174 	1176
f 1176 	1175 	870
f 1177 	1178 	1179
f 1179 	1180 	1181
f 1181 	1182 	1183
f 1183 	1184 	1185
f 1185 	1186 	1187
f 1187 	1188 	1189
f 1189 	1190 	1191
f 1191 	1192 	1193
f 1193 	1194 	1195
f 1195 	1196 	1197
f 1197 	1198 	1199
f 1199 	1200 	1201
f 1201 	1202 	1203
f 1203 	1204 	1205
f 1205 	1206 	1207
f 1207 	1208 	1209
f 1209 	1210 	1211
f 1211 	1212 	1213
f 1213 	1214 	1215
f 1215 	1216 	1217
f 1217 	1218 	1219
f 1219 	1220 	1221
f 1221 	1222 	1223
f 1223 	1224 	1225
f 1225 	1226 	1227
f 1227 	1228 	1229
f 1229 	1230 	1231
f 1231 	1232 	1233
f 1233 	1234 	1235
f 1235 	1236 	1237
f 1237 	1238 	1239
f 1239 	1240 	1241
f 1241 	1242 	1243
f 1243 	1244 	1245
f 1245 	1246 	1247
f 1247 	1248 	1249
f 1249 	1250 	1251
f 1251 	1252 	1253
f 1253 	1254 	1255
f 1255 	1256 	1257
f 1257 	1258 	1259
f 1259 	1260 	1261
f 1261 	1262 	1263
f 1263 	1264 	1265
f 1265 	1266 	1267
f 1267 	1268 	1269
f 1269 	1270 	1271
f 1271 	1272 	1273
f 1273 	1274 	1275
f 1275 	1276 	1277
f 1277 	1278 	1279
f 1279 	1280 	1281
f 1281 	1282 	1283
f 1283 	1284 	1285
f 1285 	1286 	1287
f 1287 	1288 	1289
f 1289 	1290 	1291
f 1291 	1292 	1293
f 1293 	1294 	1295
f 1295 	1296 	1297
f 1297 	1298 	1299
f 1299 	1300 	1301
f 1301 	1302 	1303
f 1303 	1304 	1305
f 1305 	1306 	1307
f 1307 	1308 	1309
f 1309 	1310 	1311
f 1311 	1312 	1313
f 1313 	1314 	1315
f 1315 	1316 	1317
f 1317 	1318 	1319
f 1319 	1320 	1321
f 1321 	1322 	1323
f 1324 	1323 	1322
f 1322 	1325 	1326
f 1326 	1327 	1328
f 1328 	1329 	1330
f 1330 	1331 	1332
f 1332 	1333 	1334
f 1334 	1335 	1336
f 1337 	1338 	1339
f 1339 	1340 	1341
f 1341 	1342 	1343
f 1343 	1344 	1345
f 1345 	1346 	1347
f 1347 	1348 	1349
f 1349 	1350 	1351
f 1351 	1352 	1353
f 1353 	1354 	1355
f 1355 	1356 	1357
f 1357 	1358 	1359
f 1359 	1360 	1179
f 1179 	1178 	1361
f 1362 	1177 	1179
f 1179 	1181 	1183
f 1183 	1185 	1187
f 1187 	1189 	1191
f 1191 	1193 	1195
f 1195 	1197 	1199
f 1199 	1201 	1203
f 1203 	1205 	1207
f 1207 	1209 	1211
f 1211 	1213 	1215
f 1215 	1217 	1219
f 1219 	1221 	1223
f 1223 	1225 	1227
f 1227 	1229 	1231
f 1231 	1233 	1235
f 1235 	1237 	1239
f 1239 	1241 	1243
f 1243 	1245 	1247
f 1247 	1249 	1251
f 1251 	1253 	1255
f 1255 	1257 	1259
f 1259 	1261 	1263
f 1263 	1265 	1267
f 1267 	1269 	1271
f 1271 	1273 	1275
f 1275 	1277 	1279
f 1279 	1281 	1283
f 1283 	1285 	1287
f 1287 	1289 	1291
f 1291 	1293 	1295
f 1295 	1297 	1299
f 1299 	1301 	1303
f 1303 	1305 	1307
f 1307 	1309 	1311
f 1311 	1313 	1315
f 1315 	1317 	1319
f 1319 	1321 	1323
f 1363 	1324 	1322
f 1322 	1326 	1328
f 1328 	1330 	1332
f 1332 	1334 	1336
f 1337 	1339 	1341
f 1341 	1343 	1345
f 1345 	1347 	1349
f 1349 	1351 	1353
f 1353 	1355 	1357
f 1357 	1359 	1179
f 1179 	1361 	1364
f 1365 	1362 	1179
f 1179 	1183 	1187
f 1187 	1191 	1195
f 1195 	1199 	1203
f 1203 	1207 	1211
f 1211 	1215 	1219
f 1219 	1223 	1227
f 1227 	1231 	1235
f 1235 	1239 	1243
f 1243 	1247 	1251
f 1251 	1255 	1259
f 1259 	1263 	1267
f 1267 	1271 	1275
f 1275 	1279 	1283
f 1283 	1287 	1291
f 1291 	1295 	1299
f 1299 	1303 	1307
f 1307 	1311 	1315
f 1315 	1319 	1323
f 1366 	1363 	1322
f 1322 	1328 	1332
f 1332 	1336 	1337
f 1337 	1341 	1345
f 1345 	1349 	1353
f 1353 	1357 	1179
f 1179 	1364 	1367
f 1368 	1365 	1179
f 1179 	1187 	1195
f 1195 	1203 	1211
f 1211 	1219 	1227
f 1227 	1235 	1243
f 1251 	1259 	1267
f 1267 	1275 	1283
f 1283 	1291 	1299
f 1299 	1307 	1315
f 1315 	1323 	1369
f 1370 	1366 	1322
f 1322 	1332 	1337
f 1337 	1345 	1353
f 1353 	1179 	1367
f 1371 	1368 	1179
f 1211 	1227 	1243
f 1251 	1267 	1283
f 1315 	1369 	1372
f 1373 	1370 	1322
f 1337 	1353 	1367
f 1374 	1371 	1179
f 1315 	1372 	1375
f 1376 	1373 	1322
f 1337 	1367 	1377
f 1378 	1374 	1179
f 1315 	1375 	1379
f 1380 	1376 	1322
f 1337 	1377 	1381
f 1382 	1378 	1179
f 1315 	1379 	1383
f 1384 	1380 	1322
f 1337 	1381 	1385
f 1386 	1382 	1179
f 1315 	1383 	1387
f 1388 	1384 	1322
f 1337 	1385 	1389
f 1390 	1386 	1179
f 1315 	1387 	1391
f 1392 	1388 	1322
f 1337 	1389 	1393
f 1394 	1390 	1179
f 1315 	1391 	1395
f 1396 	1392 	1322
f 1337 	1393 	1397
f 1398 	1394 	1179
f 1315 	1395 	1399
f 1400 	1396 	1322
f 1337 	1397 	1401
f 1402 	1398 	1179
f 1315 	1399 	1403
f 1404 	1400 	1322
f 1337 	1401 	1405
f 1406 	1402 	1179
f 1315 	1403 	1407
f 1408 	1404 	1322
f 1337 	1405 	1409
f 1410 	1406 	1179
f 1315 	1407 	1411
f 1412 	1408 	1322
f 1337 	1409 	1413
f 1414 	1410 	1179
f 1299 	1315 	1411
f 1415 	1412 	1322
f 1337 	1413 	1416
f 1414 	1179 	1195
f 1299 	1411 	1417
f 1418 	1415 	1322
f 1337 	1416 	1419
f 1420 	1414 	1195
f 1299 	1417 	1421
f 1422 	1418 	1322
f 1337 	1419 	1423
f 1424 	1420 	1195
f 1299 	1421 	1425
f 1426 	1422 	1322
f 1337 	1423 	1427
f 1428 	1424 	1195
f 1299 	1425 	1429
f 1430 	1426 	1322
f 1337 	1427 	1431
f 1432 	1428 	1195
f 1299 	1429 	1433
f 1434 	1430 	1322
f 1337 	1431 	1435
f 1436 	1432 	1195
f 1299 	1433 	1437
f 1434 	1322 	1337
f 1337 	1435 	1438
f 1439 	1436 	1195
f 1299 	1437 	1440
f 1441 	1434 	1337
f 1337 	1438 	1442
f 1443 	1439 	1195
f 1299 	1440 	1444
f 1445 	1441 	1337
f 1337 	1442 	1446
f 1447 	1443 	1195
f 1299 	1444 	1448
f 1449 	1445 	1337
f 1337 	1446 	1450
f 1451 	1447 	1195
f 1299 	1448 	1452
f 1449 	1337 	1450
f 1453 	1451 	1195
f 1299 	1452 	1454
f 1455 	1449 	1450
f 1456 	1453 	1195
f 1299 	1454 	1457
f 1458 	1455 	1450
f 1456 	1195 	1211
f 1299 	1457 	1459
f 1460 	1458 	1450
f 1461 	1456 	1211
f 1299 	1459 	1462
f 1463 	1460 	1450
f 1464 	1461 	1211
f 1283 	1299 	1462
f 1465 	1463 	1450
f 1466 	1464 	1211
f 1283 	1462 	1467
f 1468 	1465 	1450
f 1469 	1466 	1211
f 1283 	1467 	1470
f 1471 	1468 	1450
f 1472 	1469 	1211
f 1283 	1470 	1473
f 1474 	1471 	1450
f 1475 	1472 	1211
f 1283 	1473 	1476
f 1477 	1474 	1450
f 1478 	1475 	1211
f 1283 	1476 	1479
f 1477 	1450 	1480
f 1481 	1478 	1211
f 1283 	1479 	1482
f 1477 	1480 	1483
f 1484 	1481 	1211
f 1283 	1482 	1485
f 1486 	1477 	1483
f 1487 	1484 	1211
f 1283 	1485 	1488
f 1489 	1486 	1483
f 1490 	1487 	1211
f 1283 	1488 	1491
f 1489 	1483 	1492
f 1493 	1490 	1211
f 1283 	1491 	1494
f 1495 	1489 	1492
f 1496 	1493 	1211
f 1283 	1494 	1497
f 1495 	1492 	1498
f 1499 	1496 	1211
f 1283 	1497 	1500
f 1501 	1495 	1498
f 1502 	1499 	1211
f 1283 	1500 	1503
f 1504 	1501 	1498
f 1505 	1502 	1211
f 1283 	1503 	1506
f 1504 	1498 	1507
f 1508 	1505 	1211
f 1283 	1506 	1509
f 1510 	1504 	1507
f 1511 	1508 	1211
f 1283 	1509 	1512
f 1510 	1507 	1513
f 1514 	1511 	1211
f 1283 	1512 	1515
f 1516 	1510 	1513
f 1517 	1514 	1211
f 1283 	1515 	1518
f 1516 	1513 	1519
f 1520 	1517 	1211
f 1283 	1518 	1521
f 1522 	1516 	1519
f 1523 	1520 	1211
f 1283 	1521 	1524
f 1522 	1519 	1525
f 1526 	1523 	1211
f 1283 	1524 	1527
f 1528 	1522 	1525
f 1526 	1211 	1243
f 1283 	1527 	1529
f 1528 	1525 	1530
f 1531 	1526 	1243
f 1283 	1529 	1532
f 1533 	1528 	1530
f 1534 	1531 	1243
f 1283 	1532 	1535
f 1533 	1530 	1536
f 1537 	1534 	1243
f 1251 	1283 	1535
f 1538 	1533 	1536
f 1539 	1537 	1243
f 1251 	1535 	1540
f 1538 	1536 	1541
f 1542 	1539 	1243
f 1251 	1540 	1538
f 1538 	1541 	1543
f 1544 	1542 	1243
f 1251 	1538 	1543
f 1545 	1544 	1243
f 1243 	1251 	1543
f 1546 	1545 	1243
f 1243 	1543 	1547
f 1548 	1546 	1243
f 1243 	1547 	1548
f 809 	808 	1180
f 808 	1181 	1180
f 808 	811 	1181
f 811 	1182 	1181
f 811 	810 	1182
f 810 	1183 	1182
f 810 	813 	1183
f 813 	1184 	1183
f 813 	812 	1184
f 812 	1185 	1184
f 812 	815 	1185
f 815 	1186 	1185
f 815 	814 	1186
f 814 	1187 	1186
f 814 	817 	1187
f 817 	1188 	1187
f 817 	816 	1188
f 816 	1189 	1188
f 816 	819 	1189
f 819 	1190 	1189
f 819 	818 	1190
f 818 	1191 	1190
f 818 	821 	1191
f 821 	1192 	1191
f 821 	820 	1192
f 820 	1193 	1192
f 820 	823 	1193
f 823 	1194 	1193
f 823 	822 	1194
f 822 	1195 	1194
f 822 	825 	1195
f 825 	1196 	1195
f 825 	824 	1196
f 824 	1197 	1196
f 824 	827 	1197
f 827 	1198 	1197
f 827 	826 	1198
f 826 	1199 	1198
f 826 	829 	1199
f 829 	1200 	1199
f 829 	828 	1200
f 828 	1201 	1200
f 828 	831 	1201
f 831 	1202 	1201
f 831 	830 	1202
f 830 	1203 	1202
f 830 	833 	1203
f 833 	1204 	1203
f 833 	832 	1204
f 832 	1205 	1204
f 832 	835 	1205
f 835 	1206 	1205
f 835 	834 	1206
f 834 	1207 	1206
f 834 	837 	1207
f 837 	1208 	1207
f 837 	836 	1208
f 836 	1209 	1208
f 836 	839 	1209
f 839 	1210 	1209
f 839 	838 	1210
f 838 	1211 	1210
f 838 	841 	1211
f 841 	1212 	1211
f 841 	840 	1212
f 840 	1213 	1212
f 840 	843 	1213
f 843 	1214 	1213
f 843 	842 	1214
f 842 	1215 	1214
f 842 	845 	1215
f 845 	1216 	1215
f 845 	844 	1216
f 844 	1217 	1216
f 844 	847 	1217
f 847 	1218 	1217
f 847 	846 	1218
f 846 	1219 	1218
f 846 	849 	1219
f 849 	1220 	1219
f 849 	848 	1220
f 848 	1221 	1220
f 848 	851 	1221
f 851 	1222 	1221
f 851 	850 	1222
f 850 	1223 	1222
f 850 	853 	1223
f 853 	1224 	1223
f 853 	852 	1224
f 852 	1225 	1224
f 852 	855 	1225
f 855 	1226 	1225
f 855 	854 	1226
f 854 	1227 	1226
f 854 	857 	1227
f 857 	1228 	1227
f 857 	856 	1228
f 856 	1229 	1228
f 856 	859 	1229
f 859 	1230 	1229
f 859 	858 	1230
f 858 	1231 	1230
f 858 	861 	1231
f 861 	1232 	1231
f 861 	860 	1232
f 860 	1233 	1232
f 860 	863 	1233
f 863 	1234 	1233
f 863 	862 	1234
f 862 	1235 	1234
f 862 	865 	1235
f 865 	1236 	1235
f 865 	864 	1236
f 864 	1237 	1236
f 864 	867 	1237
f 867 	1238 	1237
f 867 	866 	1238
f 866 	1239 	1238
f 866 	869 	1239
f 869 	1240 	1239
f 869 	868 	1240
f 868 	1241 	1240
f 868 	871 	1241
f 871 	1242 	1241
f 871 	870 	1242
f 870 	1243 	1242
f 870 	873 	1243
f 873 	1244 	1243
f 873 	872 	1244
f 872 	1245 	1244
f 872 	875 	1245
f 875 	1246 	1245
f 875 	874 	1246
f 874 	1247 	1246
f 874 	877 	1247
f 877 	1248 	1247
f 877 	876 	1248
f 876 	1249 	1248
f 876 	879 	1249
f 879 	1250 	1249
f 879 	878 	1250
f 878 	1251 	1250
f 878 	881 	1251
f 881 	1252 	1251
f 881 	880 	1252
f 880 	1253 	1252
f 880 	883 	1253
f 883 	1254 	1253
f 883 	882 	1254
f 882 	1255 	1254
f 882 	885 	1255
f 885 	1256 	1255
f 885 	884 	1256
f 884 	1257 	1256
f 884 	887 	1257
f 887 	1258 	1257
f 887 	886 	1258
f 886 	1259 	1258
f 886 	889 	1259
f 889 	1260 	1259
f 889 	888 	1260
f 888 	1261 	1260
f 888 	891 	1261
f 891 	1262 	1261
f 891 	890 	1262
f 890 	1263 	1262
f 890 	893 	1263
f 893 	1264 	1263
f 893 	892 	1264
f 892 	1265 	1264
f 892 	895 	1265
f 895 	1266 	1265
f 895 	894 	1266
f 894 	1267 	1266
f 894 	897 	1267
f 897 	1268 	1267
f 897 	896 	1268
f 896 	1269 	1268
f 896 	899 	1269
f 899 	1270 	1269
f 899 	898 	1270
f 898 	1271 	1270
f 898 	901 	1271
f 901 	1272 	1271
f 901 	900 	1272
f 900 	1273 	1272
f 900 	903 	1273
f 903 	1274 	1273
f 903 	902 	1274
f 902 	1275 	1274
f 902 	905 	1275
f 905 	1276 	1275
f 905 	904 	1276
f 904 	1277 	1276
f 904 	907 	1277
f 907 	1278 	1277
f 907 	906 	1278
f 906 	1279 	1278
f 906 	909 	1279
f 909 	1280 	1279
f 909 	908 	1280
f 908 	1281 	1280
f 908 	911 	1281
f 911 	1282 	1281
f 911 	910 	1282
f 910 	1283 	1282
f 910 	913 	1283
f 913 	1284 	1283
f 913 	912 	1284
f 912 	1285 	1284
f 912 	915 	1285
f 915 	1286 	1285
f 915 	914 	1286
f 914 	1287 	1286
f 914 	917 	1287
f 917 	1288 	1287
f 917 	916 	1288
f 916 	1289 	1288
f 916 	919 	1289
f 919 	1290 	1289
f 919 	918 	1290
f 918 	1291 	1290
f 918 	921 	1291
f 921 	1292 	1291
f 921 	920 	1292
f 920 	1293 	1292
f 920 	923 	1293
f 923 	1294 	1293
f 923 	922 	1294
f 922 	1295 	1294
f 922 	925 	1295
f 925 	1296 	1295
f 925 	924 	1296
f 924 	1297 	1296
f 924 	927 	1297
f 927 	1298 	1297
f 927 	926 	1298
f 926 	1299 	1298
f 926 	929 	1299
f 929 	1300 	1299
f 929 	928 	1300
f 928 	1301 	1300
f 928 	931 	1301
f 931 	1302 	1301
f 931 	930 	1302
f 930 	1303 	1302
f 930 	933 	1303
f 933 	1304 	1303
f 933 	932 	1304
f 932 	1305 	1304
f 932 	935 	1305
f 935 	1306 	1305
f 935 	934 	1306
f 934 	1307 	1306
f 934 	937 	1307
f 937 	1308 	1307
f 937 	936 	1308
f 936 	1309 	1308
f 936 	939 	1309
f 939 	1310 	1309
f 939 	938 	1310
f 938 	1311 	1310
f 938 	941 	1311
f 941 	1312 	1311
f 941 	940 	1312
f 940 	1313 	1312
f 940 	943 	1313
f 943 	1314 	1313
f 943 	942 	1314
f 942 	1315 	1314
f 942 	945 	1315
f 945 	1316 	1315
f 945 	944 	1316
f 944 	1317 	1316
f 944 	947 	1317
f 947 	1318 	1317
f 947 	946 	1318
f 946 	1319 	1318
f 946 	949 	1319
f 949 	1320 	1319
f 949 	948 	1320
f 948 	1321 	1320
f 948 	951 	1321
f 951 	1322 	1321
f 951 	954 	1322
f 954 	1325 	1322
f 954 	953 	1325
f 953 	1326 	1325
f 953 	956 	1326
f 956 	1327 	1326
f 956 	955 	1327
f 955 	1328 	1327
f 955 	958 	1328
f 958 	1329 	1328
f 958 	957 	1329
f 957 	1330 	1329
f 957 	960 	1330
f 960 	1331 	1330
f 960 	959 	1331
f 959 	1332 	1331
f 959 	962 	1332
f 962 	1333 	1332
f 962 	961 	1333
f 961 	1334 	1333
f 961 	964 	1334
f 964 	1335 	1334
f 964 	963 	1335
f 963 	1336 	1335
f 963 	967 	1336
f 967 	1337 	1336
f 967 	966 	1337
f 966 	1338 	1337
f 966 	965 	1338
f 965 	1339 	1338
f 965 	969 	1339
f 969 	1340 	1339
f 969 	968 	1340
f 968 	1341 	1340
f 968 	971 	1341
f 971 	1342 	1341
f 971 	970 	1342
f 970 	1343 	1342
f 970 	973 	1343
f 973 	1344 	1343
f 973 	972 	1344
f 972 	1345 	1344
f 972 	975 	1345
f 975 	1346 	1345
f 975 	974 	1346
f 974 	1347 	1346
f 974 	977 	1347
f 977 	1348 	1347
f 977 	976 	1348
f 976 	1349 	1348
f 976 	979 	1349
f 979 	1350 	1349
f 979 	978 	1350
f 978 	1351 	1350
f 978 	981 	1351
f 981 	1352 	1351
f 981 	980 	1352
f 980 	1353 	1352
f 980 	983 	1353
f 983 	1354 	1353
f 983 	982 	1354
f 982 	1355 	1354
f 982 	985 	1355
f 985 	1356 	1355
f 985 	984 	1356
f 984 	1357 	1356
f 984 	987 	1357
f 987 	1358 	1357
f 987 	986 	1358
f 986 	1359 	1358
f 986 	988 	1359
f 988 	1360 	1359
f 988 	805 	1360
f 805 	1179 	1360
f 805 	809 	1179
f 809 	1180 	1179
f 1071 	1067 	1443
f 1067 	1439 	1443
f 1067 	1064 	1439
f 1064 	1436 	1439
f 1064 	1060 	1436
f 1060 	1432 	1436
f 1060 	1056 	1432
f 1056 	1428 	1432
f 1056 	1052 	1428
f 1052 	1424 	1428
f 1052 	1048 	1424
f 1048 	1420 	1424
f 1048 	1042 	1420
f 1042 	1414 	1420
f 1042 	1038 	1414
f 1038 	1410 	1414
f 1038 	1034 	1410
f 1034 	1406 	1410
f 1034 	1030 	1406
f 1030 	1402 	1406
f 1030 	1026 	1402
f 1026 	1398 	1402
f 1026 	1022 	1398
f 1022 	1394 	1398
f 1022 	1018 	1394
f 1018 	1390 	1394
f 1018 	1014 	1390
f 1014 	1386 	1390
f 1014 	1010 	1386
f 1010 	1382 	1386
f 1010 	1006 	1382
f 1006 	1378 	1382
f 1006 	1002 	1378
f 1002 	1374 	1378
f 1002 	999 	1374
f 999 	1371 	1374
f 999 	996 	1371
f 996 	1368 	1371
f 996 	993 	1368
f 993 	1365 	1368
f 993 	990 	1365
f 990 	1362 	1365
f 990 	807 	1362
f 807 	1177 	1362
f 807 	806 	1177
f 806 	1178 	1177
f 806 	989 	1178
f 989 	1361 	1178
f 989 	992 	1361
f 992 	1364 	1361
f 992 	995 	1364
f 995 	1367 	1364
f 995 	1005 	1367
f 1005 	1377 	1367
f 1005 	1009 	1377
f 1009 	1381 	1377
f 1009 	1013 	1381
f 1013 	1385 	1381
f 1013 	1017 	1385
f 1017 	1389 	1385
f 1017 	1021 	1389
f 1021 	1393 	1389
f 1021 	1025 	1393
f 1025 	1397 	1393
f 1025 	1029 	1397
f 1029 	1401 	1397
f 1029 	1033 	1401
f 1033 	1405 	1401
f 1033 	1037 	1405
f 1037 	1409 	1405
f 1037 	1041 	1409
f 1041 	1413 	1409
f 1041 	1044 	1413
f 1044 	1416 	1413
f 1044 	1047 	1416
f 1047 	1419 	1416
f 1047 	1051 	1419
f 1051 	1423 	1419
f 1051 	1055 	1423
f 1055 	1427 	1423
f 1055 	1059 	1427
f 1059 	1431 	1427
f 1059 	1063 	1431
f 1063 	1435 	1431
f 1063 	1066 	1435
f 1066 	1438 	1435
f 1066 	1070 	1438
f 1070 	1442 	1438
f 1070 	1074 	1442
f 1074 	1446 	1442
f 1074 	1078 	1446
f 1078 	1450 	1446
f 1078 	1108 	1450
f 1108 	1480 	1450
f 1108 	1111 	1480
f 1111 	1483 	1480
f 1111 	1120 	1483
f 1120 	1492 	1483
f 1120 	1126 	1492
f 1126 	1498 	1492
f 1126 	1135 	1498
f 1135 	1507 	1498
f 1135 	1141 	1507
f 1141 	1513 	1507
f 1141 	1147 	1513
f 1147 	1519 	1513
f 1147 	1153 	1519
f 1153 	1525 	1519
f 1153 	1158 	1525
f 1158 	1530 	1525
f 1158 	1164 	1530
f 1164 	1536 	1530
f 1164 	1169 	1536
f 1169 	1541 	1536
f 1169 	1171 	1541
f 1171 	1543 	1541
f 1171 	1175 	1543
f 1175 	1547 	1543
f 1175 	1176 	1547
f 1176 	1548 	1547
f 1176 	1174 	1548
f 1174 	1546 	1548
f 1174 	1173 	1546
f 1173 	1545 	1546
f 1173 	1172 	1545
f 1172 	1544 	1545
f 1172 	1170 	1544
f 1170 	1542 	1544
f 1170 	1167 	1542
f 1167 	1539 	1542
f 1167 	1165 	1539
f 1165 	1537 	1539
f 1165 	1162 	1537
f 1162 	1534 	1537
f 1162 	1159 	1534
f 1159 	1531 	1534
f 1159 	1154 	1531
f 1154 	1526 	1531
f 1154 	1151 	1526
f 1151 	1523 	1526
f 1151 	1148 	1523
f 1148 	1520 	1523
f 1148 	1145 	1520
f 1145 	1517 	1520
f 1145 	1142 	1517
f 1142 	1514 	1517
f 1142 	1139 	1514
f 1139 	1511 	1514
f 1139 	1136 	1511
f 1136 	1508 	1511
f 1136 	1133 	1508
f 1133 	1505 	1508
f 1133 	1130 	1505
f 1130 	1502 	1505
f 1130 	1127 	1502
f 1127 	1499 	1502
f 1127 	1124 	1499
f 1124 	1496 	1499
f 1124 	1121 	1496
f 1121 	1493 	1496
f 1121 	1118 	1493
f 1118 	1490 	1493
f 1118 	1115 	1490
f 1115 	1487 	1490
f 1115 	1112 	1487
f 1112 	1484 	1487
f 1112 	1109 	1484
f 1109 	1481 	1484
f 1109 	1106 	1481
f 1106 	1478 	1481
f 1106 	1103 	1478
f 1103 	1475 	1478
f 1103 	1100 	1475
f 1100 	1472 	1475
f 1100 	1097 	1472
f 1097 	1469 	1472
f 1097 	1094 	1469
f 1094 	1466 	1469
f 1094 	1092 	1466
f 1092 	1464 	1466
f 1092 	1089 	1464
f 1089 	1461 	1464
f 1089 	1084 	1461
f 1084 	1456 	1461
f 1084 	1081 	1456
f 1081 	1453 	1456
f 1081 	1079 	1453
f 1079 	1451 	1453
f 1079 	1075 	1451
f 1075 	1447 	1451
f 1075 	1071 	1447
f 1071 	1443 	1447
f 1160 	1163 	1532
f 1163 	1535 	1532
f 1163 	1168 	1535
f 1168 	1540 	1535
f 1168 	1166 	1540
f 1166 	1538 	1540
f 1166 	1161 	1538
f 1161 	1533 	1538
f 1161 	1156 	1533
f 1156 	1528 	1533
f 1156 	1150 	1528
f 1150 	1522 	1528
f 1150 	1144 	1522
f 1144 	1516 	1522
f 1144 	1138 	1516
f 1138 	1510 	1516
f 1138 	1132 	1510
f 1132 	1504 	1510
f 1132 	1129 	1504
f 1129 	1501 	1504
f 1129 	1123 	1501
f 1123 	1495 	1501
f 1123 	1117 	1495
f 1117 	1489 	1495
f 1117 	1114 	1489
f 1114 	1486 	1489
f 1114 	1105 	1486
f 1105 	1477 	1486
f 1105 	1102 	1477
f 1102 	1474 	1477
f 1102 	1099 	1474
f 1099 	1471 	1474
f 1099 	1096 	1471
f 1096 	1468 	1471
f 1096 	1093 	1468
f 1093 	1465 	1468
f 1093 	1091 	1465
f 1091 	1463 	1465
f 1091 	1088 	1463
f 1088 	1460 	1463
f 1088 	1086 	1460
f 1086 	1458 	1460
f 1086 	1083 	1458
f 1083 	1455 	1458
f 1083 	1077 	1455
f 1077 	1449 	1455
f 1077 	1073 	1449
f 1073 	1445 	1449
f 1073 	1069 	1445
f 1069 	1441 	1445
f 1069 	1062 	1441
f 1062 	1434 	1441
f 1062 	1058 	1434
f 1058 	1430 	1434
f 1058 	1054 	1430
f 1054 	1426 	1430
f 1054 	1050 	1426
f 1050 	1422 	1426
f 1050 	1046 	1422
f 1046 	1418 	1422
f 1046 	1043 	1418
f 1043 	1415 	1418
f 1043 	1040 	1415
f 1040 	1412 	1415
f 1040 	1036 	1412
f 1036 	1408 	1412
f 1036 	1032 	1408
f 1032 	1404 	1408
f 1032 	1028 	1404
f 1028 	1400 	1404
f 1028 	1024 	1400
f 1024 	1396 	1400
f 1024 	1020 	1396
f 1020 	1392 	1396
f 1020 	1016 	1392
f 1016 	1388 	1392
f 1016 	1012 	1388
f 1012 	1384 	1388
f 1012 	1008 	1384
f 1008 	1380 	1384
f 1008 	1004 	1380
f 1004 	1376 	1380
f 1004 	1001 	1376
f 1001 	1373 	1376
f 1001 	998 	1373
f 998 	1370 	1373
f 998 	994 	1370
f 994 	1366 	1370
f 994 	991 	1366
f 991 	1363 	1366
f 991 	952 	1363
f 952 	1324 	1363
f 952 	950 	1324
f 950 	1323 	1324
f 950 	997 	1323
f 997 	1369 	1323
f 997 	1000 	1369
f 1000 	1372 	1369
f 1000 	1003 	1372
f 1003 	1375 	1372
f 1003 	1007 	1375
f 1007 	1379 	1375
f 1007 	1011 	1379
f 1011 	1383 	1379
f 1011 	1015 	1383
f 1015 	1387 	1383
f 1015 	1019 	1387
f 1019 	1391 	1387
f 1019 	1023 	1391
f 1023 	1395 	1391
f 1023 	1027 	1395
f 1027 	1399 	1395
f 1027 	1031 	1399
f 1031 	1403 	1399
f 1031 	1035 	1403
f 1035 	1407 	1403
f 1035 	1039 	1407
f 1039 	1411 	1407
f 1039 	1045 	1411
f 1045 	1417 	1411
f 1045 	1049 	1417
f 1049 	1421 	1417
f 1049 	1053 	1421
f 1053 	1425 	1421
f 1053 	1057 	1425
f 1057 	1429 	1425
f 1057 	1061 	1429
f 1061 	1433 	1429
f 1061 	1065 	1433
f 1065 	1437 	1433
f 1065 	1068 	1437
f 1068 	1440 	1437
f 1068 	1072 	1440
f 1072 	1444 	1440
f 1072 	1076 	1444
f 1076 	1448 	1444
f 1076 	1080 	1448
f 1080 	1452 	1448
f 1080 	1082 	1452
f 1082 	1454 	1452
f 1082 	1085 	1454
f 1085 	1457 	1454
f 1085 	1087 	1457
f 1087 	1459 	1457
f 1087 	1090 	1459
f 1090 	1462 	1459
f 1090 	1095 	1462
f 1095 	1467 	1462
f 1095 	1098 	1467
f 1098 	1470 	1467
f 1098 	1101 	1470
f 1101 	1473 	1470
f 1101 	1104 	1473
f 1104 	1476 	1473
f 1104 	1107 	1476
f 1107 	1479 	1476
f 1107 	1110 	1479
f 1110 	1482 	1479
f 1110 	1113 	1482
f 1113 	1485 	1482
f 1113 	1116 	1485
f 1116 	1488 	1485
f 1116 	1119 	1488
f 1119 	1491 	1488
f 1119 	1122 	1491
f 1122 	1494 	1491
f 1122 	1125 	1494
f 1125 	1497 	1494
f 1125 	1128 	1497
f 1128 	1500 	1497
f 1128 	1131 	1500
f 1131 	1503 	1500
f 1131 	1134 	1503
f 1134 	1506 	1503
f 1134 	1137 	1506
f 1137 	1509 	1506
f 1137 	1140 	1509
f 1140 	1512 	1509
f 1140 	1143 	1512
f 1143 	1515 	1512
f 1143 	1146 	1515
f 1146 	1518 	1515
f 1146 	1149 	1518
f 1149 	1521 	1518
f 1149 	1152 	1521
f 1152 	1524 	1521
f 1152 	1155 	1524
f 1155 	1527 	1524
f 1155 	1157 	1527
f 1157 	1529 	1527
f 1157 	1160 	1529
f 1160 	1532 	1529
f 1549 	1550 	1551
f 1552 	1553 	1549
f 1554 	1555 	1552
f 1556 	1557 	1554
f 1558 	1559 	1556
f 1560 	1561 	1558
f 1562 	1563 	1560
f 1564 	1565 	1562
f 1566 	1567 	1564
f 1568 	1569 	1566
f 1570 	1571 	1568
f 1572 	1573 	1570
f 1574 	1575 	1572
f 1576 	1577 	1574
f 1578 	1579 	1576
f 1580 	1581 	1578
f 1582 	1583 	1580
f 1584 	1585 	1582
f 1586 	1587 	1584
f 1588 	1589 	1586
f 1590 	1591 	1588
f 1592 	1593 	1590
f 1594 	1595 	1592
f 1596 	1597 	1594
f 1598 	1599 	1596
f 1600 	1601 	1598
f 1602 	1603 	1600
f 1604 	1605 	1602
f 1606 	1607 	1604
f 1608 	1609 	1606
f 1610 	1611 	1608
f 1612 	1613 	1610
f 1614 	1615 	1612
f 1616 	1617 	1614
f 1618 	1619 	1616
f 1620 	1621 	1618
f 1622 	1623 	1620
f 1624 	1625 	1622
f 1626 	1627 	1624
f 1628 	1629 	1626
f 1630 	1631 	1628
f 1632 	1633 	1630
f 1634 	1635 	1632
f 1636 	1637 	1634
f 1638 	1639 	1636
f 1640 	1641 	1638
f 1642 	1643 	1640
f 1644 	1645 	1642
f 1646 	1647 	1644
f 1648 	1649 	1646
f 1650 	1651 	1648
f 1652 	1653 	1650
f 1654 	1655 	1652
f 1656 	1657 	1654
f 1658 	1659 	1656
f 1660 	1661 	1658
f 1662 	1663 	1660
f 1664 	1665 	1662
f 1666 	1667 	1664
f 1668 	1669 	1666
f 1670 	1671 	1668
f 1672 	1673 	1670
f 1674 	1675 	1672
f 1676 	1677 	1678
f 1679 	1680 	1676
f 1681 	1682 	1679
f 1549 	1551 	1683
f 1554 	1552 	1549
f 1558 	1556 	1554
f 1562 	1560 	1558
f 1566 	1564 	1562
f 1570 	1568 	1566
f 1574 	1572 	1570
f 1578 	1576 	1574
f 1582 	1580 	1578
f 1586 	1584 	1582
f 1590 	1588 	1586
f 1594 	1592 	1590
f 1598 	1596 	1594
f 1602 	1600 	1598
f 1606 	1604 	1602
f 1610 	1608 	1606
f 1614 	1612 	1610
f 1618 	1616 	1614
f 1622 	1620 	1618
f 1626 	1624 	1622
f 1630 	1628 	1626
f 1634 	1632 	1630
f 1638 	1636 	1634
f 1642 	1640 	1638
f 1646 	1644 	1642
f 1650 	1648 	1646
f 1654 	1652 	1650
f 1658 	1656 	1654
f 1662 	1660 	1658
f 1666 	1664 	1662
f 1670 	1668 	1666
f 1674 	1672 	1670
f 1676 	1678 	1674
f 1681 	1679 	1676
f 1549 	1683 	1684
f 1558 	1554 	1549
f 1566 	1562 	1558
f 1574 	1570 	1566
f 1582 	1578 	1574
f 1590 	1586 	1582
f 1598 	1594 	1590
f 1606 	1602 	1598
f 1614 	1610 	1606
f 1622 	1618 	1614
f 1630 	1626 	1622
f 1638 	1634 	1630
f 1646 	1642 	1638
f 1654 	1650 	1646
f 1662 	1658 	1654
f 1670 	1666 	1662
f 1676 	1674 	1670
f 1685 	1681 	1676
f 1549 	1684 	1686
f 1566 	1558 	1549
f 1582 	1574 	1566
f 1598 	1590 	1582
f 1614 	1606 	1598
f 1630 	1622 	1614
f 1646 	1638 	1630
f 1662 	1654 	1646
f 1676 	1670 	1662
f 1687 	1685 	1676
f 1549 	1686 	1688
f 1582 	1566 	1549
f 1676 	1662 	1646
f 1689 	1687 	1676
f 1549 	1688 	1690
f 1691 	1689 	1676
f 1549 	1690 	1692
f 1693 	1691 	1676
f 1549 	1692 	1694
f 1695 	1693 	1676
f 1582 	1549 	1694
f 1696 	1695 	1676
f 1582 	1694 	1697
f 1696 	1676 	1646
f 1582 	1697 	1698
f 1699 	1696 	1646
f 1582 	1698 	1700
f 1701 	1699 	1646
f 1582 	1700 	1702
f 1703 	1701 	1646
f 1582 	1702 	1704
f 1705 	1703 	1646
f 1582 	1704 	1706
f 1707 	1705 	1646
f 1582 	1706 	1708
f 1709 	1707 	1646
f 1582 	1708 	1710
f 1711 	1709 	1646
f 1582 	1710 	1712
f 1713 	1711 	1646
f 1582 	1712 	1714
f 1715 	1713 	1646
f 1582 	1714 	1716
f 1717 	1715 	1646
f 1582 	1716 	1718
f 1719 	1717 	1646
f 1582 	1718 	1720
f 1721 	1719 	1646
f 1582 	1720 	1722
f 1723 	1721 	1646
f 1582 	1722 	1724
f 1725 	1723 	1646
f 1582 	1724 	1726
f 1727 	1725 	1646
f 1582 	1726 	1728
f 1729 	1727 	1646
f 1598 	1582 	1728
f 1730 	1729 	1646
f 1598 	1728 	1731
f 1732 	1730 	1646
f 1598 	1731 	1733
f 1734 	1732 	1646
f 1598 	1733 	1735
f 1736 	1734 	1646
f 1598 	1735 	1737
f 1738 	1736 	1646
f 1598 	1737 	1739
f 1738 	1646 	1630
f 1598 	1739 	1740
f 1741 	1738 	1630
f 1598 	1740 	1742
f 1743 	1741 	1630
f 1598 	1742 	1744
f 1745 	1743 	1630
f 1614 	1598 	1744
f 1746 	1745 	1630
f 1614 	1744 	1747
f 1748 	1746 	1630
f 1614 	1747 	1749
f 1750 	1748 	1630
f 1614 	1749 	1751
f 1752 	1750 	1630
f 1614 	1751 	1753
f 1754 	1752 	1630
f 1614 	1753 	1755
f 1756 	1754 	1630
f 1614 	1755 	1757
f 1758 	1756 	1630
f 1614 	1757 	1759
f 1758 	1630 	1614
f 1614 	1759 	1760
f 1761 	1758 	1614
f 1614 	1760 	1762
f 1763 	1761 	1614
f 1614 	1762 	1764
f 1765 	1763 	1614
f 1614 	1764 	1766
f 1767 	1765 	1614
f 1614 	1766 	1768
f 1769 	1767 	1614
f 1614 	1768 	1770
f 1771 	1769 	1614
f 1614 	1770 	1772
f 1773 	1771 	1614
f 1614 	1772 	1774
f 1775 	1773 	1614
f 1614 	1774 	1776
f 1776 	1775 	1614
f 1777 	1778 	1779
f 1779 	1780 	1781
f 1781 	1782 	1783
f 1783 	1784 	1785
f 1785 	1786 	1787
f 1787 	1788 	1789
f 1789 	1790 	1791
f 1791 	1792 	1793
f 1793 	1794 	1795
f 1795 	1796 	1797
f 1797 	1798 	1799
f 1799 	1800 	1801
f 1801 	1802 	1803
f 1803 	1804 	1805
f 1805 	1806 	1807
f 1807 	1808 	1809
f 1809 	1810 	1811
f 1811 	1812 	1813
f 1813 	1814 	1815
f 1815 	1816 	1817
f 1817 	1818 	1819
f 1819 	1820 	1821
f 1821 	1822 	1823
f 1823 	1824 	1825
f 1825 	1826 	1827
f 1827 	1828 	1829
f 1829 	1830 	1831
f 1831 	1832 	1833
f 1833 	1834 	1835
f 1835 	1836 	1837
f 1837 	1838 	1839
f 1839 	1840 	1841
f 1841 	1842 	1843
f 1843 	1844 	1845
f 1845 	1846 	1847
f 1847 	1848 	1849
f 1849 	1850 	1851
f 1851 	1852 	1853
f 1853 	1854 	1855
f 1855 	1856 	1857
f 1857 	1858 	1859
f 1859 	1860 	1861
f 1861 	1862 	1863
f 1863 	1864 	1865
f 1865 	1866 	1867
f 1867 	1868 	1869
f 1869 	1870 	1871
f 1871 	1872 	1873
f 1873 	1874 	1875
f 1875 	1876 	1877
f 1877 	1878 	1879
f 1879 	1880 	1881
f 1881 	1882 	1883
f 1883 	1884 	1885
f 1885 	1886 	1887
f 1887 	1888 	1889
f 1889 	1890 	1891
f 1891 	1892 	1893
f 1893 	1894 	1895
f 1895 	1896 	1897
f 1897 	1898 	1899
f 1899 	1900 	1901
f 1901 	1902 	1903
f 1904 	1905 	1906
f 1906 	1907 	1908
f 1908 	1909 	1910
f 1911 	1777 	1779
f 1779 	1781 	1783
f 1783 	1785 	1787
f 1787 	1789 	1791
f 1791 	1793 	1795
f 1795 	1797 	1799
f 1799 	1801 	1803
f 1803 	1805 	1807
f 1807 	1809 	1811
f 1811 	1813 	1815
f 1815 	1817 	1819
f 1819 	1821 	1823
f 1823 	1825 	1827
f 1827 	1829 	1831
f 1831 	1833 	1835
f 1835 	1837 	1839
f 1839 	1841 	1843
f 1843 	1845 	1847
f 1847 	1849 	1851
f 1851 	1853 	1855
f 1855 	1857 	1859
f 1859 	1861 	1863
f 1863 	1865 	1867
f 1867 	1869 	1871
f 1871 	1873 	1875
f 1875 	1877 	1879
f 1879 	1881 	1883
f 1883 	1885 	1887
f 1887 	1889 	1891
f 1891 	1893 	1895
f 1895 	1897 	1899
f 1899 	1901 	1903
f 1903 	1904 	1906
f 1906 	1908 	1910
f 1912 	1911 	1779
f 1779 	1783 	1787
f 1787 	1791 	1795
f 1795 	1799 	1803
f 1803 	1807 	1811
f 1811 	1815 	1819
f 1819 	1823 	1827
f 1827 	1831 	1835
f 1835 	1839 	1843
f 1843 	1847 	1851
f 1851 	1855 	1859
f 1859 	1863 	1867
f 1867 	1871 	1875
f 1875 	1879 	1883
f 1883 	1887 	1891
f 1891 	1895 	1899
f 1899 	1903 	1906
f 1906 	1910 	1913
f 1914 	1912 	1779
f 1779 	1787 	1795
f 1795 	1803 	1811
f 1811 	1819 	1827
f 1827 	1835 	1843
f 1843 	1851 	1859
f 1859 	1867 	1875
f 1875 	1883 	1891
f 1891 	1899 	1906
f 1906 	1913 	1915
f 1916 	1914 	1779
f 1779 	1795 	1811
f 1875 	1891 	1906
f 1906 	1915 	1917
f 1918 	1916 	1779
f 1906 	1917 	1919
f 1920 	1918 	1779
f 1906 	1919 	1921
f 1922 	1920 	1779
f 1906 	1921 	1923
f 1922 	1779 	1811
f 1906 	1923 	1924
f 1925 	1922 	1811
f 1875 	1906 	1924
f 1926 	1925 	1811
f 1875 	1924 	1927
f 1928 	1926 	1811
f 1875 	1927 	1929
f 1930 	1928 	1811
f 1875 	1929 	1931
f 1932 	1930 	1811
f 1875 	1931 	1933
f 1934 	1932 	1811
f 1875 	1933 	1935
f 1936 	1934 	1811
f 1875 	1935 	1937
f 1938 	1936 	1811
f 1875 	1937 	1939
f 1940 	1938 	1811
f 1875 	1939 	1941
f 1942 	1940 	1811
f 1875 	1941 	1943
f 1944 	1942 	1811
f 1875 	1943 	1945
f 1946 	1944 	1811
f 1875 	1945 	1947
f 1948 	1946 	1811
f 1875 	1947 	1949
f 1950 	1948 	1811
f 1875 	1949 	1951
f 1952 	1950 	1811
f 1875 	1951 	1953
f 1954 	1952 	1811
f 1875 	1953 	1955
f 1956 	1954 	1811
f 1875 	1955 	1957
f 1956 	1811 	1827
f 1875 	1957 	1958
f 1959 	1956 	1827
f 1875 	1958 	1960
f 1961 	1959 	1827
f 1875 	1960 	1962
f 1963 	1961 	1827
f 1875 	1962 	1964
f 1965 	1963 	1827
f 1875 	1964 	1966
f 1967 	1965 	1827
f 1859 	1875 	1966
f 1968 	1967 	1827
f 1859 	1966 	1969
f 1970 	1968 	1827
f 1859 	1969 	1971
f 1972 	1970 	1827
f 1859 	1971 	1973
f 1972 	1827 	1843
f 1859 	1973 	1974
f 1975 	1972 	1843
f 1859 	1974 	1976
f 1977 	1975 	1843
f 1859 	1976 	1978
f 1979 	1977 	1843
f 1859 	1978 	1980
f 1981 	1979 	1843
f 1859 	1980 	1982
f 1983 	1981 	1843
f 1859 	1982 	1984
f 1985 	1983 	1843
f 1859 	1984 	1986
f 1987 	1985 	1843
f 1843 	1859 	1986
f 1988 	1987 	1843
f 1843 	1986 	1989
f 1990 	1988 	1843
f 1843 	1989 	1991
f 1992 	1990 	1843
f 1843 	1991 	1993
f 1994 	1992 	1843
f 1843 	1993 	1995
f 1996 	1994 	1843
f 1843 	1995 	1997
f 1998 	1996 	1843
f 1843 	1997 	1999
f 2000 	1998 	1843
f 1843 	1999 	2001
f 2002 	2000 	1843
f 1843 	2001 	2003
f 2004 	2002 	1843
f 1843 	2003 	2004
f 1732 	1734 	1960
f 1734 	1962 	1960
f 1734 	1736 	1962
f 1736 	1964 	1962
f 1736 	1738 	1964
f 1738 	1966 	1964
f 1738 	1741 	1966
f 1741 	1969 	1966
f 1741 	1743 	1969
f 1743 	1971 	1969
f 1743 	1745 	1971
f 1745 	1973 	1971
f 1745 	1746 	1973
f 1746 	1974 	1973
f 1746 	1748 	1974
f 1748 	1976 	1974
f 1748 	1750 	1976
f 1750 	1978 	1976
f 1750 	1752 	1978
f 1752 	1980 	1978
f 1752 	1754 	1980
f 1754 	1982 	1980
f 1754 	1756 	1982
f 1756 	1984 	1982
f 1756 	1758 	1984
f 1758 	1986 	1984
f 1758 	1761 	1986
f 1761 	1989 	1986
f 1761 	1763 	1989
f 1763 	1991 	1989
f 1763 	1765 	1991
f 1765 	1993 	1991
f 1765 	1767 	1993
f 1767 	1995 	1993
f 1767 	1769 	1995
f 1769 	1997 	1995
f 1769 	1771 	1997
f 1771 	1999 	1997
f 1771 	1773 	1999
f 1773 	2001 	1999
f 1773 	1775 	2001
f 1775 	2003 	2001
f 1775 	1776 	2003
f 1776 	2004 	2003
f 1776 	1774 	2004
f 1774 	2002 	2004
f 1774 	1772 	2002
f 1772 	2000 	2002
f 1772 	1770 	2000
f 1770 	1998 	2000
f 1770 	1768 	1998
f 1768 	1996 	1998
f 1768 	1766 	1996
f 1766 	1994 	1996
f 1766 	1764 	1994
f 1764 	1992 	1994
f 1764 	1762 	1992
f 1762 	1990 	1992
f 1762 	1760 	1990
f 1760 	1988 	1990
f 1760 	1759 	1988
f 1759 	1987 	1988
f 1759 	1757 	1987
f 1757 	1985 	1987
f 1757 	1755 	1985
f 1755 	1983 	1985
f 1755 	1753 	1983
f 1753 	1981 	1983
f 1753 	1751 	1981
f 1751 	1979 	1981
f 1751 	1749 	1979
f 1749 	1977 	1979
f 1749 	1747 	1977
f 1747 	1975 	1977
f 1747 	1744 	1975
f 1744 	1972 	1975
f 1744 	1742 	1972
f 1742 	1970 	1972
f 1742 	1740 	1970
f 1740 	1968 	1970
f 1740 	1739 	1968
f 1739 	1967 	1968
f 1739 	1737 	1967
f 1737 	1965 	1967
f 1737 	1735 	1965
f 1735 	1963 	1965
f 1735 	1733 	1963
f 1733 	1961 	1963
f 1733 	1731 	1961
f 1731 	1959 	1961
f 1731 	1728 	1959
f 1728 	1956 	1959
f 1728 	1726 	1956
f 1726 	1954 	1956
f 1726 	1724 	1954
f 1724 	1952 	1954
f 1724 	1722 	1952
f 1722 	1950 	1952
f 1722 	1720 	1950
f 1720 	1948 	1950
f 1720 	1718 	1948
f 1718 	1946 	1948
f 1718 	1716 	1946
f 1716 	1944 	1946
f 1716 	1714 	1944
f 1714 	1942 	1944
f 1714 	1712 	1942
f 1712 	1940 	1942
f 1712 	1710 	1940
f 1710 	1938 	1940
f 1710 	1708 	1938
f 1708 	1936 	1938
f 1708 	1706 	1936
f 1706 	1934 	1936
f 1706 	1704 	1934
f 1704 	1932 	1934
f 1704 	1702 	1932
f 1702 	1930 	1932
f 1702 	1700 	1930
f 1700 	1928 	1930
f 1700 	1698 	1928
f 1698 	1926 	1928
f 1698 	1697 	1926
f 1697 	1925 	1926
f 1697 	1694 	1925
f 1694 	1922 	1925
f 1694 	1692 	1922
f 1692 	1920 	1922
f 1692 	1690 	1920
f 1690 	1918 	1920
f 1690 	1688 	1918
f 1688 	1916 	1918
f 1688 	1686 	1916
f 1686 	1914 	1916
f 1686 	1684 	1914
f 1684 	1912 	1914
f 1684 	1683 	1912
f 1683 	1911 	1912
f 1683 	1551 	1911
f 1551 	1777 	1911
f 1551 	1550 	1777
f 1550 	1778 	1777
f 1550 	1549 	1778
f 1549 	1779 	1778
f 1549 	1553 	1779
f 1553 	1780 	1779
f 1553 	1552 	1780
f 1552 	1781 	1780
f 1552 	1555 	1781
f 1555 	1782 	1781
f 1555 	1554 	1782
f 1554 	1783 	1782
f 1554 	1557 	1783
f 1557 	1784 	1783
f 1557 	1556 	1784
f 1556 	1785 	1784
f 1556 	1559 	1785
f 1559 	1786 	1785
f 1559 	1558 	1786
f 1558 	1787 	1786
f 1558 	1561 	1787
f 1561 	1788 	1787
f 1561 	1560 	1788
f 1560 	1789 	1788
f 1560 	1563 	1789
f 1563 	1790 	1789
f 1563 	1562 	1790
f 1562 	1791 	1790
f 1562 	1565 	1791
f 1565 	1792 	1791
f 1565 	1564 	1792
f 1564 	1793 	1792
f 1564 	1567 	1793
f 1567 	1794 	1793
f 1567 	1566 	1794
f 1566 	1795 	1794
f 1566 	1569 	1795
f 1569 	1796 	1795
f 1569 	1568 	1796
f 1568 	1797 	1796
f 1568 	1571 	1797
f 1571 	1798 	1797
f 1571 	1570 	1798
f 1570 	1799 	1798
f 1570 	1573 	1799
f 1573 	1800 	1799
f 1573 	1572 	1800
f 1572 	1801 	1800
f 1572 	1575 	1801
f 1575 	1802 	1801
f 1575 	1574 	1802
f 1574 	1803 	1802
f 1574 	1577 	1803
f 1577 	1804 	1803
f 1577 	1576 	1804
f 1576 	1805 	1804
f 1576 	1579 	1805
f 1579 	1806 	1805
f 1579 	1578 	1806
f 1578 	1807 	1806
f 1578 	1581 	1807
f 1581 	1808 	1807
f 1581 	1580 	1808
f 1580 	1809 	1808
f 1580 	1583 	1809
f 1583 	1810 	1809
f 1583 	1582 	1810
f 1582 	1811 	1810
f 1582 	1585 	1811
f 1585 	1812 	1811
f 1585 	1584 	1812
f 1584 	1813 	1812
f 1584 	1587 	1813
f 1587 	1814 	1813
f 1587 	1586 	1814
f 1586 	1815 	1814
f 1586 	1589 	1815
f 1589 	1816 	1815
f 1589 	1588 	1816
f 1588 	1817 	1816
f 1588 	1591 	1817
f 1591 	1818 	1817
f 1591 	1590 	1818
f 1590 	1819 	1818
f 1590 	1593 	1819
f 1593 	1820 	1819
f 1593 	1592 	1820
f 1592 	1821 	1820
f 1592 	1595 	1821
f 1595 	1822 	1821
f 1595 	1594 	1822
f 1594 	1823 	1822
f 1594 	1597 	1823
f 1597 	1824 	1823
f 1597 	1596 	1824
f 1596 	1825 	1824
f 1596 	1599 	1825
f 1599 	1826 	1825
f 1599 	1598 	1826
f 1598 	1827 	1826
f 1598 	1601 	1827
f 1601 	1828 	1827
f 1601 	1600 	1828
f 1600 	1829 	1828
f 1600 	1603 	1829
f 1603 	1830 	1829
f 1603 	1602 	1830
f 1602 	1831 	1830
f 1602 	1605 	1831
f 1605 	1832 	1831
f 1605 	1604 	1832
f 1604 	1833 	1832
f 1604 	1607 	1833
f 1607 	1834 	1833
f 1607 	1606 	1834
f 1606 	1835 	1834
f 1606 	1609 	1835
f 1609 	1836 	1835
f 1609 	1608 	1836
f 1608 	1837 	1836
f 1608 	1611 	1837
f 1611 	1838 	1837
f 1611 	1610 	1838
f 1610 	1839 	1838
f 1610 	1613 	1839
f 1613 	1840 	1839
f 1613 	1612 	1840
f 1612 	1841 	1840
f 1612 	1615 	1841
f 1615 	1842 	1841
f 1615 	1614 	1842
f 1614 	1843 	1842
f 1614 	1617 	1843
f 1617 	1844 	1843
f 1617 	1616 	1844
f 1616 	1845 	1844
f 1616 	1619 	1845
f 1619 	1846 	1845
f 1619 	1618 	1846
f 1618 	1847 	1846
f 1618 	1621 	1847
f 1621 	1848 	1847
f 1621 	1620 	1848
f 1620 	1849 	1848
f 1620 	1623 	1849
f 1623 	1850 	1849
f 1623 	1622 	1850
f 1622 	1851 	1850
f 1622 	1625 	1851
f 1625 	1852 	1851
f 1625 	1624 	1852
f 1624 	1853 	1852
f 1624 	1627 	1853
f 1627 	1854 	1853
f 1627 	1626 	1854
f 1626 	1855 	1854
f 1626 	1629 	1855
f 1629 	1856 	1855
f 1629 	1628 	1856
f 1628 	1857 	1856
f 1628 	1631 	1857
f 1631 	1858 	1857
f 1631 	1630 	1858
f 1630 	1859 	1858
f 1630 	1633 	1859
f 1633 	1860 	1859
f 1633 	1632 	1860
f 1632 	1861 	1860
f 1632 	1635 	1861
f 1635 	1862 	1861
f 1635 	1634 	1862
f 1634 	1863 	1862
f 1634 	1637 	1863
f 1637 	1864 	1863
f 1637 	1636 	1864
f 1636 	1865 	1864
f 1636 	1639 	1865
f 1639 	1866 	1865
f 1639 	1638 	1866
f 1638 	1867 	1866
f 1638 	1641 	1867
f 1641 	1868 	1867
f 1641 	1640 	1868
f 1640 	1869 	1868
f 1640 	1643 	1869
f 1643 	1870 	1869
f 1643 	1642 	1870
f 1642 	1871 	1870
f 1642 	1645 	1871
f 1645 	1872 	1871
f 1645 	1644 	1872
f 1644 	1873 	1872
f 1644 	1647 	1873
f 1647 	1874 	1873
f 1647 	1646 	1874
f 1646 	1875 	1874
f 1646 	1649 	1875
f 1649 	1876 	1875
f 1649 	1648 	1876
f 1648 	1877 	1876
f 1648 	1651 	1877
f 1651 	1878 	1877
f 1651 	1650 	1878
f 1650 	1879 	1878
f 1650 	1653 	1879
f 1653 	1880 	1879
f 1653 	1652 	1880
f 1652 	1881 	1880
f 1652 	1655 	1881
f 1655 	1882 	1881
f 1655 	1654 	1882
f 1654 	1883 	1882
f 1654 	1657 	1883
f 1657 	1884 	1883
f 1657 	1656 	1884
f 1656 	1885 	1884
f 1656 	1659 	1885
f 1659 	1886 	1885
f 1659 	1658 	1886
f 1658 	1887 	1886
f 1658 	1661 	1887
f 1661 	1888 	1887
f 1661 	1660 	1888
f 1660 	1889 	1888
f 1660 	1663 	1889
f 1663 	1890 	1889
f 1663 	1662 	1890
f 1662 	1891 	1890
f 1662 	1665 	1891
f 1665 	1892 	1891
f 1665 	1664 	1892
f 1664 	1893 	1892
f 1664 	1667 	1893
f 1667 	1894 	1893
f 1667 	1666 	1894
f 1666 	1895 	1894
f 1666 	1669 	1895
f 1669 	1896 	1895
f 1669 	1668 	1896
f 1668 	1897 	1896
f 1668 	1671 	1897
f 1671 	1898 	1897
f 1671 	1670 	1898
f 1670 	1899 	1898
f 1670 	1673 	1899
f 1673 	1900 	1899
f 1673 	1672 	1900
f 1672 	1901 	1900
f 1672 	1675 	1901
f 1675 	1902 	1901
f 1675 	1674 	1902
f 1674 	1903 	1902
f 1674 	1678 	1903
f 1678 	1904 	1903
f 1678 	1677 	1904
f 1677 	1905 	1904
f 1677 	1676 	1905
f 1676 	1906 	1905
f 1676 	1680 	1906
f 1680 	1907 	1906
f 1680 	1679 	1907
f 1679 	1908 	1907
f 1679 	1682 	1908
f 1682 	1909 	1908
f 1682 	1681 	1909
f 1681 	1910 	1909
f 1681 	1685 	1910
f 1685 	1913 	1910
f 1685 	1687 	1913
f 1687 	1915 	1913
f 1687 	1689 	1915
f 1689 	1917 	1915
f 1689 	1691 	1917
f 1691 	1919 	1917
f 1691 	1693 	1919
f 1693 	1921 	1919
f 1693 	1695 	1921
f 1695 	1923 	1921
f 1695 	1696 	1923
f 1696 	1924 	1923
f 1696 	1699 	1924
f 1699 	1927 	1924
f 1699 	1701 	1927
f 1701 	1929 	1927
f 1701 	1703 	1929
f 1703 	1931 	1929
f 1703 	1705 	1931
f 1705 	1933 	1931
f 1705 	1707 	1933
f 1707 	1935 	1933
f 1707 	1709 	1935
f 1709 	1937 	1935
f 1709 	1711 	1937
f 1711 	1939 	1937
f 1711 	1713 	1939
f 1713 	1941 	1939
f 1713 	1715 	1941
f 1715 	1943 	1941
f 1715 	1717 	1943
f 1717 	1945 	1943
f 1717 	1719 	1945
f 1719 	1947 	1945
f 1719 	1721 	1947
f 1721 	1949 	1947
f 1721 	1723 	1949
f 1723 	1951 	1949
f 1723 	1725 	1951
f 1725 	1953 	1951
f 1725 	1727 	1953
f 1727 	1955 	1953
f 1727 	1729 	1955
f 1729 	1957 	1955
f 1729 	1730 	1957
f 1730 	1958 	1957
f 1730 	1732 	1958
f 1732 	1960 	1958
f 2005 	2006 	2007
f 2008 	2009 	2005
f 2010 	2011 	2012
f 2013 	2014 	2010
f 2015 	2016 	2017
f 2018 	2019 	2020
f 2021 	2022 	2018
f 2023 	2024 	2025
f 2026 	2027 	2023
f 2005 	2007 	2028
f 2029 	2008 	2005
f 2010 	2012 	2030
f 2031 	2013 	2010
f 2018 	2020 	2032
f 2033 	2021 	2018
f 2023 	2025 	2034
f 2035 	2026 	2023
f 2005 	2028 	2036
f 2037 	2029 	2005
f 2010 	2030 	2038
f 2039 	2031 	2010
f 2018 	2032 	2040
f 2041 	2033 	2018
f 2023 	2034 	2042
f 2043 	2035 	2023
f 2005 	2036 	2044
f 2045 	2037 	2005
f 2010 	2038 	2046
f 2047 	2039 	2010
f 2018 	2040 	2048
f 2049 	2041 	2018
f 2023 	2042 	2050
f 2051 	2043 	2023
f 2005 	2044 	2052
f 2053 	2045 	2005
f 2010 	2046 	2054
f 2055 	2047 	2010
f 2018 	2048 	2056
f 2057 	2049 	2018
f 2023 	2050 	2058
f 2059 	2051 	2023
f 2005 	2052 	2060
f 2061 	2053 	2005
f 2010 	2054 	2062
f 2063 	2055 	2010
f 2018 	2056 	2064
f 2065 	2057 	2018
f 2023 	2058 	2066
f 2067 	2059 	2023
f 2005 	2060 	2068
f 2069 	2061 	2005
f 2010 	2062 	2070
f 2071 	2063 	2010
f 2018 	2064 	2072
f 2073 	2065 	2018
f 2023 	2066 	2074
f 2075 	2067 	2023
f 2005 	2068 	2076
f 2077 	2069 	2005
f 2010 	2070 	2078
f 2079 	2071 	2010
f 2018 	2072 	2080
f 2081 	2073 	2018
f 2023 	2074 	2082
f 2083 	2075 	2023
f 2005 	2076 	2084
f 2085 	2077 	2005
f 2010 	2078 	2086
f 2087 	2079 	2010
f 2018 	2080 	2088
f 2089 	2081 	2018
f 2023 	2082 	2090
f 2091 	2083 	2023
f 2005 	2084 	2092
f 2093 	2085 	2005
f 2010 	2086 	2094
f 2095 	2087 	2010
f 2018 	2088 	2096
f 2097 	2089 	2018
f 2023 	2090 	2098
f 2099 	2091 	2023
f 2005 	2092 	2100
f 2101 	2093 	2005
f 2010 	2094 	2102
f 2103 	2095 	2010
f 2018 	2096 	2104
f 2105 	2097 	2018
f 2023 	2098 	2106
f 2107 	2099 	2023
f 2005 	2100 	2108
f 2109 	2101 	2005
f 2010 	2102 	2110
f 2111 	2103 	2010
f 2105 	2018 	2104
f 2023 	2106 	2112
f 2113 	2107 	2023
f 2005 	2108 	2114
f 2115 	2109 	2005
f 2111 	2010 	2110
f 2105 	2104 	2015
f 2113 	2023 	2112
f 2005 	2114 	2116
f 2111 	2110 	2117
f 2105 	2015 	2017
f 2113 	2112 	2118
f 2005 	2116 	2119
f 2111 	2117 	2120
f 2105 	2017 	2121
f 2113 	2118 	2122
f 2005 	2119 	2123
f 2111 	2120 	2124
f 2105 	2121 	2125
f 2113 	2122 	2126
f 2005 	2123 	2127
f 2111 	2124 	2128
f 2105 	2125 	2129
f 2113 	2126 	2130
f 2005 	2127 	2131
f 2111 	2128 	2132
f 2105 	2129 	2133
f 2113 	2130 	2134
f 2005 	2131 	2135
f 2111 	2132 	2136
f 2105 	2133 	2137
f 2113 	2134 	2138
f 2005 	2135 	2139
f 2111 	2136 	2140
f 2105 	2137 	2141
f 2113 	2138 	2142
f 2005 	2139 	2143
f 2111 	2140 	2144
f 2105 	2141 	2145
f 2113 	2142 	2146
f 2005 	2143 	2147
f 2111 	2144 	2148
f 2105 	2145 	2149
f 2113 	2146 	2150
f 2005 	2147 	2151
f 2111 	2148 	2152
f 2105 	2149 	2153
f 2113 	2150 	2154
f 2005 	2151 	2155
f 2111 	2152 	2156
f 2105 	2153 	2157
f 2113 	2154 	2158
f 2005 	2155 	2159
f 2111 	2156 	2160
f 2105 	2157 	2161
f 2113 	2158 	2162
f 2005 	2159 	2163
f 2111 	2160 	2164
f 2165 	2105 	2161
f 2113 	2162 	2166
f 2115 	2005 	2163
f 2167 	2111 	2164
f 2168 	2165 	2161
f 2169 	2113 	2166
f 2170 	2115 	2163
f 2171 	2167 	2164
f 2172 	2168 	2161
f 2173 	2169 	2166
f 2174 	2170 	2163
f 2175 	2171 	2164
f 2176 	2172 	2161
f 2177 	2173 	2166
f 2178 	2174 	2163
f 2179 	2175 	2164
f 2180 	2176 	2161
f 2181 	2177 	2166
f 2178 	2163 	2182
f 2183 	2179 	2164
f 2180 	2161 	2184
f 2185 	2181 	2166
f 2186 	2178 	2182
f 2187 	2183 	2164
f 2188 	2180 	2184
f 2189 	2185 	2166
f 2190 	2186 	2182
f 2191 	2187 	2164
f 2192 	2188 	2184
f 2193 	2189 	2166
f 2194 	2190 	2182
f 2191 	2164 	2195
f 2196 	2192 	2184
f 2197 	2193 	2166
f 2198 	2194 	2182
f 2199 	2191 	2195
f 2200 	2196 	2184
f 2197 	2166 	2201
f 2202 	2198 	2182
f 2199 	2195 	2203
f 2204 	2200 	2184
f 2197 	2201 	2205
f 2206 	2202 	2182
f 2199 	2203 	2207
f 2208 	2204 	2184
f 2197 	2205 	2209
f 2207 	2206 	2182
f 2210 	2199 	2207
f 2211 	2208 	2184
f 2197 	2209 	2211
f 2212 	2210 	2207
f 2213 	2197 	2211
f 2214 	2212 	2207
f 2215 	2213 	2211
f 2216 	2214 	2207
f 2217 	2215 	2211
f 2218 	2216 	2207
f 2219 	2217 	2211
f 2220 	2218 	2207
f 2221 	2219 	2211
f 2222 	2220 	2207
f 2223 	2221 	2211
f 2222 	2207 	2182
f 2224 	2223 	2211
f 2222 	2182 	2224
f 2224 	2211 	2184
f 2184 	2222 	2224
f 2225 	2226 	2227
f 2227 	2228 	2229
f 2230 	2231 	2232
f 2232 	2233 	2234
f 2235 	2236 	2237
f 2238 	2239 	2240
f 2240 	2241 	2242
f 2243 	2244 	2245
f 2245 	2246 	2247
f 2248 	2225 	2227
f 2227 	2229 	2249
f 2250 	2230 	2232
f 2232 	2234 	2251
f 2252 	2238 	2240
f 2240 	2242 	2253
f 2254 	2243 	2245
f 2245 	2247 	2255
f 2256 	2248 	2227
f 2227 	2249 	2257
f 2258 	2250 	2232
f 2232 	2251 	2259
f 2260 	2252 	2240
f 2240 	2253 	2261
f 2262 	2254 	2245
f 2245 	2255 	2263
f 2264 	2256 	2227
f 2227 	2257 	2265
f 2266 	2258 	2232
f 2232 	2259 	2267
f 2268 	2260 	2240
f 2240 	2261 	2269
f 2270 	2262 	2245
f 2245 	2263 	2271
f 2272 	2264 	2227
f 2227 	2265 	2273
f 2274 	2266 	2232
f 2232 	2267 	2275
f 2276 	2268 	2240
f 2240 	2269 	2277
f 2278 	2270 	2245
f 2245 	2271 	2279
f 2280 	2272 	2227
f 2227 	2273 	2281
f 2282 	2274 	2232
f 2232 	2275 	2283
f 2284 	2276 	2240
f 2240 	2277 	2285
f 2286 	2278 	2245
f 2245 	2279 	2287
f 2288 	2280 	2227
f 2227 	2281 	2289
f 2290 	2282 	2232
f 2232 	2283 	2291
f 2292 	2284 	2240
f 2240 	2285 	2293
f 2294 	2286 	2245
f 2245 	2287 	2295
f 2296 	2288 	2227
f 2227 	2289 	2297
f 2298 	2290 	2232
f 2232 	2291 	2299
f 2300 	2292 	2240
f 2240 	2293 	2301
f 2302 	2294 	2245
f 2245 	2295 	2303
f 2304 	2296 	2227
f 2227 	2297 	2305
f 2306 	2298 	2232
f 2232 	2299 	2307
f 2308 	2300 	2240
f 2240 	2301 	2309
f 2310 	2302 	2245
f 2245 	2303 	2311
f 2312 	2304 	2227
f 2227 	2305 	2313
f 2314 	2306 	2232
f 2232 	2307 	2315
f 2316 	2308 	2240
f 2240 	2309 	2317
f 2318 	2310 	2245
f 2245 	2311 	2319
f 2320 	2312 	2227
f 2227 	2313 	2321
f 2322 	2314 	2232
f 2232 	2315 	2323
f 2324 	2316 	2240
f 2240 	2317 	2325
f 2326 	2318 	2245
f 2245 	2319 	2327
f 2328 	2320 	2227
f 2227 	2321 	2329
f 2330 	2322 	2232
f 2232 	2323 	2331
f 2324 	2240 	2325
f 2332 	2326 	2245
f 2245 	2327 	2333
f 2334 	2328 	2227
f 2227 	2329 	2335
f 2330 	2232 	2331
f 2237 	2324 	2325
f 2332 	2245 	2333
f 2336 	2334 	2227
f 2337 	2330 	2331
f 2235 	2237 	2325
f 2338 	2332 	2333
f 2339 	2336 	2227
f 2340 	2337 	2331
f 2341 	2235 	2325
f 2342 	2338 	2333
f 2343 	2339 	2227
f 2344 	2340 	2331
f 2345 	2341 	2325
f 2346 	2342 	2333
f 2347 	2343 	2227
f 2348 	2344 	2331
f 2349 	2345 	2325
f 2350 	2346 	2333
f 2351 	2347 	2227
f 2352 	2348 	2331
f 2353 	2349 	2325
f 2354 	2350 	2333
f 2355 	2351 	2227
f 2356 	2352 	2331
f 2357 	2353 	2325
f 2358 	2354 	2333
f 2359 	2355 	2227
f 2360 	2356 	2331
f 2361 	2357 	2325
f 2362 	2358 	2333
f 2363 	2359 	2227
f 2364 	2360 	2331
f 2365 	2361 	2325
f 2366 	2362 	2333
f 2367 	2363 	2227
f 2368 	2364 	2331
f 2369 	2365 	2325
f 2370 	2366 	2333
f 2371 	2367 	2227
f 2372 	2368 	2331
f 2373 	2369 	2325
f 2374 	2370 	2333
f 2375 	2371 	2227
f 2376 	2372 	2331
f 2377 	2373 	2325
f 2378 	2374 	2333
f 2379 	2375 	2227
f 2380 	2376 	2331
f 2381 	2377 	2325
f 2382 	2378 	2333
f 2383 	2379 	2227
f 2384 	2380 	2331
f 2381 	2325 	2385
f 2386 	2382 	2333
f 2383 	2227 	2335
f 2384 	2331 	2387
f 2381 	2385 	2388
f 2386 	2333 	2389
f 2383 	2335 	2390
f 2384 	2387 	2391
f 2381 	2388 	2392
f 2386 	2389 	2393
f 2383 	2390 	2394
f 2384 	2391 	2395
f 2381 	2392 	2396
f 2386 	2393 	2397
f 2383 	2394 	2398
f 2384 	2395 	2399
f 2381 	2396 	2400
f 2386 	2397 	2401
f 2402 	2383 	2398
f 2384 	2399 	2403
f 2404 	2381 	2400
f 2386 	2401 	2405
f 2402 	2398 	2406
f 2384 	2403 	2407
f 2404 	2400 	2408
f 2386 	2405 	2409
f 2402 	2406 	2410
f 2384 	2407 	2411
f 2404 	2408 	2412
f 2386 	2409 	2413
f 2402 	2410 	2414
f 2415 	2384 	2411
f 2404 	2412 	2416
f 2386 	2413 	2417
f 2402 	2414 	2418
f 2415 	2411 	2419
f 2404 	2416 	2420
f 2421 	2386 	2417
f 2402 	2418 	2422
f 2423 	2415 	2419
f 2404 	2420 	2424
f 2425 	2421 	2417
f 2402 	2422 	2426
f 2427 	2423 	2419
f 2404 	2424 	2428
f 2429 	2425 	2417
f 2402 	2426 	2427
f 2427 	2419 	2430
f 2404 	2428 	2431
f 2431 	2429 	2417
f 2427 	2430 	2432
f 2431 	2417 	2433
f 2427 	2432 	2434
f 2431 	2433 	2435
f 2427 	2434 	2436
f 2431 	2435 	2437
f 2427 	2436 	2438
f 2431 	2437 	2439
f 2427 	2438 	2440
f 2431 	2439 	2441
f 2427 	2440 	2442
f 2431 	2441 	2443
f 2402 	2427 	2442
f 2431 	2443 	2444
f 2444 	2402 	2442
f 2404 	2431 	2444
f 2444 	2442 	2404
f 2005 	2009 	2227
f 2009 	2228 	2227
f 2009 	2008 	2228
f 2008 	2229 	2228
f 2008 	2029 	2229
f 2029 	2249 	2229
f 2029 	2037 	2249
f 2037 	2257 	2249
f 2037 	2045 	2257
f 2045 	2265 	2257
f 2045 	2053 	2265
f 2053 	2273 	2265
f 2053 	2061 	2273
f 2061 	2281 	2273
f 2061 	2069 	2281
f 2069 	2289 	2281
f 2069 	2077 	2289
f 2077 	2297 	2289
f 2077 	2085 	2297
f 2085 	2305 	2297
f 2085 	2093 	2305
f 2093 	2313 	2305
f 2093 	2101 	2313
f 2101 	2321 	2313
f 2101 	2109 	2321
f 2109 	2329 	2321
f 2109 	2115 	2329
f 2115 	2335 	2329
f 2115 	2170 	2335
f 2170 	2390 	2335
f 2170 	2174 	2390
f 2174 	2394 	2390
f 2174 	2178 	2394
f 2178 	2398 	2394
f 2178 	2186 	2398
f 2186 	2406 	2398
f 2186 	2190 	2406
f 2190 	2410 	2406
f 2190 	2194 	2410
f 2194 	2414 	2410
f 2194 	2198 	2414
f 2198 	2418 	2414
f 2198 	2202 	2418
f 2202 	2422 	2418
f 2202 	2206 	2422
f 2206 	2426 	2422
f 2206 	2207 	2426
f 2207 	2427 	2426
f 2207 	2203 	2427
f 2203 	2423 	2427
f 2203 	2195 	2423
f 2195 	2415 	2423
f 2195 	2164 	2415
f 2164 	2384 	2415
f 2164 	2160 	2384
f 2160 	2380 	2384
f 2160 	2156 	2380
f 2156 	2376 	2380
f 2156 	2152 	2376
f 2152 	2372 	2376
f 2152 	2148 	2372
f 2148 	2368 	2372
f 2148 	2144 	2368
f 2144 	2364 	2368
f 2144 	2140 	2364
f 2140 	2360 	2364
f 2140 	2136 	2360
f 2136 	2356 	2360
f 2136 	2132 	2356
f 2132 	2352 	2356
f 2132 	2128 	2352
f 2128 	2348 	2352
f 2128 	2124 	2348
f 2124 	2344 	2348
f 2124 	2120 	2344
f 2120 	2340 	2344
f 2120 	2117 	2340
f 2117 	2337 	2340
f 2117 	2110 	2337
f 2110 	2330 	2337
f 2110 	2102 	2330
f 2102 	2322 	2330
f 2102 	2094 	2322
f 2094 	2314 	2322
f 2094 	2086 	2314
f 2086 	2306 	2314
f 2086 	2078 	2306
f 2078 	2298 	2306
f 2078 	2070 	2298
f 2070 	2290 	2298
f 2070 	2062 	2290
f 2062 	2282 	2290
f 2062 	2054 	2282
f 2054 	2274 	2282
f 2054 	2046 	2274
f 2046 	2266 	2274
f 2046 	2038 	2266
f 2038 	2258 	2266
f 2038 	2030 	2258
f 2030 	2250 	2258
f 2030 	2012 	2250
f 2012 	2230 	2250
f 2012 	2011 	2230
f 2011 	2231 	2230
f 2011 	2010 	2231
f 2010 	2232 	2231
f 2010 	2014 	2232
f 2014 	2233 	2232
f 2014 	2013 	2233
f 2013 	2234 	2233
f 2013 	2031 	2234
f 2031 	2251 	2234
f 2031 	2039 	2251
f 2039 	2259 	2251
f 2039 	2047 	2259
f 2047 	2267 	2259
f 2047 	2055 	2267
f 2055 	2275 	2267
f 2055 	2063 	2275
f 2063 	2283 	2275
f 2063 	2071 	2283
f 2071 	2291 	2283
f 2071 	2079 	2291
f 2079 	2299 	2291
f 2079 	2087 	2299
f 2087 	2307 	2299
f 2087 	2095 	2307
f 2095 	2315 	2307
f 2095 	2103 	2315
f 2103 	2323 	2315
f 2103 	2111 	2323
f 2111 	2331 	2323
f 2111 	2167 	2331
f 2167 	2387 	2331
f 2167 	2171 	2387
f 2171 	2391 	2387
f 2171 	2175 	2391
f 2175 	2395 	2391
f 2175 	2179 	2395
f 2179 	2399 	2395
f 2179 	2183 	2399
f 2183 	2403 	2399
f 2183 	2187 	2403
f 2187 	2407 	2403
f 2187 	2191 	2407
f 2191 	2411 	2407
f 2191 	2199 	2411
f 2199 	2419 	2411
f 2199 	2210 	2419
f 2210 	2430 	2419
f 2210 	2212 	2430
f 2212 	2432 	2430
f 2212 	2214 	2432
f 2214 	2434 	2432
f 2214 	2216 	2434
f 2216 	2436 	2434
f 2216 	2218 	2436
f 2218 	2438 	2436
f 2218 	2220 	2438
f 2220 	2440 	2438
f 2220 	2222 	2440
f 2222 	2442 	2440
f 2222 	2184 	2442
f 2184 	2404 	2442
f 2184 	2161 	2404
f 2161 	2381 	2404
f 2161 	2157 	2381
f 2157 	2377 	2381
f 2157 	2153 	2377
f 2153 	2373 	2377
f 2153 	2149 	2373
f 2149 	2369 	2373
f 2149 	2145 	2369
f 2145 	2365 	2369
f 2145 	2141 	2365
f 2141 	2361 	2365
f 2141 	2137 	2361
f 2137 	2357 	2361
f 2137 	2133 	2357
f 2133 	2353 	2357
f 2133 	2129 	2353
f 2129 	2349 	2353
f 2129 	2125 	2349
f 2125 	2345 	2349
f 2125 	2121 	2345
f 2121 	2341 	2345
f 2121 	2017 	2341
f 2017 	2235 	2341
f 2017 	2016 	2235
f 2016 	2236 	2235
f 2016 	2015 	2236
f 2015 	2237 	2236
f 2015 	2104 	2237
f 2104 	2324 	2237
f 2104 	2096 	2324
f 2096 	2316 	2324
f 2096 	2088 	2316
f 2088 	2308 	2316
f 2088 	2080 	2308
f 2080 	2300 	2308
f 2080 	2072 	2300
f 2072 	2292 	2300
f 2072 	2064 	2292
f 2064 	2284 	2292
f 2064 	2056 	2284
f 2056 	2276 	2284
f 2056 	2048 	2276
f 2048 	2268 	2276
f 2048 	2040 	2268
f 2040 	2260 	2268
f 2040 	2032 	2260
f 2032 	2252 	2260
f 2032 	2020 	2252
f 2020 	2238 	2252
f 2020 	2019 	2238
f 2019 	2239 	2238
f 2019 	2018 	2239
f 2018 	2240 	2239
f 2018 	2022 	2240
f 2022 	2241 	2240
f 2022 	2021 	2241
f 2021 	2242 	2241
f 2021 	2033 	2242
f 2033 	2253 	2242
f 2033 	2041 	2253
f 2041 	2261 	2253
f 2041 	2049 	2261
f 2049 	2269 	2261
f 2049 	2057 	2269
f 2057 	2277 	2269
f 2057 	2065 	2277
f 2065 	2285 	2277
f 2065 	2073 	2285
f 2073 	2293 	2285
f 2073 	2081 	2293
f 2081 	2301 	2293
f 2081 	2089 	2301
f 2089 	2309 	2301
f 2089 	2097 	2309
f 2097 	2317 	2309
f 2097 	2105 	2317
f 2105 	2325 	2317
f 2105 	2165 	2325
f 2165 	2385 	2325
f 2165 	2168 	2385
f 2168 	2388 	2385
f 2168 	2172 	2388
f 2172 	2392 	2388
f 2172 	2176 	2392
f 2176 	2396 	2392
f 2176 	2180 	2396
f 2180 	2400 	2396
f 2180 	2188 	2400
f 2188 	2408 	2400
f 2188 	2192 	2408
f 2192 	2412 	2408
f 2192 	2196 	2412
f 2196 	2416 	2412
f 2196 	2200 	2416
f 2200 	2420 	2416
f 2200 	2204 	2420
f 2204 	2424 	2420
f 2204 	2208 	2424
f 2208 	2428 	2424
f 2208 	2211 	2428
f 2211 	2431 	2428
f 2211 	2209 	2431
f 2209 	2429 	2431
f 2209 	2205 	2429
f 2205 	2425 	2429
f 2205 	2201 	2425
f 2201 	2421 	2425
f 2201 	2166 	2421
f 2166 	2386 	2421
f 2166 	2162 	2386
f 2162 	2382 	2386
f 2162 	2158 	2382
f 2158 	2378 	2382
f 2158 	2154 	2378
f 2154 	2374 	2378
f 2154 	2150 	2374
f 2150 	2370 	2374
f 2150 	2146 	2370
f 2146 	2366 	2370
f 2146 	2142 	2366
f 2142 	2362 	2366
f 2142 	2138 	2362
f 2138 	2358 	2362
f 2138 	2134 	2358
f 2134 	2354 	2358
f 2134 	2130 	2354
f 2130 	2350 	2354
f 2130 	2126 	2350
f 2126 	2346 	2350
f 2126 	2122 	2346
f 2122 	2342 	2346
f 2122 	2118 	2342
f 2118 	2338 	2342
f 2118 	2112 	2338
f 2112 	2332 	2338
f 2112 	2106 	2332
f 2106 	2326 	2332
f 2106 	2098 	2326
f 2098 	2318 	2326
f 2098 	2090 	2318
f 2090 	2310 	2318
f 2090 	2082 	2310
f 2082 	2302 	2310
f 2082 	2074 	2302
f 2074 	2294 	2302
f 2074 	2066 	2294
f 2066 	2286 	2294
f 2066 	2058 	2286
f 2058 	2278 	2286
f 2058 	2050 	2278
f 2050 	2270 	2278
f 2050 	2042 	2270
f 2042 	2262 	2270
f 2042 	2034 	2262
f 2034 	2254 	2262
f 2034 	2025 	2254
f 2025 	2243 	2254
f 2025 	2024 	2243
f 2024 	2244 	2243
f 2024 	2023 	2244
f 2023 	2245 	2244
f 2023 	2027 	2245
f 2027 	2246 	2245
f 2027 	2026 	2246
f 2026 	2247 	2246
f 2026 	2035 	2247
f 2035 	2255 	2247
f 2035 	2043 	2255
f 2043 	2263 	2255
f 2043 	2051 	2263
f 2051 	2271 	2263
f 2051 	2059 	2271
f 2059 	2279 	2271
f 2059 	2067 	2279
f 2067 	2287 	2279
f 2067 	2075 	2287
f 2075 	2295 	2287
f 2075 	2083 	2295
f 2083 	2303 	2295
f 2083 	2091 	2303
f 2091 	2311 	2303
f 2091 	2099 	2311
f 2099 	2319 	2311
f 2099 	2107 	2319
f 2107 	2327 	2319
f 2107 	2113 	2327
f 2113 	2333 	2327
f 2113 	2169 	2333
f 2169 	2389 	2333
f 2169 	2173 	2389
f 2173 	2393 	2389
f 2173 	2177 	2393
f 2177 	2397 	2393
f 2177 	2181 	2397
f 2181 	2401 	2397
f 2181 	2185 	2401
f 2185 	2405 	2401
f 2185 	2189 	2405
f 2189 	2409 	2405
f 2189 	2193 	2409
f 2193 	2413 	2409
f 2193 	2197 	2413
f 2197 	2417 	2413
f 2197 	2213 	2417
f 2213 	2433 	2417
f 2213 	2215 	2433
f 2215 	2435 	2433
f 2215 	2217 	2435
f 2217 	2437 	2435
f 2217 	2219 	2437
f 2219 	2439 	2437
f 2219 	2221 	2439
f 2221 	2441 	2439
f 2221 	2223 	2441
f 2223 	2443 	2441
f 2223 	2224 	2443
f 2224 	2444 	2443
f 2224 	2182 	2444
f 2182 	2402 	2444
f 2182 	2163 	2402
f 2163 	2383 	2402
f 2163 	2159 	2383
f 2159 	2379 	2383
f 2159 	2155 	2379
f 2155 	2375 	2379
f 2155 	2151 	2375
f 2151 	2371 	2375
f 2151 	2147 	2371
f 2147 	2367 	2371
f 2147 	2143 	2367
f 2143 	2363 	2367
f 2143 	2139 	2363
f 2139 	2359 	2363
f 2139 	2135 	2359
f 2135 	2355 	2359
f 2135 	2131 	2355
f 2131 	2351 	2355
f 2131 	2127 	2351
f 2127 	2347 	2351
f 2127 	2123 	2347
f 2123 	2343 	2347
f 2123 	2119 	2343
f 2119 	2339 	2343
f 2119 	2116 	2339
f 2116 	2336 	2339
f 2116 	2114 	2336
f 2114 	2334 	2336
f 2114 	2108 	2334
f 2108 	2328 	2334
f 2108 	2100 	2328
f 2100 	2320 	2328
f 2100 	2092 	2320
f 2092 	2312 	2320
f 2092 	2084 	2312
f 2084 	2304 	2312
f 2084 	2076 	2304
f 2076 	2296 	2304
f 2076 	2068 	2296
f 2068 	2288 	2296
f 2068 	2060 	2288
f 2060 	2280 	2288
f 2060 	2052 	2280
f 2052 	2272 	2280
f 2052 	2044 	2272
f 2044 	2264 	2272
f 2044 	2036 	2264
f 2036 	2256 	2264
f 2036 	2028 	2256
f 2028 	2248 	2256
f 2028 	2007 	2248
f 2007 	2225 	2248
f 2007 	2006 	2225
f 2006 	2226 	2225
f 2006 	2005 	2226
f 2005 	2227 	2226
f 2445 	2446 	2447
f 2448 	2449 	2450
f 2451 	2452 	2453
f 2454 	2455 	2456
f 2457 	2458 	2459
f 2460 	2461 	2457
f 2462 	2463 	2464
f 2465 	2445 	2447
f 2448 	2450 	2466
f 2467 	2451 	2453
f 2454 	2456 	2468
f 2460 	2457 	2459
f 2448 	2466 	2469
f 2470 	2467 	2453
f 2454 	2468 	2471
f 2472 	2460 	2459
f 2448 	2469 	2473
f 2474 	2470 	2453
f 2454 	2471 	2475
f 2476 	2472 	2459
f 2448 	2473 	2477
f 2478 	2474 	2453
f 2454 	2475 	2479
f 2480 	2476 	2459
f 2448 	2477 	2481
f 2482 	2478 	2453
f 2454 	2479 	2483
f 2464 	2480 	2459
f 2448 	2481 	2484
f 2485 	2482 	2453
f 2454 	2483 	2486
f 2462 	2464 	2459
f 2448 	2484 	2487
f 2488 	2485 	2453
f 2454 	2486 	2489
f 2490 	2462 	2459
f 2453 	2448 	2487
f 2491 	2488 	2453
f 2454 	2489 	2492
f 2493 	2490 	2459
f 2453 	2487 	2494
f 2495 	2491 	2453
f 2454 	2492 	2496
f 2497 	2493 	2459
f 2453 	2494 	2498
f 2499 	2495 	2453
f 2454 	2496 	2500
f 2501 	2497 	2459
f 2453 	2498 	2502
f 2503 	2499 	2453
f 2454 	2500 	2504
f 2505 	2501 	2459
f 2453 	2502 	2506
f 2507 	2503 	2453
f 2459 	2454 	2504
f 2508 	2505 	2459
f 2453 	2506 	2509
f 2510 	2507 	2453
f 2459 	2504 	2511
f 2512 	2508 	2459
f 2453 	2509 	2513
f 2514 	2510 	2453
f 2459 	2511 	2515
f 2516 	2512 	2459
f 2514 	2453 	2513
f 2459 	2515 	2517
f 2518 	2516 	2459
f 2519 	2514 	2513
f 2459 	2517 	2520
f 2521 	2518 	2459
f 2519 	2513 	2465
f 2459 	2520 	2522
f 2523 	2521 	2459
f 2524 	2519 	2465
f 2459 	2522 	2525
f 2526 	2523 	2459
f 2524 	2465 	2447
f 2459 	2525 	2527
f 2528 	2526 	2459
f 2529 	2524 	2447
f 2459 	2527 	2530
f 2531 	2528 	2459
f 2532 	2529 	2447
f 2459 	2530 	2533
f 2534 	2531 	2459
f 2535 	2532 	2447
f 2536 	2534 	2459
f 2537 	2535 	2447
f 2538 	2536 	2459
f 2537 	2447 	2539
f 2539 	2538 	2459
f 2540 	2537 	2539
f 2539 	2459 	2533
f 2541 	2540 	2539
f 2539 	2533 	2542
f 2543 	2541 	2539
f 2539 	2542 	2544
f 2545 	2543 	2539
f 2539 	2544 	2546
f 2547 	2545 	2539
f 2539 	2546 	2548
f 2548 	2547 	2539
f 2549 	2550 	2551
f 2552 	2553 	2554
f 2555 	2556 	2557
f 2558 	2559 	2560
f 2561 	2562 	2563
f 2563 	2564 	2565
f 2566 	2567 	2568
f 2549 	2551 	2569
f 2570 	2552 	2554
f 2555 	2557 	2571
f 2572 	2558 	2560
f 2561 	2563 	2565
f 2573 	2570 	2554
f 2555 	2571 	2574
f 2575 	2572 	2560
f 2561 	2565 	2576
f 2577 	2573 	2554
f 2555 	2574 	2578
f 2579 	2575 	2560
f 2561 	2576 	2580
f 2581 	2577 	2554
f 2555 	2578 	2582
f 2583 	2579 	2560
f 2561 	2580 	2584
f 2585 	2581 	2554
f 2555 	2582 	2586
f 2587 	2583 	2560
f 2561 	2584 	2566
f 2588 	2585 	2554
f 2555 	2586 	2589
f 2590 	2587 	2560
f 2561 	2566 	2568
f 2591 	2588 	2554
f 2555 	2589 	2592
f 2593 	2590 	2560
f 2561 	2568 	2594
f 2591 	2554 	2555
f 2555 	2592 	2595
f 2596 	2593 	2560
f 2561 	2594 	2597
f 2598 	2591 	2555
f 2555 	2595 	2599
f 2600 	2596 	2560
f 2561 	2597 	2601
f 2602 	2598 	2555
f 2555 	2599 	2603
f 2604 	2600 	2560
f 2561 	2601 	2605
f 2606 	2602 	2555
f 2555 	2603 	2607
f 2608 	2604 	2560
f 2561 	2605 	2609
f 2610 	2606 	2555
f 2555 	2607 	2611
f 2608 	2560 	2561
f 2561 	2609 	2612
f 2613 	2610 	2555
f 2555 	2611 	2614
f 2615 	2608 	2561
f 2561 	2612 	2616
f 2617 	2613 	2555
f 2555 	2614 	2618
f 2619 	2615 	2561
f 2561 	2616 	2620
f 2617 	2555 	2618
f 2621 	2619 	2561
f 2561 	2620 	2622
f 2617 	2618 	2623
f 2624 	2621 	2561
f 2561 	2622 	2625
f 2569 	2617 	2623
f 2626 	2624 	2561
f 2561 	2625 	2627
f 2569 	2623 	2628
f 2629 	2626 	2561
f 2561 	2627 	2630
f 2549 	2569 	2628
f 2631 	2629 	2561
f 2561 	2630 	2632
f 2549 	2628 	2633
f 2634 	2631 	2561
f 2561 	2632 	2635
f 2549 	2633 	2636
f 2637 	2634 	2561
f 2561 	2635 	2638
f 2549 	2636 	2639
f 2561 	2638 	2640
f 2549 	2639 	2641
f 2561 	2640 	2642
f 2643 	2549 	2641
f 2561 	2642 	2643
f 2643 	2641 	2644
f 2637 	2561 	2643
f 2643 	2644 	2645
f 2646 	2637 	2643
f 2643 	2645 	2647
f 2648 	2646 	2643
f 2643 	2647 	2649
f 2650 	2648 	2643
f 2643 	2649 	2651
f 2652 	2650 	2643
f 2643 	2651 	2652
f 2447 	2446 	2549
f 2446 	2550 	2549
f 2446 	2445 	2550
f 2445 	2551 	2550
f 2445 	2465 	2551
f 2465 	2569 	2551
f 2465 	2513 	2569
f 2513 	2617 	2569
f 2513 	2509 	2617
f 2509 	2613 	2617
f 2509 	2506 	2613
f 2506 	2610 	2613
f 2506 	2502 	2610
f 2502 	2606 	2610
f 2502 	2498 	2606
f 2498 	2602 	2606
f 2498 	2494 	2602
f 2494 	2598 	2602
f 2494 	2487 	2598
f 2487 	2591 	2598
f 2487 	2484 	2591
f 2484 	2588 	2591
f 2484 	2481 	2588
f 2481 	2585 	2588
f 2481 	2477 	2585
f 2477 	2581 	2585
f 2477 	2473 	2581
f 2473 	2577 	2581
f 2473 	2469 	2577
f 2469 	2573 	2577
f 2469 	2466 	2573
f 2466 	2570 	2573
f 2466 	2450 	2570
f 2450 	2552 	2570
f 2450 	2449 	2552
f 2449 	2553 	2552
f 2449 	2448 	2553
f 2448 	2554 	2553
f 2448 	2453 	2554
f 2453 	2555 	2554
f 2453 	2452 	2555
f 2452 	2556 	2555
f 2452 	2451 	2556
f 2451 	2557 	2556
f 2451 	2467 	2557
f 2467 	2571 	2557
f 2467 	2470 	2571
f 2470 	2574 	2571
f 2470 	2474 	2574
f 2474 	2578 	2574
f 2474 	2478 	2578
f 2478 	2582 	2578
f 2478 	2482 	2582
f 2482 	2586 	2582
f 2482 	2485 	2586
f 2485 	2589 	2586
f 2485 	2488 	2589
f 2488 	2592 	2589
f 2488 	2491 	2592
f 2491 	2595 	2592
f 2491 	2495 	2595
f 2495 	2599 	2595
f 2495 	2499 	2599
f 2499 	2603 	2599
f 2499 	2503 	2603
f 2503 	2607 	2603
f 2503 	2507 	2607
f 2507 	2611 	2607
f 2507 	2510 	2611
f 2510 	2614 	2611
f 2510 	2514 	2614
f 2514 	2618 	2614
f 2514 	2519 	2618
f 2519 	2623 	2618
f 2519 	2524 	2623
f 2524 	2628 	2623
f 2524 	2529 	2628
f 2529 	2633 	2628
f 2529 	2532 	2633
f 2532 	2636 	2633
f 2532 	2535 	2636
f 2535 	2639 	2636
f 2535 	2537 	2639
f 2537 	2641 	2639
f 2537 	2540 	2641
f 2540 	2644 	2641
f 2540 	2541 	2644
f 2541 	2645 	2644
f 2541 	2543 	2645
f 2543 	2647 	2645
f 2543 	2545 	2647
f 2545 	2649 	2647
f 2545 	2547 	2649
f 2547 	2651 	2649
f 2547 	2548 	2651
f 2548 	2652 	2651
f 2548 	2546 	2652
f 2546 	2650 	2652
f 2546 	2544 	2650
f 2544 	2648 	2650
f 2544 	2542 	2648
f 2542 	2646 	2648
f 2542 	2533 	2646
f 2533 	2637 	2646
f 2533 	2530 	2637
f 2530 	2634 	2637
f 2530 	2527 	2634
f 2527 	2631 	2634
f 2527 	2525 	2631
f 2525 	2629 	2631
f 2525 	2522 	2629
f 2522 	2626 	2629
f 2522 	2520 	2626
f 2520 	2624 	2626
f 2520 	2517 	2624
f 2517 	2621 	2624
f 2517 	2515 	2621
f 2515 	2619 	2621
f 2515 	2511 	2619
f 2511 	2615 	2619
f 2511 	2504 	2615
f 2504 	2608 	2615
f 2504 	2500 	2608
f 2500 	2604 	2608
f 2500 	2496 	2604
f 2496 	2600 	2604
f 2496 	2492 	2600
f 2492 	2596 	2600
f 2492 	2489 	2596
f 2489 	2593 	2596
f 2489 	2486 	2593
f 2486 	2590 	2593
f 2486 	2483 	2590
f 2483 	2587 	2590
f 2483 	2479 	2587
f 2479 	2583 	2587
f 2479 	2475 	2583
f 2475 	2579 	2583
f 2475 	2471 	2579
f 2471 	2575 	2579
f 2471 	2468 	2575
f 2468 	2572 	2575
f 2468 	2456 	2572
f 2456 	2558 	2572
f 2456 	2455 	2558
f 2455 	2559 	2558
f 2455 	2454 	2559
f 2454 	2560 	2559
f 2454 	2459 	2560
f 2459 	2561 	2560
f 2459 	2458 	2561
f 2458 	2562 	2561
f 2458 	2457 	2562
f 2457 	2563 	2562
f 2457 	2461 	2563
f 2461 	2564 	2563
f 2461 	2460 	2564
f 2460 	2565 	2564
f 2460 	2472 	2565
f 2472 	2576 	2565
f 2472 	2476 	2576
f 2476 	2580 	2576
f 2476 	2480 	2580
f 2480 	2584 	2580
f 2480 	2464 	2584
f 2464 	2566 	2584
f 2464 	2463 	2566
f 2463 	2567 	2566
f 2463 	2462 	2567
f 2462 	2568 	2567
f 2462 	2490 	2568
f 2490 	2594 	2568
f 2490 	2493 	2594
f 2493 	2597 	2594
f 2493 	2497 	2597
f 2497 	2601 	2597
f 2497 	2501 	2601
f 2501 	2605 	2601
f 2501 	2505 	2605
f 2505 	2609 	2605
f 2505 	2508 	2609
f 2508 	2612 	2609
f 2508 	2512 	2612
f 2512 	2616 	2612
f 2512 	2516 	2616
f 2516 	2620 	2616
f 2516 	2518 	2620
f 2518 	2622 	2620
f 2518 	2521 	2622
f 2521 	2625 	2622
f 2521 	2523 	2625
f 2523 	2627 	2625
f 2523 	2526 	2627
f 2526 	2630 	2627
f 2526 	2528 	2630
f 2528 	2632 	2630
f 2528 	2531 	2632
f 2531 	2635 	2632
f 2531 	2534 	2635
f 2534 	2638 	2635
f 2534 	2536 	2638
f 2536 	2640 	2638
f 2536 	2538 	2640
f 2538 	2642 	2640
f 2538 	2539 	2642
f 2539 	2643 	2642
f 2539 	2447 	2643
f 2447 	2549 	2643
f 2653 	2654 	2655
f 2656 	2657 	2653
f 2658 	2659 	2660
f 2661 	2662 	2658
f 2663 	2664 	2661
f 2665 	2666 	2667
f 2668 	2669 	2665
f 2670 	2671 	2668
f 2672 	2673 	2670
f 2674 	2675 	2672
f 2676 	2677 	2678
f 2679 	2680 	2676
f 2681 	2682 	2683
f 2684 	2685 	2681
f 2686 	2687 	2684
f 2688 	2689 	2690
f 2691 	2692 	2688
f 2693 	2694 	2691
f 2695 	2696 	2693
f 2697 	2698 	2699
f 2700 	2701 	2697
f 2702 	2703 	2700
f 2704 	2705 	2702
f 2706 	2707 	2704
f 2708 	2709 	2706
f 2710 	2711 	2708
f 2712 	2713 	2710
f 2714 	2715 	2716
f 2717 	2718 	2719
f 2720 	2721 	2722
f 2723 	2724 	2720
f 2725 	2726 	2727
f 2728 	2729 	2730
f 2731 	2732 	2733
f 2653 	2655 	2734
f 2735 	2656 	2653
f 2661 	2658 	2660
f 2665 	2667 	2736
f 2670 	2668 	2665
f 2678 	2674 	2672
f 2679 	2676 	2678
f 2681 	2683 	2737
f 2686 	2684 	2681
f 2691 	2688 	2690
f 2695 	2693 	2691
f 2700 	2697 	2699
f 2704 	2702 	2700
f 2708 	2706 	2704
f 2712 	2710 	2708
f 2720 	2722 	2738
f 2739 	2723 	2720
f 2733 	2728 	2730
f 2653 	2734 	2740
f 2741 	2735 	2653
f 2663 	2661 	2660
f 2665 	2736 	2742
f 2672 	2670 	2665
f 2679 	2678 	2672
f 2681 	2737 	2743
f 2690 	2686 	2681
f 2695 	2691 	2690
f 2700 	2699 	2695
f 2708 	2704 	2700
f 2744 	2712 	2708
f 2720 	2738 	2745
f 2746 	2739 	2720
f 2733 	2730 	2747
f 2653 	2740 	2748
f 2749 	2741 	2653
f 2663 	2660 	2750
f 2665 	2742 	2751
f 2679 	2672 	2665
f 2690 	2681 	2743
f 2700 	2695 	2690
f 2744 	2708 	2700
f 2720 	2745 	2752
f 2753 	2746 	2720
f 2733 	2747 	2754
f 2653 	2748 	2755
f 2756 	2749 	2653
f 2665 	2751 	2757
f 2758 	2679 	2665
f 2690 	2743 	2758
f 2744 	2700 	2690
f 2720 	2752 	2759
f 2760 	2753 	2720
f 2653 	2755 	2761
f 2762 	2756 	2653
f 2758 	2665 	2757
f 2763 	2744 	2690
f 2720 	2759 	2717
f 2764 	2760 	2720
f 2653 	2761 	2765
f 2766 	2762 	2653
f 2758 	2757 	2767
f 2720 	2717 	2719
f 2727 	2764 	2720
f 2653 	2765 	2768
f 2769 	2766 	2653
f 2690 	2758 	2767
f 2720 	2719 	2770
f 2725 	2727 	2720
f 2653 	2768 	2771
f 2772 	2769 	2653
f 2720 	2770 	2773
f 2774 	2725 	2720
f 2772 	2653 	2771
f 2720 	2773 	2775
f 2776 	2774 	2720
f 2772 	2771 	2777
f 2720 	2775 	2714
f 2778 	2776 	2720
f 2772 	2777 	2779
f 2720 	2714 	2716
f 2780 	2778 	2720
f 2772 	2779 	2781
f 2720 	2716 	2782
f 2783 	2780 	2720
f 2772 	2781 	2784
f 2783 	2720 	2782
f 2772 	2784 	2785
f 2783 	2782 	2786
f 2772 	2785 	2787
f 2783 	2786 	2788
f 2772 	2787 	2789
f 2783 	2788 	2790
f 2772 	2789 	2791
f 2783 	2790 	2792
f 2772 	2791 	2793
f 2783 	2792 	2794
f 2772 	2793 	2795
f 2783 	2794 	2796
f 2772 	2795 	2797
f 2783 	2796 	2798
f 2772 	2797 	2799
f 2783 	2798 	2800
f 2772 	2799 	2801
f 2783 	2800 	2802
f 2772 	2801 	2803
f 2783 	2802 	2804
f 2772 	2803 	2731
f 2783 	2804 	2805
f 2806 	2772 	2731
f 2783 	2805 	2807
f 2808 	2806 	2731
f 2783 	2807 	2809
f 2810 	2808 	2731
f 2783 	2809 	2811
f 2812 	2810 	2731
f 2783 	2811 	2813
f 2814 	2812 	2731
f 2783 	2813 	2815
f 2816 	2814 	2731
f 2783 	2815 	2817
f 2818 	2816 	2731
f 2783 	2817 	2819
f 2820 	2818 	2731
f 2783 	2819 	2821
f 2822 	2820 	2731
f 2783 	2821 	2763
f 2750 	2822 	2731
f 2823 	2783 	2763
f 2663 	2750 	2731
f 2824 	2823 	2763
f 2663 	2731 	2733
f 2825 	2824 	2763
f 2826 	2663 	2733
f 2827 	2825 	2763
f 2828 	2826 	2733
f 2829 	2827 	2763
f 2830 	2828 	2733
f 2831 	2829 	2763
f 2832 	2830 	2733
f 2833 	2831 	2763
f 2834 	2832 	2733
f 2835 	2833 	2763
f 2767 	2834 	2733
f 2835 	2763 	2690
f 2690 	2767 	2733
f 2754 	2835 	2690
f 2690 	2733 	2754
f 2836 	2837 	2838
f 2838 	2839 	2840
f 2841 	2842 	2843
f 2843 	2844 	2845
f 2845 	2846 	2847
f 2848 	2849 	2850
f 2850 	2851 	2852
f 2852 	2853 	2854
f 2854 	2855 	2856
f 2856 	2857 	2858
f 2859 	2860 	2861
f 2861 	2862 	2863
f 2864 	2865 	2866
f 2866 	2867 	2868
f 2868 	2869 	2870
f 2871 	2872 	2873
f 2873 	2874 	2875
f 2875 	2876 	2877
f 2877 	2878 	2879
f 2880 	2881 	2882
f 2882 	2883 	2884
f 2884 	2885 	2886
f 2886 	2887 	2888
f 2888 	2889 	2890
f 2890 	2891 	2892
f 2892 	2893 	2894
f 2894 	2895 	2896
f 2897 	2898 	2899
f 2900 	2901 	2902
f 2903 	2904 	2905
f 2905 	2906 	2907
f 2908 	2909 	2910
f 2911 	2912 	2913
f 2914 	2915 	2916
f 2917 	2836 	2838
f 2838 	2840 	2918
f 2841 	2843 	2845
f 2919 	2848 	2850
f 2850 	2852 	2854
f 2856 	2858 	2859
f 2859 	2861 	2863
f 2920 	2864 	2866
f 2866 	2868 	2870
f 2871 	2873 	2875
f 2875 	2877 	2879
f 2880 	2882 	2884
f 2884 	2886 	2888
f 2888 	2890 	2892
f 2892 	2894 	2896
f 2921 	2903 	2905
f 2905 	2907 	2922
f 2911 	2913 	2914
f 2923 	2917 	2838
f 2838 	2918 	2924
f 2841 	2845 	2847
f 2925 	2919 	2850
f 2850 	2854 	2856
f 2856 	2859 	2863
f 2926 	2920 	2866
f 2866 	2870 	2871
f 2871 	2875 	2879
f 2879 	2880 	2884
f 2884 	2888 	2892
f 2892 	2896 	2927
f 2928 	2921 	2905
f 2905 	2922 	2929
f 2930 	2911 	2914
f 2931 	2923 	2838
f 2838 	2924 	2932
f 2933 	2841 	2847
f 2934 	2925 	2850
f 2850 	2856 	2863
f 2926 	2866 	2871
f 2871 	2879 	2884
f 2884 	2892 	2927
f 2935 	2928 	2905
f 2905 	2929 	2936
f 2937 	2930 	2914
f 2938 	2931 	2838
f 2838 	2932 	2939
f 2940 	2934 	2850
f 2850 	2863 	2941
f 2941 	2926 	2871
f 2871 	2884 	2927
f 2942 	2935 	2905
f 2905 	2936 	2943
f 2944 	2938 	2838
f 2838 	2939 	2945
f 2940 	2850 	2941
f 2871 	2927 	2946
f 2902 	2942 	2905
f 2905 	2943 	2947
f 2948 	2944 	2838
f 2838 	2945 	2949
f 2950 	2940 	2941
f 2900 	2902 	2905
f 2905 	2947 	2908
f 2951 	2948 	2838
f 2838 	2949 	2952
f 2950 	2941 	2871
f 2953 	2900 	2905
f 2905 	2908 	2910
f 2954 	2951 	2838
f 2838 	2952 	2955
f 2956 	2953 	2905
f 2905 	2910 	2957
f 2954 	2838 	2955
f 2958 	2956 	2905
f 2905 	2957 	2959
f 2960 	2954 	2955
f 2899 	2958 	2905
f 2905 	2959 	2961
f 2962 	2960 	2955
f 2897 	2899 	2905
f 2905 	2961 	2963
f 2964 	2962 	2955
f 2965 	2897 	2905
f 2905 	2963 	2966
f 2967 	2964 	2955
f 2965 	2905 	2966
f 2968 	2967 	2955
f 2969 	2965 	2966
f 2970 	2968 	2955
f 2971 	2969 	2966
f 2972 	2970 	2955
f 2973 	2971 	2966
f 2974 	2972 	2955
f 2975 	2973 	2966
f 2976 	2974 	2955
f 2977 	2975 	2966
f 2978 	2976 	2955
f 2979 	2977 	2966
f 2980 	2978 	2955
f 2981 	2979 	2966
f 2982 	2980 	2955
f 2983 	2981 	2966
f 2984 	2982 	2955
f 2985 	2983 	2966
f 2986 	2984 	2955
f 2987 	2985 	2966
f 2916 	2986 	2955
f 2988 	2987 	2966
f 2916 	2955 	2989
f 2990 	2988 	2966
f 2916 	2989 	2991
f 2992 	2990 	2966
f 2916 	2991 	2993
f 2994 	2992 	2966
f 2916 	2993 	2995
f 2996 	2994 	2966
f 2916 	2995 	2997
f 2998 	2996 	2966
f 2916 	2997 	2999
f 3000 	2998 	2966
f 2916 	2999 	3001
f 3002 	3000 	2966
f 2916 	3001 	3003
f 3004 	3002 	2966
f 2916 	3003 	3005
f 2946 	3004 	2966
f 2916 	3005 	2933
f 2946 	2966 	3006
f 2916 	2933 	2847
f 2946 	3006 	3007
f 2914 	2916 	2847
f 2946 	3007 	3008
f 2914 	2847 	3009
f 2946 	3008 	3010
f 2914 	3009 	3011
f 2946 	3010 	3012
f 2914 	3011 	3013
f 2946 	3012 	3014
f 2914 	3013 	3015
f 2946 	3014 	3016
f 2914 	3015 	3017
f 2946 	3016 	3018
f 2914 	3017 	2950
f 2871 	2946 	3018
f 2914 	2950 	2871
f 2871 	3018 	2937
f 2937 	2914 	2871
f 2653 	2657 	2838
f 2657 	2839 	2838
f 2657 	2656 	2839
f 2656 	2840 	2839
f 2656 	2735 	2840
f 2735 	2918 	2840
f 2735 	2741 	2918
f 2741 	2924 	2918
f 2741 	2749 	2924
f 2749 	2932 	2924
f 2749 	2756 	2932
f 2756 	2939 	2932
f 2756 	2762 	2939
f 2762 	2945 	2939
f 2762 	2766 	2945
f 2766 	2949 	2945
f 2766 	2769 	2949
f 2769 	2952 	2949
f 2769 	2772 	2952
f 2772 	2955 	2952
f 2772 	2806 	2955
f 2806 	2989 	2955
f 2806 	2808 	2989
f 2808 	2991 	2989
f 2808 	2810 	2991
f 2810 	2993 	2991
f 2810 	2812 	2993
f 2812 	2995 	2993
f 2812 	2814 	2995
f 2814 	2997 	2995
f 2814 	2816 	2997
f 2816 	2999 	2997
f 2816 	2818 	2999
f 2818 	3001 	2999
f 2818 	2820 	3001
f 2820 	3003 	3001
f 2820 	2822 	3003
f 2822 	3005 	3003
f 2822 	2750 	3005
f 2750 	2933 	3005
f 2750 	2660 	2933
f 2660 	2841 	2933
f 2660 	2659 	2841
f 2659 	2842 	2841
f 2659 	2658 	2842
f 2658 	2843 	2842
f 2658 	2662 	2843
f 2662 	2844 	2843
f 2662 	2661 	2844
f 2661 	2845 	2844
f 2661 	2664 	2845
f 2664 	2846 	2845
f 2664 	2663 	2846
f 2663 	2847 	2846
f 2663 	2826 	2847
f 2826 	3009 	2847
f 2826 	2828 	3009
f 2828 	3011 	3009
f 2828 	2830 	3011
f 2830 	3013 	3011
f 2830 	2832 	3013
f 2832 	3015 	3013
f 2832 	2834 	3015
f 2834 	3017 	3015
f 2834 	2767 	3017
f 2767 	2950 	3017
f 2767 	2757 	2950
f 2757 	2940 	2950
f 2757 	2751 	2940
f 2751 	2934 	2940
f 2751 	2742 	2934
f 2742 	2925 	2934
f 2742 	2736 	2925
f 2736 	2919 	2925
f 2736 	2667 	2919
f 2667 	2848 	2919
f 2667 	2666 	2848
f 2666 	2849 	2848
f 2666 	2665 	2849
f 2665 	2850 	2849
f 2665 	2669 	2850
f 2669 	2851 	2850
f 2669 	2668 	2851
f 2668 	2852 	2851
f 2668 	2671 	2852
f 2671 	2853 	2852
f 2671 	2670 	2853
f 2670 	2854 	2853
f 2670 	2673 	2854
f 2673 	2855 	2854
f 2673 	2672 	2855
f 2672 	2856 	2855
f 2672 	2675 	2856
f 2675 	2857 	2856
f 2675 	2674 	2857
f 2674 	2858 	2857
f 2674 	2678 	2858
f 2678 	2859 	2858
f 2678 	2677 	2859
f 2677 	2860 	2859
f 2677 	2676 	2860
f 2676 	2861 	2860
f 2676 	2680 	2861
f 2680 	2862 	2861
f 2680 	2679 	2862
f 2679 	2863 	2862
f 2679 	2758 	2863
f 2758 	2941 	2863
f 2758 	2743 	2941
f 2743 	2926 	2941
f 2743 	2737 	2926
f 2737 	2920 	2926
f 2737 	2683 	2920
f 2683 	2864 	2920
f 2683 	2682 	2864
f 2682 	2865 	2864
f 2682 	2681 	2865
f 2681 	2866 	2865
f 2681 	2685 	2866
f 2685 	2867 	2866
f 2685 	2684 	2867
f 2684 	2868 	2867
f 2684 	2687 	2868
f 2687 	2869 	2868
f 2687 	2686 	2869
f 2686 	2870 	2869
f 2686 	2690 	2870
f 2690 	2871 	2870
f 2690 	2689 	2871
f 2689 	2872 	2871
f 2689 	2688 	2872
f 2688 	2873 	2872
f 2688 	2692 	2873
f 2692 	2874 	2873
f 2692 	2691 	2874
f 2691 	2875 	2874
f 2691 	2694 	2875
f 2694 	2876 	2875
f 2694 	2693 	2876
f 2693 	2877 	2876
f 2693 	2696 	2877
f 2696 	2878 	2877
f 2696 	2695 	2878
f 2695 	2879 	2878
f 2695 	2699 	2879
f 2699 	2880 	2879
f 2699 	2698 	2880
f 2698 	2881 	2880
f 2698 	2697 	2881
f 2697 	2882 	2881
f 2697 	2701 	2882
f 2701 	2883 	2882
f 2701 	2700 	2883
f 2700 	2884 	2883
f 2700 	2703 	2884
f 2703 	2885 	2884
f 2703 	2702 	2885
f 2702 	2886 	2885
f 2702 	2705 	2886
f 2705 	2887 	2886
f 2705 	2704 	2887
f 2704 	2888 	2887
f 2704 	2707 	2888
f 2707 	2889 	2888
f 2707 	2706 	2889
f 2706 	2890 	2889
f 2706 	2709 	2890
f 2709 	2891 	2890
f 2709 	2708 	2891
f 2708 	2892 	2891
f 2708 	2711 	2892
f 2711 	2893 	2892
f 2711 	2710 	2893
f 2710 	2894 	2893
f 2710 	2713 	2894
f 2713 	2895 	2894
f 2713 	2712 	2895
f 2712 	2896 	2895
f 2712 	2744 	2896
f 2744 	2927 	2896
f 2744 	2763 	2927
f 2763 	2946 	2927
f 2763 	2821 	2946
f 2821 	3004 	2946
f 2821 	2819 	3004
f 2819 	3002 	3004
f 2819 	2817 	3002
f 2817 	3000 	3002
f 2817 	2815 	3000
f 2815 	2998 	3000
f 2815 	2813 	2998
f 2813 	2996 	2998
f 2813 	2811 	2996
f 2811 	2994 	2996
f 2811 	2809 	2994
f 2809 	2992 	2994
f 2809 	2807 	2992
f 2807 	2990 	2992
f 2807 	2805 	2990
f 2805 	2988 	2990
f 2805 	2804 	2988
f 2804 	2987 	2988
f 2804 	2802 	2987
f 2802 	2985 	2987
f 2802 	2800 	2985
f 2800 	2983 	2985
f 2800 	2798 	2983
f 2798 	2981 	2983
f 2798 	2796 	2981
f 2796 	2979 	2981
f 2796 	2794 	2979
f 2794 	2977 	2979
f 2794 	2792 	2977
f 2792 	2975 	2977
f 2792 	2790 	2975
f 2790 	2973 	2975
f 2790 	2788 	2973
f 2788 	2971 	2973
f 2788 	2786 	2971
f 2786 	2969 	2971
f 2786 	2782 	2969
f 2782 	2965 	2969
f 2782 	2716 	2965
f 2716 	2897 	2965
f 2716 	2715 	2897
f 2715 	2898 	2897
f 2715 	2714 	2898
f 2714 	2899 	2898
f 2714 	2775 	2899
f 2775 	2958 	2899
f 2775 	2773 	2958
f 2773 	2956 	2958
f 2773 	2770 	2956
f 2770 	2953 	2956
f 2770 	2719 	2953
f 2719 	2900 	2953
f 2719 	2718 	2900
f 2718 	2901 	2900
f 2718 	2717 	2901
f 2717 	2902 	2901
f 2717 	2759 	2902
f 2759 	2942 	2902
f 2759 	2752 	2942
f 2752 	2935 	2942
f 2752 	2745 	2935
f 2745 	2928 	2935
f 2745 	2738 	2928
f 2738 	2921 	2928
f 2738 	2722 	2921
f 2722 	2903 	2921
f 2722 	2721 	2903
f 2721 	2904 	2903
f 2721 	2720 	2904
f 2720 	2905 	2904
f 2720 	2724 	2905
f 2724 	2906 	2905
f 2724 	2723 	2906
f 2723 	2907 	2906
f 2723 	2739 	2907
f 2739 	2922 	2907
f 2739 	2746 	2922
f 2746 	2929 	2922
f 2746 	2753 	2929
f 2753 	2936 	2929
f 2753 	2760 	2936
f 2760 	2943 	2936
f 2760 	2764 	2943
f 2764 	2947 	2943
f 2764 	2727 	2947
f 2727 	2908 	2947
f 2727 	2726 	2908
f 2726 	2909 	2908
f 2726 	2725 	2909
f 2725 	2910 	2909
f 2725 	2774 	2910
f 2774 	2957 	2910
f 2774 	2776 	2957
f 2776 	2959 	2957
f 2776 	2778 	2959
f 2778 	2961 	2959
f 2778 	2780 	2961
f 2780 	2963 	2961
f 2780 	2783 	2963
f 2783 	2966 	2963
f 2783 	2823 	2966
f 2823 	3006 	2966
f 2823 	2824 	3006
f 2824 	3007 	3006
f 2824 	2825 	3007
f 2825 	3008 	3007
f 2825 	2827 	3008
f 2827 	3010 	3008
f 2827 	2829 	3010
f 2829 	3012 	3010
f 2829 	2831 	3012
f 2831 	3014 	3012
f 2831 	2833 	3014
f 2833 	3016 	3014
f 2833 	2835 	3016
f 2835 	3018 	3016
f 2835 	2754 	3018
f 2754 	2937 	3018
f 2754 	2747 	2937
f 2747 	2930 	2937
f 2747 	2730 	2930
f 2730 	2911 	2930
f 2730 	2729 	2911
f 2729 	2912 	2911
f 2729 	2728 	2912
f 2728 	2913 	2912
f 2728 	2733 	2913
f 2733 	2914 	2913
f 2733 	2732 	2914
f 2732 	2915 	2914
f 2732 	2731 	2915
f 2731 	2916 	2915
f 2731 	2803 	2916
f 2803 	2986 	2916
f 2803 	2801 	2986
f 2801 	2984 	2986
f 2801 	2799 	2984
f 2799 	2982 	2984
f 2799 	2797 	2982
f 2797 	2980 	2982
f 2797 	2795 	2980
f 2795 	2978 	2980
f 2795 	2793 	2978
f 2793 	2976 	2978
f 2793 	2791 	2976
f 2791 	2974 	2976
f 2791 	2789 	2974
f 2789 	2972 	2974
f 2789 	2787 	2972
f 2787 	2970 	2972
f 2787 	2785 	2970
f 2785 	2968 	2970
f 2785 	2784 	2968
f 2784 	2967 	2968
f 2784 	2781 	2967
f 2781 	2964 	2967
f 2781 	2779 	2964
f 2779 	2962 	2964
f 2779 	2777 	2962
f 2777 	2960 	2962
f 2777 	2771 	2960
f 2771 	2954 	2960
f 2771 	2768 	2954
f 2768 	2951 	2954
f 2768 	2765 	2951
f 2765 	2948 	2951
f 2765 	2761 	2948
f 2761 	2944 	2948
f 2761 	2755 	2944
f 2755 	2938 	2944
f 2755 	2748 	2938
f 2748 	2931 	2938
f 2748 	2740 	2931
f 2740 	2923 	2931
f 2740 	2734 	2923
f 2734 	2917 	2923
f 2734 	2655 	2917
f 2655 	2836 	2917
f 2655 	2654 	2836
f 2654 	2837 	2836
f 2654 	2653 	2837
f 2653 	2838 	2837
f 3019 	3020 	3021
f 3022 	3023 	3019
f 3024 	3025 	3026
f 3027 	3028 	3024
f 3029 	3030 	3027
f 3031 	3032 	3029
f 3033 	3034 	3031
f 3035 	3036 	3033
f 3037 	3038 	3035
f 3039 	3040 	3037
f 3041 	3042 	3039
f 3043 	3044 	3041
f 3045 	3046 	3043
f 3047 	3048 	3045
f 3049 	3050 	3047
f 3051 	3052 	3049
f 3053 	3054 	3055
f 3056 	3057 	3053
f 3058 	3059 	3056
f 3060 	3061 	3058
f 3062 	3063 	3060
f 3064 	3065 	3062
f 3066 	3067 	3064
f 3068 	3069 	3066
f 3070 	3071 	3068
f 3072 	3073 	3070
f 3074 	3075 	3072
f 3076 	3077 	3074
f 3078 	3079 	3076
f 3080 	3081 	3078
f 3082 	3083 	3080
f 3084 	3085 	3082
f 3086 	3087 	3084
f 3088 	3089 	3086
f 3090 	3091 	3088
f 3092 	3093 	3094
f 3095 	3093 	3092
f 3019 	3021 	3096
f 3097 	3022 	3019
f 3027 	3024 	3026
f 3031 	3029 	3027
f 3035 	3033 	3031
f 3039 	3037 	3035
f 3043 	3041 	3039
f 3047 	3045 	3043
f 3051 	3049 	3047
f 3056 	3053 	3055
f 3060 	3058 	3056
f 3064 	3062 	3060
f 3068 	3066 	3064
f 3072 	3070 	3068
f 3076 	3074 	3072
f 3080 	3078 	3076
f 3084 	3082 	3080
f 3088 	3086 	3084
f 3098 	3090 	3088
f 3092 	3094 	3099
f 3100 	3095 	3092
f 3019 	3096 	3101
f 3102 	3097 	3019
f 3031 	3027 	3026
f 3039 	3035 	3031
f 3047 	3043 	3039
f 3103 	3051 	3047
f 3060 	3056 	3055
f 3068 	3064 	3060
f 3076 	3072 	3068
f 3084 	3080 	3076
f 3098 	3088 	3084
f 3092 	3099 	3104
f 3105 	3100 	3092
f 3019 	3101 	3106
f 3107 	3102 	3019
f 3039 	3031 	3026
f 3103 	3047 	3039
f 3068 	3060 	3055
f 3084 	3076 	3068
f 3108 	3098 	3084
f 3092 	3104 	3109
f 3110 	3105 	3092
f 3019 	3106 	3111
f 3112 	3107 	3019
f 3113 	3103 	3039
f 3084 	3068 	3055
f 3114 	3108 	3084
f 3092 	3109 	3115
f 3116 	3110 	3092
f 3019 	3111 	3117
f 3118 	3112 	3019
f 3119 	3113 	3039
f 3120 	3114 	3084
f 3092 	3115 	3121
f 3122 	3116 	3092
f 3019 	3117 	3123
f 3124 	3118 	3019
f 3125 	3119 	3039
f 3126 	3120 	3084
f 3092 	3121 	3127
f 3128 	3122 	3092
f 3019 	3123 	3129
f 3130 	3124 	3019
f 3131 	3125 	3039
f 3132 	3126 	3084
f 3092 	3127 	3133
f 3134 	3128 	3092
f 3019 	3129 	3135
f 3136 	3130 	3019
f 3137 	3131 	3039
f 3138 	3132 	3084
f 3092 	3133 	3139
f 3019 	3135 	3140
f 3141 	3136 	3019
f 3142 	3137 	3039
f 3143 	3138 	3084
f 3092 	3139 	3144
f 3019 	3140 	3145
f 3146 	3141 	3019
f 3147 	3142 	3039
f 3148 	3143 	3084
f 3149 	3092 	3144
f 3019 	3145 	3150
f 3151 	3146 	3019
f 3152 	3147 	3039
f 3153 	3148 	3084
f 3149 	3144 	3154
f 3019 	3150 	3155
f 3156 	3151 	3019
f 3157 	3152 	3039
f 3158 	3153 	3084
f 3149 	3154 	3159
f 3019 	3155 	3160
f 3161 	3157 	3039
f 3162 	3158 	3084
f 3149 	3159 	3163
f 3019 	3160 	3164
f 3161 	3039 	3026
f 3163 	3162 	3084
f 3019 	3164 	3165
f 3166 	3161 	3026
f 3149 	3163 	3084
f 3019 	3165 	3167
f 3168 	3166 	3026
f 3169 	3149 	3084
f 3019 	3167 	3134
f 3170 	3168 	3026
f 3171 	3169 	3084
f 3156 	3019 	3134
f 3172 	3170 	3026
f 3173 	3171 	3084
f 3174 	3156 	3134
f 3175 	3172 	3026
f 3176 	3173 	3084
f 3177 	3174 	3134
f 3178 	3175 	3026
f 3179 	3176 	3084
f 3180 	3177 	3134
f 3181 	3178 	3026
f 3182 	3179 	3084
f 3183 	3180 	3134
f 3184 	3181 	3026
f 3185 	3182 	3084
f 3186 	3183 	3134
f 3187 	3184 	3026
f 3188 	3185 	3084
f 3189 	3186 	3134
f 3190 	3187 	3026
f 3191 	3188 	3084
f 3192 	3189 	3134
f 3193 	3190 	3026
f 3194 	3191 	3084
f 3195 	3192 	3134
f 3196 	3193 	3026
f 3197 	3194 	3084
f 3198 	3195 	3134
f 3199 	3196 	3026
f 3200 	3197 	3084
f 3201 	3198 	3134
f 3055 	3199 	3026
f 3202 	3200 	3084
f 3203 	3201 	3134
f 3055 	3026 	3204
f 3205 	3202 	3084
f 3206 	3203 	3134
f 3207 	3205 	3084
f 3204 	3206 	3134
f 3208 	3207 	3084
f 3204 	3134 	3092
f 3209 	3208 	3084
f 3204 	3092 	3210
f 3211 	3209 	3084
f 3204 	3210 	3212
f 3213 	3211 	3084
f 3204 	3212 	3214
f 3215 	3213 	3084
f 3204 	3214 	3216
f 3217 	3215 	3084
f 3204 	3216 	3218
f 3217 	3084 	3055
f 3204 	3218 	3219
f 3220 	3217 	3055
f 3204 	3219 	3221
f 3222 	3220 	3055
f 3204 	3221 	3223
f 3224 	3222 	3055
f 3204 	3223 	3225
f 3226 	3224 	3055
f 3055 	3204 	3225
f 3227 	3226 	3055
f 3055 	3225 	3228
f 3229 	3227 	3055
f 3055 	3228 	3230
f 3231 	3229 	3055
f 3055 	3230 	3232
f 3233 	3231 	3055
f 3055 	3232 	3234
f 3235 	3233 	3055
f 3055 	3234 	3236
f 3237 	3235 	3055
f 3055 	3236 	3238
f 3239 	3237 	3055
f 3055 	3238 	3240
f 3241 	3239 	3055
f 3055 	3240 	3241
f 3242 	3243 	3244
f 3244 	3245 	3246
f 3247 	3248 	3249
f 3249 	3250 	3251
f 3251 	3252 	3253
f 3253 	3254 	3255
f 3255 	3256 	3257
f 3257 	3258 	3259
f 3259 	3260 	3261
f 3261 	3262 	3263
f 3263 	3264 	3265
f 3265 	3266 	3267
f 3267 	3268 	3269
f 3269 	3270 	3271
f 3271 	3272 	3273
f 3273 	3274 	3275
f 3276 	3277 	3278
f 3278 	3279 	3280
f 3280 	3281 	3282
f 3282 	3283 	3284
f 3284 	3285 	3286
f 3286 	3287 	3288
f 3288 	3289 	3290
f 3290 	3291 	3292
f 3292 	3293 	3294
f 3294 	3295 	3296
f 3296 	3297 	3298
f 3298 	3299 	3300
f 3300 	3301 	3302
f 3302 	3303 	3304
f 3304 	3305 	3306
f 3306 	3307 	3308
f 3308 	3309 	3310
f 3310 	3311 	3312
f 3312 	3313 	3314
f 3315 	3316 	3317
f 3317 	3316 	3318
f 3319 	3242 	3244
f 3244 	3246 	3320
f 3247 	3249 	3251
f 3251 	3253 	3255
f 3255 	3257 	3259
f 3259 	3261 	3263
f 3263 	3265 	3267
f 3267 	3269 	3271
f 3271 	3273 	3275
f 3276 	3278 	3280
f 3280 	3282 	3284
f 3284 	3286 	3288
f 3288 	3290 	3292
f 3292 	3294 	3296
f 3296 	3298 	3300
f 3300 	3302 	3304
f 3304 	3306 	3308
f 3308 	3310 	3312
f 3312 	3314 	3321
f 3322 	3315 	3317
f 3317 	3318 	3323
f 3324 	3319 	3244
f 3244 	3320 	3325
f 3247 	3251 	3255
f 3255 	3259 	3263
f 3263 	3267 	3271
f 3271 	3275 	3326
f 3276 	3280 	3284
f 3284 	3288 	3292
f 3292 	3296 	3300
f 3300 	3304 	3308
f 3308 	3312 	3321
f 3327 	3322 	3317
f 3317 	3323 	3328
f 3329 	3324 	3244
f 3244 	3325 	3330
f 3247 	3255 	3263
f 3263 	3271 	3326
f 3276 	3284 	3292
f 3292 	3300 	3308
f 3308 	3321 	3331
f 3332 	3327 	3317
f 3317 	3328 	3333
f 3334 	3329 	3244
f 3244 	3330 	3335
f 3263 	3326 	3336
f 3276 	3292 	3308
f 3308 	3331 	3337
f 3338 	3332 	3317
f 3317 	3333 	3339
f 3340 	3334 	3244
f 3244 	3335 	3341
f 3263 	3336 	3342
f 3308 	3337 	3343
f 3344 	3338 	3317
f 3317 	3339 	3345
f 3346 	3340 	3244
f 3244 	3341 	3347
f 3263 	3342 	3348
f 3308 	3343 	3349
f 3350 	3344 	3317
f 3317 	3345 	3351
f 3352 	3346 	3244
f 3244 	3347 	3353
f 3263 	3348 	3354
f 3308 	3349 	3355
f 3356 	3350 	3317
f 3317 	3351 	3357
f 3358 	3352 	3244
f 3244 	3353 	3359
f 3263 	3354 	3360
f 3308 	3355 	3361
f 3362 	3356 	3317
f 3363 	3358 	3244
f 3244 	3359 	3364
f 3263 	3360 	3365
f 3308 	3361 	3366
f 3367 	3362 	3317
f 3368 	3363 	3244
f 3244 	3364 	3369
f 3263 	3365 	3370
f 3308 	3366 	3371
f 3367 	3317 	3372
f 3373 	3368 	3244
f 3244 	3369 	3374
f 3263 	3370 	3375
f 3308 	3371 	3376
f 3377 	3367 	3372
f 3378 	3373 	3244
f 3244 	3374 	3379
f 3263 	3375 	3380
f 3308 	3376 	3381
f 3382 	3377 	3372
f 3383 	3378 	3244
f 3263 	3380 	3384
f 3308 	3381 	3385
f 3386 	3382 	3372
f 3387 	3383 	3244
f 3247 	3263 	3384
f 3308 	3385 	3386
f 3388 	3387 	3244
f 3247 	3384 	3389
f 3308 	3386 	3372
f 3390 	3388 	3244
f 3247 	3389 	3391
f 3308 	3372 	3392
f 3357 	3390 	3244
f 3247 	3391 	3393
f 3308 	3392 	3394
f 3357 	3244 	3379
f 3247 	3393 	3395
f 3308 	3394 	3396
f 3357 	3379 	3397
f 3247 	3395 	3398
f 3308 	3396 	3399
f 3357 	3397 	3400
f 3247 	3398 	3401
f 3308 	3399 	3402
f 3357 	3400 	3403
f 3247 	3401 	3404
f 3308 	3402 	3405
f 3357 	3403 	3406
f 3247 	3404 	3407
f 3308 	3405 	3408
f 3357 	3406 	3409
f 3247 	3407 	3410
f 3308 	3408 	3411
f 3357 	3409 	3412
f 3247 	3410 	3413
f 3308 	3411 	3414
f 3357 	3412 	3415
f 3247 	3413 	3416
f 3308 	3414 	3417
f 3357 	3415 	3418
f 3247 	3416 	3419
f 3308 	3417 	3420
f 3357 	3418 	3421
f 3247 	3419 	3422
f 3308 	3420 	3423
f 3357 	3421 	3424
f 3247 	3422 	3276
f 3308 	3423 	3425
f 3357 	3424 	3426
f 3427 	3247 	3276
f 3308 	3425 	3428
f 3357 	3426 	3429
f 3308 	3428 	3430
f 3357 	3429 	3427
f 3308 	3430 	3431
f 3317 	3357 	3427
f 3308 	3431 	3432
f 3433 	3317 	3427
f 3308 	3432 	3434
f 3435 	3433 	3427
f 3308 	3434 	3436
f 3437 	3435 	3427
f 3308 	3436 	3438
f 3439 	3437 	3427
f 3308 	3438 	3440
f 3441 	3439 	3427
f 3276 	3308 	3440
f 3442 	3441 	3427
f 3276 	3440 	3443
f 3444 	3442 	3427
f 3276 	3443 	3445
f 3446 	3444 	3427
f 3276 	3445 	3447
f 3448 	3446 	3427
f 3276 	3447 	3449
f 3448 	3427 	3276
f 3276 	3449 	3450
f 3451 	3448 	3276
f 3276 	3450 	3452
f 3453 	3451 	3276
f 3276 	3452 	3454
f 3455 	3453 	3276
f 3276 	3454 	3456
f 3457 	3455 	3276
f 3276 	3456 	3458
f 3459 	3457 	3276
f 3276 	3458 	3460
f 3461 	3459 	3276
f 3276 	3460 	3462
f 3463 	3461 	3276
f 3276 	3462 	3464
f 3464 	3463 	3276
f 3020 	3019 	3243
f 3019 	3244 	3243
f 3019 	3023 	3244
f 3023 	3245 	3244
f 3023 	3022 	3245
f 3022 	3246 	3245
f 3022 	3097 	3246
f 3097 	3320 	3246
f 3097 	3102 	3320
f 3102 	3325 	3320
f 3102 	3107 	3325
f 3107 	3330 	3325
f 3107 	3112 	3330
f 3112 	3335 	3330
f 3112 	3118 	3335
f 3118 	3341 	3335
f 3118 	3124 	3341
f 3124 	3347 	3341
f 3124 	3130 	3347
f 3130 	3353 	3347
f 3130 	3136 	3353
f 3136 	3359 	3353
f 3136 	3141 	3359
f 3141 	3364 	3359
f 3141 	3146 	3364
f 3146 	3369 	3364
f 3146 	3151 	3369
f 3151 	3374 	3369
f 3151 	3156 	3374
f 3156 	3379 	3374
f 3156 	3174 	3379
f 3174 	3397 	3379
f 3174 	3177 	3397
f 3177 	3400 	3397
f 3177 	3180 	3400
f 3180 	3403 	3400
f 3180 	3183 	3403
f 3183 	3406 	3403
f 3183 	3186 	3406
f 3186 	3409 	3406
f 3186 	3189 	3409
f 3189 	3412 	3409
f 3189 	3192 	3412
f 3192 	3415 	3412
f 3192 	3195 	3415
f 3195 	3418 	3415
f 3195 	3198 	3418
f 3198 	3421 	3418
f 3198 	3201 	3421
f 3201 	3424 	3421
f 3201 	3203 	3424
f 3203 	3426 	3424
f 3203 	3206 	3426
f 3206 	3429 	3426
f 3206 	3204 	3429
f 3204 	3427 	3429
f 3204 	3026 	3427
f 3026 	3247 	3427
f 3026 	3025 	3247
f 3025 	3248 	3247
f 3025 	3024 	3248
f 3024 	3249 	3248
f 3024 	3028 	3249
f 3028 	3250 	3249
f 3028 	3027 	3250
f 3027 	3251 	3250
f 3027 	3030 	3251
f 3030 	3252 	3251
f 3030 	3029 	3252
f 3029 	3253 	3252
f 3029 	3032 	3253
f 3032 	3254 	3253
f 3032 	3031 	3254
f 3031 	3255 	3254
f 3031 	3034 	3255
f 3034 	3256 	3255
f 3034 	3033 	3256
f 3033 	3257 	3256
f 3033 	3036 	3257
f 3036 	3258 	3257
f 3036 	3035 	3258
f 3035 	3259 	3258
f 3035 	3038 	3259
f 3038 	3260 	3259
f 3038 	3037 	3260
f 3037 	3261 	3260
f 3037 	3040 	3261
f 3040 	3262 	3261
f 3040 	3039 	3262
f 3039 	3263 	3262
f 3039 	3042 	3263
f 3042 	3264 	3263
f 3042 	3041 	3264
f 3041 	3265 	3264
f 3041 	3044 	3265
f 3044 	3266 	3265
f 3044 	3043 	3266
f 3043 	3267 	3266
f 3043 	3046 	3267
f 3046 	3268 	3267
f 3046 	3045 	3268
f 3045 	3269 	3268
f 3045 	3048 	3269
f 3048 	3270 	3269
f 3048 	3047 	3270
f 3047 	3271 	3270
f 3047 	3050 	3271
f 3050 	3272 	3271
f 3050 	3049 	3272
f 3049 	3273 	3272
f 3049 	3052 	3273
f 3052 	3274 	3273
f 3052 	3051 	3274
f 3051 	3275 	3274
f 3051 	3103 	3275
f 3103 	3326 	3275
f 3103 	3113 	3326
f 3113 	3336 	3326
f 3113 	3119 	3336
f 3119 	3342 	3336
f 3119 	3125 	3342
f 3125 	3348 	3342
f 3125 	3131 	3348
f 3131 	3354 	3348
f 3131 	3137 	3354
f 3137 	3360 	3354
f 3137 	3142 	3360
f 3142 	3365 	3360
f 3142 	3147 	3365
f 3147 	3370 	3365
f 3147 	3152 	3370
f 3152 	3375 	3370
f 3152 	3157 	3375
f 3157 	3380 	3375
f 3157 	3161 	3380
f 3161 	3384 	3380
f 3161 	3166 	3384
f 3166 	3389 	3384
f 3166 	3168 	3389
f 3168 	3391 	3389
f 3168 	3170 	3391
f 3170 	3393 	3391
f 3170 	3172 	3393
f 3172 	3395 	3393
f 3172 	3175 	3395
f 3175 	3398 	3395
f 3175 	3178 	3398
f 3178 	3401 	3398
f 3178 	3181 	3401
f 3181 	3404 	3401
f 3181 	3184 	3404
f 3184 	3407 	3404
f 3184 	3187 	3407
f 3187 	3410 	3407
f 3187 	3190 	3410
f 3190 	3413 	3410
f 3190 	3193 	3413
f 3193 	3416 	3413
f 3193 	3196 	3416
f 3196 	3419 	3416
f 3196 	3199 	3419
f 3199 	3422 	3419
f 3199 	3055 	3422
f 3055 	3276 	3422
f 3055 	3054 	3276
f 3054 	3277 	3276
f 3054 	3053 	3277
f 3053 	3278 	3277
f 3053 	3057 	3278
f 3057 	3279 	3278
f 3057 	3056 	3279
f 3056 	3280 	3279
f 3056 	3059 	3280
f 3059 	3281 	3280
f 3059 	3058 	3281
f 3058 	3282 	3281
f 3058 	3061 	3282
f 3061 	3283 	3282
f 3061 	3060 	3283
f 3060 	3284 	3283
f 3060 	3063 	3284
f 3063 	3285 	3284
f 3063 	3062 	3285
f 3062 	3286 	3285
f 3062 	3065 	3286
f 3065 	3287 	3286
f 3065 	3064 	3287
f 3064 	3288 	3287
f 3064 	3067 	3288
f 3067 	3289 	3288
f 3067 	3066 	3289
f 3066 	3290 	3289
f 3066 	3069 	3290
f 3069 	3291 	3290
f 3069 	3068 	3291
f 3068 	3292 	3291
f 3068 	3071 	3292
f 3071 	3293 	3292
f 3071 	3070 	3293
f 3070 	3294 	3293
f 3070 	3073 	3294
f 3073 	3295 	3294
f 3073 	3072 	3295
f 3072 	3296 	3295
f 3072 	3075 	3296
f 3075 	3297 	3296
f 3075 	3074 	3297
f 3074 	3298 	3297
f 3074 	3077 	3298
f 3077 	3299 	3298
f 3077 	3076 	3299
f 3076 	3300 	3299
f 3076 	3079 	3300
f 3079 	3301 	3300
f 3079 	3078 	3301
f 3078 	3302 	3301
f 3078 	3081 	3302
f 3081 	3303 	3302
f 3081 	3080 	3303
f 3080 	3304 	3303
f 3080 	3083 	3304
f 3083 	3305 	3304
f 3083 	3082 	3305
f 3082 	3306 	3305
f 3082 	3085 	3306
f 3085 	3307 	3306
f 3085 	3084 	3307
f 3084 	3308 	3307
f 3084 	3087 	3308
f 3087 	3309 	3308
f 3087 	3086 	3309
f 3086 	3310 	3309
f 3086 	3089 	3310
f 3089 	3311 	3310
f 3089 	3088 	3311
f 3088 	3312 	3311
f 3088 	3091 	3312
f 3091 	3313 	3312
f 3091 	3090 	3313
f 3090 	3314 	3313
f 3090 	3098 	3314
f 3098 	3321 	3314
f 3098 	3108 	3321
f 3108 	3331 	3321
f 3108 	3114 	3331
f 3114 	3337 	3331
f 3114 	3120 	3337
f 3120 	3343 	3337
f 3120 	3126 	3343
f 3126 	3349 	3343
f 3126 	3132 	3349
f 3132 	3355 	3349
f 3132 	3138 	3355
f 3138 	3361 	3355
f 3138 	3143 	3361
f 3143 	3366 	3361
f 3143 	3148 	3366
f 3148 	3371 	3366
f 3148 	3153 	3371
f 3153 	3376 	3371
f 3153 	3158 	3376
f 3158 	3381 	3376
f 3158 	3162 	3381
f 3162 	3385 	3381
f 3162 	3163 	3385
f 3163 	3386 	3385
f 3163 	3159 	3386
f 3159 	3382 	3386
f 3159 	3154 	3382
f 3154 	3377 	3382
f 3154 	3144 	3377
f 3144 	3367 	3377
f 3144 	3139 	3367
f 3139 	3362 	3367
f 3139 	3133 	3362
f 3133 	3356 	3362
f 3133 	3127 	3356
f 3127 	3350 	3356
f 3127 	3121 	3350
f 3121 	3344 	3350
f 3121 	3115 	3344
f 3115 	3338 	3344
f 3115 	3109 	3338
f 3109 	3332 	3338
f 3109 	3104 	3332
f 3104 	3327 	3332
f 3104 	3099 	3327
f 3099 	3322 	3327
f 3099 	3094 	3322
f 3094 	3315 	3322
f 3094 	3093 	3315
f 3093 	3316 	3315
f 3093 	3095 	3316
f 3095 	3318 	3316
f 3095 	3100 	3318
f 3100 	3323 	3318
f 3100 	3105 	3323
f 3105 	3328 	3323
f 3105 	3110 	3328
f 3110 	3333 	3328
f 3110 	3116 	3333
f 3116 	3339 	3333
f 3116 	3122 	3339
f 3122 	3345 	3339
f 3122 	3128 	3345
f 3128 	3351 	3345
f 3128 	3134 	3351
f 3134 	3357 	3351
f 3134 	3167 	3357
f 3167 	3390 	3357
f 3167 	3165 	3390
f 3165 	3388 	3390
f 3165 	3164 	3388
f 3164 	3387 	3388
f 3164 	3160 	3387
f 3160 	3383 	3387
f 3160 	3155 	3383
f 3155 	3378 	3383
f 3155 	3150 	3378
f 3150 	3373 	3378
f 3150 	3145 	3373
f 3145 	3368 	3373
f 3145 	3140 	3368
f 3140 	3363 	3368
f 3140 	3135 	3363
f 3135 	3358 	3363
f 3135 	3129 	3358
f 3129 	3352 	3358
f 3129 	3123 	3352
f 3123 	3346 	3352
f 3123 	3117 	3346
f 3117 	3340 	3346
f 3117 	3111 	3340
f 3111 	3334 	3340
f 3111 	3106 	3334
f 3106 	3329 	3334
f 3106 	3101 	3329
f 3101 	3324 	3329
f 3101 	3096 	3324
f 3096 	3319 	3324
f 3096 	3021 	3319
f 3021 	3242 	3319
f 3021 	3020 	3242
f 3020 	3243 	3242
f 3149 	3169 	3372
f 3169 	3392 	3372
f 3169 	3171 	3392
f 3171 	3394 	3392
f 3171 	3173 	3394
f 3173 	3396 	3394
f 3173 	3176 	3396
f 3176 	3399 	3396
f 3176 	3179 	3399
f 3179 	3402 	3399
f 3179 	3182 	3402
f 3182 	3405 	3402
f 3182 	3185 	3405
f 3185 	3408 	3405
f 3185 	3188 	3408
f 3188 	3411 	3408
f 3188 	3191 	3411
f 3191 	3414 	3411
f 3191 	3194 	3414
f 3194 	3417 	3414
f 3194 	3197 	3417
f 3197 	3420 	3417
f 3197 	3200 	3420
f 3200 	3423 	3420
f 3200 	3202 	3423
f 3202 	3425 	3423
f 3202 	3205 	3425
f 3205 	3428 	3425
f 3205 	3207 	3428
f 3207 	3430 	3428
f 3207 	3208 	3430
f 3208 	3431 	3430
f 3208 	3209 	3431
f 3209 	3432 	3431
f 3209 	3211 	3432
f 3211 	3434 	3432
f 3211 	3213 	3434
f 3213 	3436 	3434
f 3213 	3215 	3436
f 3215 	3438 	3436
f 3215 	3217 	3438
f 3217 	3440 	3438
f 3217 	3220 	3440
f 3220 	3443 	3440
f 3220 	3222 	3443
f 3222 	3445 	3443
f 3222 	3224 	3445
f 3224 	3447 	3445
f 3224 	3226 	3447
f 3226 	3449 	3447
f 3226 	3227 	3449
f 3227 	3450 	3449
f 3227 	3229 	3450
f 3229 	3452 	3450
f 3229 	3231 	3452
f 3231 	3454 	3452
f 3231 	3233 	3454
f 3233 	3456 	3454
f 3233 	3235 	3456
f 3235 	3458 	3456
f 3235 	3237 	3458
f 3237 	3460 	3458
f 3237 	3239 	3460
f 3239 	3462 	3460
f 3239 	3241 	3462
f 3241 	3464 	3462
f 3241 	3240 	3464
f 3240 	3463 	3464
f 3240 	3238 	3463
f 3238 	3461 	3463
f 3238 	3236 	3461
f 3236 	3459 	3461
f 3236 	3234 	3459
f 3234 	3457 	3459
f 3234 	3232 	3457
f 3232 	3455 	3457
f 3232 	3230 	3455
f 3230 	3453 	3455
f 3230 	3228 	3453
f 3228 	3451 	3453
f 3228 	3225 	3451
f 3225 	3448 	3451
f 3225 	3223 	3448
f 3223 	3446 	3448
f 3223 	3221 	3446
f 3221 	3444 	3446
f 3221 	3219 	3444
f 3219 	3442 	3444
f 3219 	3218 	3442
f 3218 	3441 	3442
f 3218 	3216 	3441
f 3216 	3439 	3441
f 3216 	3214 	3439
f 3214 	3437 	3439
f 3214 	3212 	3437
f 3212 	3435 	3437
f 3212 	3210 	3435
f 3210 	3433 	3435
f 3210 	3092 	3433
f 3092 	3317 	3433
f 3092 	3149 	3317
f 3149 	3372 	3317
f 3465 	3466 	3467
f 3468 	3469 	3465
f 3470 	3471 	3468
f 3472 	3473 	3470
f 3474 	3475 	3472
f 3476 	3477 	3474
f 3478 	3479 	3476
f 3480 	3481 	3478
f 3482 	3483 	3480
f 3484 	3485 	3482
f 3486 	3487 	3484
f 3488 	3489 	3486
f 3490 	3491 	3488
f 3492 	3493 	3490
f 3494 	3495 	3492
f 3496 	3497 	3494
f 3498 	3499 	3496
f 3500 	3501 	3498
f 3502 	3503 	3500
f 3504 	3505 	3502
f 3506 	3507 	3504
f 3508 	3509 	3506
f 3510 	3511 	3508
f 3512 	3513 	3510
f 3514 	3515 	3512
f 3512 	3515 	3516
f 3517 	3518 	3512
f 3519 	3520 	3517
f 3521 	3522 	3519
f 3523 	3524 	3521
f 3525 	3526 	3523
f 3527 	3528 	3525
f 3529 	3530 	3527
f 3531 	3532 	3529
f 3533 	3534 	3531
f 3535 	3536 	3533
f 3537 	3538 	3535
f 3539 	3540 	3537
f 3541 	3542 	3539
f 3543 	3544 	3541
f 3545 	3546 	3543
f 3547 	3548 	3545
f 3549 	3550 	3547
f 3551 	3552 	3549
f 3553 	3554 	3551
f 3555 	3556 	3553
f 3557 	3558 	3555
f 3559 	3560 	3557
f 3561 	3562 	3559
f 3467 	3563 	3561
f 3468 	3465 	3467
f 3472 	3470 	3468
f 3476 	3474 	3472
f 3480 	3478 	3476
f 3484 	3482 	3480
f 3488 	3486 	3484
f 3492 	3490 	3488
f 3496 	3494 	3492
f 3500 	3498 	3496
f 3504 	3502 	3500
f 3508 	3506 	3504
f 3512 	3510 	3508
f 3564 	3514 	3512
f 3512 	3516 	3565
f 3519 	3517 	3512
f 3523 	3521 	3519
f 3527 	3525 	3523
f 3531 	3529 	3527
f 3535 	3533 	3531
f 3539 	3537 	3535
f 3543 	3541 	3539
f 3547 	3545 	3543
f 3551 	3549 	3547
f 3555 	3553 	3551
f 3559 	3557 	3555
f 3467 	3561 	3559
f 3472 	3468 	3467
f 3480 	3476 	3472
f 3488 	3484 	3480
f 3496 	3492 	3488
f 3504 	3500 	3496
f 3512 	3508 	3504
f 3566 	3564 	3512
f 3512 	3565 	3567
f 3523 	3519 	3512
f 3531 	3527 	3523
f 3539 	3535 	3531
f 3547 	3543 	3539
f 3555 	3551 	3547
f 3467 	3559 	3555
f 3480 	3472 	3467
f 3496 	3488 	3480
f 3512 	3504 	3496
f 3568 	3566 	3512
f 3512 	3567 	3569
f 3531 	3523 	3512
f 3547 	3539 	3531
f 3467 	3555 	3547
f 3568 	3512 	3496
f 3512 	3569 	3570
f 3480 	3467 	3547
f 3571 	3568 	3496
f 3512 	3570 	3572
f 3573 	3571 	3496
f 3512 	3572 	3574
f 3575 	3573 	3496
f 3512 	3574 	3576
f 3577 	3575 	3496
f 3512 	3576 	3578
f 3579 	3577 	3496
f 3512 	3578 	3580
f 3581 	3579 	3496
f 3512 	3580 	3582
f 3583 	3581 	3496
f 3512 	3582 	3584
f 3585 	3583 	3496
f 3512 	3584 	3586
f 3587 	3585 	3496
f 3512 	3586 	3588
f 3589 	3587 	3496
f 3512 	3588 	3590
f 3591 	3589 	3496
f 3531 	3512 	3590
f 3592 	3591 	3496
f 3531 	3590 	3593
f 3594 	3592 	3496
f 3531 	3593 	3595
f 3596 	3594 	3496
f 3531 	3595 	3597
f 3598 	3596 	3496
f 3531 	3597 	3599
f 3600 	3598 	3496
f 3531 	3599 	3601
f 3602 	3600 	3496
f 3531 	3601 	3603
f 3604 	3602 	3496
f 3531 	3603 	3605
f 3606 	3604 	3496
f 3531 	3605 	3607
f 3606 	3496 	3480
f 3531 	3607 	3608
f 3609 	3606 	3480
f 3531 	3608 	3610
f 3611 	3609 	3480
f 3547 	3531 	3610
f 3612 	3611 	3480
f 3547 	3610 	3613
f 3614 	3612 	3480
f 3547 	3613 	3615
f 3616 	3614 	3480
f 3547 	3615 	3617
f 3618 	3616 	3480
f 3547 	3617 	3619
f 3620 	3618 	3480
f 3547 	3619 	3621
f 3622 	3620 	3480
f 3547 	3621 	3623
f 3624 	3622 	3480
f 3547 	3623 	3625
f 3626 	3624 	3480
f 3547 	3625 	3627
f 3628 	3626 	3480
f 3547 	3627 	3629
f 3630 	3628 	3480
f 3547 	3629 	3631
f 3632 	3630 	3480
f 3547 	3631 	3633
f 3634 	3632 	3480
f 3547 	3633 	3635
f 3636 	3634 	3480
f 3547 	3635 	3637
f 3638 	3636 	3480
f 3547 	3637 	3639
f 3640 	3638 	3480
f 3547 	3639 	3641
f 3642 	3640 	3480
f 3547 	3641 	3643
f 3644 	3642 	3480
f 3547 	3643 	3645
f 3646 	3644 	3480
f 3547 	3645 	3647
f 3648 	3646 	3480
f 3547 	3647 	3649
f 3650 	3648 	3480
f 3547 	3649 	3651
f 3652 	3650 	3480
f 3547 	3651 	3653
f 3652 	3480 	3547
f 3547 	3653 	3654
f 3655 	3652 	3547
f 3547 	3654 	3656
f 3656 	3655 	3547
f 3657 	3658 	3659
f 3659 	3660 	3661
f 3661 	3662 	3663
f 3663 	3664 	3665
f 3665 	3666 	3667
f 3667 	3668 	3669
f 3669 	3670 	3671
f 3671 	3672 	3673
f 3673 	3674 	3675
f 3675 	3676 	3677
f 3677 	3678 	3679
f 3679 	3680 	3681
f 3681 	3682 	3683
f 3683 	3684 	3685
f 3685 	3686 	3687
f 3687 	3688 	3689
f 3689 	3690 	3691
f 3691 	3692 	3693
f 3693 	3694 	3695
f 3695 	3696 	3697
f 3697 	3698 	3699
f 3699 	3700 	3701
f 3701 	3702 	3703
f 3703 	3704 	3705
f 3705 	3706 	3707
f 3708 	3706 	3705
f 3705 	3709 	3710
f 3710 	3711 	3712
f 3712 	3713 	3714
f 3714 	3715 	3716
f 3716 	3717 	3718
f 3718 	3719 	3720
f 3720 	3721 	3722
f 3722 	3723 	3724
f 3724 	3725 	3726
f 3726 	3727 	3728
f 3728 	3729 	3730
f 3730 	3731 	3732
f 3732 	3733 	3734
f 3734 	3735 	3736
f 3736 	3737 	3738
f 3738 	3739 	3740
f 3740 	3741 	3742
f 3742 	3743 	3744
f 3744 	3745 	3746
f 3746 	3747 	3748
f 3748 	3749 	3750
f 3750 	3751 	3752
f 3752 	3753 	3754
f 3754 	3755 	3657
f 3657 	3659 	3661
f 3661 	3663 	3665
f 3665 	3667 	3669
f 3669 	3671 	3673
f 3673 	3675 	3677
f 3677 	3679 	3681
f 3681 	3683 	3685
f 3685 	3687 	3689
f 3689 	3691 	3693
f 3693 	3695 	3697
f 3697 	3699 	3701
f 3701 	3703 	3705
f 3705 	3707 	3756
f 3757 	3708 	3705
f 3705 	3710 	3712
f 3712 	3714 	3716
f 3716 	3718 	3720
f 3720 	3722 	3724
f 3724 	3726 	3728
f 3728 	3730 	3732
f 3732 	3734 	3736
f 3736 	3738 	3740
f 3740 	3742 	3744
f 3744 	3746 	3748
f 3748 	3750 	3752
f 3752 	3754 	3657
f 3657 	3661 	3665
f 3665 	3669 	3673
f 3673 	3677 	3681
f 3681 	3685 	3689
f 3689 	3693 	3697
f 3697 	3701 	3705
f 3705 	3756 	3758
f 3759 	3757 	3705
f 3705 	3712 	3716
f 3716 	3720 	3724
f 3724 	3728 	3732
f 3732 	3736 	3740
f 3740 	3744 	3748
f 3748 	3752 	3657
f 3657 	3665 	3673
f 3673 	3681 	3689
f 3689 	3697 	3705
f 3705 	3758 	3760
f 3761 	3759 	3705
f 3705 	3716 	3724
f 3724 	3732 	3740
f 3740 	3748 	3657
f 3689 	3705 	3760
f 3762 	3761 	3705
f 3740 	3657 	3673
f 3689 	3760 	3763
f 3764 	3762 	3705
f 3689 	3763 	3765
f 3766 	3764 	3705
f 3689 	3765 	3767
f 3768 	3766 	3705
f 3689 	3767 	3769
f 3770 	3768 	3705
f 3689 	3769 	3771
f 3772 	3770 	3705
f 3689 	3771 	3773
f 3774 	3772 	3705
f 3689 	3773 	3775
f 3776 	3774 	3705
f 3689 	3775 	3777
f 3778 	3776 	3705
f 3689 	3777 	3779
f 3780 	3778 	3705
f 3689 	3779 	3781
f 3782 	3780 	3705
f 3689 	3781 	3783
f 3782 	3705 	3724
f 3689 	3783 	3784
f 3785 	3782 	3724
f 3689 	3784 	3786
f 3787 	3785 	3724
f 3689 	3786 	3788
f 3789 	3787 	3724
f 3689 	3788 	3790
f 3791 	3789 	3724
f 3689 	3790 	3792
f 3793 	3791 	3724
f 3689 	3792 	3794
f 3795 	3793 	3724
f 3689 	3794 	3796
f 3797 	3795 	3724
f 3689 	3796 	3798
f 3799 	3797 	3724
f 3673 	3689 	3798
f 3800 	3799 	3724
f 3673 	3798 	3801
f 3802 	3800 	3724
f 3673 	3801 	3803
f 3802 	3724 	3740
f 3673 	3803 	3804
f 3805 	3802 	3740
f 3673 	3804 	3806
f 3807 	3805 	3740
f 3673 	3806 	3808
f 3809 	3807 	3740
f 3673 	3808 	3810
f 3811 	3809 	3740
f 3673 	3810 	3812
f 3813 	3811 	3740
f 3673 	3812 	3814
f 3815 	3813 	3740
f 3673 	3814 	3816
f 3817 	3815 	3740
f 3673 	3816 	3818
f 3819 	3817 	3740
f 3673 	3818 	3820
f 3821 	3819 	3740
f 3673 	3820 	3822
f 3823 	3821 	3740
f 3673 	3822 	3824
f 3825 	3823 	3740
f 3673 	3824 	3826
f 3827 	3825 	3740
f 3673 	3826 	3828
f 3829 	3827 	3740
f 3673 	3828 	3830
f 3831 	3829 	3740
f 3673 	3830 	3832
f 3833 	3831 	3740
f 3673 	3832 	3834
f 3835 	3833 	3740
f 3673 	3834 	3836
f 3837 	3835 	3740
f 3673 	3836 	3838
f 3839 	3837 	3740
f 3673 	3838 	3840
f 3841 	3839 	3740
f 3673 	3840 	3842
f 3843 	3841 	3740
f 3673 	3842 	3844
f 3845 	3843 	3740
f 3740 	3673 	3844
f 3846 	3845 	3740
f 3740 	3844 	3847
f 3848 	3846 	3740
f 3740 	3847 	3848
f 3466 	3465 	3658
f 3465 	3659 	3658
f 3465 	3469 	3659
f 3469 	3660 	3659
f 3469 	3468 	3660
f 3468 	3661 	3660
f 3468 	3471 	3661
f 3471 	3662 	3661
f 3471 	3470 	3662
f 3470 	3663 	3662
f 3470 	3473 	3663
f 3473 	3664 	3663
f 3473 	3472 	3664
f 3472 	3665 	3664
f 3472 	3475 	3665
f 3475 	3666 	3665
f 3475 	3474 	3666
f 3474 	3667 	3666
f 3474 	3477 	3667
f 3477 	3668 	3667
f 3477 	3476 	3668
f 3476 	3669 	3668
f 3476 	3479 	3669
f 3479 	3670 	3669
f 3479 	3478 	3670
f 3478 	3671 	3670
f 3478 	3481 	3671
f 3481 	3672 	3671
f 3481 	3480 	3672
f 3480 	3673 	3672
f 3480 	3483 	3673
f 3483 	3674 	3673
f 3483 	3482 	3674
f 3482 	3675 	3674
f 3482 	3485 	3675
f 3485 	3676 	3675
f 3485 	3484 	3676
f 3484 	3677 	3676
f 3484 	3487 	3677
f 3487 	3678 	3677
f 3487 	3486 	3678
f 3486 	3679 	3678
f 3486 	3489 	3679
f 3489 	3680 	3679
f 3489 	3488 	3680
f 3488 	3681 	3680
f 3488 	3491 	3681
f 3491 	3682 	3681
f 3491 	3490 	3682
f 3490 	3683 	3682
f 3490 	3493 	3683
f 3493 	3684 	3683
f 3493 	3492 	3684
f 3492 	3685 	3684
f 3492 	3495 	3685
f 3495 	3686 	3685
f 3495 	3494 	3686
f 3494 	3687 	3686
f 3494 	3497 	3687
f 3497 	3688 	3687
f 3497 	3496 	3688
f 3496 	3689 	3688
f 3496 	3499 	3689
f 3499 	3690 	3689
f 3499 	3498 	3690
f 3498 	3691 	3690
f 3498 	3501 	3691
f 3501 	3692 	3691
f 3501 	3500 	3692
f 3500 	3693 	3692
f 3500 	3503 	3693
f 3503 	3694 	3693
f 3503 	3502 	3694
f 3502 	3695 	3694
f 3502 	3505 	3695
f 3505 	3696 	3695
f 3505 	3504 	3696
f 3504 	3697 	3696
f 3504 	3507 	3697
f 3507 	3698 	3697
f 3507 	3506 	3698
f 3506 	3699 	3698
f 3506 	3509 	3699
f 3509 	3700 	3699
f 3509 	3508 	3700
f 3508 	3701 	3700
f 3508 	3511 	3701
f 3511 	3702 	3701
f 3511 	3510 	3702
f 3510 	3703 	3702
f 3510 	3513 	3703
f 3513 	3704 	3703
f 3513 	3512 	3704
f 3512 	3705 	3704
f 3512 	3518 	3705
f 3518 	3709 	3705
f 3518 	3517 	3709
f 3517 	3710 	3709
f 3517 	3520 	3710
f 3520 	3711 	3710
f 3520 	3519 	3711
f 3519 	3712 	3711
f 3519 	3522 	3712
f 3522 	3713 	3712
f 3522 	3521 	3713
f 3521 	3714 	3713
f 3521 	3524 	3714
f 3524 	3715 	3714
f 3524 	3523 	3715
f 3523 	3716 	3715
f 3523 	3526 	3716
f 3526 	3717 	3716
f 3526 	3525 	3717
f 3525 	3718 	3717
f 3525 	3528 	3718
f 3528 	3719 	3718
f 3528 	3527 	3719
f 3527 	3720 	3719
f 3527 	3530 	3720
f 3530 	3721 	3720
f 3530 	3529 	3721
f 3529 	3722 	3721
f 3529 	3532 	3722
f 3532 	3723 	3722
f 3532 	3531 	3723
f 3531 	3724 	3723
f 3531 	3534 	3724
f 3534 	3725 	3724
f 3534 	3533 	3725
f 3533 	3726 	3725
f 3533 	3536 	3726
f 3536 	3727 	3726
f 3536 	3535 	3727
f 3535 	3728 	3727
f 3535 	3538 	3728
f 3538 	3729 	3728
f 3538 	3537 	3729
f 3537 	3730 	3729
f 3537 	3540 	3730
f 3540 	3731 	3730
f 3540 	3539 	3731
f 3539 	3732 	3731
f 3539 	3542 	3732
f 3542 	3733 	3732
f 3542 	3541 	3733
f 3541 	3734 	3733
f 3541 	3544 	3734
f 3544 	3735 	3734
f 3544 	3543 	3735
f 3543 	3736 	3735
f 3543 	3546 	3736
f 3546 	3737 	3736
f 3546 	3545 	3737
f 3545 	3738 	3737
f 3545 	3548 	3738
f 3548 	3739 	3738
f 3548 	3547 	3739
f 3547 	3740 	3739
f 3547 	3550 	3740
f 3550 	3741 	3740
f 3550 	3549 	3741
f 3549 	3742 	3741
f 3549 	3552 	3742
f 3552 	3743 	3742
f 3552 	3551 	3743
f 3551 	3744 	3743
f 3551 	3554 	3744
f 3554 	3745 	3744
f 3554 	3553 	3745
f 3553 	3746 	3745
f 3553 	3556 	3746
f 3556 	3747 	3746
f 3556 	3555 	3747
f 3555 	3748 	3747
f 3555 	3558 	3748
f 3558 	3749 	3748
f 3558 	3557 	3749
f 3557 	3750 	3749
f 3557 	3560 	3750
f 3560 	3751 	3750
f 3560 	3559 	3751
f 3559 	3752 	3751
f 3559 	3562 	3752
f 3562 	3753 	3752
f 3562 	3561 	3753
f 3561 	3754 	3753
f 3561 	3563 	3754
f 3563 	3755 	3754
f 3563 	3467 	3755
f 3467 	3657 	3755
f 3467 	3466 	3657
f 3466 	3658 	3657
f 3514 	3564 	3707
f 3564 	3756 	3707
f 3564 	3566 	3756
f 3566 	3758 	3756
f 3566 	3568 	3758
f 3568 	3760 	3758
f 3568 	3571 	3760
f 3571 	3763 	3760
f 3571 	3573 	3763
f 3573 	3765 	3763
f 3573 	3575 	3765
f 3575 	3767 	3765
f 3575 	3577 	3767
f 3577 	3769 	3767
f 3577 	3579 	3769
f 3579 	3771 	3769
f 3579 	3581 	3771
f 3581 	3773 	3771
f 3581 	3583 	3773
f 3583 	3775 	3773
f 3583 	3585 	3775
f 3585 	3777 	3775
f 3585 	3587 	3777
f 3587 	3779 	3777
f 3587 	3589 	3779
f 3589 	3781 	3779
f 3589 	3591 	3781
f 3591 	3783 	3781
f 3591 	3592 	3783
f 3592 	3784 	3783
f 3592 	3594 	3784
f 3594 	3786 	3784
f 3594 	3596 	3786
f 3596 	3788 	3786
f 3596 	3598 	3788
f 3598 	3790 	3788
f 3598 	3600 	3790
f 3600 	3792 	3790
f 3600 	3602 	3792
f 3602 	3794 	3792
f 3602 	3604 	3794
f 3604 	3796 	3794
f 3604 	3606 	3796
f 3606 	3798 	3796
f 3606 	3609 	3798
f 3609 	3801 	3798
f 3609 	3611 	3801
f 3611 	3803 	3801
f 3611 	3612 	3803
f 3612 	3804 	3803
f 3612 	3614 	3804
f 3614 	3806 	3804
f 3614 	3616 	3806
f 3616 	3808 	3806
f 3616 	3618 	3808
f 3618 	3810 	3808
f 3618 	3620 	3810
f 3620 	3812 	3810
f 3620 	3622 	3812
f 3622 	3814 	3812
f 3622 	3624 	3814
f 3624 	3816 	3814
f 3624 	3626 	3816
f 3626 	3818 	3816
f 3626 	3628 	3818
f 3628 	3820 	3818
f 3628 	3630 	3820
f 3630 	3822 	3820
f 3630 	3632 	3822
f 3632 	3824 	3822
f 3632 	3634 	3824
f 3634 	3826 	3824
f 3634 	3636 	3826
f 3636 	3828 	3826
f 3636 	3638 	3828
f 3638 	3830 	3828
f 3638 	3640 	3830
f 3640 	3832 	3830
f 3640 	3642 	3832
f 3642 	3834 	3832
f 3642 	3644 	3834
f 3644 	3836 	3834
f 3644 	3646 	3836
f 3646 	3838 	3836
f 3646 	3648 	3838
f 3648 	3840 	3838
f 3648 	3650 	3840
f 3650 	3842 	3840
f 3650 	3652 	3842
f 3652 	3844 	3842
f 3652 	3655 	3844
f 3655 	3847 	3844
f 3655 	3656 	3847
f 3656 	3848 	3847
f 3656 	3654 	3848
f 3654 	3846 	3848
f 3654 	3653 	3846
f 3653 	3845 	3846
f 3653 	3651 	3845
f 3651 	3843 	3845
f 3651 	3649 	3843
f 3649 	3841 	3843
f 3649 	3647 	3841
f 3647 	3839 	3841
f 3647 	3645 	3839
f 3645 	3837 	3839
f 3645 	3643 	3837
f 3643 	3835 	3837
f 3643 	3641 	3835
f 3641 	3833 	3835
f 3641 	3639 	3833
f 3639 	3831 	3833
f 3639 	3637 	3831
f 3637 	3829 	3831
f 3637 	3635 	3829
f 3635 	3827 	3829
f 3635 	3633 	3827
f 3633 	3825 	3827
f 3633 	3631 	3825
f 3631 	3823 	3825
f 3631 	3629 	3823
f 3629 	3821 	3823
f 3629 	3627 	3821
f 3627 	3819 	3821
f 3627 	3625 	3819
f 3625 	3817 	3819
f 3625 	3623 	3817
f 3623 	3815 	3817
f 3623 	3621 	3815
f 3621 	3813 	3815
f 3621 	3619 	3813
f 3619 	3811 	3813
f 3619 	3617 	3811
f 3617 	3809 	3811
f 3617 	3615 	3809
f 3615 	3807 	3809
f 3615 	3613 	3807
f 3613 	3805 	3807
f 3613 	3610 	3805
f 3610 	3802 	3805
f 3610 	3608 	3802
f 3608 	3800 	3802
f 3608 	3607 	3800
f 3607 	3799 	3800
f 3607 	3605 	3799
f 3605 	3797 	3799
f 3605 	3603 	3797
f 3603 	3795 	3797
f 3603 	3601 	3795
f 3601 	3793 	3795
f 3601 	3599 	3793
f 3599 	3791 	3793
f 3599 	3597 	3791
f 3597 	3789 	3791
f 3597 	3595 	3789
f 3595 	3787 	3789
f 3595 	3593 	3787
f 3593 	3785 	3787
f 3593 	3590 	3785
f 3590 	3782 	3785
f 3590 	3588 	3782
f 3588 	3780 	3782
f 3588 	3586 	3780
f 3586 	3778 	3780
f 3586 	3584 	3778
f 3584 	3776 	3778
f 3584 	3582 	3776
f 3582 	3774 	3776
f 3582 	3580 	3774
f 3580 	3772 	3774
f 3580 	3578 	3772
f 3578 	3770 	3772
f 3578 	3576 	3770
f 3576 	3768 	3770
f 3576 	3574 	3768
f 3574 	3766 	3768
f 3574 	3572 	3766
f 3572 	3764 	3766
f 3572 	3570 	3764
f 3570 	3762 	3764
f 3570 	3569 	3762
f 3569 	3761 	3762
f 3569 	3567 	3761
f 3567 	3759 	3761
f 3567 	3565 	3759
f 3565 	3757 	3759
f 3565 	3516 	3757
f 3516 	3708 	3757
f 3516 	3515 	3708
f 3515 	3706 	3708
f 3515 	3514 	3706
f 3514 	3707 	3706
f 3849 	3850 	3851
f 3852 	3853 	3849
f 3854 	3855 	3856
f 3857 	3858 	3854
f 3859 	3860 	3861
f 3849 	3851 	3862
f 3863 	3852 	3849
f 3854 	3856 	3864
f 3865 	3857 	3854
f 3849 	3862 	3866
f 3867 	3863 	3849
f 3854 	3864 	3868
f 3869 	3865 	3854
f 3849 	3866 	3870
f 3871 	3867 	3849
f 3854 	3868 	3872
f 3873 	3869 	3854
f 3849 	3870 	3874
f 3875 	3871 	3849
f 3854 	3872 	3876
f 3877 	3873 	3854
f 3849 	3874 	3878
f 3879 	3875 	3849
f 3854 	3876 	3880
f 3881 	3877 	3854
f 3849 	3878 	3882
f 3883 	3879 	3849
f 3854 	3880 	3884
f 3861 	3881 	3854
f 3849 	3882 	3885
f 3886 	3883 	3849
f 3854 	3884 	3887
f 3859 	3861 	3854
f 3849 	3885 	3888
f 3889 	3886 	3849
f 3854 	3887 	3890
f 3891 	3859 	3854
f 3849 	3888 	3892
f 3893 	3889 	3849
f 3854 	3890 	3894
f 3895 	3891 	3854
f 3849 	3892 	3896
f 3897 	3893 	3849
f 3854 	3894 	3898
f 3899 	3895 	3854
f 3849 	3896 	3900
f 3901 	3897 	3849
f 3854 	3898 	3902
f 3903 	3899 	3854
f 3849 	3900 	3904
f 3905 	3901 	3849
f 3903 	3854 	3902
f 3849 	3904 	3906
f 3907 	3905 	3849
f 3903 	3902 	3908
f 3849 	3906 	3909
f 3910 	3907 	3849
f 3903 	3908 	3911
f 3849 	3909 	3912
f 3903 	3911 	3913
f 3849 	3912 	3914
f 3903 	3913 	3915
f 3849 	3914 	3916
f 3903 	3915 	3917
f 3849 	3916 	3918
f 3903 	3917 	3919
f 3849 	3918 	3920
f 3903 	3919 	3921
f 3849 	3920 	3922
f 3903 	3921 	3923
f 3910 	3849 	3922
f 3903 	3923 	3924
f 3910 	3922 	3925
f 3903 	3924 	3926
f 3910 	3925 	3927
f 3903 	3926 	3928
f 3910 	3927 	3929
f 3903 	3928 	3930
f 3910 	3929 	3931
f 3903 	3930 	3932
f 3910 	3931 	3933
f 3934 	3903 	3932
f 3910 	3933 	3935
f 3936 	3934 	3932
f 3910 	3935 	3937
f 3938 	3936 	3932
f 3910 	3937 	3939
f 3940 	3938 	3932
f 3910 	3939 	3941
f 3942 	3940 	3932
f 3910 	3941 	3943
f 3944 	3942 	3932
f 3910 	3943 	3945
f 3946 	3944 	3932
f 3932 	3910 	3945
f 3945 	3946 	3932
f 3947 	3948 	3949
f 3949 	3950 	3951
f 3952 	3953 	3954
f 3954 	3955 	3956
f 3957 	3958 	3959
f 3960 	3947 	3949
f 3949 	3951 	3961
f 3962 	3952 	3954
f 3954 	3956 	3963
f 3964 	3960 	3949
f 3949 	3961 	3965
f 3966 	3962 	3954
f 3954 	3963 	3967
f 3968 	3964 	3949
f 3949 	3965 	3969
f 3970 	3966 	3954
f 3954 	3967 	3971
f 3972 	3968 	3949
f 3949 	3969 	3973
f 3974 	3970 	3954
f 3954 	3971 	3975
f 3976 	3972 	3949
f 3949 	3973 	3977
f 3978 	3974 	3954
f 3954 	3975 	3979
f 3980 	3976 	3949
f 3949 	3977 	3981
f 3982 	3978 	3954
f 3954 	3979 	3957
f 3983 	3980 	3949
f 3949 	3981 	3984
f 3985 	3982 	3954
f 3954 	3957 	3959
f 3986 	3983 	3949
f 3949 	3984 	3987
f 3988 	3985 	3954
f 3954 	3959 	3989
f 3990 	3986 	3949
f 3949 	3987 	3991
f 3992 	3988 	3954
f 3954 	3989 	3993
f 3994 	3990 	3949
f 3949 	3991 	3995
f 3996 	3992 	3954
f 3954 	3993 	3997
f 3998 	3994 	3949
f 3949 	3995 	3999
f 4000 	3996 	3954
f 3954 	3997 	4001
f 4002 	3998 	3949
f 3949 	3999 	4003
f 4000 	3954 	4001
f 4004 	4002 	3949
f 3949 	4003 	4005
f 4006 	4000 	4001
f 4007 	4004 	3949
f 3949 	4005 	4008
f 4009 	4006 	4001
f 4010 	4007 	3949
f 4011 	4009 	4001
f 4012 	4010 	3949
f 4013 	4011 	4001
f 4014 	4012 	3949
f 4015 	4013 	4001
f 4016 	4014 	3949
f 4017 	4015 	4001
f 4018 	4016 	3949
f 4019 	4017 	4001
f 4020 	4018 	3949
f 4021 	4019 	4001
f 4020 	3949 	4008
f 4022 	4021 	4001
f 4023 	4020 	4008
f 4024 	4022 	4001
f 4025 	4023 	4008
f 4026 	4024 	4001
f 4027 	4025 	4008
f 4028 	4026 	4001
f 4029 	4027 	4008
f 4030 	4028 	4001
f 4031 	4029 	4008
f 4030 	4001 	4032
f 4033 	4031 	4008
f 4030 	4032 	4034
f 4035 	4033 	4008
f 4030 	4034 	4036
f 4037 	4035 	4008
f 4030 	4036 	4038
f 4039 	4037 	4008
f 4030 	4038 	4040
f 4041 	4039 	4008
f 4030 	4040 	4042
f 4043 	4041 	4008
f 4030 	4042 	4044
f 4043 	4008 	4030
f 4030 	4044 	4043
f 3849 	3853 	3949
f 3853 	3950 	3949
f 3853 	3852 	3950
f 3852 	3951 	3950
f 3852 	3863 	3951
f 3863 	3961 	3951
f 3863 	3867 	3961
f 3867 	3965 	3961
f 3867 	3871 	3965
f 3871 	3969 	3965
f 3871 	3875 	3969
f 3875 	3973 	3969
f 3875 	3879 	3973
f 3879 	3977 	3973
f 3879 	3883 	3977
f 3883 	3981 	3977
f 3883 	3886 	3981
f 3886 	3984 	3981
f 3886 	3889 	3984
f 3889 	3987 	3984
f 3889 	3893 	3987
f 3893 	3991 	3987
f 3893 	3897 	3991
f 3897 	3995 	3991
f 3897 	3901 	3995
f 3901 	3999 	3995
f 3901 	3905 	3999
f 3905 	4003 	3999
f 3905 	3907 	4003
f 3907 	4005 	4003
f 3907 	3910 	4005
f 3910 	4008 	4005
f 3910 	3932 	4008
f 3932 	4030 	4008
f 3932 	3930 	4030
f 3930 	4028 	4030
f 3930 	3928 	4028
f 3928 	4026 	4028
f 3928 	3926 	4026
f 3926 	4024 	4026
f 3926 	3924 	4024
f 3924 	4022 	4024
f 3924 	3923 	4022
f 3923 	4021 	4022
f 3923 	3921 	4021
f 3921 	4019 	4021
f 3921 	3919 	4019
f 3919 	4017 	4019
f 3919 	3917 	4017
f 3917 	4015 	4017
f 3917 	3915 	4015
f 3915 	4013 	4015
f 3915 	3913 	4013
f 3913 	4011 	4013
f 3913 	3911 	4011
f 3911 	4009 	4011
f 3911 	3908 	4009
f 3908 	4006 	4009
f 3908 	3902 	4006
f 3902 	4000 	4006
f 3902 	3898 	4000
f 3898 	3996 	4000
f 3898 	3894 	3996
f 3894 	3992 	3996
f 3894 	3890 	3992
f 3890 	3988 	3992
f 3890 	3887 	3988
f 3887 	3985 	3988
f 3887 	3884 	3985
f 3884 	3982 	3985
f 3884 	3880 	3982
f 3880 	3978 	3982
f 3880 	3876 	3978
f 3876 	3974 	3978
f 3876 	3872 	3974
f 3872 	3970 	3974
f 3872 	3868 	3970
f 3868 	3966 	3970
f 3868 	3864 	3966
f 3864 	3962 	3966
f 3864 	3856 	3962
f 3856 	3952 	3962
f 3856 	3855 	3952
f 3855 	3953 	3952
f 3855 	3854 	3953
f 3854 	3954 	3953
f 3854 	3858 	3954
f 3858 	3955 	3954
f 3858 	3857 	3955
f 3857 	3956 	3955
f 3857 	3865 	3956
f 3865 	3963 	3956
f 3865 	3869 	3963
f 3869 	3967 	3963
f 3869 	3873 	3967
f 3873 	3971 	3967
f 3873 	3877 	3971
f 3877 	3975 	3971
f 3877 	3881 	3975
f 3881 	3979 	3975
f 3881 	3861 	3979
f 3861 	3957 	3979
f 3861 	3860 	3957
f 3860 	3958 	3957
f 3860 	3859 	3958
f 3859 	3959 	3958
f 3859 	3891 	3959
f 3891 	3989 	3959
f 3891 	3895 	3989
f 3895 	3993 	3989
f 3895 	3899 	3993
f 3899 	3997 	3993
f 3899 	3903 	3997
f 3903 	4001 	3997
f 3903 	3934 	4001
f 3934 	4032 	4001
f 3934 	3936 	4032
f 3936 	4034 	4032
f 3936 	3938 	4034
f 3938 	4036 	4034
f 3938 	3940 	4036
f 3940 	4038 	4036
f 3940 	3942 	4038
f 3942 	4040 	4038
f 3942 	3944 	4040
f 3944 	4042 	4040
f 3944 	3946 	4042
f 3946 	4044 	4042
f 3946 	3945 	4044
f 3945 	4043 	4044
f 3945 	3943 	4043
f 3943 	4041 	4043
f 3943 	3941 	4041
f 3941 	4039 	4041
f 3941 	3939 	4039
f 3939 	4037 	4039
f 3939 	3937 	4037
f 3937 	4035 	4037
f 3937 	3935 	4035
f 3935 	4033 	4035
f 3935 	3933 	4033
f 3933 	4031 	4033
f 3933 	3931 	4031
f 3931 	4029 	4031
f 3931 	3929 	4029
f 3929 	4027 	4029
f 3929 	3927 	4027
f 3927 	4025 	4027
f 3927 	3925 	4025
f 3925 	4023 	4025
f 3925 	3922 	4023
f 3922 	4020 	4023
f 3922 	3920 	4020
f 3920 	4018 	4020
f 3920 	3918 	4018
f 3918 	4016 	4018
f 3918 	3916 	4016
f 3916 	4014 	4016
f 3916 	3914 	4014
f 3914 	4012 	4014
f 3914 	3912 	4012
f 3912 	4010 	4012
f 3912 	3909 	4010
f 3909 	4007 	4010
f 3909 	3906 	4007
f 3906 	4004 	4007
f 3906 	3904 	4004
f 3904 	4002 	4004
f 3904 	3900 	4002
f 3900 	3998 	4002
f 3900 	3896 	3998
f 3896 	3994 	3998
f 3896 	3892 	3994
f 3892 	3990 	3994
f 3892 	3888 	3990
f 3888 	3986 	3990
f 3888 	3885 	3986
f 3885 	3983 	3986
f 3885 	3882 	3983
f 3882 	3980 	3983
f 3882 	3878 	3980
f 3878 	3976 	3980
f 3878 	3874 	3976
f 3874 	3972 	3976
f 3874 	3870 	3972
f 3870 	3968 	3972
f 3870 	3866 	3968
f 3866 	3964 	3968
f 3866 	3862 	3964
f 3862 	3960 	3964
f 3862 	3851 	3960
f 3851 	3947 	3960
f 3851 	3850 	3947
f 3850 	3948 	3947
f 3850 	3849 	3948
f 3849 	3949 	3948
f 4045 	4046 	4047
f 4048 	4049 	4050
f 4051 	4052 	4053
f 4054 	4055 	4056
f 4057 	4058 	4059
f 4060 	4061 	4057
f 4062 	4063 	4064
f 4065 	4045 	4047
f 4048 	4050 	4066
f 4067 	4051 	4053
f 4054 	4056 	4068
f 4060 	4057 	4059
f 4048 	4066 	4069
f 4070 	4067 	4053
f 4054 	4068 	4071
f 4072 	4060 	4059
f 4048 	4069 	4073
f 4074 	4070 	4053
f 4054 	4071 	4075
f 4076 	4072 	4059
f 4048 	4073 	4077
f 4078 	4074 	4053
f 4054 	4075 	4079
f 4080 	4076 	4059
f 4048 	4077 	4081
f 4082 	4078 	4053
f 4054 	4079 	4083
f 4064 	4080 	4059
f 4048 	4081 	4084
f 4085 	4082 	4053
f 4054 	4083 	4086
f 4062 	4064 	4059
f 4048 	4084 	4087
f 4088 	4085 	4053
f 4054 	4086 	4089
f 4090 	4062 	4059
f 4053 	4048 	4087
f 4091 	4088 	4053
f 4054 	4089 	4092
f 4093 	4090 	4059
f 4053 	4087 	4094
f 4095 	4091 	4053
f 4054 	4092 	4096
f 4097 	4093 	4059
f 4053 	4094 	4098
f 4099 	4095 	4053
f 4054 	4096 	4100
f 4101 	4097 	4059
f 4053 	4098 	4102
f 4103 	4099 	4053
f 4054 	4100 	4104
f 4105 	4101 	4059
f 4053 	4102 	4106
f 4107 	4103 	4053
f 4059 	4054 	4104
f 4108 	4105 	4059
f 4053 	4106 	4109
f 4110 	4107 	4053
f 4059 	4104 	4111
f 4112 	4108 	4059
f 4053 	4109 	4113
f 4114 	4110 	4053
f 4059 	4111 	4115
f 4116 	4112 	4059
f 4114 	4053 	4113
f 4059 	4115 	4117
f 4118 	4116 	4059
f 4119 	4114 	4113
f 4059 	4117 	4120
f 4121 	4118 	4059
f 4119 	4113 	4065
f 4059 	4120 	4122
f 4123 	4121 	4059
f 4124 	4119 	4065
f 4059 	4122 	4125
f 4126 	4123 	4059
f 4124 	4065 	4047
f 4059 	4125 	4127
f 4128 	4126 	4059
f 4129 	4124 	4047
f 4059 	4127 	4130
f 4131 	4128 	4059
f 4132 	4129 	4047
f 4059 	4130 	4133
f 4134 	4131 	4059
f 4135 	4132 	4047
f 4136 	4134 	4059
f 4137 	4135 	4047
f 4138 	4136 	4059
f 4137 	4047 	4139
f 4139 	4138 	4059
f 4140 	4137 	4139
f 4139 	4059 	4133
f 4141 	4140 	4139
f 4139 	4133 	4142
f 4143 	4141 	4139
f 4139 	4142 	4144
f 4145 	4143 	4139
f 4139 	4144 	4146
f 4147 	4145 	4139
f 4139 	4146 	4148
f 4148 	4147 	4139
f 4149 	4150 	4151
f 4152 	4153 	4154
f 4155 	4156 	4157
f 4158 	4159 	4160
f 4161 	4162 	4163
f 4163 	4164 	4165
f 4166 	4167 	4168
f 4149 	4151 	4169
f 4170 	4152 	4154
f 4155 	4157 	4171
f 4172 	4158 	4160
f 4161 	4163 	4165
f 4173 	4170 	4154
f 4155 	4171 	4174
f 4175 	4172 	4160
f 4161 	4165 	4176
f 4177 	4173 	4154
f 4155 	4174 	4178
f 4179 	4175 	4160
f 4161 	4176 	4180
f 4181 	4177 	4154
f 4155 	4178 	4182
f 4183 	4179 	4160
f 4161 	4180 	4184
f 4185 	4181 	4154
f 4155 	4182 	4186
f 4187 	4183 	4160
f 4161 	4184 	4166
f 4188 	4185 	4154
f 4155 	4186 	4189
f 4190 	4187 	4160
f 4161 	4166 	4168
f 4191 	4188 	4154
f 4155 	4189 	4192
f 4193 	4190 	4160
f 4161 	4168 	4194
f 4191 	4154 	4155
f 4155 	4192 	4195
f 4196 	4193 	4160
f 4161 	4194 	4197
f 4198 	4191 	4155
f 4155 	4195 	4199
f 4200 	4196 	4160
f 4161 	4197 	4201
f 4202 	4198 	4155
f 4155 	4199 	4203
f 4204 	4200 	4160
f 4161 	4201 	4205
f 4206 	4202 	4155
f 4155 	4203 	4207
f 4208 	4204 	4160
f 4161 	4205 	4209
f 4210 	4206 	4155
f 4155 	4207 	4211
f 4208 	4160 	4161
f 4161 	4209 	4212
f 4213 	4210 	4155
f 4155 	4211 	4214
f 4215 	4208 	4161
f 4161 	4212 	4216
f 4217 	4213 	4155
f 4155 	4214 	4218
f 4219 	4215 	4161
f 4161 	4216 	4220
f 4217 	4155 	4218
f 4221 	4219 	4161
f 4161 	4220 	4222
f 4217 	4218 	4223
f 4224 	4221 	4161
f 4161 	4222 	4225
f 4169 	4217 	4223
f 4226 	4224 	4161
f 4161 	4225 	4227
f 4169 	4223 	4228
f 4229 	4226 	4161
f 4161 	4227 	4230
f 4149 	4169 	4228
f 4231 	4229 	4161
f 4161 	4230 	4232
f 4149 	4228 	4233
f 4234 	4231 	4161
f 4161 	4232 	4235
f 4149 	4233 	4236
f 4237 	4234 	4161
f 4161 	4235 	4238
f 4149 	4236 	4239
f 4161 	4238 	4240
f 4149 	4239 	4241
f 4161 	4240 	4242
f 4243 	4149 	4241
f 4161 	4242 	4243
f 4243 	4241 	4244
f 4237 	4161 	4243
f 4243 	4244 	4245
f 4246 	4237 	4243
f 4243 	4245 	4247
f 4248 	4246 	4243
f 4243 	4247 	4249
f 4250 	4248 	4243
f 4243 	4249 	4251
f 4252 	4250 	4243
f 4243 	4251 	4252
f 4047 	4046 	4149
f 4046 	4150 	4149
f 4046 	4045 	4150
f 4045 	4151 	4150
f 4045 	4065 	4151
f 4065 	4169 	4151
f 4065 	4113 	4169
f 4113 	4217 	4169
f 4113 	4109 	4217
f 4109 	4213 	4217
f 4109 	4106 	4213
f 4106 	4210 	4213
f 4106 	4102 	4210
f 4102 	4206 	4210
f 4102 	4098 	4206
f 4098 	4202 	4206
f 4098 	4094 	4202
f 4094 	4198 	4202
f 4094 	4087 	4198
f 4087 	4191 	4198
f 4087 	4084 	4191
f 4084 	4188 	4191
f 4084 	4081 	4188
f 4081 	4185 	4188
f 4081 	4077 	4185
f 4077 	4181 	4185
f 4077 	4073 	4181
f 4073 	4177 	4181
f 4073 	4069 	4177
f 4069 	4173 	4177
f 4069 	4066 	4173
f 4066 	4170 	4173
f 4066 	4050 	4170
f 4050 	4152 	4170
f 4050 	4049 	4152
f 4049 	4153 	4152
f 4049 	4048 	4153
f 4048 	4154 	4153
f 4048 	4053 	4154
f 4053 	4155 	4154
f 4053 	4052 	4155
f 4052 	4156 	4155
f 4052 	4051 	4156
f 4051 	4157 	4156
f 4051 	4067 	4157
f 4067 	4171 	4157
f 4067 	4070 	4171
f 4070 	4174 	4171
f 4070 	4074 	4174
f 4074 	4178 	4174
f 4074 	4078 	4178
f 4078 	4182 	4178
f 4078 	4082 	4182
f 4082 	4186 	4182
f 4082 	4085 	4186
f 4085 	4189 	4186
f 4085 	4088 	4189
f 4088 	4192 	4189
f 4088 	4091 	4192
f 4091 	4195 	4192
f 4091 	4095 	4195
f 4095 	4199 	4195
f 4095 	4099 	4199
f 4099 	4203 	4199
f 4099 	4103 	4203
f 4103 	4207 	4203
f 4103 	4107 	4207
f 4107 	4211 	4207
f 4107 	4110 	4211
f 4110 	4214 	4211
f 4110 	4114 	4214
f 4114 	4218 	4214
f 4114 	4119 	4218
f 4119 	4223 	4218
f 4119 	4124 	4223
f 4124 	4228 	4223
f 4124 	4129 	4228
f 4129 	4233 	4228
f 4129 	4132 	4233
f 4132 	4236 	4233
f 4132 	4135 	4236
f 4135 	4239 	4236
f 4135 	4137 	4239
f 4137 	4241 	4239
f 4137 	4140 	4241
f 4140 	4244 	4241
f 4140 	4141 	4244
f 4141 	4245 	4244
f 4141 	4143 	4245
f 4143 	4247 	4245
f 4143 	4145 	4247
f 4145 	4249 	4247
f 4145 	4147 	4249
f 4147 	4251 	4249
f 4147 	4148 	4251
f 4148 	4252 	4251
f 4148 	4146 	4252
f 4146 	4250 	4252
f 4146 	4144 	4250
f 4144 	4248 	4250
f 4144 	4142 	4248
f 4142 	4246 	4248
f 4142 	4133 	4246
f 4133 	4237 	4246
f 4133 	4130 	4237
f 4130 	4234 	4237
f 4130 	4127 	4234
f 4127 	4231 	4234
f 4127 	4125 	4231
f 4125 	4229 	4231
f 4125 	4122 	4229
f 4122 	4226 	4229
f 4122 	4120 	4226
f 4120 	4224 	4226
f 4120 	4117 	4224
f 4117 	4221 	4224
f 4117 	4115 	4221
f 4115 	4219 	4221
f 4115 	4111 	4219
f 4111 	4215 	4219
f 4111 	4104 	4215
f 4104 	4208 	4215
f 4104 	4100 	4208
f 4100 	4204 	4208
f 4100 	4096 	4204
f 4096 	4200 	4204
f 4096 	4092 	4200
f 4092 	4196 	4200
f 4092 	4089 	4196
f 4089 	4193 	4196
f 4089 	4086 	4193
f 4086 	4190 	4193
f 4086 	4083 	4190
f 4083 	4187 	4190
f 4083 	4079 	4187
f 4079 	4183 	4187
f 4079 	4075 	4183
f 4075 	4179 	4183
f 4075 	4071 	4179
f 4071 	4175 	4179
f 4071 	4068 	4175
f 4068 	4172 	4175
f 4068 	4056 	4172
f 4056 	4158 	4172
f 4056 	4055 	4158
f 4055 	4159 	4158
f 4055 	4054 	4159
f 4054 	4160 	4159
f 4054 	4059 	4160
f 4059 	4161 	4160
f 4059 	4058 	4161
f 4058 	4162 	4161
f 4058 	4057 	4162
f 4057 	4163 	4162
f 4057 	4061 	4163
f 4061 	4164 	4163
f 4061 	4060 	4164
f 4060 	4165 	4164
f 4060 	4072 	4165
f 4072 	4176 	4165
f 4072 	4076 	4176
f 4076 	4180 	4176
f 4076 	4080 	4180
f 4080 	4184 	4180
f 4080 	4064 	4184
f 4064 	4166 	4184
f 4064 	4063 	4166
f 4063 	4167 	4166
f 4063 	4062 	4167
f 4062 	4168 	4167
f 4062 	4090 	4168
f 4090 	4194 	4168
f 4090 	4093 	4194
f 4093 	4197 	4194
f 4093 	4097 	4197
f 4097 	4201 	4197
f 4097 	4101 	4201
f 4101 	4205 	4201
f 4101 	4105 	4205
f 4105 	4209 	4205
f 4105 	4108 	4209
f 4108 	4212 	4209
f 4108 	4112 	4212
f 4112 	4216 	4212
f 4112 	4116 	4216
f 4116 	4220 	4216
f 4116 	4118 	4220
f 4118 	4222 	4220
f 4118 	4121 	4222
f 4121 	4225 	4222
f 4121 	4123 	4225
f 4123 	4227 	4225
f 4123 	4126 	4227
f 4126 	4230 	4227
f 4126 	4128 	4230
f 4128 	4232 	4230
f 4128 	4131 	4232
f 4131 	4235 	4232
f 4131 	4134 	4235
f 4134 	4238 	4235
f 4134 	4136 	4238
f 4136 	4240 	4238
f 4136 	4138 	4240
f 4138 	4242 	4240
f 4138 	4139 	4242
f 4139 	4243 	4242
f 4139 	4047 	4243
f 4047 	4149 	4243
f 4253 	4254 	4255
f 4256 	4257 	4258
f 4259 	4260 	4256
f 4261 	4262 	4263
f 4264 	4265 	4261
f 4253 	4255 	4266
f 4259 	4256 	4258
f 4261 	4263 	4267
f 4268 	4264 	4261
f 4253 	4266 	4269
f 4270 	4259 	4258
f 4261 	4267 	4271
f 4272 	4268 	4261
f 4253 	4269 	4273
f 4274 	4270 	4258
f 4261 	4271 	4275
f 4276 	4272 	4261
f 4253 	4273 	4277
f 4278 	4274 	4258
f 4261 	4275 	4279
f 4280 	4276 	4261
f 4253 	4277 	4281
f 4282 	4278 	4258
f 4261 	4279 	4283
f 4284 	4280 	4261
f 4253 	4281 	4285
f 4286 	4282 	4258
f 4261 	4283 	4287
f 4288 	4284 	4261
f 4253 	4285 	4289
f 4290 	4286 	4258
f 4261 	4287 	4291
f 4292 	4288 	4261
f 4253 	4289 	4293
f 4294 	4290 	4258
f 4261 	4291 	4295
f 4296 	4292 	4261
f 4253 	4293 	4297
f 4298 	4294 	4258
f 4261 	4295 	4299
f 4300 	4296 	4261
f 4253 	4297 	4301
f 4302 	4298 	4258
f 4261 	4299 	4303
f 4304 	4300 	4261
f 4305 	4253 	4301
f 4306 	4302 	4258
f 4261 	4303 	4307
f 4308 	4304 	4261
f 4305 	4301 	4309
f 4310 	4306 	4258
f 4308 	4261 	4307
f 4305 	4309 	4311
f 4312 	4310 	4258
f 4308 	4307 	4313
f 4305 	4311 	4314
f 4315 	4312 	4258
f 4308 	4313 	4316
f 4305 	4314 	4317
f 4318 	4315 	4258
f 4308 	4316 	4319
f 4305 	4317 	4320
f 4321 	4318 	4258
f 4308 	4319 	4322
f 4305 	4320 	4323
f 4324 	4321 	4258
f 4308 	4322 	4325
f 4305 	4323 	4326
f 4327 	4324 	4258
f 4308 	4325 	4328
f 4305 	4326 	4329
f 4330 	4327 	4258
f 4308 	4328 	4331
f 4305 	4329 	4332
f 4333 	4330 	4258
f 4308 	4331 	4334
f 4305 	4332 	4335
f 4336 	4333 	4258
f 4308 	4334 	4337
f 4305 	4335 	4338
f 4336 	4258 	4305
f 4308 	4337 	4339
f 4305 	4338 	4340
f 4341 	4336 	4305
f 4308 	4339 	4342
f 4305 	4340 	4343
f 4344 	4341 	4305
f 4308 	4342 	4345
f 4305 	4343 	4346
f 4347 	4344 	4305
f 4308 	4345 	4348
f 4305 	4346 	4349
f 4350 	4347 	4305
f 4351 	4308 	4348
f 4350 	4305 	4349
f 4352 	4351 	4348
f 4350 	4349 	4353
f 4354 	4352 	4348
f 4350 	4353 	4355
f 4356 	4354 	4348
f 4350 	4355 	4357
f 4358 	4356 	4348
f 4350 	4357 	4359
f 4360 	4358 	4348
f 4350 	4359 	4361
f 4362 	4360 	4348
f 4350 	4361 	4363
f 4364 	4362 	4348
f 4350 	4363 	4364
f 4364 	4348 	4350
f 4365 	4366 	4367
f 4368 	4369 	4370
f 4370 	4371 	4372
f 4373 	4374 	4375
f 4375 	4376 	4377
f 4378 	4365 	4367
f 4368 	4370 	4372
f 4379 	4373 	4375
f 4375 	4377 	4380
f 4381 	4378 	4367
f 4368 	4372 	4382
f 4383 	4379 	4375
f 4375 	4380 	4384
f 4385 	4381 	4367
f 4368 	4382 	4386
f 4387 	4383 	4375
f 4375 	4384 	4388
f 4389 	4385 	4367
f 4368 	4386 	4390
f 4391 	4387 	4375
f 4375 	4388 	4392
f 4393 	4389 	4367
f 4368 	4390 	4394
f 4395 	4391 	4375
f 4375 	4392 	4396
f 4397 	4393 	4367
f 4368 	4394 	4398
f 4399 	4395 	4375
f 4375 	4396 	4400
f 4401 	4397 	4367
f 4368 	4398 	4402
f 4403 	4399 	4375
f 4375 	4400 	4404
f 4405 	4401 	4367
f 4368 	4402 	4406
f 4407 	4403 	4375
f 4375 	4404 	4408
f 4409 	4405 	4367
f 4368 	4406 	4410
f 4411 	4407 	4375
f 4375 	4408 	4412
f 4413 	4409 	4367
f 4368 	4410 	4414
f 4415 	4411 	4375
f 4375 	4412 	4416
f 4413 	4367 	4417
f 4368 	4414 	4418
f 4419 	4415 	4375
f 4375 	4416 	4420
f 4421 	4413 	4417
f 4368 	4418 	4422
f 4419 	4375 	4420
f 4423 	4421 	4417
f 4368 	4422 	4424
f 4425 	4419 	4420
f 4426 	4423 	4417
f 4368 	4424 	4427
f 4428 	4425 	4420
f 4429 	4426 	4417
f 4368 	4427 	4430
f 4431 	4428 	4420
f 4432 	4429 	4417
f 4368 	4430 	4433
f 4434 	4431 	4420
f 4435 	4432 	4417
f 4368 	4433 	4436
f 4437 	4434 	4420
f 4438 	4435 	4417
f 4368 	4436 	4439
f 4440 	4437 	4420
f 4441 	4438 	4417
f 4368 	4439 	4442
f 4443 	4440 	4420
f 4444 	4441 	4417
f 4368 	4442 	4445
f 4446 	4443 	4420
f 4447 	4444 	4417
f 4368 	4445 	4448
f 4449 	4446 	4420
f 4450 	4447 	4417
f 4417 	4368 	4448
f 4451 	4449 	4420
f 4452 	4450 	4417
f 4417 	4448 	4453
f 4454 	4451 	4420
f 4455 	4452 	4417
f 4417 	4453 	4456
f 4457 	4454 	4420
f 4458 	4455 	4417
f 4417 	4456 	4459
f 4460 	4457 	4420
f 4461 	4458 	4417
f 4417 	4459 	4462
f 4460 	4420 	4463
f 4461 	4417 	4462
f 4460 	4463 	4464
f 4465 	4461 	4462
f 4460 	4464 	4466
f 4467 	4465 	4462
f 4460 	4466 	4468
f 4469 	4467 	4462
f 4460 	4468 	4470
f 4471 	4469 	4462
f 4460 	4470 	4472
f 4473 	4471 	4462
f 4460 	4472 	4474
f 4475 	4473 	4462
f 4460 	4474 	4476
f 4476 	4475 	4462
f 4462 	4460 	4476
f 4349 	4346 	4461
f 4346 	4458 	4461
f 4346 	4343 	4458
f 4343 	4455 	4458
f 4343 	4340 	4455
f 4340 	4452 	4455
f 4340 	4338 	4452
f 4338 	4450 	4452
f 4338 	4335 	4450
f 4335 	4447 	4450
f 4335 	4332 	4447
f 4332 	4444 	4447
f 4332 	4329 	4444
f 4329 	4441 	4444
f 4329 	4326 	4441
f 4326 	4438 	4441
f 4326 	4323 	4438
f 4323 	4435 	4438
f 4323 	4320 	4435
f 4320 	4432 	4435
f 4320 	4317 	4432
f 4317 	4429 	4432
f 4317 	4314 	4429
f 4314 	4426 	4429
f 4314 	4311 	4426
f 4311 	4423 	4426
f 4311 	4309 	4423
f 4309 	4421 	4423
f 4309 	4301 	4421
f 4301 	4413 	4421
f 4301 	4297 	4413
f 4297 	4409 	4413
f 4297 	4293 	4409
f 4293 	4405 	4409
f 4293 	4289 	4405
f 4289 	4401 	4405
f 4289 	4285 	4401
f 4285 	4397 	4401
f 4285 	4281 	4397
f 4281 	4393 	4397
f 4281 	4277 	4393
f 4277 	4389 	4393
f 4277 	4273 	4389
f 4273 	4385 	4389
f 4273 	4269 	4385
f 4269 	4381 	4385
f 4269 	4266 	4381
f 4266 	4378 	4381
f 4266 	4255 	4378
f 4255 	4365 	4378
f 4255 	4254 	4365
f 4254 	4366 	4365
f 4254 	4253 	4366
f 4253 	4367 	4366
f 4253 	4305 	4367
f 4305 	4417 	4367
f 4305 	4258 	4417
f 4258 	4368 	4417
f 4258 	4257 	4368
f 4257 	4369 	4368
f 4257 	4256 	4369
f 4256 	4370 	4369
f 4256 	4260 	4370
f 4260 	4371 	4370
f 4260 	4259 	4371
f 4259 	4372 	4371
f 4259 	4270 	4372
f 4270 	4382 	4372
f 4270 	4274 	4382
f 4274 	4386 	4382
f 4274 	4278 	4386
f 4278 	4390 	4386
f 4278 	4282 	4390
f 4282 	4394 	4390
f 4282 	4286 	4394
f 4286 	4398 	4394
f 4286 	4290 	4398
f 4290 	4402 	4398
f 4290 	4294 	4402
f 4294 	4406 	4402
f 4294 	4298 	4406
f 4298 	4410 	4406
f 4298 	4302 	4410
f 4302 	4414 	4410
f 4302 	4306 	4414
f 4306 	4418 	4414
f 4306 	4310 	4418
f 4310 	4422 	4418
f 4310 	4312 	4422
f 4312 	4424 	4422
f 4312 	4315 	4424
f 4315 	4427 	4424
f 4315 	4318 	4427
f 4318 	4430 	4427
f 4318 	4321 	4430
f 4321 	4433 	4430
f 4321 	4324 	4433
f 4324 	4436 	4433
f 4324 	4327 	4436
f 4327 	4439 	4436
f 4327 	4330 	4439
f 4330 	4442 	4439
f 4330 	4333 	4442
f 4333 	4445 	4442
f 4333 	4336 	4445
f 4336 	4448 	4445
f 4336 	4341 	4448
f 4341 	4453 	4448
f 4341 	4344 	4453
f 4344 	4456 	4453
f 4344 	4347 	4456
f 4347 	4459 	4456
f 4347 	4350 	4459
f 4350 	4462 	4459
f 4350 	4348 	4462
f 4348 	4460 	4462
f 4348 	4345 	4460
f 4345 	4457 	4460
f 4345 	4342 	4457
f 4342 	4454 	4457
f 4342 	4339 	4454
f 4339 	4451 	4454
f 4339 	4337 	4451
f 4337 	4449 	4451
f 4337 	4334 	4449
f 4334 	4446 	4449
f 4334 	4331 	4446
f 4331 	4443 	4446
f 4331 	4328 	4443
f 4328 	4440 	4443
f 4328 	4325 	4440
f 4325 	4437 	4440
f 4325 	4322 	4437
f 4322 	4434 	4437
f 4322 	4319 	4434
f 4319 	4431 	4434
f 4319 	4316 	4431
f 4316 	4428 	4431
f 4316 	4313 	4428
f 4313 	4425 	4428
f 4313 	4307 	4425
f 4307 	4419 	4425
f 4307 	4303 	4419
f 4303 	4415 	4419
f 4303 	4299 	4415
f 4299 	4411 	4415
f 4299 	4295 	4411
f 4295 	4407 	4411
f 4295 	4291 	4407
f 4291 	4403 	4407
f 4291 	4287 	4403
f 4287 	4399 	4403
f 4287 	4283 	4399
f 4283 	4395 	4399
f 4283 	4279 	4395
f 4279 	4391 	4395
f 4279 	4275 	4391
f 4275 	4387 	4391
f 4275 	4271 	4387
f 4271 	4383 	4387
f 4271 	4267 	4383
f 4267 	4379 	4383
f 4267 	4263 	4379
f 4263 	4373 	4379
f 4263 	4262 	4373
f 4262 	4374 	4373
f 4262 	4261 	4374
f 4261 	4375 	4374
f 4261 	4265 	4375
f 4265 	4376 	4375
f 4265 	4264 	4376
f 4264 	4377 	4376
f 4264 	4268 	4377
f 4268 	4380 	4377
f 4268 	4272 	4380
f 4272 	4384 	4380
f 4272 	4276 	4384
f 4276 	4388 	4384
f 4276 	4280 	4388
f 4280 	4392 	4388
f 4280 	4284 	4392
f 4284 	4396 	4392
f 4284 	4288 	4396
f 4288 	4400 	4396
f 4288 	4292 	4400
f 4292 	4404 	4400
f 4292 	4296 	4404
f 4296 	4408 	4404
f 4296 	4300 	4408
f 4300 	4412 	4408
f 4300 	4304 	4412
f 4304 	4416 	4412
f 4304 	4308 	4416
f 4308 	4420 	4416
f 4308 	4351 	4420
f 4351 	4463 	4420
f 4351 	4352 	4463
f 4352 	4464 	4463
f 4352 	4354 	4464
f 4354 	4466 	4464
f 4354 	4356 	4466
f 4356 	4468 	4466
f 4356 	4358 	4468
f 4358 	4470 	4468
f 4358 	4360 	4470
f 4360 	4472 	4470
f 4360 	4362 	4472
f 4362 	4474 	4472
f 4362 	4364 	4474
f 4364 	4476 	4474
f 4364 	4363 	4476
f 4363 	4475 	4476
f 4363 	4361 	4475
f 4361 	4473 	4475
f 4361 	4359 	4473
f 4359 	4471 	4473
f 4359 	4357 	4471
f 4357 	4469 	4471
f 4357 	4355 	4469
f 4355 	4467 	4469
f 4355 	4353 	4467
f 4353 	4465 	4467
f 4353 	4349 	4465
f 4349 	4461 	4465
f 4477 	4478 	4479
f 4480 	4481 	4477
f 4482 	4483 	4480
f 4484 	4485 	4482
f 4486 	4487 	4484
f 4488 	4489 	4486
f 4490 	4491 	4488
f 4492 	4493 	4490
f 4494 	4495 	4492
f 4496 	4497 	4494
f 4498 	4499 	4496
f 4500 	4501 	4498
f 4502 	4503 	4500
f 4504 	4505 	4502
f 4506 	4507 	4504
f 4508 	4509 	4506
f 4510 	4511 	4508
f 4512 	4513 	4510
f 4514 	4515 	4512
f 4516 	4517 	4514
f 4518 	4519 	4516
f 4520 	4521 	4518
f 4522 	4523 	4520
f 4524 	4525 	4522
f 4526 	4527 	4524
f 4528 	4529 	4526
f 4530 	4531 	4528
f 4532 	4533 	4530
f 4534 	4535 	4532
f 4536 	4537 	4534
f 4538 	4539 	4536
f 4540 	4541 	4538
f 4542 	4543 	4540
f 4544 	4545 	4542
f 4546 	4547 	4544
f 4548 	4549 	4546
f 4550 	4551 	4548
f 4552 	4553 	4550
f 4554 	4555 	4552
f 4556 	4557 	4554
f 4558 	4559 	4556
f 4560 	4561 	4558
f 4562 	4563 	4560
f 4564 	4565 	4562
f 4566 	4567 	4564
f 4568 	4569 	4566
f 4570 	4571 	4568
f 4572 	4573 	4570
f 4574 	4575 	4572
f 4576 	4577 	4574
f 4578 	4579 	4576
f 4580 	4581 	4578
f 4582 	4583 	4580
f 4584 	4585 	4582
f 4586 	4587 	4584
f 4588 	4589 	4586
f 4590 	4591 	4588
f 4592 	4593 	4590
f 4594 	4595 	4592
f 4596 	4597 	4594
f 4598 	4599 	4596
f 4600 	4601 	4598
f 4602 	4603 	4600
f 4604 	4605 	4606
f 4607 	4608 	4604
f 4609 	4610 	4607
f 4477 	4479 	4611
f 4482 	4480 	4477
f 4486 	4484 	4482
f 4490 	4488 	4486
f 4494 	4492 	4490
f 4498 	4496 	4494
f 4502 	4500 	4498
f 4506 	4504 	4502
f 4510 	4508 	4506
f 4514 	4512 	4510
f 4518 	4516 	4514
f 4522 	4520 	4518
f 4526 	4524 	4522
f 4530 	4528 	4526
f 4534 	4532 	4530
f 4538 	4536 	4534
f 4542 	4540 	4538
f 4546 	4544 	4542
f 4550 	4548 	4546
f 4554 	4552 	4550
f 4558 	4556 	4554
f 4562 	4560 	4558
f 4566 	4564 	4562
f 4570 	4568 	4566
f 4574 	4572 	4570
f 4578 	4576 	4574
f 4582 	4580 	4578
f 4586 	4584 	4582
f 4590 	4588 	4586
f 4594 	4592 	4590
f 4598 	4596 	4594
f 4602 	4600 	4598
f 4604 	4606 	4602
f 4609 	4607 	4604
f 4477 	4611 	4612
f 4486 	4482 	4477
f 4494 	4490 	4486
f 4502 	4498 	4494
f 4510 	4506 	4502
f 4518 	4514 	4510
f 4526 	4522 	4518
f 4534 	4530 	4526
f 4542 	4538 	4534
f 4550 	4546 	4542
f 4558 	4554 	4550
f 4566 	4562 	4558
f 4574 	4570 	4566
f 4582 	4578 	4574
f 4590 	4586 	4582
f 4598 	4594 	4590
f 4604 	4602 	4598
f 4613 	4609 	4604
f 4477 	4612 	4614
f 4494 	4486 	4477
f 4510 	4502 	4494
f 4526 	4518 	4510
f 4542 	4534 	4526
f 4558 	4550 	4542
f 4574 	4566 	4558
f 4590 	4582 	4574
f 4604 	4598 	4590
f 4615 	4613 	4604
f 4477 	4614 	4616
f 4510 	4494 	4477
f 4604 	4590 	4574
f 4617 	4615 	4604
f 4477 	4616 	4618
f 4619 	4617 	4604
f 4477 	4618 	4620
f 4621 	4619 	4604
f 4477 	4620 	4622
f 4623 	4621 	4604
f 4510 	4477 	4622
f 4624 	4623 	4604
f 4510 	4622 	4625
f 4624 	4604 	4574
f 4510 	4625 	4626
f 4627 	4624 	4574
f 4510 	4626 	4628
f 4629 	4627 	4574
f 4510 	4628 	4630
f 4631 	4629 	4574
f 4510 	4630 	4632
f 4633 	4631 	4574
f 4510 	4632 	4634
f 4635 	4633 	4574
f 4510 	4634 	4636
f 4637 	4635 	4574
f 4510 	4636 	4638
f 4639 	4637 	4574
f 4510 	4638 	4640
f 4641 	4639 	4574
f 4510 	4640 	4642
f 4643 	4641 	4574
f 4510 	4642 	4644
f 4645 	4643 	4574
f 4510 	4644 	4646
f 4647 	4645 	4574
f 4510 	4646 	4648
f 4649 	4647 	4574
f 4510 	4648 	4650
f 4651 	4649 	4574
f 4510 	4650 	4652
f 4653 	4651 	4574
f 4510 	4652 	4654
f 4655 	4653 	4574
f 4510 	4654 	4656
f 4657 	4655 	4574
f 4526 	4510 	4656
f 4658 	4657 	4574
f 4526 	4656 	4659
f 4660 	4658 	4574
f 4526 	4659 	4661
f 4662 	4660 	4574
f 4526 	4661 	4663
f 4664 	4662 	4574
f 4526 	4663 	4665
f 4666 	4664 	4574
f 4526 	4665 	4667
f 4666 	4574 	4558
f 4526 	4667 	4668
f 4669 	4666 	4558
f 4526 	4668 	4670
f 4671 	4669 	4558
f 4526 	4670 	4672
f 4673 	4671 	4558
f 4542 	4526 	4672
f 4674 	4673 	4558
f 4542 	4672 	4675
f 4676 	4674 	4558
f 4542 	4675 	4677
f 4678 	4676 	4558
f 4542 	4677 	4679
f 4680 	4678 	4558
f 4542 	4679 	4681
f 4682 	4680 	4558
f 4542 	4681 	4683
f 4684 	4682 	4558
f 4542 	4683 	4685
f 4686 	4684 	4558
f 4542 	4685 	4687
f 4686 	4558 	4542
f 4542 	4687 	4688
f 4689 	4686 	4542
f 4542 	4688 	4690
f 4691 	4689 	4542
f 4542 	4690 	4692
f 4693 	4691 	4542
f 4542 	4692 	4694
f 4695 	4693 	4542
f 4542 	4694 	4696
f 4697 	4695 	4542
f 4542 	4696 	4698
f 4699 	4697 	4542
f 4542 	4698 	4700
f 4701 	4699 	4542
f 4542 	4700 	4702
f 4703 	4701 	4542
f 4542 	4702 	4704
f 4704 	4703 	4542
f 4705 	4706 	4707
f 4707 	4708 	4709
f 4709 	4710 	4711
f 4711 	4712 	4713
f 4713 	4714 	4715
f 4715 	4716 	4717
f 4717 	4718 	4719
f 4719 	4720 	4721
f 4721 	4722 	4723
f 4723 	4724 	4725
f 4725 	4726 	4727
f 4727 	4728 	4729
f 4729 	4730 	4731
f 4731 	4732 	4733
f 4733 	4734 	4735
f 4735 	4736 	4737
f 4737 	4738 	4739
f 4739 	4740 	4741
f 4741 	4742 	4743
f 4743 	4744 	4745
f 4745 	4746 	4747
f 4747 	4748 	4749
f 4749 	4750 	4751
f 4751 	4752 	4753
f 4753 	4754 	4755
f 4755 	4756 	4757
f 4757 	4758 	4759
f 4759 	4760 	4761
f 4761 	4762 	4763
f 4763 	4764 	4765
f 4765 	4766 	4767
f 4767 	4768 	4769
f 4769 	4770 	4771
f 4771 	4772 	4773
f 4773 	4774 	4775
f 4775 	4776 	4777
f 4777 	4778 	4779
f 4779 	4780 	4781
f 4781 	4782 	4783
f 4783 	4784 	4785
f 4785 	4786 	4787
f 4787 	4788 	4789
f 4789 	4790 	4791
f 4791 	4792 	4793
f 4793 	4794 	4795
f 4795 	4796 	4797
f 4797 	4798 	4799
f 4799 	4800 	4801
f 4801 	4802 	4803
f 4803 	4804 	4805
f 4805 	4806 	4807
f 4807 	4808 	4809
f 4809 	4810 	4811
f 4811 	4812 	4813
f 4813 	4814 	4815
f 4815 	4816 	4817
f 4817 	4818 	4819
f 4819 	4820 	4821
f 4821 	4822 	4823
f 4823 	4824 	4825
f 4825 	4826 	4827
f 4827 	4828 	4829
f 4829 	4830 	4831
f 4832 	4833 	4834
f 4834 	4835 	4836
f 4836 	4837 	4838
f 4839 	4705 	4707
f 4707 	4709 	4711
f 4711 	4713 	4715
f 4715 	4717 	4719
f 4719 	4721 	4723
f 4723 	4725 	4727
f 4727 	4729 	4731
f 4731 	4733 	4735
f 4735 	4737 	4739
f 4739 	4741 	4743
f 4743 	4745 	4747
f 4747 	4749 	4751
f 4751 	4753 	4755
f 4755 	4757 	4759
f 4759 	4761 	4763
f 4763 	4765 	4767
f 4767 	4769 	4771
f 4771 	4773 	4775
f 4775 	4777 	4779
f 4779 	4781 	4783
f 4783 	4785 	4787
f 4787 	4789 	4791
f 4791 	4793 	4795
f 4795 	4797 	4799
f 4799 	4801 	4803
f 4803 	4805 	4807
f 4807 	4809 	4811
f 4811 	4813 	4815
f 4815 	4817 	4819
f 4819 	4821 	4823
f 4823 	4825 	4827
f 4827 	4829 	4831
f 4831 	4832 	4834
f 4834 	4836 	4838
f 4840 	4839 	4707
f 4707 	4711 	4715
f 4715 	4719 	4723
f 4723 	4727 	4731
f 4731 	4735 	4739
f 4739 	4743 	4747
f 4747 	4751 	4755
f 4755 	4759 	4763
f 4763 	4767 	4771
f 4771 	4775 	4779
f 4779 	4783 	4787
f 4787 	4791 	4795
f 4795 	4799 	4803
f 4803 	4807 	4811
f 4811 	4815 	4819
f 4819 	4823 	4827
f 4827 	4831 	4834
f 4834 	4838 	4841
f 4842 	4840 	4707
f 4707 	4715 	4723
f 4723 	4731 	4739
f 4739 	4747 	4755
f 4755 	4763 	4771
f 4771 	4779 	4787
f 4787 	4795 	4803
f 4803 	4811 	4819
f 4819 	4827 	4834
f 4834 	4841 	4843
f 4844 	4842 	4707
f 4707 	4723 	4739
f 4803 	4819 	4834
f 4834 	4843 	4845
f 4846 	4844 	4707
f 4834 	4845 	4847
f 4848 	4846 	4707
f 4834 	4847 	4849
f 4850 	4848 	4707
f 4834 	4849 	4851
f 4850 	4707 	4739
f 4834 	4851 	4852
f 4853 	4850 	4739
f 4803 	4834 	4852
f 4854 	4853 	4739
f 4803 	4852 	4855
f 4856 	4854 	4739
f 4803 	4855 	4857
f 4858 	4856 	4739
f 4803 	4857 	4859
f 4860 	4858 	4739
f 4803 	4859 	4861
f 4862 	4860 	4739
f 4803 	4861 	4863
f 4864 	4862 	4739
f 4803 	4863 	4865
f 4866 	4864 	4739
f 4803 	4865 	4867
f 4868 	4866 	4739
f 4803 	4867 	4869
f 4870 	4868 	4739
f 4803 	4869 	4871
f 4872 	4870 	4739
f 4803 	4871 	4873
f 4874 	4872 	4739
f 4803 	4873 	4875
f 4876 	4874 	4739
f 4803 	4875 	4877
f 4878 	4876 	4739
f 4803 	4877 	4879
f 4880 	4878 	4739
f 4803 	4879 	4881
f 4882 	4880 	4739
f 4803 	4881 	4883
f 4884 	4882 	4739
f 4803 	4883 	4885
f 4884 	4739 	4755
f 4803 	4885 	4886
f 4887 	4884 	4755
f 4803 	4886 	4888
f 4889 	4887 	4755
f 4803 	4888 	4890
f 4891 	4889 	4755
f 4803 	4890 	4892
f 4893 	4891 	4755
f 4803 	4892 	4894
f 4895 	4893 	4755
f 4787 	4803 	4894
f 4896 	4895 	4755
f 4787 	4894 	4897
f 4898 	4896 	4755
f 4787 	4897 	4899
f 4900 	4898 	4755
f 4787 	4899 	4901
f 4900 	4755 	4771
f 4787 	4901 	4902
f 4903 	4900 	4771
f 4787 	4902 	4904
f 4905 	4903 	4771
f 4787 	4904 	4906
f 4907 	4905 	4771
f 4787 	4906 	4908
f 4909 	4907 	4771
f 4787 	4908 	4910
f 4911 	4909 	4771
f 4787 	4910 	4912
f 4913 	4911 	4771
f 4787 	4912 	4914
f 4915 	4913 	4771
f 4771 	4787 	4914
f 4916 	4915 	4771
f 4771 	4914 	4917
f 4918 	4916 	4771
f 4771 	4917 	4919
f 4920 	4918 	4771
f 4771 	4919 	4921
f 4922 	4920 	4771
f 4771 	4921 	4923
f 4924 	4922 	4771
f 4771 	4923 	4925
f 4926 	4924 	4771
f 4771 	4925 	4927
f 4928 	4926 	4771
f 4771 	4927 	4929
f 4930 	4928 	4771
f 4771 	4929 	4931
f 4932 	4930 	4771
f 4771 	4931 	4932
f 4660 	4662 	4888
f 4662 	4890 	4888
f 4662 	4664 	4890
f 4664 	4892 	4890
f 4664 	4666 	4892
f 4666 	4894 	4892
f 4666 	4669 	4894
f 4669 	4897 	4894
f 4669 	4671 	4897
f 4671 	4899 	4897
f 4671 	4673 	4899
f 4673 	4901 	4899
f 4673 	4674 	4901
f 4674 	4902 	4901
f 4674 	4676 	4902
f 4676 	4904 	4902
f 4676 	4678 	4904
f 4678 	4906 	4904
f 4678 	4680 	4906
f 4680 	4908 	4906
f 4680 	4682 	4908
f 4682 	4910 	4908
f 4682 	4684 	4910
f 4684 	4912 	4910
f 4684 	4686 	4912
f 4686 	4914 	4912
f 4686 	4689 	4914
f 4689 	4917 	4914
f 4689 	4691 	4917
f 4691 	4919 	4917
f 4691 	4693 	4919
f 4693 	4921 	4919
f 4693 	4695 	4921
f 4695 	4923 	4921
f 4695 	4697 	4923
f 4697 	4925 	4923
f 4697 	4699 	4925
f 4699 	4927 	4925
f 4699 	4701 	4927
f 4701 	4929 	4927
f 4701 	4703 	4929
f 4703 	4931 	4929
f 4703 	4704 	4931
f 4704 	4932 	4931
f 4704 	4702 	4932
f 4702 	4930 	4932
f 4702 	4700 	4930
f 4700 	4928 	4930
f 4700 	4698 	4928
f 4698 	4926 	4928
f 4698 	4696 	4926
f 4696 	4924 	4926
f 4696 	4694 	4924
f 4694 	4922 	4924
f 4694 	4692 	4922
f 4692 	4920 	4922
f 4692 	4690 	4920
f 4690 	4918 	4920
f 4690 	4688 	4918
f 4688 	4916 	4918
f 4688 	4687 	4916
f 4687 	4915 	4916
f 4687 	4685 	4915
f 4685 	4913 	4915
f 4685 	4683 	4913
f 4683 	4911 	4913
f 4683 	4681 	4911
f 4681 	4909 	4911
f 4681 	4679 	4909
f 4679 	4907 	4909
f 4679 	4677 	4907
f 4677 	4905 	4907
f 4677 	4675 	4905
f 4675 	4903 	4905
f 4675 	4672 	4903
f 4672 	4900 	4903
f 4672 	4670 	4900
f 4670 	4898 	4900
f 4670 	4668 	4898
f 4668 	4896 	4898
f 4668 	4667 	4896
f 4667 	4895 	4896
f 4667 	4665 	4895
f 4665 	4893 	4895
f 4665 	4663 	4893
f 4663 	4891 	4893
f 4663 	4661 	4891
f 4661 	4889 	4891
f 4661 	4659 	4889
f 4659 	4887 	4889
f 4659 	4656 	4887
f 4656 	4884 	4887
f 4656 	4654 	4884
f 4654 	4882 	4884
f 4654 	4652 	4882
f 4652 	4880 	4882
f 4652 	4650 	4880
f 4650 	4878 	4880
f 4650 	4648 	4878
f 4648 	4876 	4878
f 4648 	4646 	4876
f 4646 	4874 	4876
f 4646 	4644 	4874
f 4644 	4872 	4874
f 4644 	4642 	4872
f 4642 	4870 	4872
f 4642 	4640 	4870
f 4640 	4868 	4870
f 4640 	4638 	4868
f 4638 	4866 	4868
f 4638 	4636 	4866
f 4636 	4864 	4866
f 4636 	4634 	4864
f 4634 	4862 	4864
f 4634 	4632 	4862
f 4632 	4860 	4862
f 4632 	4630 	4860
f 4630 	4858 	4860
f 4630 	4628 	4858
f 4628 	4856 	4858
f 4628 	4626 	4856
f 4626 	4854 	4856
f 4626 	4625 	4854
f 4625 	4853 	4854
f 4625 	4622 	4853
f 4622 	4850 	4853
f 4622 	4620 	4850
f 4620 	4848 	4850
f 4620 	4618 	4848
f 4618 	4846 	4848
f 4618 	4616 	4846
f 4616 	4844 	4846
f 4616 	4614 	4844
f 4614 	4842 	4844
f 4614 	4612 	4842
f 4612 	4840 	4842
f 4612 	4611 	4840
f 4611 	4839 	4840
f 4611 	4479 	4839
f 4479 	4705 	4839
f 4479 	4478 	4705
f 4478 	4706 	4705
f 4478 	4477 	4706
f 4477 	4707 	4706
f 4477 	4481 	4707
f 4481 	4708 	4707
f 4481 	4480 	4708
f 4480 	4709 	4708
f 4480 	4483 	4709
f 4483 	4710 	4709
f 4483 	4482 	4710
f 4482 	4711 	4710
f 4482 	4485 	4711
f 4485 	4712 	4711
f 4485 	4484 	4712
f 4484 	4713 	4712
f 4484 	4487 	4713
f 4487 	4714 	4713
f 4487 	4486 	4714
f 4486 	4715 	4714
f 4486 	4489 	4715
f 4489 	4716 	4715
f 4489 	4488 	4716
f 4488 	4717 	4716
f 4488 	4491 	4717
f 4491 	4718 	4717
f 4491 	4490 	4718
f 4490 	4719 	4718
f 4490 	4493 	4719
f 4493 	4720 	4719
f 4493 	4492 	4720
f 4492 	4721 	4720
f 4492 	4495 	4721
f 4495 	4722 	4721
f 4495 	4494 	4722
f 4494 	4723 	4722
f 4494 	4497 	4723
f 4497 	4724 	4723
f 4497 	4496 	4724
f 4496 	4725 	4724
f 4496 	4499 	4725
f 4499 	4726 	4725
f 4499 	4498 	4726
f 4498 	4727 	4726
f 4498 	4501 	4727
f 4501 	4728 	4727
f 4501 	4500 	4728
f 4500 	4729 	4728
f 4500 	4503 	4729
f 4503 	4730 	4729
f 4503 	4502 	4730
f 4502 	4731 	4730
f 4502 	4505 	4731
f 4505 	4732 	4731
f 4505 	4504 	4732
f 4504 	4733 	4732
f 4504 	4507 	4733
f 4507 	4734 	4733
f 4507 	4506 	4734
f 4506 	4735 	4734
f 4506 	4509 	4735
f 4509 	4736 	4735
f 4509 	4508 	4736
f 4508 	4737 	4736
f 4508 	4511 	4737
f 4511 	4738 	4737
f 4511 	4510 	4738
f 4510 	4739 	4738
f 4510 	4513 	4739
f 4513 	4740 	4739
f 4513 	4512 	4740
f 4512 	4741 	4740
f 4512 	4515 	4741
f 4515 	4742 	4741
f 4515 	4514 	4742
f 4514 	4743 	4742
f 4514 	4517 	4743
f 4517 	4744 	4743
f 4517 	4516 	4744
f 4516 	4745 	4744
f 4516 	4519 	4745
f 4519 	4746 	4745
f 4519 	4518 	4746
f 4518 	4747 	4746
f 4518 	4521 	4747
f 4521 	4748 	4747
f 4521 	4520 	4748
f 4520 	4749 	4748
f 4520 	4523 	4749
f 4523 	4750 	4749
f 4523 	4522 	4750
f 4522 	4751 	4750
f 4522 	4525 	4751
f 4525 	4752 	4751
f 4525 	4524 	4752
f 4524 	4753 	4752
f 4524 	4527 	4753
f 4527 	4754 	4753
f 4527 	4526 	4754
f 4526 	4755 	4754
f 4526 	4529 	4755
f 4529 	4756 	4755
f 4529 	4528 	4756
f 4528 	4757 	4756
f 4528 	4531 	4757
f 4531 	4758 	4757
f 4531 	4530 	4758
f 4530 	4759 	4758
f 4530 	4533 	4759
f 4533 	4760 	4759
f 4533 	4532 	4760
f 4532 	4761 	4760
f 4532 	4535 	4761
f 4535 	4762 	4761
f 4535 	4534 	4762
f 4534 	4763 	4762
f 4534 	4537 	4763
f 4537 	4764 	4763
f 4537 	4536 	4764
f 4536 	4765 	4764
f 4536 	4539 	4765
f 4539 	4766 	4765
f 4539 	4538 	4766
f 4538 	4767 	4766
f 4538 	4541 	4767
f 4541 	4768 	4767
f 4541 	4540 	4768
f 4540 	4769 	4768
f 4540 	4543 	4769
f 4543 	4770 	4769
f 4543 	4542 	4770
f 4542 	4771 	4770
f 4542 	4545 	4771
f 4545 	4772 	4771
f 4545 	4544 	4772
f 4544 	4773 	4772
f 4544 	4547 	4773
f 4547 	4774 	4773
f 4547 	4546 	4774
f 4546 	4775 	4774
f 4546 	4549 	4775
f 4549 	4776 	4775
f 4549 	4548 	4776
f 4548 	4777 	4776
f 4548 	4551 	4777
f 4551 	4778 	4777
f 4551 	4550 	4778
f 4550 	4779 	4778
f 4550 	4553 	4779
f 4553 	4780 	4779
f 4553 	4552 	4780
f 4552 	4781 	4780
f 4552 	4555 	4781
f 4555 	4782 	4781
f 4555 	4554 	4782
f 4554 	4783 	4782
f 4554 	4557 	4783
f 4557 	4784 	4783
f 4557 	4556 	4784
f 4556 	4785 	4784
f 4556 	4559 	4785
f 4559 	4786 	4785
f 4559 	4558 	4786
f 4558 	4787 	4786
f 4558 	4561 	4787
f 4561 	4788 	4787
f 4561 	4560 	4788
f 4560 	4789 	4788
f 4560 	4563 	4789
f 4563 	4790 	4789
f 4563 	4562 	4790
f 4562 	4791 	4790
f 4562 	4565 	4791
f 4565 	4792 	4791
f 4565 	4564 	4792
f 4564 	4793 	4792
f 4564 	4567 	4793
f 4567 	4794 	4793
f 4567 	4566 	4794
f 4566 	4795 	4794
f 4566 	4569 	4795
f 4569 	4796 	4795
f 4569 	4568 	4796
f 4568 	4797 	4796
f 4568 	4571 	4797
f 4571 	4798 	4797
f 4571 	4570 	4798
f 4570 	4799 	4798
f 4570 	4573 	4799
f 4573 	4800 	4799
f 4573 	4572 	4800
f 4572 	4801 	4800
f 4572 	4575 	4801
f 4575 	4802 	4801
f 4575 	4574 	4802
f 4574 	4803 	4802
f 4574 	4577 	4803
f 4577 	4804 	4803
f 4577 	4576 	4804
f 4576 	4805 	4804
f 4576 	4579 	4805
f 4579 	4806 	4805
f 4579 	4578 	4806
f 4578 	4807 	4806
f 4578 	4581 	4807
f 4581 	4808 	4807
f 4581 	4580 	4808
f 4580 	4809 	4808
f 4580 	4583 	4809
f 4583 	4810 	4809
f 4583 	4582 	4810
f 4582 	4811 	4810
f 4582 	4585 	4811
f 4585 	4812 	4811
f 4585 	4584 	4812
f 4584 	4813 	4812
f 4584 	4587 	4813
f 4587 	4814 	4813
f 4587 	4586 	4814
f 4586 	4815 	4814
f 4586 	4589 	4815
f 4589 	4816 	4815
f 4589 	4588 	4816
f 4588 	4817 	4816
f 4588 	4591 	4817
f 4591 	4818 	4817
f 4591 	4590 	4818
f 4590 	4819 	4818
f 4590 	4593 	4819
f 4593 	4820 	4819
f 4593 	4592 	4820
f 4592 	4821 	4820
f 4592 	4595 	4821
f 4595 	4822 	4821
f 4595 	4594 	4822
f 4594 	4823 	4822
f 4594 	4597 	4823
f 4597 	4824 	4823
f 4597 	4596 	4824
f 4596 	4825 	4824
f 4596 	4599 	4825
f 4599 	4826 	4825
f 4599 	4598 	4826
f 4598 	4827 	4826
f 4598 	4601 	4827
f 4601 	4828 	4827
f 4601 	4600 	4828
f 4600 	4829 	4828
f 4600 	4603 	4829
f 4603 	4830 	4829
f 4603 	4602 	4830
f 4602 	4831 	4830
f 4602 	4606 	4831
f 4606 	4832 	4831
f 4606 	4605 	4832
f 4605 	4833 	4832
f 4605 	4604 	4833
f 4604 	4834 	4833
f 4604 	4608 	4834
f 4608 	4835 	4834
f 4608 	4607 	4835
f 4607 	4836 	4835
f 4607 	4610 	4836
f 4610 	4837 	4836
f 4610 	4609 	4837
f 4609 	4838 	4837
f 4609 	4613 	4838
f 4613 	4841 	4838
f 4613 	4615 	4841
f 4615 	4843 	4841
f 4615 	4617 	4843
f 4617 	4845 	4843
f 4617 	4619 	4845
f 4619 	4847 	4845
f 4619 	4621 	4847
f 4621 	4849 	4847
f 4621 	4623 	4849
f 4623 	4851 	4849
f 4623 	4624 	4851
f 4624 	4852 	4851
f 4624 	4627 	4852
f 4627 	4855 	4852
f 4627 	4629 	4855
f 4629 	4857 	4855
f 4629 	4631 	4857
f 4631 	4859 	4857
f 4631 	4633 	4859
f 4633 	4861 	4859
f 4633 	4635 	4861
f 4635 	4863 	4861
f 4635 	4637 	4863
f 4637 	4865 	4863
f 4637 	4639 	4865
f 4639 	4867 	4865
f 4639 	4641 	4867
f 4641 	4869 	4867
f 4641 	4643 	4869
f 4643 	4871 	4869
f 4643 	4645 	4871
f 4645 	4873 	4871
f 4645 	4647 	4873
f 4647 	4875 	4873
f 4647 	4649 	4875
f 4649 	4877 	4875
f 4649 	4651 	4877
f 4651 	4879 	4877
f 4651 	4653 	4879
f 4653 	4881 	4879
f 4653 	4655 	4881
f 4655 	4883 	4881
f 4655 	4657 	4883
f 4657 	4885 	4883
f 4657 	4658 	4885
f 4658 	4886 	4885
f 4658 	4660 	4886
f 4660 	4888 	4886
f 4933 	4934 	4935
f 4936 	4937 	4933
f 4938 	4939 	4940
f 4941 	4942 	4938
f 4943 	4944 	4941
f 4945 	4946 	4943
f 4947 	4948 	4945
f 4949 	4950 	4951
f 4952 	4953 	4949
f 4954 	4955 	4952
f 4956 	4957 	4954
f 4958 	4959 	4956
f 4960 	4961 	4958
f 4962 	4963 	4960
f 4964 	4965 	4962
f 4966 	4967 	4964
f 4968 	4969 	4966
f 4970 	4971 	4968
f 4972 	4973 	4970
f 4974 	4975 	4972
f 4976 	4977 	4974
f 4978 	4979 	4976
f 4980 	4981 	4978
f 4982 	4983 	4980
f 4984 	4985 	4982
f 4986 	4987 	4988
f 4989 	4942 	4941
f 4990 	4991 	4992
f 4993 	4994 	4990
f 4995 	4996 	4997
f 4998 	4999 	5000
f 5001 	5002 	5003
f 4933 	4935 	5004
f 5005 	4936 	4933
f 4938 	4940 	5006
f 4943 	4941 	4938
f 4951 	4947 	4945
f 4952 	4949 	4951
f 4958 	4956 	4954
f 4962 	4960 	4958
f 4966 	4964 	4962
f 4970 	4968 	4966
f 4974 	4972 	4970
f 4978 	4976 	4974
f 4982 	4980 	4978
f 5007 	4984 	4982
f 4986 	4988 	5008
f 5009 	4989 	4941
f 4990 	4992 	5010
f 5011 	4993 	4990
f 4933 	5004 	5012
f 5013 	5005 	4933
f 4938 	5006 	5014
f 4945 	4943 	4938
f 4954 	4952 	4951
f 4962 	4958 	4954
f 4974 	4970 	4966
f 5007 	4982 	4978
f 4986 	5008 	5015
f 5016 	5009 	4941
f 4990 	5010 	5017
f 5018 	5011 	4990
f 4933 	5012 	5019
f 5020 	5013 	4933
f 4938 	5014 	5021
f 4951 	4945 	4938
f 4962 	4954 	4951
f 4978 	4974 	4966
f 5022 	5007 	4978
f 4986 	5015 	5022
f 5023 	5016 	4941
f 4990 	5017 	5024
f 5025 	5018 	4990
f 4933 	5019 	5026
f 5027 	5020 	4933
f 4938 	5021 	5028
f 4962 	4951 	4938
f 5022 	4978 	4966
f 5029 	5023 	4941
f 4990 	5024 	5030
f 5031 	5025 	4990
f 4933 	5026 	5032
f 5033 	5027 	4933
f 4938 	5028 	5034
f 4966 	4962 	4938
f 4986 	5022 	4966
f 5035 	5029 	4941
f 4990 	5030 	5036
f 5037 	5031 	4990
f 4933 	5032 	5038
f 5039 	5033 	4933
f 4938 	5034 	5040
f 5041 	5035 	4941
f 4990 	5036 	5042
f 5043 	5037 	4990
f 4933 	5038 	5044
f 5045 	5039 	4933
f 4966 	4938 	5040
f 5046 	5041 	4941
f 4990 	5042 	5047
f 5048 	5043 	4990
f 4933 	5044 	5049
f 5050 	5045 	4933
f 4966 	5040 	5051
f 5052 	5046 	4941
f 4990 	5047 	5053
f 5054 	5048 	4990
f 4933 	5049 	5055
f 5056 	5050 	4933
f 4986 	4966 	5051
f 4990 	5053 	5057
f 5058 	5054 	4990
f 4933 	5055 	5059
f 5060 	5056 	4933
f 4986 	5051 	5061
f 4990 	5057 	5062
f 5063 	5058 	4990
f 4933 	5059 	5064
f 5065 	5060 	4933
f 4986 	5061 	5066
f 4990 	5062 	5067
f 5068 	5063 	4990
f 4933 	5064 	5069
f 5070 	5065 	4933
f 4986 	5066 	5071
f 4990 	5067 	5072
f 4997 	5068 	4990
f 4933 	5069 	5073
f 5074 	5070 	4933
f 4986 	5071 	5075
f 4990 	5072 	5076
f 4995 	4997 	4990
f 4933 	5073 	5077
f 5075 	5074 	4933
f 4990 	5076 	5078
f 5079 	4995 	4990
f 5075 	4933 	5077
f 5079 	4990 	5078
f 5075 	5077 	5080
f 5079 	5078 	5052
f 5075 	5080 	5081
f 5082 	5079 	5052
f 5075 	5081 	5083
f 5084 	5082 	5052
f 5075 	5083 	5085
f 5086 	5084 	5052
f 5075 	5085 	5087
f 5088 	5086 	5052
f 5075 	5087 	5089
f 5090 	5088 	5052
f 5075 	5089 	5091
f 5092 	5090 	5052
f 5075 	5091 	5093
f 5094 	5092 	5052
f 5075 	5093 	5095
f 5096 	5094 	5052
f 5075 	5095 	5097
f 5098 	5096 	5052
f 5075 	5097 	5099
f 5100 	5098 	5052
f 5075 	5099 	5101
f 5102 	5100 	5052
f 5075 	5101 	5103
f 5104 	5102 	5052
f 5075 	5103 	5105
f 5106 	5104 	5052
f 5075 	5105 	5107
f 5108 	5106 	5052
f 5075 	5107 	5109
f 5000 	5108 	5052
f 5075 	5109 	5110
f 4998 	5000 	5052
f 5075 	5110 	5111
f 5112 	4998 	5052
f 5075 	5111 	5113
f 5114 	5112 	5052
f 5075 	5113 	5115
f 5116 	5114 	5052
f 5075 	5115 	5117
f 5003 	5116 	5052
f 5075 	5117 	5118
f 5001 	5003 	5052
f 5075 	5118 	5119
f 5001 	5052 	4941
f 4986 	5075 	5119
f 5001 	4941 	4986
f 4986 	5119 	5001
f 5120 	5121 	5122
f 5122 	5123 	5124
f 5125 	5126 	5127
f 5127 	5128 	5129
f 5129 	5130 	5131
f 5131 	5132 	5133
f 5133 	5134 	5135
f 5136 	5137 	5138
f 5138 	5139 	5140
f 5140 	5141 	5142
f 5142 	5143 	5144
f 5144 	5145 	5146
f 5146 	5147 	5148
f 5148 	5149 	5150
f 5150 	5151 	5152
f 5152 	5153 	5154
f 5154 	5155 	5156
f 5156 	5157 	5158
f 5158 	5159 	5160
f 5160 	5161 	5162
f 5162 	5163 	5164
f 5164 	5165 	5166
f 5166 	5167 	5168
f 5168 	5169 	5170
f 5170 	5171 	5172
f 5173 	5174 	5175
f 5129 	5128 	5176
f 5177 	5178 	5179
f 5179 	5180 	5181
f 5182 	5183 	5184
f 5185 	5186 	5187
f 5188 	5189 	5190
f 5191 	5120 	5122
f 5122 	5124 	5192
f 5193 	5125 	5127
f 5127 	5129 	5131
f 5133 	5135 	5136
f 5136 	5138 	5140
f 5142 	5144 	5146
f 5146 	5148 	5150
f 5150 	5152 	5154
f 5154 	5156 	5158
f 5158 	5160 	5162
f 5162 	5164 	5166
f 5166 	5168 	5170
f 5170 	5172 	5194
f 5195 	5173 	5175
f 5129 	5176 	5196
f 5197 	5177 	5179
f 5179 	5181 	5198
f 5199 	5191 	5122
f 5122 	5192 	5200
f 5201 	5193 	5127
f 5127 	5131 	5133
f 5136 	5140 	5142
f 5142 	5146 	5150
f 5154 	5158 	5162
f 5166 	5170 	5194
f 5202 	5195 	5175
f 5129 	5196 	5203
f 5204 	5197 	5179
f 5179 	5198 	5205
f 5206 	5199 	5122
f 5122 	5200 	5207
f 5208 	5201 	5127
f 5127 	5133 	5136
f 5136 	5142 	5150
f 5154 	5162 	5166
f 5166 	5194 	5209
f 5209 	5202 	5175
f 5129 	5203 	5210
f 5211 	5204 	5179
f 5179 	5205 	5212
f 5213 	5206 	5122
f 5122 	5207 	5214
f 5215 	5208 	5127
f 5127 	5136 	5150
f 5154 	5166 	5209
f 5129 	5210 	5216
f 5217 	5211 	5179
f 5179 	5212 	5218
f 5219 	5213 	5122
f 5122 	5214 	5220
f 5221 	5215 	5127
f 5127 	5150 	5154
f 5154 	5209 	5175
f 5129 	5216 	5222
f 5223 	5217 	5179
f 5179 	5218 	5224
f 5225 	5219 	5122
f 5122 	5220 	5226
f 5227 	5221 	5127
f 5129 	5222 	5228
f 5229 	5223 	5179
f 5179 	5224 	5230
f 5231 	5225 	5122
f 5122 	5226 	5232
f 5227 	5127 	5154
f 5129 	5228 	5233
f 5234 	5229 	5179
f 5179 	5230 	5235
f 5236 	5231 	5122
f 5122 	5232 	5237
f 5238 	5227 	5154
f 5129 	5233 	5239
f 5240 	5234 	5179
f 5179 	5235 	5241
f 5242 	5236 	5122
f 5122 	5237 	5243
f 5238 	5154 	5175
f 5244 	5240 	5179
f 5179 	5241 	5245
f 5246 	5242 	5122
f 5122 	5243 	5247
f 5248 	5238 	5175
f 5249 	5244 	5179
f 5179 	5245 	5250
f 5251 	5246 	5122
f 5122 	5247 	5252
f 5253 	5248 	5175
f 5254 	5249 	5179
f 5179 	5250 	5255
f 5256 	5251 	5122
f 5122 	5252 	5257
f 5258 	5253 	5175
f 5259 	5254 	5179
f 5179 	5255 	5182
f 5260 	5256 	5122
f 5122 	5257 	5261
f 5262 	5258 	5175
f 5263 	5259 	5179
f 5179 	5182 	5184
f 5264 	5260 	5122
f 5122 	5261 	5262
f 5265 	5263 	5179
f 5179 	5184 	5266
f 5264 	5122 	5262
f 5265 	5179 	5266
f 5267 	5264 	5262
f 5239 	5265 	5266
f 5268 	5267 	5262
f 5239 	5266 	5269
f 5270 	5268 	5262
f 5239 	5269 	5271
f 5272 	5270 	5262
f 5239 	5271 	5273
f 5274 	5272 	5262
f 5239 	5273 	5275
f 5276 	5274 	5262
f 5239 	5275 	5277
f 5278 	5276 	5262
f 5239 	5277 	5279
f 5280 	5278 	5262
f 5239 	5279 	5281
f 5282 	5280 	5262
f 5239 	5281 	5283
f 5284 	5282 	5262
f 5239 	5283 	5285
f 5286 	5284 	5262
f 5239 	5285 	5287
f 5288 	5286 	5262
f 5239 	5287 	5289
f 5290 	5288 	5262
f 5239 	5289 	5291
f 5292 	5290 	5262
f 5239 	5291 	5293
f 5294 	5292 	5262
f 5239 	5293 	5295
f 5296 	5294 	5262
f 5239 	5295 	5185
f 5297 	5296 	5262
f 5239 	5185 	5187
f 5298 	5297 	5262
f 5239 	5187 	5299
f 5300 	5298 	5262
f 5239 	5299 	5301
f 5302 	5300 	5262
f 5239 	5301 	5303
f 5304 	5302 	5262
f 5239 	5303 	5188
f 5305 	5304 	5262
f 5239 	5188 	5190
f 5306 	5305 	5262
f 5129 	5239 	5190
f 5306 	5262 	5175
f 5175 	5129 	5190
f 5190 	5306 	5175
f 5119 	5118 	5306
f 5118 	5305 	5306
f 5118 	5117 	5305
f 5117 	5304 	5305
f 5117 	5115 	5304
f 5115 	5302 	5304
f 5115 	5113 	5302
f 5113 	5300 	5302
f 5113 	5111 	5300
f 5111 	5298 	5300
f 5111 	5110 	5298
f 5110 	5297 	5298
f 5110 	5109 	5297
f 5109 	5296 	5297
f 5109 	5107 	5296
f 5107 	5294 	5296
f 5107 	5105 	5294
f 5105 	5292 	5294
f 5105 	5103 	5292
f 5103 	5290 	5292
f 5103 	5101 	5290
f 5101 	5288 	5290
f 5101 	5099 	5288
f 5099 	5286 	5288
f 5099 	5097 	5286
f 5097 	5284 	5286
f 5097 	5095 	5284
f 5095 	5282 	5284
f 5095 	5093 	5282
f 5093 	5280 	5282
f 5093 	5091 	5280
f 5091 	5278 	5280
f 5091 	5089 	5278
f 5089 	5276 	5278
f 5089 	5087 	5276
f 5087 	5274 	5276
f 5087 	5085 	5274
f 5085 	5272 	5274
f 5085 	5083 	5272
f 5083 	5270 	5272
f 5083 	5081 	5270
f 5081 	5268 	5270
f 5081 	5080 	5268
f 5080 	5267 	5268
f 5080 	5077 	5267
f 5077 	5264 	5267
f 5077 	5073 	5264
f 5073 	5260 	5264
f 5073 	5069 	5260
f 5069 	5256 	5260
f 5069 	5064 	5256
f 5064 	5251 	5256
f 5064 	5059 	5251
f 5059 	5246 	5251
f 5059 	5055 	5246
f 5055 	5242 	5246
f 5055 	5049 	5242
f 5049 	5236 	5242
f 5049 	5044 	5236
f 5044 	5231 	5236
f 5044 	5038 	5231
f 5038 	5225 	5231
f 5038 	5032 	5225
f 5032 	5219 	5225
f 5032 	5026 	5219
f 5026 	5213 	5219
f 5026 	5019 	5213
f 5019 	5206 	5213
f 5019 	5012 	5206
f 5012 	5199 	5206
f 5012 	5004 	5199
f 5004 	5191 	5199
f 5004 	4935 	5191
f 4935 	5120 	5191
f 4935 	4934 	5120
f 4934 	5121 	5120
f 4934 	4933 	5121
f 4933 	5122 	5121
f 4933 	4937 	5122
f 4937 	5123 	5122
f 4937 	4936 	5123
f 4936 	5124 	5123
f 4936 	5005 	5124
f 5005 	5192 	5124
f 5005 	5013 	5192
f 5013 	5200 	5192
f 5013 	5020 	5200
f 5020 	5207 	5200
f 5020 	5027 	5207
f 5027 	5214 	5207
f 5027 	5033 	5214
f 5033 	5220 	5214
f 5033 	5039 	5220
f 5039 	5226 	5220
f 5039 	5045 	5226
f 5045 	5232 	5226
f 5045 	5050 	5232
f 5050 	5237 	5232
f 5050 	5056 	5237
f 5056 	5243 	5237
f 5056 	5060 	5243
f 5060 	5247 	5243
f 5060 	5065 	5247
f 5065 	5252 	5247
f 5065 	5070 	5252
f 5070 	5257 	5252
f 5070 	5074 	5257
f 5074 	5261 	5257
f 5074 	5075 	5261
f 5075 	5262 	5261
f 5075 	5071 	5262
f 5071 	5258 	5262
f 5071 	5066 	5258
f 5066 	5253 	5258
f 5066 	5061 	5253
f 5061 	5248 	5253
f 5061 	5051 	5248
f 5051 	5238 	5248
f 5051 	5040 	5238
f 5040 	5227 	5238
f 5040 	5034 	5227
f 5034 	5221 	5227
f 5034 	5028 	5221
f 5028 	5215 	5221
f 5028 	5021 	5215
f 5021 	5208 	5215
f 5021 	5014 	5208
f 5014 	5201 	5208
f 5014 	5006 	5201
f 5006 	5193 	5201
f 5006 	4940 	5193
f 4940 	5125 	5193
f 4940 	4939 	5125
f 4939 	5126 	5125
f 4939 	4938 	5126
f 4938 	5127 	5126
f 4938 	4942 	5127
f 4942 	5128 	5127
f 4942 	4989 	5128
f 4989 	5176 	5128
f 4989 	5009 	5176
f 5009 	5196 	5176
f 5009 	5016 	5196
f 5016 	5203 	5196
f 5016 	5023 	5203
f 5023 	5210 	5203
f 5023 	5029 	5210
f 5029 	5216 	5210
f 5029 	5035 	5216
f 5035 	5222 	5216
f 5035 	5041 	5222
f 5041 	5228 	5222
f 5041 	5046 	5228
f 5046 	5233 	5228
f 5046 	5052 	5233
f 5052 	5239 	5233
f 5052 	5078 	5239
f 5078 	5265 	5239
f 5078 	5076 	5265
f 5076 	5263 	5265
f 5076 	5072 	5263
f 5072 	5259 	5263
f 5072 	5067 	5259
f 5067 	5254 	5259
f 5067 	5062 	5254
f 5062 	5249 	5254
f 5062 	5057 	5249
f 5057 	5244 	5249
f 5057 	5053 	5244
f 5053 	5240 	5244
f 5053 	5047 	5240
f 5047 	5234 	5240
f 5047 	5042 	5234
f 5042 	5229 	5234
f 5042 	5036 	5229
f 5036 	5223 	5229
f 5036 	5030 	5223
f 5030 	5217 	5223
f 5030 	5024 	5217
f 5024 	5211 	5217
f 5024 	5017 	5211
f 5017 	5204 	5211
f 5017 	5010 	5204
f 5010 	5197 	5204
f 5010 	4992 	5197
f 4992 	5177 	5197
f 4992 	4991 	5177
f 4991 	5178 	5177
f 4991 	4990 	5178
f 4990 	5179 	5178
f 4990 	4994 	5179
f 4994 	5180 	5179
f 4994 	4993 	5180
f 4993 	5181 	5180
f 4993 	5011 	5181
f 5011 	5198 	5181
f 5011 	5018 	5198
f 5018 	5205 	5198
f 5018 	5025 	5205
f 5025 	5212 	5205
f 5025 	5031 	5212
f 5031 	5218 	5212
f 5031 	5037 	5218
f 5037 	5224 	5218
f 5037 	5043 	5224
f 5043 	5230 	5224
f 5043 	5048 	5230
f 5048 	5235 	5230
f 5048 	5054 	5235
f 5054 	5241 	5235
f 5054 	5058 	5241
f 5058 	5245 	5241
f 5058 	5063 	5245
f 5063 	5250 	5245
f 5063 	5068 	5250
f 5068 	5255 	5250
f 5068 	4997 	5255
f 4997 	5182 	5255
f 4997 	4996 	5182
f 4996 	5183 	5182
f 4996 	4995 	5183
f 4995 	5184 	5183
f 4995 	5079 	5184
f 5079 	5266 	5184
f 5079 	5082 	5266
f 5082 	5269 	5266
f 5082 	5084 	5269
f 5084 	5271 	5269
f 5084 	5086 	5271
f 5086 	5273 	5271
f 5086 	5088 	5273
f 5088 	5275 	5273
f 5088 	5090 	5275
f 5090 	5277 	5275
f 5090 	5092 	5277
f 5092 	5279 	5277
f 5092 	5094 	5279
f 5094 	5281 	5279
f 5094 	5096 	5281
f 5096 	5283 	5281
f 5096 	5098 	5283
f 5098 	5285 	5283
f 5098 	5100 	5285
f 5100 	5287 	5285
f 5100 	5102 	5287
f 5102 	5289 	5287
f 5102 	5104 	5289
f 5104 	5291 	5289
f 5104 	5106 	5291
f 5106 	5293 	5291
f 5106 	5108 	5293
f 5108 	5295 	5293
f 5108 	5000 	5295
f 5000 	5185 	5295
f 5000 	4999 	5185
f 4999 	5186 	5185
f 4999 	4998 	5186
f 4998 	5187 	5186
f 4998 	5112 	5187
f 5112 	5299 	5187
f 5112 	5114 	5299
f 5114 	5301 	5299
f 5114 	5116 	5301
f 5116 	5303 	5301
f 5116 	5003 	5303
f 5003 	5188 	5303
f 5003 	5002 	5188
f 5002 	5189 	5188
f 5002 	5001 	5189
f 5001 	5190 	5189
f 5001 	5119 	5190
f 5119 	5306 	5190
f 4986 	4941 	5175
f 4941 	5129 	5175
f 4941 	4944 	5129
f 4944 	5130 	5129
f 4944 	4943 	5130
f 4943 	5131 	5130
f 4943 	4946 	5131
f 4946 	5132 	5131
f 4946 	4945 	5132
f 4945 	5133 	5132
f 4945 	4948 	5133
f 4948 	5134 	5133
f 4948 	4947 	5134
f 4947 	5135 	5134
f 4947 	4951 	5135
f 4951 	5136 	5135
f 4951 	4950 	5136
f 4950 	5137 	5136
f 4950 	4949 	5137
f 4949 	5138 	5137
f 4949 	4953 	5138
f 4953 	5139 	5138
f 4953 	4952 	5139
f 4952 	5140 	5139
f 4952 	4955 	5140
f 4955 	5141 	5140
f 4955 	4954 	5141
f 4954 	5142 	5141
f 4954 	4957 	5142
f 4957 	5143 	5142
f 4957 	4956 	5143
f 4956 	5144 	5143
f 4956 	4959 	5144
f 4959 	5145 	5144
f 4959 	4958 	5145
f 4958 	5146 	5145
f 4958 	4961 	5146
f 4961 	5147 	5146
f 4961 	4960 	5147
f 4960 	5148 	5147
f 4960 	4963 	5148
f 4963 	5149 	5148
f 4963 	4962 	5149
f 4962 	5150 	5149
f 4962 	4965 	5150
f 4965 	5151 	5150
f 4965 	4964 	5151
f 4964 	5152 	5151
f 4964 	4967 	5152
f 4967 	5153 	5152
f 4967 	4966 	5153
f 4966 	5154 	5153
f 4966 	4969 	5154
f 4969 	5155 	5154
f 4969 	4968 	5155
f 4968 	5156 	5155
f 4968 	4971 	5156
f 4971 	5157 	5156
f 4971 	4970 	5157
f 4970 	5158 	5157
f 4970 	4973 	5158
f 4973 	5159 	5158
f 4973 	4972 	5159
f 4972 	5160 	5159
f 4972 	4975 	5160
f 4975 	5161 	5160
f 4975 	4974 	5161
f 4974 	5162 	5161
f 4974 	4977 	5162
f 4977 	5163 	5162
f 4977 	4976 	5163
f 4976 	5164 	5163
f 4976 	4979 	5164
f 4979 	5165 	5164
f 4979 	4978 	5165
f 4978 	5166 	5165
f 4978 	4981 	5166
f 4981 	5167 	5166
f 4981 	4980 	5167
f 4980 	5168 	5167
f 4980 	4983 	5168
f 4983 	5169 	5168
f 4983 	4982 	5169
f 4982 	5170 	5169
f 4982 	4985 	5170
f 4985 	5171 	5170
f 4985 	4984 	5171
f 4984 	5172 	5171
f 4984 	5007 	5172
f 5007 	5194 	5172
f 5007 	5022 	5194
f 5022 	5209 	5194
f 5022 	5015 	5209
f 5015 	5202 	5209
f 5015 	5008 	5202
f 5008 	5195 	5202
f 5008 	4988 	5195
f 4988 	5173 	5195
f 4988 	4987 	5173
f 4987 	5174 	5173
f 4987 	4986 	5174
f 4986 	5175 	5174
f 5307 	5308 	5309
f 5310 	5311 	5307
f 5312 	5313 	5314
f 5315 	5316 	5317
f 5318 	5319 	5320
f 5321 	5322 	5323
f 5324 	5325 	5326
f 5327 	5328 	5324
f 5329 	5330 	5331
f 5307 	5309 	5332
f 5333 	5310 	5307
f 5315 	5317 	5334
f 5335 	5318 	5320
f 5324 	5326 	5336
f 5337 	5327 	5324
f 5307 	5332 	5338
f 5339 	5333 	5307
f 5315 	5334 	5340
f 5341 	5335 	5320
f 5324 	5336 	5342
f 5343 	5337 	5324
f 5307 	5338 	5344
f 5345 	5339 	5307
f 5315 	5340 	5346
f 5347 	5341 	5320
f 5324 	5342 	5348
f 5349 	5343 	5324
f 5307 	5344 	5350
f 5351 	5345 	5307
f 5315 	5346 	5352
f 5353 	5347 	5320
f 5324 	5348 	5354
f 5355 	5349 	5324
f 5307 	5350 	5356
f 5357 	5351 	5307
f 5315 	5352 	5312
f 5358 	5353 	5320
f 5324 	5354 	5359
f 5360 	5355 	5324
f 5307 	5356 	5361
f 5362 	5357 	5307
f 5315 	5312 	5314
f 5323 	5358 	5320
f 5324 	5359 	5363
f 5364 	5360 	5324
f 5307 	5361 	5365
f 5366 	5362 	5307
f 5315 	5314 	5367
f 5321 	5323 	5320
f 5324 	5363 	5368
f 5369 	5364 	5324
f 5307 	5365 	5370
f 5371 	5366 	5307
f 5315 	5367 	5372
f 5373 	5321 	5320
f 5324 	5368 	5374
f 5375 	5369 	5324
f 5307 	5370 	5376
f 5377 	5371 	5307
f 5315 	5372 	5378
f 5379 	5373 	5320
f 5324 	5374 	5380
f 5381 	5375 	5324
f 5307 	5376 	5382
f 5383 	5377 	5307
f 5315 	5378 	5384
f 5385 	5379 	5320
f 5324 	5380 	5386
f 5387 	5381 	5324
f 5307 	5382 	5388
f 5389 	5383 	5307
f 5390 	5315 	5384
f 5391 	5385 	5320
f 5324 	5386 	5392
f 5393 	5387 	5324
f 5307 	5388 	5394
f 5390 	5384 	5395
f 5396 	5391 	5320
f 5324 	5392 	5397
f 5398 	5393 	5324
f 5307 	5394 	5399
f 5390 	5395 	5400
f 5401 	5396 	5320
f 5398 	5324 	5397
f 5307 	5399 	5402
f 5390 	5400 	5403
f 5404 	5401 	5320
f 5398 	5397 	5405
f 5307 	5402 	5406
f 5390 	5403 	5407
f 5408 	5404 	5320
f 5398 	5405 	5409
f 5307 	5406 	5410
f 5390 	5407 	5411
f 5412 	5408 	5320
f 5398 	5409 	5413
f 5307 	5410 	5414
f 5390 	5411 	5415
f 5416 	5412 	5320
f 5398 	5413 	5417
f 5307 	5414 	5418
f 5390 	5415 	5419
f 5420 	5416 	5320
f 5398 	5417 	5421
f 5307 	5418 	5422
f 5390 	5419 	5423
f 5424 	5420 	5320
f 5398 	5421 	5425
f 5307 	5422 	5426
f 5390 	5423 	5427
f 5428 	5424 	5320
f 5398 	5425 	5429
f 5307 	5426 	5430
f 5390 	5427 	5431
f 5432 	5428 	5320
f 5398 	5429 	5433
f 5307 	5430 	5434
f 5390 	5431 	5435
f 5436 	5432 	5320
f 5398 	5433 	5437
f 5307 	5434 	5438
f 5390 	5435 	5439
f 5440 	5436 	5320
f 5398 	5437 	5441
f 5307 	5438 	5442
f 5390 	5439 	5443
f 5444 	5440 	5320
f 5398 	5441 	5445
f 5307 	5442 	5446
f 5398 	5445 	5447
f 5389 	5307 	5446
f 5448 	5398 	5447
f 5449 	5389 	5446
f 5450 	5448 	5447
f 5451 	5449 	5446
f 5452 	5450 	5447
f 5453 	5451 	5446
f 5454 	5452 	5447
f 5455 	5453 	5446
f 5456 	5454 	5447
f 5457 	5455 	5446
f 5458 	5456 	5447
f 5459 	5457 	5446
f 5460 	5458 	5447
f 5461 	5459 	5446
f 5462 	5460 	5447
f 5461 	5446 	5463
f 5464 	5462 	5447
f 5465 	5461 	5463
f 5466 	5464 	5447
f 5467 	5465 	5463
f 5466 	5447 	5444
f 5468 	5467 	5463
f 5469 	5466 	5444
f 5470 	5468 	5463
f 5471 	5469 	5444
f 5472 	5470 	5463
f 5473 	5471 	5444
f 5474 	5472 	5463
f 5331 	5473 	5444
f 5443 	5474 	5463
f 5331 	5444 	5320
f 5390 	5443 	5463
f 5331 	5320 	5475
f 5390 	5463 	5329
f 5329 	5331 	5475
f 5475 	5390 	5329
f 5476 	5477 	5478
f 5478 	5479 	5480
f 5481 	5482 	5483
f 5484 	5485 	5486
f 5487 	5488 	5489
f 5490 	5491 	5492
f 5493 	5494 	5495
f 5495 	5496 	5497
f 5498 	5499 	5500
f 5501 	5476 	5478
f 5478 	5480 	5502
f 5503 	5484 	5486
f 5487 	5489 	5504
f 5505 	5493 	5495
f 5495 	5497 	5506
f 5507 	5501 	5478
f 5478 	5502 	5508
f 5509 	5503 	5486
f 5487 	5504 	5510
f 5511 	5505 	5495
f 5495 	5506 	5512
f 5513 	5507 	5478
f 5478 	5508 	5514
f 5515 	5509 	5486
f 5487 	5510 	5516
f 5517 	5511 	5495
f 5495 	5512 	5518
f 5519 	5513 	5478
f 5478 	5514 	5520
f 5521 	5515 	5486
f 5487 	5516 	5522
f 5523 	5517 	5495
f 5495 	5518 	5524
f 5525 	5519 	5478
f 5478 	5520 	5526
f 5483 	5521 	5486
f 5487 	5522 	5527
f 5528 	5523 	5495
f 5495 	5524 	5529
f 5530 	5525 	5478
f 5478 	5526 	5531
f 5481 	5483 	5486
f 5487 	5527 	5490
f 5532 	5528 	5495
f 5495 	5529 	5533
f 5534 	5530 	5478
f 5478 	5531 	5535
f 5536 	5481 	5486
f 5487 	5490 	5492
f 5537 	5532 	5495
f 5495 	5533 	5538
f 5539 	5534 	5478
f 5478 	5535 	5540
f 5541 	5536 	5486
f 5487 	5492 	5542
f 5543 	5537 	5495
f 5495 	5538 	5544
f 5545 	5539 	5478
f 5478 	5540 	5546
f 5547 	5541 	5486
f 5487 	5542 	5548
f 5549 	5543 	5495
f 5495 	5544 	5550
f 5551 	5545 	5478
f 5478 	5546 	5552
f 5553 	5547 	5486
f 5487 	5548 	5554
f 5555 	5549 	5495
f 5495 	5550 	5556
f 5557 	5551 	5478
f 5478 	5552 	5558
f 5553 	5486 	5559
f 5487 	5554 	5560
f 5561 	5555 	5495
f 5495 	5556 	5562
f 5563 	5557 	5478
f 5564 	5553 	5559
f 5487 	5560 	5565
f 5566 	5561 	5495
f 5495 	5562 	5567
f 5568 	5563 	5478
f 5569 	5564 	5559
f 5487 	5565 	5570
f 5566 	5495 	5567
f 5571 	5568 	5478
f 5572 	5569 	5559
f 5487 	5570 	5573
f 5574 	5566 	5567
f 5575 	5571 	5478
f 5576 	5572 	5559
f 5487 	5573 	5577
f 5578 	5574 	5567
f 5579 	5575 	5478
f 5580 	5576 	5559
f 5487 	5577 	5581
f 5582 	5578 	5567
f 5583 	5579 	5478
f 5584 	5580 	5559
f 5487 	5581 	5585
f 5586 	5582 	5567
f 5587 	5583 	5478
f 5588 	5584 	5559
f 5487 	5585 	5589
f 5590 	5586 	5567
f 5591 	5587 	5478
f 5592 	5588 	5559
f 5487 	5589 	5593
f 5594 	5590 	5567
f 5595 	5591 	5478
f 5596 	5592 	5559
f 5487 	5593 	5597
f 5598 	5594 	5567
f 5599 	5595 	5478
f 5600 	5596 	5559
f 5487 	5597 	5601
f 5602 	5598 	5567
f 5603 	5599 	5478
f 5604 	5600 	5559
f 5487 	5601 	5605
f 5606 	5602 	5567
f 5607 	5603 	5478
f 5608 	5604 	5559
f 5487 	5605 	5609
f 5610 	5606 	5567
f 5611 	5607 	5478
f 5612 	5608 	5559
f 5487 	5609 	5613
f 5614 	5610 	5567
f 5615 	5611 	5478
f 5616 	5614 	5567
f 5615 	5478 	5558
f 5616 	5567 	5617
f 5615 	5558 	5618
f 5616 	5617 	5619
f 5615 	5618 	5620
f 5616 	5619 	5621
f 5615 	5620 	5622
f 5616 	5621 	5623
f 5615 	5622 	5624
f 5616 	5623 	5625
f 5615 	5624 	5626
f 5616 	5625 	5627
f 5615 	5626 	5628
f 5616 	5627 	5629
f 5615 	5628 	5630
f 5616 	5629 	5631
f 5632 	5615 	5630
f 5616 	5631 	5633
f 5632 	5630 	5634
f 5616 	5633 	5635
f 5632 	5634 	5636
f 5613 	5616 	5635
f 5632 	5636 	5637
f 5613 	5635 	5638
f 5632 	5637 	5639
f 5613 	5638 	5640
f 5632 	5639 	5641
f 5613 	5640 	5642
f 5632 	5641 	5643
f 5613 	5642 	5498
f 5632 	5643 	5612
f 5487 	5613 	5498
f 5632 	5612 	5559
f 5644 	5487 	5498
f 5500 	5632 	5559
f 5644 	5498 	5500
f 5500 	5559 	5644
f 5307 	5311 	5478
f 5311 	5479 	5478
f 5311 	5310 	5479
f 5310 	5480 	5479
f 5310 	5333 	5480
f 5333 	5502 	5480
f 5333 	5339 	5502
f 5339 	5508 	5502
f 5339 	5345 	5508
f 5345 	5514 	5508
f 5345 	5351 	5514
f 5351 	5520 	5514
f 5351 	5357 	5520
f 5357 	5526 	5520
f 5357 	5362 	5526
f 5362 	5531 	5526
f 5362 	5366 	5531
f 5366 	5535 	5531
f 5366 	5371 	5535
f 5371 	5540 	5535
f 5371 	5377 	5540
f 5377 	5546 	5540
f 5377 	5383 	5546
f 5383 	5552 	5546
f 5383 	5389 	5552
f 5389 	5558 	5552
f 5389 	5449 	5558
f 5449 	5618 	5558
f 5449 	5451 	5618
f 5451 	5620 	5618
f 5451 	5453 	5620
f 5453 	5622 	5620
f 5453 	5455 	5622
f 5455 	5624 	5622
f 5455 	5457 	5624
f 5457 	5626 	5624
f 5457 	5459 	5626
f 5459 	5628 	5626
f 5459 	5461 	5628
f 5461 	5630 	5628
f 5461 	5465 	5630
f 5465 	5634 	5630
f 5465 	5467 	5634
f 5467 	5636 	5634
f 5467 	5468 	5636
f 5468 	5637 	5636
f 5468 	5470 	5637
f 5470 	5639 	5637
f 5470 	5472 	5639
f 5472 	5641 	5639
f 5472 	5474 	5641
f 5474 	5643 	5641
f 5474 	5443 	5643
f 5443 	5612 	5643
f 5443 	5439 	5612
f 5439 	5608 	5612
f 5439 	5435 	5608
f 5435 	5604 	5608
f 5435 	5431 	5604
f 5431 	5600 	5604
f 5431 	5427 	5600
f 5427 	5596 	5600
f 5427 	5423 	5596
f 5423 	5592 	5596
f 5423 	5419 	5592
f 5419 	5588 	5592
f 5419 	5415 	5588
f 5415 	5584 	5588
f 5415 	5411 	5584
f 5411 	5580 	5584
f 5411 	5407 	5580
f 5407 	5576 	5580
f 5407 	5403 	5576
f 5403 	5572 	5576
f 5403 	5400 	5572
f 5400 	5569 	5572
f 5400 	5395 	5569
f 5395 	5564 	5569
f 5395 	5384 	5564
f 5384 	5553 	5564
f 5384 	5378 	5553
f 5378 	5547 	5553
f 5378 	5372 	5547
f 5372 	5541 	5547
f 5372 	5367 	5541
f 5367 	5536 	5541
f 5367 	5314 	5536
f 5314 	5481 	5536
f 5314 	5313 	5481
f 5313 	5482 	5481
f 5313 	5312 	5482
f 5312 	5483 	5482
f 5312 	5352 	5483
f 5352 	5521 	5483
f 5352 	5346 	5521
f 5346 	5515 	5521
f 5346 	5340 	5515
f 5340 	5509 	5515
f 5340 	5334 	5509
f 5334 	5503 	5509
f 5334 	5317 	5503
f 5317 	5484 	5503
f 5317 	5316 	5484
f 5316 	5485 	5484
f 5316 	5315 	5485
f 5315 	5486 	5485
f 5315 	5390 	5486
f 5390 	5559 	5486
f 5390 	5475 	5559
f 5475 	5644 	5559
f 5475 	5320 	5644
f 5320 	5487 	5644
f 5320 	5319 	5487
f 5319 	5488 	5487
f 5319 	5318 	5488
f 5318 	5489 	5488
f 5318 	5335 	5489
f 5335 	5504 	5489
f 5335 	5341 	5504
f 5341 	5510 	5504
f 5341 	5347 	5510
f 5347 	5516 	5510
f 5347 	5353 	5516
f 5353 	5522 	5516
f 5353 	5358 	5522
f 5358 	5527 	5522
f 5358 	5323 	5527
f 5323 	5490 	5527
f 5323 	5322 	5490
f 5322 	5491 	5490
f 5322 	5321 	5491
f 5321 	5492 	5491
f 5321 	5373 	5492
f 5373 	5542 	5492
f 5373 	5379 	5542
f 5379 	5548 	5542
f 5379 	5385 	5548
f 5385 	5554 	5548
f 5385 	5391 	5554
f 5391 	5560 	5554
f 5391 	5396 	5560
f 5396 	5565 	5560
f 5396 	5401 	5565
f 5401 	5570 	5565
f 5401 	5404 	5570
f 5404 	5573 	5570
f 5404 	5408 	5573
f 5408 	5577 	5573
f 5408 	5412 	5577
f 5412 	5581 	5577
f 5412 	5416 	5581
f 5416 	5585 	5581
f 5416 	5420 	5585
f 5420 	5589 	5585
f 5420 	5424 	5589
f 5424 	5593 	5589
f 5424 	5428 	5593
f 5428 	5597 	5593
f 5428 	5432 	5597
f 5432 	5601 	5597
f 5432 	5436 	5601
f 5436 	5605 	5601
f 5436 	5440 	5605
f 5440 	5609 	5605
f 5440 	5444 	5609
f 5444 	5613 	5609
f 5444 	5447 	5613
f 5447 	5616 	5613
f 5447 	5445 	5616
f 5445 	5614 	5616
f 5445 	5441 	5614
f 5441 	5610 	5614
f 5441 	5437 	5610
f 5437 	5606 	5610
f 5437 	5433 	5606
f 5433 	5602 	5606
f 5433 	5429 	5602
f 5429 	5598 	5602
f 5429 	5425 	5598
f 5425 	5594 	5598
f 5425 	5421 	5594
f 5421 	5590 	5594
f 5421 	5417 	5590
f 5417 	5586 	5590
f 5417 	5413 	5586
f 5413 	5582 	5586
f 5413 	5409 	5582
f 5409 	5578 	5582
f 5409 	5405 	5578
f 5405 	5574 	5578
f 5405 	5397 	5574
f 5397 	5566 	5574
f 5397 	5392 	5566
f 5392 	5561 	5566
f 5392 	5386 	5561
f 5386 	5555 	5561
f 5386 	5380 	5555
f 5380 	5549 	5555
f 5380 	5374 	5549
f 5374 	5543 	5549
f 5374 	5368 	5543
f 5368 	5537 	5543
f 5368 	5363 	5537
f 5363 	5532 	5537
f 5363 	5359 	5532
f 5359 	5528 	5532
f 5359 	5354 	5528
f 5354 	5523 	5528
f 5354 	5348 	5523
f 5348 	5517 	5523
f 5348 	5342 	5517
f 5342 	5511 	5517
f 5342 	5336 	5511
f 5336 	5505 	5511
f 5336 	5326 	5505
f 5326 	5493 	5505
f 5326 	5325 	5493
f 5325 	5494 	5493
f 5325 	5324 	5494
f 5324 	5495 	5494
f 5324 	5328 	5495
f 5328 	5496 	5495
f 5328 	5327 	5496
f 5327 	5497 	5496
f 5327 	5337 	5497
f 5337 	5506 	5497
f 5337 	5343 	5506
f 5343 	5512 	5506
f 5343 	5349 	5512
f 5349 	5518 	5512
f 5349 	5355 	5518
f 5355 	5524 	5518
f 5355 	5360 	5524
f 5360 	5529 	5524
f 5360 	5364 	5529
f 5364 	5533 	5529
f 5364 	5369 	5533
f 5369 	5538 	5533
f 5369 	5375 	5538
f 5375 	5544 	5538
f 5375 	5381 	5544
f 5381 	5550 	5544
f 5381 	5387 	5550
f 5387 	5556 	5550
f 5387 	5393 	5556
f 5393 	5562 	5556
f 5393 	5398 	5562
f 5398 	5567 	5562
f 5398 	5448 	5567
f 5448 	5617 	5567
f 5448 	5450 	5617
f 5450 	5619 	5617
f 5450 	5452 	5619
f 5452 	5621 	5619
f 5452 	5454 	5621
f 5454 	5623 	5621
f 5454 	5456 	5623
f 5456 	5625 	5623
f 5456 	5458 	5625
f 5458 	5627 	5625
f 5458 	5460 	5627
f 5460 	5629 	5627
f 5460 	5462 	5629
f 5462 	5631 	5629
f 5462 	5464 	5631
f 5464 	5633 	5631
f 5464 	5466 	5633
f 5466 	5635 	5633
f 5466 	5469 	5635
f 5469 	5638 	5635
f 5469 	5471 	5638
f 5471 	5640 	5638
f 5471 	5473 	5640
f 5473 	5642 	5640
f 5473 	5331 	5642
f 5331 	5498 	5642
f 5331 	5330 	5498
f 5330 	5499 	5498
f 5330 	5329 	5499
f 5329 	5500 	5499
f 5329 	5463 	5500
f 5463 	5632 	5500
f 5463 	5446 	5632
f 5446 	5615 	5632
f 5446 	5442 	5615
f 5442 	5611 	5615
f 5442 	5438 	5611
f 5438 	5607 	5611
f 5438 	5434 	5607
f 5434 	5603 	5607
f 5434 	5430 	5603
f 5430 	5599 	5603
f 5430 	5426 	5599
f 5426 	5595 	5599
f 5426 	5422 	5595
f 5422 	5591 	5595
f 5422 	5418 	5591
f 5418 	5587 	5591
f 5418 	5414 	5587
f 5414 	5583 	5587
f 5414 	5410 	5583
f 5410 	5579 	5583
f 5410 	5406 	5579
f 5406 	5575 	5579
f 5406 	5402 	5575
f 5402 	5571 	5575
f 5402 	5399 	5571
f 5399 	5568 	5571
f 5399 	5394 	5568
f 5394 	5563 	5568
f 5394 	5388 	5563
f 5388 	5557 	5563
f 5388 	5382 	5557
f 5382 	5551 	5557
f 5382 	5376 	5551
f 5376 	5545 	5551
f 5376 	5370 	5545
f 5370 	5539 	5545
f 5370 	5365 	5539
f 5365 	5534 	5539
f 5365 	5361 	5534
f 5361 	5530 	5534
f 5361 	5356 	5530
f 5356 	5525 	5530
f 5356 	5350 	5525
f 5350 	5519 	5525
f 5350 	5344 	5519
f 5344 	5513 	5519
f 5344 	5338 	5513
f 5338 	5507 	5513
f 5338 	5332 	5507
f 5332 	5501 	5507
f 5332 	5309 	5501
f 5309 	5476 	5501
f 5309 	5308 	5476
f 5308 	5477 	5476
f 5308 	5307 	5477
f 5307 	5478 	5477
f 5645 	5646 	5647
f 5648 	5649 	5645
f 5650 	5651 	5652
f 5653 	5654 	5650
f 5655 	5656 	5653
f 5657 	5658 	5659
f 5660 	5661 	5662
f 5663 	5664 	5660
f 5665 	5666 	5663
f 5667 	5668 	5665
f 5669 	5670 	5667
f 5671 	5672 	5669
f 5673 	5674 	5671
f 5675 	5676 	5673
f 5677 	5678 	5675
f 5679 	5680 	5677
f 5681 	5682 	5679
f 5683 	5684 	5681
f 5685 	5686 	5683
f 5687 	5688 	5685
f 5689 	5690 	5687
f 5691 	5692 	5689
f 5693 	5694 	5691
f 5695 	5696 	5693
f 5697 	5698 	5699
f 5700 	5654 	5653
f 5701 	5702 	5703
f 5704 	5705 	5701
f 5706 	5707 	5708
f 5709 	5710 	5711
f 5712 	5713 	5714
f 5645 	5647 	5715
f 5716 	5648 	5645
f 5650 	5652 	5717
f 5655 	5653 	5650
f 5657 	5659 	5718
f 5663 	5660 	5662
f 5669 	5667 	5665
f 5673 	5671 	5669
f 5677 	5675 	5673
f 5681 	5679 	5677
f 5685 	5683 	5681
f 5689 	5687 	5685
f 5693 	5691 	5689
f 5719 	5695 	5693
f 5697 	5699 	5720
f 5721 	5700 	5653
f 5701 	5703 	5722
f 5723 	5704 	5701
f 5645 	5715 	5724
f 5725 	5716 	5645
f 5650 	5717 	5726
f 5718 	5655 	5650
f 5662 	5657 	5718
f 5665 	5663 	5662
f 5673 	5669 	5665
f 5685 	5681 	5677
f 5719 	5693 	5689
f 5697 	5720 	5727
f 5728 	5721 	5653
f 5701 	5722 	5729
f 5730 	5723 	5701
f 5645 	5724 	5731
f 5732 	5725 	5645
f 5650 	5726 	5733
f 5662 	5718 	5650
f 5673 	5665 	5662
f 5689 	5685 	5677
f 5734 	5719 	5689
f 5697 	5727 	5734
f 5735 	5728 	5653
f 5701 	5729 	5736
f 5737 	5730 	5701
f 5645 	5731 	5738
f 5739 	5732 	5645
f 5650 	5733 	5740
f 5673 	5662 	5650
f 5734 	5689 	5677
f 5741 	5735 	5653
f 5701 	5736 	5742
f 5743 	5737 	5701
f 5645 	5738 	5744
f 5745 	5739 	5645
f 5650 	5740 	5746
f 5677 	5673 	5650
f 5697 	5734 	5677
f 5747 	5741 	5653
f 5701 	5742 	5748
f 5749 	5743 	5701
f 5645 	5744 	5750
f 5751 	5745 	5645
f 5650 	5746 	5752
f 5753 	5747 	5653
f 5701 	5748 	5754
f 5755 	5749 	5701
f 5645 	5750 	5756
f 5757 	5751 	5645
f 5677 	5650 	5752
f 5758 	5753 	5653
f 5701 	5754 	5759
f 5760 	5755 	5701
f 5645 	5756 	5761
f 5762 	5757 	5645
f 5677 	5752 	5763
f 5764 	5758 	5653
f 5701 	5759 	5765
f 5766 	5760 	5701
f 5645 	5761 	5767
f 5768 	5762 	5645
f 5697 	5677 	5763
f 5701 	5765 	5769
f 5770 	5766 	5701
f 5645 	5767 	5771
f 5772 	5768 	5645
f 5697 	5763 	5773
f 5701 	5769 	5774
f 5775 	5770 	5701
f 5645 	5771 	5776
f 5777 	5772 	5645
f 5697 	5773 	5778
f 5701 	5774 	5779
f 5780 	5775 	5701
f 5645 	5776 	5781
f 5782 	5777 	5645
f 5697 	5778 	5783
f 5701 	5779 	5784
f 5708 	5780 	5701
f 5645 	5781 	5785
f 5786 	5782 	5645
f 5697 	5783 	5787
f 5701 	5784 	5788
f 5706 	5708 	5701
f 5645 	5785 	5789
f 5787 	5786 	5645
f 5701 	5788 	5790
f 5791 	5706 	5701
f 5787 	5645 	5789
f 5791 	5701 	5790
f 5787 	5789 	5792
f 5791 	5790 	5764
f 5787 	5792 	5793
f 5794 	5791 	5764
f 5787 	5793 	5795
f 5796 	5794 	5764
f 5787 	5795 	5797
f 5798 	5796 	5764
f 5787 	5797 	5799
f 5800 	5798 	5764
f 5787 	5799 	5801
f 5802 	5800 	5764
f 5787 	5801 	5803
f 5804 	5802 	5764
f 5787 	5803 	5805
f 5806 	5804 	5764
f 5787 	5805 	5807
f 5808 	5806 	5764
f 5787 	5807 	5809
f 5810 	5808 	5764
f 5787 	5809 	5811
f 5812 	5810 	5764
f 5787 	5811 	5813
f 5814 	5812 	5764
f 5787 	5813 	5815
f 5816 	5814 	5764
f 5787 	5815 	5817
f 5818 	5816 	5764
f 5787 	5817 	5819
f 5820 	5818 	5764
f 5787 	5819 	5821
f 5711 	5820 	5764
f 5787 	5821 	5822
f 5709 	5711 	5764
f 5787 	5822 	5823
f 5824 	5709 	5764
f 5787 	5823 	5825
f 5826 	5824 	5764
f 5787 	5825 	5827
f 5828 	5826 	5764
f 5787 	5827 	5829
f 5714 	5828 	5764
f 5787 	5829 	5830
f 5712 	5714 	5764
f 5787 	5830 	5831
f 5712 	5764 	5653
f 5697 	5787 	5831
f 5712 	5653 	5697
f 5697 	5831 	5712
f 5832 	5833 	5834
f 5834 	5835 	5836
f 5837 	5838 	5839
f 5839 	5840 	5841
f 5841 	5842 	5843
f 5844 	5845 	5846
f 5847 	5848 	5849
f 5849 	5850 	5851
f 5851 	5852 	5853
f 5853 	5854 	5855
f 5855 	5856 	5857
f 5857 	5858 	5859
f 5859 	5860 	5861
f 5861 	5862 	5863
f 5863 	5864 	5865
f 5865 	5866 	5867
f 5867 	5868 	5869
f 5869 	5870 	5871
f 5871 	5872 	5873
f 5873 	5874 	5875
f 5875 	5876 	5877
f 5877 	5878 	5879
f 5879 	5880 	5881
f 5881 	5882 	5883
f 5884 	5885 	5886
f 5841 	5840 	5887
f 5888 	5889 	5890
f 5890 	5891 	5892
f 5893 	5894 	5895
f 5896 	5897 	5898
f 5899 	5900 	5901
f 5902 	5832 	5834
f 5834 	5836 	5903
f 5904 	5837 	5839
f 5839 	5841 	5843
f 5905 	5844 	5846
f 5847 	5849 	5851
f 5853 	5855 	5857
f 5857 	5859 	5861
f 5861 	5863 	5865
f 5865 	5867 	5869
f 5869 	5871 	5873
f 5873 	5875 	5877
f 5877 	5879 	5881
f 5881 	5883 	5906
f 5907 	5884 	5886
f 5841 	5887 	5908
f 5909 	5888 	5890
f 5890 	5892 	5910
f 5911 	5902 	5834
f 5834 	5903 	5912
f 5913 	5904 	5839
f 5839 	5843 	5905
f 5905 	5846 	5847
f 5847 	5851 	5853
f 5853 	5857 	5861
f 5865 	5869 	5873
f 5877 	5881 	5906
f 5914 	5907 	5886
f 5841 	5908 	5915
f 5916 	5909 	5890
f 5890 	5910 	5917
f 5918 	5911 	5834
f 5834 	5912 	5919
f 5920 	5913 	5839
f 5839 	5905 	5847
f 5847 	5853 	5861
f 5865 	5873 	5877
f 5877 	5906 	5921
f 5921 	5914 	5886
f 5841 	5915 	5922
f 5923 	5916 	5890
f 5890 	5917 	5924
f 5925 	5918 	5834
f 5834 	5919 	5926
f 5927 	5920 	5839
f 5839 	5847 	5861
f 5865 	5877 	5921
f 5841 	5922 	5928
f 5929 	5923 	5890
f 5890 	5924 	5930
f 5931 	5925 	5834
f 5834 	5926 	5932
f 5933 	5927 	5839
f 5839 	5861 	5865
f 5865 	5921 	5886
f 5841 	5928 	5934
f 5935 	5929 	5890
f 5890 	5930 	5936
f 5937 	5931 	5834
f 5834 	5932 	5938
f 5939 	5933 	5839
f 5841 	5934 	5940
f 5941 	5935 	5890
f 5890 	5936 	5942
f 5943 	5937 	5834
f 5834 	5938 	5944
f 5939 	5839 	5865
f 5841 	5940 	5945
f 5946 	5941 	5890
f 5890 	5942 	5947
f 5948 	5943 	5834
f 5834 	5944 	5949
f 5950 	5939 	5865
f 5841 	5945 	5951
f 5952 	5946 	5890
f 5890 	5947 	5953
f 5954 	5948 	5834
f 5834 	5949 	5955
f 5950 	5865 	5886
f 5956 	5952 	5890
f 5890 	5953 	5957
f 5958 	5954 	5834
f 5834 	5955 	5959
f 5960 	5950 	5886
f 5961 	5956 	5890
f 5890 	5957 	5962
f 5963 	5958 	5834
f 5834 	5959 	5964
f 5965 	5960 	5886
f 5966 	5961 	5890
f 5890 	5962 	5967
f 5968 	5963 	5834
f 5834 	5964 	5969
f 5970 	5965 	5886
f 5971 	5966 	5890
f 5890 	5967 	5893
f 5972 	5968 	5834
f 5834 	5969 	5973
f 5974 	5970 	5886
f 5975 	5971 	5890
f 5890 	5893 	5895
f 5976 	5972 	5834
f 5834 	5973 	5974
f 5977 	5975 	5890
f 5890 	5895 	5978
f 5976 	5834 	5974
f 5977 	5890 	5978
f 5979 	5976 	5974
f 5951 	5977 	5978
f 5980 	5979 	5974
f 5951 	5978 	5981
f 5982 	5980 	5974
f 5951 	5981 	5983
f 5984 	5982 	5974
f 5951 	5983 	5985
f 5986 	5984 	5974
f 5951 	5985 	5987
f 5988 	5986 	5974
f 5951 	5987 	5989
f 5990 	5988 	5974
f 5951 	5989 	5991
f 5992 	5990 	5974
f 5951 	5991 	5993
f 5994 	5992 	5974
f 5951 	5993 	5995
f 5996 	5994 	5974
f 5951 	5995 	5997
f 5998 	5996 	5974
f 5951 	5997 	5999
f 6000 	5998 	5974
f 5951 	5999 	6001
f 6002 	6000 	5974
f 5951 	6001 	6003
f 6004 	6002 	5974
f 5951 	6003 	6005
f 6006 	6004 	5974
f 5951 	6005 	6007
f 6008 	6006 	5974
f 5951 	6007 	5896
f 6009 	6008 	5974
f 5951 	5896 	5898
f 6010 	6009 	5974
f 5951 	5898 	6011
f 6012 	6010 	5974
f 5951 	6011 	6013
f 6014 	6012 	5974
f 5951 	6013 	6015
f 6016 	6014 	5974
f 5951 	6015 	5899
f 6017 	6016 	5974
f 5951 	5899 	5901
f 6018 	6017 	5974
f 5841 	5951 	5901
f 6018 	5974 	5886
f 5886 	5841 	5901
f 5901 	6018 	5886
f 5831 	5830 	6018
f 5830 	6017 	6018
f 5830 	5829 	6017
f 5829 	6016 	6017
f 5829 	5827 	6016
f 5827 	6014 	6016
f 5827 	5825 	6014
f 5825 	6012 	6014
f 5825 	5823 	6012
f 5823 	6010 	6012
f 5823 	5822 	6010
f 5822 	6009 	6010
f 5822 	5821 	6009
f 5821 	6008 	6009
f 5821 	5819 	6008
f 5819 	6006 	6008
f 5819 	5817 	6006
f 5817 	6004 	6006
f 5817 	5815 	6004
f 5815 	6002 	6004
f 5815 	5813 	6002
f 5813 	6000 	6002
f 5813 	5811 	6000
f 5811 	5998 	6000
f 5811 	5809 	5998
f 5809 	5996 	5998
f 5809 	5807 	5996
f 5807 	5994 	5996
f 5807 	5805 	5994
f 5805 	5992 	5994
f 5805 	5803 	5992
f 5803 	5990 	5992
f 5803 	5801 	5990
f 5801 	5988 	5990
f 5801 	5799 	5988
f 5799 	5986 	5988
f 5799 	5797 	5986
f 5797 	5984 	5986
f 5797 	5795 	5984
f 5795 	5982 	5984
f 5795 	5793 	5982
f 5793 	5980 	5982
f 5793 	5792 	5980
f 5792 	5979 	5980
f 5792 	5789 	5979
f 5789 	5976 	5979
f 5789 	5785 	5976
f 5785 	5972 	5976
f 5785 	5781 	5972
f 5781 	5968 	5972
f 5781 	5776 	5968
f 5776 	5963 	5968
f 5776 	5771 	5963
f 5771 	5958 	5963
f 5771 	5767 	5958
f 5767 	5954 	5958
f 5767 	5761 	5954
f 5761 	5948 	5954
f 5761 	5756 	5948
f 5756 	5943 	5948
f 5756 	5750 	5943
f 5750 	5937 	5943
f 5750 	5744 	5937
f 5744 	5931 	5937
f 5744 	5738 	5931
f 5738 	5925 	5931
f 5738 	5731 	5925
f 5731 	5918 	5925
f 5731 	5724 	5918
f 5724 	5911 	5918
f 5724 	5715 	5911
f 5715 	5902 	5911
f 5715 	5647 	5902
f 5647 	5832 	5902
f 5647 	5646 	5832
f 5646 	5833 	5832
f 5646 	5645 	5833
f 5645 	5834 	5833
f 5645 	5649 	5834
f 5649 	5835 	5834
f 5649 	5648 	5835
f 5648 	5836 	5835
f 5648 	5716 	5836
f 5716 	5903 	5836
f 5716 	5725 	5903
f 5725 	5912 	5903
f 5725 	5732 	5912
f 5732 	5919 	5912
f 5732 	5739 	5919
f 5739 	5926 	5919
f 5739 	5745 	5926
f 5745 	5932 	5926
f 5745 	5751 	5932
f 5751 	5938 	5932
f 5751 	5757 	5938
f 5757 	5944 	5938
f 5757 	5762 	5944
f 5762 	5949 	5944
f 5762 	5768 	5949
f 5768 	5955 	5949
f 5768 	5772 	5955
f 5772 	5959 	5955
f 5772 	5777 	5959
f 5777 	5964 	5959
f 5777 	5782 	5964
f 5782 	5969 	5964
f 5782 	5786 	5969
f 5786 	5973 	5969
f 5786 	5787 	5973
f 5787 	5974 	5973
f 5787 	5783 	5974
f 5783 	5970 	5974
f 5783 	5778 	5970
f 5778 	5965 	5970
f 5778 	5773 	5965
f 5773 	5960 	5965
f 5773 	5763 	5960
f 5763 	5950 	5960
f 5763 	5752 	5950
f 5752 	5939 	5950
f 5752 	5746 	5939
f 5746 	5933 	5939
f 5746 	5740 	5933
f 5740 	5927 	5933
f 5740 	5733 	5927
f 5733 	5920 	5927
f 5733 	5726 	5920
f 5726 	5913 	5920
f 5726 	5717 	5913
f 5717 	5904 	5913
f 5717 	5652 	5904
f 5652 	5837 	5904
f 5652 	5651 	5837
f 5651 	5838 	5837
f 5651 	5650 	5838
f 5650 	5839 	5838
f 5650 	5654 	5839
f 5654 	5840 	5839
f 5654 	5700 	5840
f 5700 	5887 	5840
f 5700 	5721 	5887
f 5721 	5908 	5887
f 5721 	5728 	5908
f 5728 	5915 	5908
f 5728 	5735 	5915
f 5735 	5922 	5915
f 5735 	5741 	5922
f 5741 	5928 	5922
f 5741 	5747 	5928
f 5747 	5934 	5928
f 5747 	5753 	5934
f 5753 	5940 	5934
f 5753 	5758 	5940
f 5758 	5945 	5940
f 5758 	5764 	5945
f 5764 	5951 	5945
f 5764 	5790 	5951
f 5790 	5977 	5951
f 5790 	5788 	5977
f 5788 	5975 	5977
f 5788 	5784 	5975
f 5784 	5971 	5975
f 5784 	5779 	5971
f 5779 	5966 	5971
f 5779 	5774 	5966
f 5774 	5961 	5966
f 5774 	5769 	5961
f 5769 	5956 	5961
f 5769 	5765 	5956
f 5765 	5952 	5956
f 5765 	5759 	5952
f 5759 	5946 	5952
f 5759 	5754 	5946
f 5754 	5941 	5946
f 5754 	5748 	5941
f 5748 	5935 	5941
f 5748 	5742 	5935
f 5742 	5929 	5935
f 5742 	5736 	5929
f 5736 	5923 	5929
f 5736 	5729 	5923
f 5729 	5916 	5923
f 5729 	5722 	5916
f 5722 	5909 	5916
f 5722 	5703 	5909
f 5703 	5888 	5909
f 5703 	5702 	5888
f 5702 	5889 	5888
f 5702 	5701 	5889
f 5701 	5890 	5889
f 5701 	5705 	5890
f 5705 	5891 	5890
f 5705 	5704 	5891
f 5704 	5892 	5891
f 5704 	5723 	5892
f 5723 	5910 	5892
f 5723 	5730 	5910
f 5730 	5917 	5910
f 5730 	5737 	5917
f 5737 	5924 	5917
f 5737 	5743 	5924
f 5743 	5930 	5924
f 5743 	5749 	5930
f 5749 	5936 	5930
f 5749 	5755 	5936
f 5755 	5942 	5936
f 5755 	5760 	5942
f 5760 	5947 	5942
f 5760 	5766 	5947
f 5766 	5953 	5947
f 5766 	5770 	5953
f 5770 	5957 	5953
f 5770 	5775 	5957
f 5775 	5962 	5957
f 5775 	5780 	5962
f 5780 	5967 	5962
f 5780 	5708 	5967
f 5708 	5893 	5967
f 5708 	5707 	5893
f 5707 	5894 	5893
f 5707 	5706 	5894
f 5706 	5895 	5894
f 5706 	5791 	5895
f 5791 	5978 	5895
f 5791 	5794 	5978
f 5794 	5981 	5978
f 5794 	5796 	5981
f 5796 	5983 	5981
f 5796 	5798 	5983
f 5798 	5985 	5983
f 5798 	5800 	5985
f 5800 	5987 	5985
f 5800 	5802 	5987
f 5802 	5989 	5987
f 5802 	5804 	5989
f 5804 	5991 	5989
f 5804 	5806 	5991
f 5806 	5993 	5991
f 5806 	5808 	5993
f 5808 	5995 	5993
f 5808 	5810 	5995
f 5810 	5997 	5995
f 5810 	5812 	5997
f 5812 	5999 	5997
f 5812 	5814 	5999
f 5814 	6001 	5999
f 5814 	5816 	6001
f 5816 	6003 	6001
f 5816 	5818 	6003
f 5818 	6005 	6003
f 5818 	5820 	6005
f 5820 	6007 	6005
f 5820 	5711 	6007
f 5711 	5896 	6007
f 5711 	5710 	5896
f 5710 	5897 	5896
f 5710 	5709 	5897
f 5709 	5898 	5897
f 5709 	5824 	5898
f 5824 	6011 	5898
f 5824 	5826 	6011
f 5826 	6013 	6011
f 5826 	5828 	6013
f 5828 	6015 	6013
f 5828 	5714 	6015
f 5714 	5899 	6015
f 5714 	5713 	5899
f 5713 	5900 	5899
f 5713 	5712 	5900
f 5712 	5901 	5900
f 5712 	5831 	5901
f 5831 	6018 	5901
f 5697 	5653 	5886
f 5653 	5841 	5886
f 5653 	5656 	5841
f 5656 	5842 	5841
f 5656 	5655 	5842
f 5655 	5843 	5842
f 5655 	5718 	5843
f 5718 	5905 	5843
f 5718 	5659 	5905
f 5659 	5844 	5905
f 5659 	5658 	5844
f 5658 	5845 	5844
f 5658 	5657 	5845
f 5657 	5846 	5845
f 5657 	5662 	5846
f 5662 	5847 	5846
f 5662 	5661 	5847
f 5661 	5848 	5847
f 5661 	5660 	5848
f 5660 	5849 	5848
f 5660 	5664 	5849
f 5664 	5850 	5849
f 5664 	5663 	5850
f 5663 	5851 	5850
f 5663 	5666 	5851
f 5666 	5852 	5851
f 5666 	5665 	5852
f 5665 	5853 	5852
f 5665 	5668 	5853
f 5668 	5854 	5853
f 5668 	5667 	5854
f 5667 	5855 	5854
f 5667 	5670 	5855
f 5670 	5856 	5855
f 5670 	5669 	5856
f 5669 	5857 	5856
f 5669 	5672 	5857
f 5672 	5858 	5857
f 5672 	5671 	5858
f 5671 	5859 	5858
f 5671 	5674 	5859
f 5674 	5860 	5859
f 5674 	5673 	5860
f 5673 	5861 	5860
f 5673 	5676 	5861
f 5676 	5862 	5861
f 5676 	5675 	5862
f 5675 	5863 	5862
f 5675 	5678 	5863
f 5678 	5864 	5863
f 5678 	5677 	5864
f 5677 	5865 	5864
f 5677 	5680 	5865
f 5680 	5866 	5865
f 5680 	5679 	5866
f 5679 	5867 	5866
f 5679 	5682 	5867
f 5682 	5868 	5867
f 5682 	5681 	5868
f 5681 	5869 	5868
f 5681 	5684 	5869
f 5684 	5870 	5869
f 5684 	5683 	5870
f 5683 	5871 	5870
f 5683 	5686 	5871
f 5686 	5872 	5871
f 5686 	5685 	5872
f 5685 	5873 	5872
f 5685 	5688 	5873
f 5688 	5874 	5873
f 5688 	5687 	5874
f 5687 	5875 	5874
f 5687 	5690 	5875
f 5690 	5876 	5875
f 5690 	5689 	5876
f 5689 	5877 	5876
f 5689 	5692 	5877
f 5692 	5878 	5877
f 5692 	5691 	5878
f 5691 	5879 	5878
f 5691 	5694 	5879
f 5694 	5880 	5879
f 5694 	5693 	5880
f 5693 	5881 	5880
f 5693 	5696 	5881
f 5696 	5882 	5881
f 5696 	5695 	5882
f 5695 	5883 	5882
f 5695 	5719 	5883
f 5719 	5906 	5883
f 5719 	5734 	5906
f 5734 	5921 	5906
f 5734 	5727 	5921
f 5727 	5914 	5921
f 5727 	5720 	5914
f 5720 	5907 	5914
f 5720 	5699 	5907
f 5699 	5884 	5907
f 5699 	5698 	5884
f 5698 	5885 	5884
f 5698 	5697 	5885
f 5697 	5886 	5885
f 6019 	6020 	6021
f 6022 	6023 	6019
f 6024 	6025 	6026
f 6027 	6028 	6024
f 6029 	6030 	6027
f 6031 	6032 	6029
f 6033 	6034 	6031
f 6035 	6036 	6033
f 6037 	6038 	6035
f 6039 	6040 	6037
f 6041 	6042 	6039
f 6043 	6044 	6041
f 6045 	6046 	6043
f 6047 	6048 	6045
f 6049 	6050 	6047
f 6051 	6052 	6049
f 6053 	6054 	6055
f 6056 	6057 	6053
f 6058 	6059 	6056
f 6060 	6061 	6058
f 6062 	6063 	6060
f 6064 	6065 	6062
f 6066 	6067 	6064
f 6068 	6069 	6066
f 6070 	6071 	6068
f 6072 	6073 	6070
f 6074 	6075 	6072
f 6076 	6077 	6074
f 6078 	6079 	6076
f 6080 	6081 	6078
f 6082 	6083 	6080
f 6084 	6085 	6082
f 6086 	6087 	6084
f 6088 	6089 	6086
f 6090 	6091 	6088
f 6092 	6093 	6094
f 6095 	6093 	6092
f 6019 	6021 	6096
f 6097 	6022 	6019
f 6027 	6024 	6026
f 6031 	6029 	6027
f 6035 	6033 	6031
f 6039 	6037 	6035
f 6043 	6041 	6039
f 6047 	6045 	6043
f 6051 	6049 	6047
f 6056 	6053 	6055
f 6060 	6058 	6056
f 6064 	6062 	6060
f 6068 	6066 	6064
f 6072 	6070 	6068
f 6076 	6074 	6072
f 6080 	6078 	6076
f 6084 	6082 	6080
f 6088 	6086 	6084
f 6098 	6090 	6088
f 6092 	6094 	6099
f 6100 	6095 	6092
f 6019 	6096 	6101
f 6102 	6097 	6019
f 6031 	6027 	6026
f 6039 	6035 	6031
f 6047 	6043 	6039
f 6103 	6051 	6047
f 6060 	6056 	6055
f 6068 	6064 	6060
f 6076 	6072 	6068
f 6084 	6080 	6076
f 6098 	6088 	6084
f 6092 	6099 	6104
f 6105 	6100 	6092
f 6019 	6101 	6106
f 6107 	6102 	6019
f 6039 	6031 	6026
f 6103 	6047 	6039
f 6068 	6060 	6055
f 6084 	6076 	6068
f 6108 	6098 	6084
f 6092 	6104 	6109
f 6110 	6105 	6092
f 6019 	6106 	6111
f 6112 	6107 	6019
f 6113 	6103 	6039
f 6084 	6068 	6055
f 6114 	6108 	6084
f 6092 	6109 	6115
f 6116 	6110 	6092
f 6019 	6111 	6117
f 6118 	6112 	6019
f 6119 	6113 	6039
f 6120 	6114 	6084
f 6092 	6115 	6121
f 6122 	6116 	6092
f 6019 	6117 	6123
f 6124 	6118 	6019
f 6125 	6119 	6039
f 6126 	6120 	6084
f 6092 	6121 	6127
f 6128 	6122 	6092
f 6019 	6123 	6129
f 6130 	6124 	6019
f 6131 	6125 	6039
f 6132 	6126 	6084
f 6092 	6127 	6133
f 6134 	6128 	6092
f 6019 	6129 	6135
f 6136 	6130 	6019
f 6137 	6131 	6039
f 6138 	6132 	6084
f 6092 	6133 	6139
f 6019 	6135 	6140
f 6141 	6136 	6019
f 6142 	6137 	6039
f 6143 	6138 	6084
f 6092 	6139 	6144
f 6019 	6140 	6145
f 6146 	6141 	6019
f 6147 	6142 	6039
f 6148 	6143 	6084
f 6149 	6092 	6144
f 6019 	6145 	6150
f 6151 	6146 	6019
f 6152 	6147 	6039
f 6153 	6148 	6084
f 6149 	6144 	6154
f 6019 	6150 	6155
f 6156 	6151 	6019
f 6157 	6152 	6039
f 6158 	6153 	6084
f 6149 	6154 	6159
f 6019 	6155 	6160
f 6161 	6157 	6039
f 6162 	6158 	6084
f 6149 	6159 	6163
f 6019 	6160 	6164
f 6161 	6039 	6026
f 6163 	6162 	6084
f 6019 	6164 	6165
f 6166 	6161 	6026
f 6149 	6163 	6084
f 6019 	6165 	6167
f 6168 	6166 	6026
f 6169 	6149 	6084
f 6019 	6167 	6134
f 6170 	6168 	6026
f 6171 	6169 	6084
f 6156 	6019 	6134
f 6172 	6170 	6026
f 6173 	6171 	6084
f 6174 	6156 	6134
f 6175 	6172 	6026
f 6176 	6173 	6084
f 6177 	6174 	6134
f 6178 	6175 	6026
f 6179 	6176 	6084
f 6180 	6177 	6134
f 6181 	6178 	6026
f 6182 	6179 	6084
f 6183 	6180 	6134
f 6184 	6181 	6026
f 6185 	6182 	6084
f 6186 	6183 	6134
f 6187 	6184 	6026
f 6188 	6185 	6084
f 6189 	6186 	6134
f 6190 	6187 	6026
f 6191 	6188 	6084
f 6192 	6189 	6134
f 6193 	6190 	6026
f 6194 	6191 	6084
f 6195 	6192 	6134
f 6196 	6193 	6026
f 6197 	6194 	6084
f 6198 	6195 	6134
f 6199 	6196 	6026
f 6200 	6197 	6084
f 6201 	6198 	6134
f 6055 	6199 	6026
f 6202 	6200 	6084
f 6203 	6201 	6134
f 6055 	6026 	6204
f 6205 	6202 	6084
f 6206 	6203 	6134
f 6207 	6205 	6084
f 6204 	6206 	6134
f 6208 	6207 	6084
f 6204 	6134 	6092
f 6209 	6208 	6084
f 6204 	6092 	6210
f 6211 	6209 	6084
f 6204 	6210 	6212
f 6213 	6211 	6084
f 6204 	6212 	6214
f 6215 	6213 	6084
f 6204 	6214 	6216
f 6217 	6215 	6084
f 6204 	6216 	6218
f 6217 	6084 	6055
f 6204 	6218 	6219
f 6220 	6217 	6055
f 6204 	6219 	6221
f 6222 	6220 	6055
f 6204 	6221 	6223
f 6224 	6222 	6055
f 6204 	6223 	6225
f 6226 	6224 	6055
f 6055 	6204 	6225
f 6227 	6226 	6055
f 6055 	6225 	6228
f 6229 	6227 	6055
f 6055 	6228 	6230
f 6231 	6229 	6055
f 6055 	6230 	6232
f 6233 	6231 	6055
f 6055 	6232 	6234
f 6235 	6233 	6055
f 6055 	6234 	6236
f 6237 	6235 	6055
f 6055 	6236 	6238
f 6239 	6237 	6055
f 6055 	6238 	6240
f 6241 	6239 	6055
f 6055 	6240 	6241
f 6242 	6243 	6244
f 6244 	6245 	6246
f 6247 	6248 	6249
f 6249 	6250 	6251
f 6251 	6252 	6253
f 6253 	6254 	6255
f 6255 	6256 	6257
f 6257 	6258 	6259
f 6259 	6260 	6261
f 6261 	6262 	6263
f 6263 	6264 	6265
f 6265 	6266 	6267
f 6267 	6268 	6269
f 6269 	6270 	6271
f 6271 	6272 	6273
f 6273 	6274 	6275
f 6276 	6277 	6278
f 6278 	6279 	6280
f 6280 	6281 	6282
f 6282 	6283 	6284
f 6284 	6285 	6286
f 6286 	6287 	6288
f 6288 	6289 	6290
f 6290 	6291 	6292
f 6292 	6293 	6294
f 6294 	6295 	6296
f 6296 	6297 	6298
f 6298 	6299 	6300
f 6300 	6301 	6302
f 6302 	6303 	6304
f 6304 	6305 	6306
f 6306 	6307 	6308
f 6308 	6309 	6310
f 6310 	6311 	6312
f 6312 	6313 	6314
f 6315 	6316 	6317
f 6317 	6316 	6318
f 6319 	6242 	6244
f 6244 	6246 	6320
f 6247 	6249 	6251
f 6251 	6253 	6255
f 6255 	6257 	6259
f 6259 	6261 	6263
f 6263 	6265 	6267
f 6267 	6269 	6271
f 6271 	6273 	6275
f 6276 	6278 	6280
f 6280 	6282 	6284
f 6284 	6286 	6288
f 6288 	6290 	6292
f 6292 	6294 	6296
f 6296 	6298 	6300
f 6300 	6302 	6304
f 6304 	6306 	6308
f 6308 	6310 	6312
f 6312 	6314 	6321
f 6322 	6315 	6317
f 6317 	6318 	6323
f 6324 	6319 	6244
f 6244 	6320 	6325
f 6247 	6251 	6255
f 6255 	6259 	6263
f 6263 	6267 	6271
f 6271 	6275 	6326
f 6276 	6280 	6284
f 6284 	6288 	6292
f 6292 	6296 	6300
f 6300 	6304 	6308
f 6308 	6312 	6321
f 6327 	6322 	6317
f 6317 	6323 	6328
f 6329 	6324 	6244
f 6244 	6325 	6330
f 6247 	6255 	6263
f 6263 	6271 	6326
f 6276 	6284 	6292
f 6292 	6300 	6308
f 6308 	6321 	6331
f 6332 	6327 	6317
f 6317 	6328 	6333
f 6334 	6329 	6244
f 6244 	6330 	6335
f 6263 	6326 	6336
f 6276 	6292 	6308
f 6308 	6331 	6337
f 6338 	6332 	6317
f 6317 	6333 	6339
f 6340 	6334 	6244
f 6244 	6335 	6341
f 6263 	6336 	6342
f 6308 	6337 	6343
f 6344 	6338 	6317
f 6317 	6339 	6345
f 6346 	6340 	6244
f 6244 	6341 	6347
f 6263 	6342 	6348
f 6308 	6343 	6349
f 6350 	6344 	6317
f 6317 	6345 	6351
f 6352 	6346 	6244
f 6244 	6347 	6353
f 6263 	6348 	6354
f 6308 	6349 	6355
f 6356 	6350 	6317
f 6317 	6351 	6357
f 6358 	6352 	6244
f 6244 	6353 	6359
f 6263 	6354 	6360
f 6308 	6355 	6361
f 6362 	6356 	6317
f 6363 	6358 	6244
f 6244 	6359 	6364
f 6263 	6360 	6365
f 6308 	6361 	6366
f 6367 	6362 	6317
f 6368 	6363 	6244
f 6244 	6364 	6369
f 6263 	6365 	6370
f 6308 	6366 	6371
f 6367 	6317 	6372
f 6373 	6368 	6244
f 6244 	6369 	6374
f 6263 	6370 	6375
f 6308 	6371 	6376
f 6377 	6367 	6372
f 6378 	6373 	6244
f 6244 	6374 	6379
f 6263 	6375 	6380
f 6308 	6376 	6381
f 6382 	6377 	6372
f 6383 	6378 	6244
f 6263 	6380 	6384
f 6308 	6381 	6385
f 6386 	6382 	6372
f 6387 	6383 	6244
f 6247 	6263 	6384
f 6308 	6385 	6386
f 6388 	6387 	6244
f 6247 	6384 	6389
f 6308 	6386 	6372
f 6390 	6388 	6244
f 6247 	6389 	6391
f 6308 	6372 	6392
f 6357 	6390 	6244
f 6247 	6391 	6393
f 6308 	6392 	6394
f 6357 	6244 	6379
f 6247 	6393 	6395
f 6308 	6394 	6396
f 6357 	6379 	6397
f 6247 	6395 	6398
f 6308 	6396 	6399
f 6357 	6397 	6400
f 6247 	6398 	6401
f 6308 	6399 	6402
f 6357 	6400 	6403
f 6247 	6401 	6404
f 6308 	6402 	6405
f 6357 	6403 	6406
f 6247 	6404 	6407
f 6308 	6405 	6408
f 6357 	6406 	6409
f 6247 	6407 	6410
f 6308 	6408 	6411
f 6357 	6409 	6412
f 6247 	6410 	6413
f 6308 	6411 	6414
f 6357 	6412 	6415
f 6247 	6413 	6416
f 6308 	6414 	6417
f 6357 	6415 	6418
f 6247 	6416 	6419
f 6308 	6417 	6420
f 6357 	6418 	6421
f 6247 	6419 	6422
f 6308 	6420 	6423
f 6357 	6421 	6424
f 6247 	6422 	6276
f 6308 	6423 	6425
f 6357 	6424 	6426
f 6427 	6247 	6276
f 6308 	6425 	6428
f 6357 	6426 	6429
f 6308 	6428 	6430
f 6357 	6429 	6427
f 6308 	6430 	6431
f 6317 	6357 	6427
f 6308 	6431 	6432
f 6433 	6317 	6427
f 6308 	6432 	6434
f 6435 	6433 	6427
f 6308 	6434 	6436
f 6437 	6435 	6427
f 6308 	6436 	6438
f 6439 	6437 	6427
f 6308 	6438 	6440
f 6441 	6439 	6427
f 6276 	6308 	6440
f 6442 	6441 	6427
f 6276 	6440 	6443
f 6444 	6442 	6427
f 6276 	6443 	6445
f 6446 	6444 	6427
f 6276 	6445 	6447
f 6448 	6446 	6427
f 6276 	6447 	6449
f 6448 	6427 	6276
f 6276 	6449 	6450
f 6451 	6448 	6276
f 6276 	6450 	6452
f 6453 	6451 	6276
f 6276 	6452 	6454
f 6455 	6453 	6276
f 6276 	6454 	6456
f 6457 	6455 	6276
f 6276 	6456 	6458
f 6459 	6457 	6276
f 6276 	6458 	6460
f 6461 	6459 	6276
f 6276 	6460 	6462
f 6463 	6461 	6276
f 6276 	6462 	6464
f 6464 	6463 	6276
f 6020 	6019 	6243
f 6019 	6244 	6243
f 6019 	6023 	6244
f 6023 	6245 	6244
f 6023 	6022 	6245
f 6022 	6246 	6245
f 6022 	6097 	6246
f 6097 	6320 	6246
f 6097 	6102 	6320
f 6102 	6325 	6320
f 6102 	6107 	6325
f 6107 	6330 	6325
f 6107 	6112 	6330
f 6112 	6335 	6330
f 6112 	6118 	6335
f 6118 	6341 	6335
f 6118 	6124 	6341
f 6124 	6347 	6341
f 6124 	6130 	6347
f 6130 	6353 	6347
f 6130 	6136 	6353
f 6136 	6359 	6353
f 6136 	6141 	6359
f 6141 	6364 	6359
f 6141 	6146 	6364
f 6146 	6369 	6364
f 6146 	6151 	6369
f 6151 	6374 	6369
f 6151 	6156 	6374
f 6156 	6379 	6374
f 6156 	6174 	6379
f 6174 	6397 	6379
f 6174 	6177 	6397
f 6177 	6400 	6397
f 6177 	6180 	6400
f 6180 	6403 	6400
f 6180 	6183 	6403
f 6183 	6406 	6403
f 6183 	6186 	6406
f 6186 	6409 	6406
f 6186 	6189 	6409
f 6189 	6412 	6409
f 6189 	6192 	6412
f 6192 	6415 	6412
f 6192 	6195 	6415
f 6195 	6418 	6415
f 6195 	6198 	6418
f 6198 	6421 	6418
f 6198 	6201 	6421
f 6201 	6424 	6421
f 6201 	6203 	6424
f 6203 	6426 	6424
f 6203 	6206 	6426
f 6206 	6429 	6426
f 6206 	6204 	6429
f 6204 	6427 	6429
f 6204 	6026 	6427
f 6026 	6247 	6427
f 6026 	6025 	6247
f 6025 	6248 	6247
f 6025 	6024 	6248
f 6024 	6249 	6248
f 6024 	6028 	6249
f 6028 	6250 	6249
f 6028 	6027 	6250
f 6027 	6251 	6250
f 6027 	6030 	6251
f 6030 	6252 	6251
f 6030 	6029 	6252
f 6029 	6253 	6252
f 6029 	6032 	6253
f 6032 	6254 	6253
f 6032 	6031 	6254
f 6031 	6255 	6254
f 6031 	6034 	6255
f 6034 	6256 	6255
f 6034 	6033 	6256
f 6033 	6257 	6256
f 6033 	6036 	6257
f 6036 	6258 	6257
f 6036 	6035 	6258
f 6035 	6259 	6258
f 6035 	6038 	6259
f 6038 	6260 	6259
f 6038 	6037 	6260
f 6037 	6261 	6260
f 6037 	6040 	6261
f 6040 	6262 	6261
f 6040 	6039 	6262
f 6039 	6263 	6262
f 6039 	6042 	6263
f 6042 	6264 	6263
f 6042 	6041 	6264
f 6041 	6265 	6264
f 6041 	6044 	6265
f 6044 	6266 	6265
f 6044 	6043 	6266
f 6043 	6267 	6266
f 6043 	6046 	6267
f 6046 	6268 	6267
f 6046 	6045 	6268
f 6045 	6269 	6268
f 6045 	6048 	6269
f 6048 	6270 	6269
f 6048 	6047 	6270
f 6047 	6271 	6270
f 6047 	6050 	6271
f 6050 	6272 	6271
f 6050 	6049 	6272
f 6049 	6273 	6272
f 6049 	6052 	6273
f 6052 	6274 	6273
f 6052 	6051 	6274
f 6051 	6275 	6274
f 6051 	6103 	6275
f 6103 	6326 	6275
f 6103 	6113 	6326
f 6113 	6336 	6326
f 6113 	6119 	6336
f 6119 	6342 	6336
f 6119 	6125 	6342
f 6125 	6348 	6342
f 6125 	6131 	6348
f 6131 	6354 	6348
f 6131 	6137 	6354
f 6137 	6360 	6354
f 6137 	6142 	6360
f 6142 	6365 	6360
f 6142 	6147 	6365
f 6147 	6370 	6365
f 6147 	6152 	6370
f 6152 	6375 	6370
f 6152 	6157 	6375
f 6157 	6380 	6375
f 6157 	6161 	6380
f 6161 	6384 	6380
f 6161 	6166 	6384
f 6166 	6389 	6384
f 6166 	6168 	6389
f 6168 	6391 	6389
f 6168 	6170 	6391
f 6170 	6393 	6391
f 6170 	6172 	6393
f 6172 	6395 	6393
f 6172 	6175 	6395
f 6175 	6398 	6395
f 6175 	6178 	6398
f 6178 	6401 	6398
f 6178 	6181 	6401
f 6181 	6404 	6401
f 6181 	6184 	6404
f 6184 	6407 	6404
f 6184 	6187 	6407
f 6187 	6410 	6407
f 6187 	6190 	6410
f 6190 	6413 	6410
f 6190 	6193 	6413
f 6193 	6416 	6413
f 6193 	6196 	6416
f 6196 	6419 	6416
f 6196 	6199 	6419
f 6199 	6422 	6419
f 6199 	6055 	6422
f 6055 	6276 	6422
f 6055 	6054 	6276
f 6054 	6277 	6276
f 6054 	6053 	6277
f 6053 	6278 	6277
f 6053 	6057 	6278
f 6057 	6279 	6278
f 6057 	6056 	6279
f 6056 	6280 	6279
f 6056 	6059 	6280
f 6059 	6281 	6280
f 6059 	6058 	6281
f 6058 	6282 	6281
f 6058 	6061 	6282
f 6061 	6283 	6282
f 6061 	6060 	6283
f 6060 	6284 	6283
f 6060 	6063 	6284
f 6063 	6285 	6284
f 6063 	6062 	6285
f 6062 	6286 	6285
f 6062 	6065 	6286
f 6065 	6287 	6286
f 6065 	6064 	6287
f 6064 	6288 	6287
f 6064 	6067 	6288
f 6067 	6289 	6288
f 6067 	6066 	6289
f 6066 	6290 	6289
f 6066 	6069 	6290
f 6069 	6291 	6290
f 6069 	6068 	6291
f 6068 	6292 	6291
f 6068 	6071 	6292
f 6071 	6293 	6292
f 6071 	6070 	6293
f 6070 	6294 	6293
f 6070 	6073 	6294
f 6073 	6295 	6294
f 6073 	6072 	6295
f 6072 	6296 	6295
f 6072 	6075 	6296
f 6075 	6297 	6296
f 6075 	6074 	6297
f 6074 	6298 	6297
f 6074 	6077 	6298
f 6077 	6299 	6298
f 6077 	6076 	6299
f 6076 	6300 	6299
f 6076 	6079 	6300
f 6079 	6301 	6300
f 6079 	6078 	6301
f 6078 	6302 	6301
f 6078 	6081 	6302
f 6081 	6303 	6302
f 6081 	6080 	6303
f 6080 	6304 	6303
f 6080 	6083 	6304
f 6083 	6305 	6304
f 6083 	6082 	6305
f 6082 	6306 	6305
f 6082 	6085 	6306
f 6085 	6307 	6306
f 6085 	6084 	6307
f 6084 	6308 	6307
f 6084 	6087 	6308
f 6087 	6309 	6308
f 6087 	6086 	6309
f 6086 	6310 	6309
f 6086 	6089 	6310
f 6089 	6311 	6310
f 6089 	6088 	6311
f 6088 	6312 	6311
f 6088 	6091 	6312
f 6091 	6313 	6312
f 6091 	6090 	6313
f 6090 	6314 	6313
f 6090 	6098 	6314
f 6098 	6321 	6314
f 6098 	6108 	6321
f 6108 	6331 	6321
f 6108 	6114 	6331
f 6114 	6337 	6331
f 6114 	6120 	6337
f 6120 	6343 	6337
f 6120 	6126 	6343
f 6126 	6349 	6343
f 6126 	6132 	6349
f 6132 	6355 	6349
f 6132 	6138 	6355
f 6138 	6361 	6355
f 6138 	6143 	6361
f 6143 	6366 	6361
f 6143 	6148 	6366
f 6148 	6371 	6366
f 6148 	6153 	6371
f 6153 	6376 	6371
f 6153 	6158 	6376
f 6158 	6381 	6376
f 6158 	6162 	6381
f 6162 	6385 	6381
f 6162 	6163 	6385
f 6163 	6386 	6385
f 6163 	6159 	6386
f 6159 	6382 	6386
f 6159 	6154 	6382
f 6154 	6377 	6382
f 6154 	6144 	6377
f 6144 	6367 	6377
f 6144 	6139 	6367
f 6139 	6362 	6367
f 6139 	6133 	6362
f 6133 	6356 	6362
f 6133 	6127 	6356
f 6127 	6350 	6356
f 6127 	6121 	6350
f 6121 	6344 	6350
f 6121 	6115 	6344
f 6115 	6338 	6344
f 6115 	6109 	6338
f 6109 	6332 	6338
f 6109 	6104 	6332
f 6104 	6327 	6332
f 6104 	6099 	6327
f 6099 	6322 	6327
f 6099 	6094 	6322
f 6094 	6315 	6322
f 6094 	6093 	6315
f 6093 	6316 	6315
f 6093 	6095 	6316
f 6095 	6318 	6316
f 6095 	6100 	6318
f 6100 	6323 	6318
f 6100 	6105 	6323
f 6105 	6328 	6323
f 6105 	6110 	6328
f 6110 	6333 	6328
f 6110 	6116 	6333
f 6116 	6339 	6333
f 6116 	6122 	6339
f 6122 	6345 	6339
f 6122 	6128 	6345
f 6128 	6351 	6345
f 6128 	6134 	6351
f 6134 	6357 	6351
f 6134 	6167 	6357
f 6167 	6390 	6357
f 6167 	6165 	6390
f 6165 	6388 	6390
f 6165 	6164 	6388
f 6164 	6387 	6388
f 6164 	6160 	6387
f 6160 	6383 	6387
f 6160 	6155 	6383
f 6155 	6378 	6383
f 6155 	6150 	6378
f 6150 	6373 	6378
f 6150 	6145 	6373
f 6145 	6368 	6373
f 6145 	6140 	6368
f 6140 	6363 	6368
f 6140 	6135 	6363
f 6135 	6358 	6363
f 6135 	6129 	6358
f 6129 	6352 	6358
f 6129 	6123 	6352
f 6123 	6346 	6352
f 6123 	6117 	6346
f 6117 	6340 	6346
f 6117 	6111 	6340
f 6111 	6334 	6340
f 6111 	6106 	6334
f 6106 	6329 	6334
f 6106 	6101 	6329
f 6101 	6324 	6329
f 6101 	6096 	6324
f 6096 	6319 	6324
f 6096 	6021 	6319
f 6021 	6242 	6319
f 6021 	6020 	6242
f 6020 	6243 	6242
f 6149 	6169 	6372
f 6169 	6392 	6372
f 6169 	6171 	6392
f 6171 	6394 	6392
f 6171 	6173 	6394
f 6173 	6396 	6394
f 6173 	6176 	6396
f 6176 	6399 	6396
f 6176 	6179 	6399
f 6179 	6402 	6399
f 6179 	6182 	6402
f 6182 	6405 	6402
f 6182 	6185 	6405
f 6185 	6408 	6405
f 6185 	6188 	6408
f 6188 	6411 	6408
f 6188 	6191 	6411
f 6191 	6414 	6411
f 6191 	6194 	6414
f 6194 	6417 	6414
f 6194 	6197 	6417
f 6197 	6420 	6417
f 6197 	6200 	6420
f 6200 	6423 	6420
f 6200 	6202 	6423
f 6202 	6425 	6423
f 6202 	6205 	6425
f 6205 	6428 	6425
f 6205 	6207 	6428
f 6207 	6430 	6428
f 6207 	6208 	6430
f 6208 	6431 	6430
f 6208 	6209 	6431
f 6209 	6432 	6431
f 6209 	6211 	6432
f 6211 	6434 	6432
f 6211 	6213 	6434
f 6213 	6436 	6434
f 6213 	6215 	6436
f 6215 	6438 	6436
f 6215 	6217 	6438
f 6217 	6440 	6438
f 6217 	6220 	6440
f 6220 	6443 	6440
f 6220 	6222 	6443
f 6222 	6445 	6443
f 6222 	6224 	6445
f 6224 	6447 	6445
f 6224 	6226 	6447
f 6226 	6449 	6447
f 6226 	6227 	6449
f 6227 	6450 	6449
f 6227 	6229 	6450
f 6229 	6452 	6450
f 6229 	6231 	6452
f 6231 	6454 	6452
f 6231 	6233 	6454
f 6233 	6456 	6454
f 6233 	6235 	6456
f 6235 	6458 	6456
f 6235 	6237 	6458
f 6237 	6460 	6458
f 6237 	6239 	6460
f 6239 	6462 	6460
f 6239 	6241 	6462
f 6241 	6464 	6462
f 6241 	6240 	6464
f 6240 	6463 	6464
f 6240 	6238 	6463
f 6238 	6461 	6463
f 6238 	6236 	6461
f 6236 	6459 	6461
f 6236 	6234 	6459
f 6234 	6457 	6459
f 6234 	6232 	6457
f 6232 	6455 	6457
f 6232 	6230 	6455
f 6230 	6453 	6455
f 6230 	6228 	6453
f 6228 	6451 	6453
f 6228 	6225 	6451
f 6225 	6448 	6451
f 6225 	6223 	6448
f 6223 	6446 	6448
f 6223 	6221 	6446
f 6221 	6444 	6446
f 6221 	6219 	6444
f 6219 	6442 	6444
f 6219 	6218 	6442
f 6218 	6441 	6442
f 6218 	6216 	6441
f 6216 	6439 	6441
f 6216 	6214 	6439
f 6214 	6437 	6439
f 6214 	6212 	6437
f 6212 	6435 	6437
f 6212 	6210 	6435
f 6210 	6433 	6435
f 6210 	6092 	6433
f 6092 	6317 	6433
f 6092 	6149 	6317
f 6149 	6372 	6317
f 6465 	6466 	6467
f 6468 	6469 	6465
f 6470 	6471 	6468
f 6472 	6473 	6470
f 6474 	6475 	6472
f 6476 	6477 	6474
f 6478 	6479 	6476
f 6480 	6481 	6478
f 6482 	6483 	6480
f 6484 	6485 	6482
f 6486 	6487 	6484
f 6488 	6489 	6486
f 6490 	6491 	6488
f 6492 	6493 	6490
f 6494 	6495 	6492
f 6496 	6497 	6494
f 6498 	6499 	6496
f 6500 	6501 	6498
f 6502 	6503 	6500
f 6504 	6505 	6502
f 6506 	6507 	6504
f 6508 	6509 	6506
f 6510 	6511 	6508
f 6512 	6513 	6510
f 6514 	6515 	6512
f 6512 	6515 	6516
f 6517 	6518 	6512
f 6519 	6520 	6517
f 6521 	6522 	6519
f 6523 	6524 	6521
f 6525 	6526 	6523
f 6527 	6528 	6525
f 6529 	6530 	6527
f 6531 	6532 	6529
f 6533 	6534 	6531
f 6535 	6536 	6533
f 6537 	6538 	6535
f 6539 	6540 	6537
f 6541 	6542 	6539
f 6543 	6544 	6541
f 6545 	6546 	6543
f 6547 	6548 	6545
f 6549 	6550 	6547
f 6551 	6552 	6549
f 6553 	6554 	6551
f 6555 	6556 	6553
f 6557 	6558 	6555
f 6559 	6560 	6557
f 6561 	6562 	6559
f 6467 	6563 	6561
f 6468 	6465 	6467
f 6472 	6470 	6468
f 6476 	6474 	6472
f 6480 	6478 	6476
f 6484 	6482 	6480
f 6488 	6486 	6484
f 6492 	6490 	6488
f 6496 	6494 	6492
f 6500 	6498 	6496
f 6504 	6502 	6500
f 6508 	6506 	6504
f 6512 	6510 	6508
f 6564 	6514 	6512
f 6512 	6516 	6565
f 6519 	6517 	6512
f 6523 	6521 	6519
f 6527 	6525 	6523
f 6531 	6529 	6527
f 6535 	6533 	6531
f 6539 	6537 	6535
f 6543 	6541 	6539
f 6547 	6545 	6543
f 6551 	6549 	6547
f 6555 	6553 	6551
f 6559 	6557 	6555
f 6467 	6561 	6559
f 6472 	6468 	6467
f 6480 	6476 	6472
f 6488 	6484 	6480
f 6496 	6492 	6488
f 6504 	6500 	6496
f 6512 	6508 	6504
f 6566 	6564 	6512
f 6512 	6565 	6567
f 6523 	6519 	6512
f 6531 	6527 	6523
f 6539 	6535 	6531
f 6547 	6543 	6539
f 6555 	6551 	6547
f 6467 	6559 	6555
f 6480 	6472 	6467
f 6496 	6488 	6480
f 6512 	6504 	6496
f 6568 	6566 	6512
f 6512 	6567 	6569
f 6531 	6523 	6512
f 6547 	6539 	6531
f 6467 	6555 	6547
f 6568 	6512 	6496
f 6512 	6569 	6570
f 6480 	6467 	6547
f 6571 	6568 	6496
f 6512 	6570 	6572
f 6573 	6571 	6496
f 6512 	6572 	6574
f 6575 	6573 	6496
f 6512 	6574 	6576
f 6577 	6575 	6496
f 6512 	6576 	6578
f 6579 	6577 	6496
f 6512 	6578 	6580
f 6581 	6579 	6496
f 6512 	6580 	6582
f 6583 	6581 	6496
f 6512 	6582 	6584
f 6585 	6583 	6496
f 6512 	6584 	6586
f 6587 	6585 	6496
f 6512 	6586 	6588
f 6589 	6587 	6496
f 6512 	6588 	6590
f 6591 	6589 	6496
f 6531 	6512 	6590
f 6592 	6591 	6496
f 6531 	6590 	6593
f 6594 	6592 	6496
f 6531 	6593 	6595
f 6596 	6594 	6496
f 6531 	6595 	6597
f 6598 	6596 	6496
f 6531 	6597 	6599
f 6600 	6598 	6496
f 6531 	6599 	6601
f 6602 	6600 	6496
f 6531 	6601 	6603
f 6604 	6602 	6496
f 6531 	6603 	6605
f 6606 	6604 	6496
f 6531 	6605 	6607
f 6606 	6496 	6480
f 6531 	6607 	6608
f 6609 	6606 	6480
f 6531 	6608 	6610
f 6611 	6609 	6480
f 6547 	6531 	6610
f 6612 	6611 	6480
f 6547 	6610 	6613
f 6614 	6612 	6480
f 6547 	6613 	6615
f 6616 	6614 	6480
f 6547 	6615 	6617
f 6618 	6616 	6480
f 6547 	6617 	6619
f 6620 	6618 	6480
f 6547 	6619 	6621
f 6622 	6620 	6480
f 6547 	6621 	6623
f 6624 	6622 	6480
f 6547 	6623 	6625
f 6626 	6624 	6480
f 6547 	6625 	6627
f 6628 	6626 	6480
f 6547 	6627 	6629
f 6630 	6628 	6480
f 6547 	6629 	6631
f 6632 	6630 	6480
f 6547 	6631 	6633
f 6634 	6632 	6480
f 6547 	6633 	6635
f 6636 	6634 	6480
f 6547 	6635 	6637
f 6638 	6636 	6480
f 6547 	6637 	6639
f 6640 	6638 	6480
f 6547 	6639 	6641
f 6642 	6640 	6480
f 6547 	6641 	6643
f 6644 	6642 	6480
f 6547 	6643 	6645
f 6646 	6644 	6480
f 6547 	6645 	6647
f 6648 	6646 	6480
f 6547 	6647 	6649
f 6650 	6648 	6480
f 6547 	6649 	6651
f 6652 	6650 	6480
f 6547 	6651 	6653
f 6652 	6480 	6547
f 6547 	6653 	6654
f 6655 	6652 	6547
f 6547 	6654 	6656
f 6656 	6655 	6547
f 6657 	6658 	6659
f 6659 	6660 	6661
f 6661 	6662 	6663
f 6663 	6664 	6665
f 6665 	6666 	6667
f 6667 	6668 	6669
f 6669 	6670 	6671
f 6671 	6672 	6673
f 6673 	6674 	6675
f 6675 	6676 	6677
f 6677 	6678 	6679
f 6679 	6680 	6681
f 6681 	6682 	6683
f 6683 	6684 	6685
f 6685 	6686 	6687
f 6687 	6688 	6689
f 6689 	6690 	6691
f 6691 	6692 	6693
f 6693 	6694 	6695
f 6695 	6696 	6697
f 6697 	6698 	6699
f 6699 	6700 	6701
f 6701 	6702 	6703
f 6703 	6704 	6705
f 6705 	6706 	6707
f 6708 	6706 	6705
f 6705 	6709 	6710
f 6710 	6711 	6712
f 6712 	6713 	6714
f 6714 	6715 	6716
f 6716 	6717 	6718
f 6718 	6719 	6720
f 6720 	6721 	6722
f 6722 	6723 	6724
f 6724 	6725 	6726
f 6726 	6727 	6728
f 6728 	6729 	6730
f 6730 	6731 	6732
f 6732 	6733 	6734
f 6734 	6735 	6736
f 6736 	6737 	6738
f 6738 	6739 	6740
f 6740 	6741 	6742
f 6742 	6743 	6744
f 6744 	6745 	6746
f 6746 	6747 	6748
f 6748 	6749 	6750
f 6750 	6751 	6752
f 6752 	6753 	6754
f 6754 	6755 	6657
f 6657 	6659 	6661
f 6661 	6663 	6665
f 6665 	6667 	6669
f 6669 	6671 	6673
f 6673 	6675 	6677
f 6677 	6679 	6681
f 6681 	6683 	6685
f 6685 	6687 	6689
f 6689 	6691 	6693
f 6693 	6695 	6697
f 6697 	6699 	6701
f 6701 	6703 	6705
f 6705 	6707 	6756
f 6757 	6708 	6705
f 6705 	6710 	6712
f 6712 	6714 	6716
f 6716 	6718 	6720
f 6720 	6722 	6724
f 6724 	6726 	6728
f 6728 	6730 	6732
f 6732 	6734 	6736
f 6736 	6738 	6740
f 6740 	6742 	6744
f 6744 	6746 	6748
f 6748 	6750 	6752
f 6752 	6754 	6657
f 6657 	6661 	6665
f 6665 	6669 	6673
f 6673 	6677 	6681
f 6681 	6685 	6689
f 6689 	6693 	6697
f 6697 	6701 	6705
f 6705 	6756 	6758
f 6759 	6757 	6705
f 6705 	6712 	6716
f 6716 	6720 	6724
f 6724 	6728 	6732
f 6732 	6736 	6740
f 6740 	6744 	6748
f 6748 	6752 	6657
f 6657 	6665 	6673
f 6673 	6681 	6689
f 6689 	6697 	6705
f 6705 	6758 	6760
f 6761 	6759 	6705
f 6705 	6716 	6724
f 6724 	6732 	6740
f 6740 	6748 	6657
f 6689 	6705 	6760
f 6762 	6761 	6705
f 6740 	6657 	6673
f 6689 	6760 	6763
f 6764 	6762 	6705
f 6689 	6763 	6765
f 6766 	6764 	6705
f 6689 	6765 	6767
f 6768 	6766 	6705
f 6689 	6767 	6769
f 6770 	6768 	6705
f 6689 	6769 	6771
f 6772 	6770 	6705
f 6689 	6771 	6773
f 6774 	6772 	6705
f 6689 	6773 	6775
f 6776 	6774 	6705
f 6689 	6775 	6777
f 6778 	6776 	6705
f 6689 	6777 	6779
f 6780 	6778 	6705
f 6689 	6779 	6781
f 6782 	6780 	6705
f 6689 	6781 	6783
f 6782 	6705 	6724
f 6689 	6783 	6784
f 6785 	6782 	6724
f 6689 	6784 	6786
f 6787 	6785 	6724
f 6689 	6786 	6788
f 6789 	6787 	6724
f 6689 	6788 	6790
f 6791 	6789 	6724
f 6689 	6790 	6792
f 6793 	6791 	6724
f 6689 	6792 	6794
f 6795 	6793 	6724
f 6689 	6794 	6796
f 6797 	6795 	6724
f 6689 	6796 	6798
f 6799 	6797 	6724
f 6673 	6689 	6798
f 6800 	6799 	6724
f 6673 	6798 	6801
f 6802 	6800 	6724
f 6673 	6801 	6803
f 6802 	6724 	6740
f 6673 	6803 	6804
f 6805 	6802 	6740
f 6673 	6804 	6806
f 6807 	6805 	6740
f 6673 	6806 	6808
f 6809 	6807 	6740
f 6673 	6808 	6810
f 6811 	6809 	6740
f 6673 	6810 	6812
f 6813 	6811 	6740
f 6673 	6812 	6814
f 6815 	6813 	6740
f 6673 	6814 	6816
f 6817 	6815 	6740
f 6673 	6816 	6818
f 6819 	6817 	6740
f 6673 	6818 	6820
f 6821 	6819 	6740
f 6673 	6820 	6822
f 6823 	6821 	6740
f 6673 	6822 	6824
f 6825 	6823 	6740
f 6673 	6824 	6826
f 6827 	6825 	6740
f 6673 	6826 	6828
f 6829 	6827 	6740
f 6673 	6828 	6830
f 6831 	6829 	6740
f 6673 	6830 	6832
f 6833 	6831 	6740
f 6673 	6832 	6834
f 6835 	6833 	6740
f 6673 	6834 	6836
f 6837 	6835 	6740
f 6673 	6836 	6838
f 6839 	6837 	6740
f 6673 	6838 	6840
f 6841 	6839 	6740
f 6673 	6840 	6842
f 6843 	6841 	6740
f 6673 	6842 	6844
f 6845 	6843 	6740
f 6740 	6673 	6844
f 6846 	6845 	6740
f 6740 	6844 	6847
f 6848 	6846 	6740
f 6740 	6847 	6848
f 6466 	6465 	6658
f 6465 	6659 	6658
f 6465 	6469 	6659
f 6469 	6660 	6659
f 6469 	6468 	6660
f 6468 	6661 	6660
f 6468 	6471 	6661
f 6471 	6662 	6661
f 6471 	6470 	6662
f 6470 	6663 	6662
f 6470 	6473 	6663
f 6473 	6664 	6663
f 6473 	6472 	6664
f 6472 	6665 	6664
f 6472 	6475 	6665
f 6475 	6666 	6665
f 6475 	6474 	6666
f 6474 	6667 	6666
f 6474 	6477 	6667
f 6477 	6668 	6667
f 6477 	6476 	6668
f 6476 	6669 	6668
f 6476 	6479 	6669
f 6479 	6670 	6669
f 6479 	6478 	6670
f 6478 	6671 	6670
f 6478 	6481 	6671
f 6481 	6672 	6671
f 6481 	6480 	6672
f 6480 	6673 	6672
f 6480 	6483 	6673
f 6483 	6674 	6673
f 6483 	6482 	6674
f 6482 	6675 	6674
f 6482 	6485 	6675
f 6485 	6676 	6675
f 6485 	6484 	6676
f 6484 	6677 	6676
f 6484 	6487 	6677
f 6487 	6678 	6677
f 6487 	6486 	6678
f 6486 	6679 	6678
f 6486 	6489 	6679
f 6489 	6680 	6679
f 6489 	6488 	6680
f 6488 	6681 	6680
f 6488 	6491 	6681
f 6491 	6682 	6681
f 6491 	6490 	6682
f 6490 	6683 	6682
f 6490 	6493 	6683
f 6493 	6684 	6683
f 6493 	6492 	6684
f 6492 	6685 	6684
f 6492 	6495 	6685
f 6495 	6686 	6685
f 6495 	6494 	6686
f 6494 	6687 	6686
f 6494 	6497 	6687
f 6497 	6688 	6687
f 6497 	6496 	6688
f 6496 	6689 	6688
f 6496 	6499 	6689
f 6499 	6690 	6689
f 6499 	6498 	6690
f 6498 	6691 	6690
f 6498 	6501 	6691
f 6501 	6692 	6691
f 6501 	6500 	6692
f 6500 	6693 	6692
f 6500 	6503 	6693
f 6503 	6694 	6693
f 6503 	6502 	6694
f 6502 	6695 	6694
f 6502 	6505 	6695
f 6505 	6696 	6695
f 6505 	6504 	6696
f 6504 	6697 	6696
f 6504 	6507 	6697
f 6507 	6698 	6697
f 6507 	6506 	6698
f 6506 	6699 	6698
f 6506 	6509 	6699
f 6509 	6700 	6699
f 6509 	6508 	6700
f 6508 	6701 	6700
f 6508 	6511 	6701
f 6511 	6702 	6701
f 6511 	6510 	6702
f 6510 	6703 	6702
f 6510 	6513 	6703
f 6513 	6704 	6703
f 6513 	6512 	6704
f 6512 	6705 	6704
f 6512 	6518 	6705
f 6518 	6709 	6705
f 6518 	6517 	6709
f 6517 	6710 	6709
f 6517 	6520 	6710
f 6520 	6711 	6710
f 6520 	6519 	6711
f 6519 	6712 	6711
f 6519 	6522 	6712
f 6522 	6713 	6712
f 6522 	6521 	6713
f 6521 	6714 	6713
f 6521 	6524 	6714
f 6524 	6715 	6714
f 6524 	6523 	6715
f 6523 	6716 	6715
f 6523 	6526 	6716
f 6526 	6717 	6716
f 6526 	6525 	6717
f 6525 	6718 	6717
f 6525 	6528 	6718
f 6528 	6719 	6718
f 6528 	6527 	6719
f 6527 	6720 	6719
f 6527 	6530 	6720
f 6530 	6721 	6720
f 6530 	6529 	6721
f 6529 	6722 	6721
f 6529 	6532 	6722
f 6532 	6723 	6722
f 6532 	6531 	6723
f 6531 	6724 	6723
f 6531 	6534 	6724
f 6534 	6725 	6724
f 6534 	6533 	6725
f 6533 	6726 	6725
f 6533 	6536 	6726
f 6536 	6727 	6726
f 6536 	6535 	6727
f 6535 	6728 	6727
f 6535 	6538 	6728
f 6538 	6729 	6728
f 6538 	6537 	6729
f 6537 	6730 	6729
f 6537 	6540 	6730
f 6540 	6731 	6730
f 6540 	6539 	6731
f 6539 	6732 	6731
f 6539 	6542 	6732
f 6542 	6733 	6732
f 6542 	6541 	6733
f 6541 	6734 	6733
f 6541 	6544 	6734
f 6544 	6735 	6734
f 6544 	6543 	6735
f 6543 	6736 	6735
f 6543 	6546 	6736
f 6546 	6737 	6736
f 6546 	6545 	6737
f 6545 	6738 	6737
f 6545 	6548 	6738
f 6548 	6739 	6738
f 6548 	6547 	6739
f 6547 	6740 	6739
f 6547 	6550 	6740
f 6550 	6741 	6740
f 6550 	6549 	6741
f 6549 	6742 	6741
f 6549 	6552 	6742
f 6552 	6743 	6742
f 6552 	6551 	6743
f 6551 	6744 	6743
f 6551 	6554 	6744
f 6554 	6745 	6744
f 6554 	6553 	6745
f 6553 	6746 	6745
f 6553 	6556 	6746
f 6556 	6747 	6746
f 6556 	6555 	6747
f 6555 	6748 	6747
f 6555 	6558 	6748
f 6558 	6749 	6748
f 6558 	6557 	6749
f 6557 	6750 	6749
f 6557 	6560 	6750
f 6560 	6751 	6750
f 6560 	6559 	6751
f 6559 	6752 	6751
f 6559 	6562 	6752
f 6562 	6753 	6752
f 6562 	6561 	6753
f 6561 	6754 	6753
f 6561 	6563 	6754
f 6563 	6755 	6754
f 6563 	6467 	6755
f 6467 	6657 	6755
f 6467 	6466 	6657
f 6466 	6658 	6657
f 6514 	6564 	6707
f 6564 	6756 	6707
f 6564 	6566 	6756
f 6566 	6758 	6756
f 6566 	6568 	6758
f 6568 	6760 	6758
f 6568 	6571 	6760
f 6571 	6763 	6760
f 6571 	6573 	6763
f 6573 	6765 	6763
f 6573 	6575 	6765
f 6575 	6767 	6765
f 6575 	6577 	6767
f 6577 	6769 	6767
f 6577 	6579 	6769
f 6579 	6771 	6769
f 6579 	6581 	6771
f 6581 	6773 	6771
f 6581 	6583 	6773
f 6583 	6775 	6773
f 6583 	6585 	6775
f 6585 	6777 	6775
f 6585 	6587 	6777
f 6587 	6779 	6777
f 6587 	6589 	6779
f 6589 	6781 	6779
f 6589 	6591 	6781
f 6591 	6783 	6781
f 6591 	6592 	6783
f 6592 	6784 	6783
f 6592 	6594 	6784
f 6594 	6786 	6784
f 6594 	6596 	6786
f 6596 	6788 	6786
f 6596 	6598 	6788
f 6598 	6790 	6788
f 6598 	6600 	6790
f 6600 	6792 	6790
f 6600 	6602 	6792
f 6602 	6794 	6792
f 6602 	6604 	6794
f 6604 	6796 	6794
f 6604 	6606 	6796
f 6606 	6798 	6796
f 6606 	6609 	6798
f 6609 	6801 	6798
f 6609 	6611 	6801
f 6611 	6803 	6801
f 6611 	6612 	6803
f 6612 	6804 	6803
f 6612 	6614 	6804
f 6614 	6806 	6804
f 6614 	6616 	6806
f 6616 	6808 	6806
f 6616 	6618 	6808
f 6618 	6810 	6808
f 6618 	6620 	6810
f 6620 	6812 	6810
f 6620 	6622 	6812
f 6622 	6814 	6812
f 6622 	6624 	6814
f 6624 	6816 	6814
f 6624 	6626 	6816
f 6626 	6818 	6816
f 6626 	6628 	6818
f 6628 	6820 	6818
f 6628 	6630 	6820
f 6630 	6822 	6820
f 6630 	6632 	6822
f 6632 	6824 	6822
f 6632 	6634 	6824
f 6634 	6826 	6824
f 6634 	6636 	6826
f 6636 	6828 	6826
f 6636 	6638 	6828
f 6638 	6830 	6828
f 6638 	6640 	6830
f 6640 	6832 	6830
f 6640 	6642 	6832
f 6642 	6834 	6832
f 6642 	6644 	6834
f 6644 	6836 	6834
f 6644 	6646 	6836
f 6646 	6838 	6836
f 6646 	6648 	6838
f 6648 	6840 	6838
f 6648 	6650 	6840
f 6650 	6842 	6840
f 6650 	6652 	6842
f 6652 	6844 	6842
f 6652 	6655 	6844
f 6655 	6847 	6844
f 6655 	6656 	6847
f 6656 	6848 	6847
f 6656 	6654 	6848
f 6654 	6846 	6848
f 6654 	6653 	6846
f 6653 	6845 	6846
f 6653 	6651 	6845
f 6651 	6843 	6845
f 6651 	6649 	6843
f 6649 	6841 	6843
f 6649 	6647 	6841
f 6647 	6839 	6841
f 6647 	6645 	6839
f 6645 	6837 	6839
f 6645 	6643 	6837
f 6643 	6835 	6837
f 6643 	6641 	6835
f 6641 	6833 	6835
f 6641 	6639 	6833
f 6639 	6831 	6833
f 6639 	6637 	6831
f 6637 	6829 	6831
f 6637 	6635 	6829
f 6635 	6827 	6829
f 6635 	6633 	6827
f 6633 	6825 	6827
f 6633 	6631 	6825
f 6631 	6823 	6825
f 6631 	6629 	6823
f 6629 	6821 	6823
f 6629 	6627 	6821
f 6627 	6819 	6821
f 6627 	6625 	6819
f 6625 	6817 	6819
f 6625 	6623 	6817
f 6623 	6815 	6817
f 6623 	6621 	6815
f 6621 	6813 	6815
f 6621 	6619 	6813
f 6619 	6811 	6813
f 6619 	6617 	6811
f 6617 	6809 	6811
f 6617 	6615 	6809
f 6615 	6807 	6809
f 6615 	6613 	6807
f 6613 	6805 	6807
f 6613 	6610 	6805
f 6610 	6802 	6805
f 6610 	6608 	6802
f 6608 	6800 	6802
f 6608 	6607 	6800
f 6607 	6799 	6800
f 6607 	6605 	6799
f 6605 	6797 	6799
f 6605 	6603 	6797
f 6603 	6795 	6797
f 6603 	6601 	6795
f 6601 	6793 	6795
f 6601 	6599 	6793
f 6599 	6791 	6793
f 6599 	6597 	6791
f 6597 	6789 	6791
f 6597 	6595 	6789
f 6595 	6787 	6789
f 6595 	6593 	6787
f 6593 	6785 	6787
f 6593 	6590 	6785
f 6590 	6782 	6785
f 6590 	6588 	6782
f 6588 	6780 	6782
f 6588 	6586 	6780
f 6586 	6778 	6780
f 6586 	6584 	6778
f 6584 	6776 	6778
f 6584 	6582 	6776
f 6582 	6774 	6776
f 6582 	6580 	6774
f 6580 	6772 	6774
f 6580 	6578 	6772
f 6578 	6770 	6772
f 6578 	6576 	6770
f 6576 	6768 	6770
f 6576 	6574 	6768
f 6574 	6766 	6768
f 6574 	6572 	6766
f 6572 	6764 	6766
f 6572 	6570 	6764
f 6570 	6762 	6764
f 6570 	6569 	6762
f 6569 	6761 	6762
f 6569 	6567 	6761
f 6567 	6759 	6761
f 6567 	6565 	6759
f 6565 	6757 	6759
f 6565 	6516 	6757
f 6516 	6708 	6757
f 6516 	6515 	6708
f 6515 	6706 	6708
f 6515 	6514 	6706
f 6514 	6707 	6706
# 13656 faces

 #end of obj_0

o obj_1
v 51.003 		-28.498 		5
v 51.003 		-28.498 		0
v 51.003 		-34.5 		0
v 51.003 		-34.5 		5
v 13.997 		-34.5 		5
v 13.997 		-34.5 		0
v 13.997 		-28.498 		0
v 13.997 		-28.498 		5
v 51 		-28.498 		5
v 51 		-28.498 		0
v 14 		-28.498 		0
v 14 		-28.498 		5
v 76 		-34.5 		0
v -10 		-34.5 		0
v -10 		9.5 		0
v 76 		9.5 		0
v -10 		-34.5 		5
v -10 		9.5 		5
v 76 		-34.5 		5
v 76 		9.5 		5
v 51 		-27.5 		6
v 51 		-27.5 		5
v 14 		-27.5 		6
v 14 		-27.5 		5
v 69 		-27.5 		5
v -1.727 		-27.5 		5
v -1.727 		1.5 		5
v 69 		1.5 		5
v 69 		-27.5 		8
v -1.727 		-27.5 		8
v 69 		1.5 		8
v -1.727 		1.5 		8
v 51 		-37.5 		0
v 14 		-37.5 		0
# 34 vertices

g group_1_2829873

usemtl color_2829873
s 0

f 6849 	6850 	6851
f 6849 	6851 	6852
f 6853 	6854 	6855
f 6853 	6855 	6856
f 6850 	6849 	6857
f 6850 	6857 	6858
f 6859 	6860 	6856
f 6859 	6856 	6855
f 6864 	6861 	6850
f 6851 	6850 	6861
f 6862 	6855 	6854
f 6864 	6850 	6858
f 6859 	6863 	6858
f 6855 	6863 	6859
f 6862 	6863 	6855
f 6864 	6858 	6863
f 6862 	6866 	6863
f 6865 	6866 	6862
f 6861 	6867 	6852
f 6861 	6852 	6851
f 6865 	6862 	6854
f 6865 	6854 	6853
f 6868 	6864 	6863
f 6868 	6863 	6866
f 6869 	6881 	6857
f 6869 	6857 	6870
f 6872 	6860 	6871
f 6882 	6871 	6860
f 6849 	6852 	6873
f 6873 	6870 	6849
f 6857 	6849 	6870
f 6860 	6872 	6856
f 6872 	6874 	6856
f 6865 	6853 	6874
f 6874 	6875 	6865
f 6866 	6875 	6868
f 6875 	6876 	6868
f 6866 	6865 	6875
f 6867 	6868 	6876
f 6867 	6876 	6873
f 6864 	6868 	6861
f 6867 	6861 	6868
f 6881 	6869 	6882
f 6871 	6882 	6869
f 6881 	6858 	6857
f 6873 	6877 	6869
f 6873 	6869 	6870
f 6872 	6871 	6874
f 6878 	6874 	6871
f 6871 	6869 	6878
f 6877 	6878 	6869
f 6879 	6876 	6875
f 6879 	6875 	6880
f 6860 	6859 	6882
f 6859 	6858 	6882
f 6881 	6882 	6858
f 6880 	6878 	6879
f 6877 	6879 	6878
f 6880 	6875 	6874
f 6880 	6874 	6878
f 6877 	6873 	6876
f 6877 	6876 	6879
f 6867 	6873 	6852
f 6856 	6874 	6853
# 64 faces

 #end of obj_1

